research_id,university,title,authors,publication_year,publication_date,abstract,research_field,tech_category,journal,doi,url,source,has_doi,abstract_word_count
http://hdl.handle.net/10754/691064,KAUST,Semi-universal geo-crack detection by machine learning,"Shi, Yongxiang; Ballesio, Marco; Johansen, Kasper; Trentman, Daniel James; Huang, Yunsong; McCabe, Matthew; Bruhn, Ronald; Schuster, Gerard T.",2023,2023-03-10 00:00:00+00:00,"Introduction: Cracks are a key feature that determines the structural integrity of rocks, and their angular distribution can be used to determine the local or regional stress patterns. The temporal growth of cracks can be monitored in order to predict impending failures of materials or structures such as a weakened dam. Thus, cracks and their spatial-temporal distributions should be automatically monitored for assessing their structural integrity, the associated stress patterns and their potential for failure. Method: We show that the U-Net convolutional neural network, semantic segmentation and transfer learning can be used to accurately detect cracks in drone photos of sedimentary massifs. In this case, the crack distributions are used to assess the safest areas for tunnel excavation. Compared to the coarse performance of ridge detection, the U-Net accuracy in identifying cracks in images can be as high as 98% when evaluated against human identification, which is sufficient for assessing the general crack properties of the rock faces for the engineering project. Result: Based on approximately 100 h of manual cracks labeling in 127 drone photos and 20 h of network training, the U-Net was able to successfully detect cracks in 23,845 high-resolution photographs in less than 22 h using two Nvidia V100 GPUs. Meanwhile, the network was able to detect more than 80% of the observable cracks of a volcanic outcrop in Idaho without additional training. With a modest amount of extra labeling on photos of the volcanic outcrop and transfer training, we found that the accuracy significantly improved. The surprising outcome of this research is that the U-Net crack detector laboriously trained on photos of sedimentary rocks can also be effectively applied to photos of volcanic rock faces. This can be important for real-time assessment of geological hazards and lithology information for dam inspection and planetary exploration by autonomous vehicles. For another application, we accurately detected fractures and faults with a scale of tens of kilometers from Martian photographs. Conclusions: In summary, our methodology of using CNN with transfer training suggests that it can be used as a semi-universal detector of cracks in across a range of diverse geological settings.",,,Frontiers in Earth Science,10.3389/feart.2023.1073211,http://hdl.handle.net/10754/691064,KAUST Repository,True,352
http://hdl.handle.net/10754/673032,KAUST,Learning-based importance sampling via stochastic optimal control for stochastic reaction networks,"Ben Hammouda, Chiheb; Ben Rached, Nadhir; Tempone, Raul; Wiechert, Sophia",2023,2023-03-28 00:00:00+00:00,"We explore efficient estimation of statistical quantities, particularly rare event probabilities, for stochastic reaction networks. Consequently, we propose an importance sampling (IS) approach to improve the Monte Carlo (MC) estimator efficiency based on an approximate tau-leap scheme. The crucial step in the IS framework is choosing an appropriate change of probability measure to achieve substantial variance reduction. This task is typically challenging and often requires insights into the underlying problem. Therefore, we propose an automated approach to obtain a highly efficient path-dependent measure change based on an original connection in the stochastic reaction network context between finding optimal IS parameters within a class of probability measures and a stochastic optimal control formulation. Optimal IS parameters are obtained by solving a variance minimization problem. First, we derive an associated dynamic programming equation. Analytically solving this backward equation is challenging, hence we propose an approximate dynamic programming formulation to find near-optimal control parameters. To mitigate the curse of dimensionality, we propose a learning-based method to approximate the value function using a neural network, where the parameters are determined via a stochastic optimization algorithm. Our analysis and numerical experiments verify that the proposed learning-based IS approach substantially reduces MC estimator variance, resulting in a lower computational complexity in the rare event regime, compared with standard tau-leap MC estimators.",,,Statistics and Computing,10.1007/s11222-023-10222-6,http://hdl.handle.net/10754/673032,KAUST Repository,True,215
http://hdl.handle.net/10754/690931,KAUST,Imaging-based intelligent spectrometer on a plasmonic rainbow chip,"Tua, Dylan; Liu, Ruiying; Yang, Wenhong; Zhou, Lyu; Song, Haomin; Ying, Leslie; Gan, Qiaoqiang",2023,2023-04-05 00:00:00+00:00,"Compact, lightweight, and on-chip spectrometers are required to develop portable and handheld sensing and analysis applications. However, the performance of these miniaturized systems is usually much lower than their benchtop laboratory counterparts due to oversimplified optical architectures. Here, we develop a compact plasmonic “rainbow” chip for rapid, accurate dual-functional spectroscopic sensing that can surpass conventional portable spectrometers under selected conditions. The nanostructure consists of one-dimensional or two-dimensional graded metallic gratings. By using a single image obtained by an ordinary camera, this compact system can accurately and precisely determine the spectroscopic and polarimetric information of the illumination spectrum. Assisted by suitably trained deep learning algorithms, we demonstrate the characterization of optical rotatory dispersion of glucose solutions at two-peak and three-peak narrowband illumination across the visible spectrum using just a single image. This system holds the potential for integration with smartphones and lab-on-a-chip systems to develop applications for in situ analysis.",,,Nature Communications,10.1038/s41467-023-37628-0,http://hdl.handle.net/10754/690931,KAUST Repository,True,149
http://hdl.handle.net/10754/690918,KAUST,Enhancing DNN models for EEG/ECoG BCI with a Novel Data-Driven Offline Optimization Method,"Tragoudaras, Antonios; Antoniadis, Charalampos; Massoud, Yehia Mahmoud",2023,2023-04-06 00:00:00+00:00,"A better understanding of ElectroEncephaloGraphy (EEG) and ElectroCorticoGram (ECoG) signals would get us closer to comprehending brain functionality, creating new avenues for treating brain abnormalities and developing novel Brain-Computer Interface (BCI)-related applications. Deep Neural Networks (DNN)s have lately been employed with remarkable success to decode EEG/ECoG signals for BCI. However, the optimal architectural/training parameter values in these DNN architectures have yet to receive much attention. In addition, new data-driven optimization methodologies that leverage significant advancements in Machine Learning, such as the Transformer model, have recently been proposed. Because an exhaustive search on all possible architectural/training parameter values of the state-of-the-art DNN model (our baseline model) decoding the motor imagery EEG and finger tension ECoG signals comprising the BCI IV 2a and 4 datasets, respectively, would require prohibitively much time, this paper proposes an offline model-based optimization technique based on the Transformer model for the discovery of the optimal architectural/training parameter values for that model. Our findings indicate that we could pick better values for the baseline model’s architectural/training parameters, enhancing the baseline model’s performance by up to 14.7% in the BCI IV 2a dataset and by up to 61.0% in the BCI IV 4 dataset.",,,IEEE Access,10.1109/access.2023.3265040,http://hdl.handle.net/10754/690918,KAUST Repository,True,195
http://hdl.handle.net/10754/690915,KAUST,Efficient training of spiking neural networks with temporally-truncated local backpropagation through time,"Guo, Wenzhe; Fouda, Mohammed E.; Eltawil, Ahmed; Salama, Khaled N.",2023,2023-04-06 00:00:00+00:00,"Directly training spiking neural networks (SNNs) has remained challenging due to complex neural dynamics and intrinsic non-differentiability in firing functions. The well-known backpropagation through time (BPTT) algorithm proposed to train SNNs suffers from large memory footprint and prohibits backward and update unlocking, making it impossible to exploit the potential of locally-supervised training methods. This work proposes an efficient and direct training algorithm for SNNs that integrates a locally-supervised training method with a temporally-truncated BPTT algorithm. The proposed algorithm explores both temporal and spatial locality in BPTT and contributes to significant reduction in computational cost including GPU memory utilization, main memory access and arithmetic operations. We thoroughly explore the design space concerning temporal truncation length and local training block size and benchmark their impact on classification accuracy of different networks running different types of tasks. The results reveal that temporal truncation has a negative effect on the accuracy of classifying frame-based datasets, but leads to improvement in accuracy on event-based datasets. In spite of resulting information loss, local training is capable of alleviating overfitting. The combined effect of temporal truncation and local training can lead to the slowdown of accuracy drop and even improvement in accuracy. In addition, training deep SNNs' models such as AlexNet classifying CIFAR10-DVS dataset leads to 7.26% increase in accuracy, 89.94% reduction in GPU memory, 10.79% reduction in memory access, and 99.64% reduction in MAC operations compared to the standard end-to-end BPTT. Thus, the proposed method has shown high potential to enable fast and energy-efficient on-chip training for real-time learning at the edge.",,,Frontiers in Neuroscience,10.3389/fnins.2023.1047008,http://hdl.handle.net/10754/690915,KAUST Repository,True,256
http://hdl.handle.net/10754/690872,KAUST,User-Driven Design and Development of an Underwater Soft Gripper for Biological Sampling and Litter Collection,"Picardi, Giacomo; De Luca, Mauro; Chimienti, Giovanni; Cianchetti, Matteo; Calisti, Marcello",2023,2023-03-31 00:00:00+00:00,"Implementing manipulation and intervention capabilities in underwater vehicles is of crucial importance for commercial and scientific reasons. Mainstream underwater grippers are designed for the heavy load tasks typical of the industrial sector; however, due to the lack of alternatives, they are frequently used in biological sampling applications to handle irregular, delicate, and deformable specimens with a consequent high risk of damage. To overcome this limitation, the design of grippers for marine science applications should explicitly account for the requirements of end-users. In this paper, we aim at making a step forward and propose to systematically account for the needs of end-users by resorting to design tools used in industry for the conceptualization of new products which can yield great benefits to both applied robotic research and marine science. After the generation of the concept design for the gripper using a reduced version of the House of Quality and the Pugh decision matrix, we reported on its mechanical design, construction, and preliminary testing. The paper reports on the full design pipeline from requirements collection to preliminary testing with the aim of fostering and providing structure to fruitful interdisciplinary collaborations at the interface of robotics and marine science.",,,Journal of Marine Science and Engineering,10.3390/jmse11040771,http://hdl.handle.net/10754/690872,KAUST Repository,True,196
http://hdl.handle.net/10754/690834,KAUST,"Multi-scale geophysical characterization of microporous carbonate reservoirs utilizing machine learning techniques: An analog case study from an upper Jubaila formation outcrop, Saudi Arabia","Ramdani, Ahmad I.; Chandra, Viswasanthi; Finkbeiner, Thomas; Vahrenkamp, Volker",2023,2023-03-29 00:00:00+00:00,"Microporosity hosts a significant portion of the total hydrocarbon volume in the Middle Eastern carbonate reservoirs. An improved understanding of microcrystals' morphology that hosts micropores, their impact on reservoir properties, and their spatial distributions will contribute to a more accurate reservoir quality prediction. This study proposes a methodology that utilizes machine learning approaches for microporosity characterization and integrates a multi-scale dataset ranging from micrometer-scale SEM images to meter-scale seismic attributes to build reservoir porosity models. We tested the methodology on an outcrop in Riyadh, Saudi Arabia, which exposes the upper part of the Jubaila Formation equivalent to the lower part of the Arab-D reservoir. We acquired a 35 m-long core and a 600 m-long 2D seismic line behind the outcrop. Laboratory-scale petrophysical measurements, including porosity, permeability, acoustic velocity, bulk and grain density, and x-ray diffraction, were performed over 106 horizontal core plugs drilled from the core. We quantitatively characterized the morphology and microtextures of micrite crystals using SEM images by performing Random Forest classifications trained on SEM image features. We performed unsupervised classification using Self-Organizing Map (SOM) to all lab-measured properties for data clustering. We investigated potential correlations between SOM clusters with micrite morphology, which resulted in a predictable relationship following the granularity and sphericity of microcrystals with porosity, permeability, and acoustic velocity. It was possible to represent multiple lithofacies with a single log-linear porosity-permeability relationship and a single value of equivalent differential effective medium (DEM) aspect ratio in velocity-porosity space. The inter-relationship between micrite morphology and microporosity in the well was then propagated to reservoir-grid scale using inverse differential effective medium (DEM) of acoustic impedance from inverted seismic data. The methodology developed in this study thus provides a practical way to integrate key sub-grid scale micro-and macro-heterogeneities into reservoir scale property models.",,,Marine and Petroleum Geology,10.1016/j.marpetgeo.2023.106234,http://hdl.handle.net/10754/690834,KAUST Repository,True,293
http://hdl.handle.net/10754/690794,KAUST,An artificial neural network-based performance model of triple-junction InGaP/InGaAs/Ge cells for the production estimation of concentrated photovoltaic systems,"Shoaib, Aisha; Burhan, Muhammad; Chen, Qian; Oh, Seung Jin",2023,2023-03-10 00:00:00+00:00,"Analytical and empirical models analyze complex and non-linear interactions between the input–output parameters of the system. This is very important in the case of photovoltaic systems to understand their real performance potential. On the other hand, manufacturers of photovoltaic panels rate the maximum performance of the system under fixed lab conditions as per standard testing conditions (STCs) or nominal operating cell temperature (NOCT) standards of IEC. These ratings do not provide the actual production potential of the system in a field with fluctuating conditions of irradiance and temperature. For the case of a concentrated photovoltaic (CPV) system, utilizing multi-junction solar cells (MJCs), there is no commercial tool available to analyze the performance and production, despite some recent empirical models that also require post-processing of experimental data to be used in conventional models. In this study, an artificial neural network (ANN)-based performance model is presented for a multi-junction solar cell, which is not only convenient to apply but can also be easily expanded to predict the real-field performance of the CPV system of any designed size. In addition, the ANN-based model showed a high accuracy of 99.9% in predicting the performance output of MJCs as compared to diode-based empirical models available in the literature. The irradiance concentration at the cell area and the cell temperature are taken as inputs for the neural network. If both of these parameters are known, then the cell efficiency as an output can accurately predict the CPV performance for a field operation.",,,Frontiers in Energy Research,10.3389/fenrg.2023.1067623,http://hdl.handle.net/10754/690794,KAUST Repository,True,246
http://hdl.handle.net/10754/690697,KAUST,Exploiting machine learning models to identify novel Alzheimer’s disease biomarkers and potential targets,"Alamro, Hind; Thafar, Maha A.; Albaradei, Somayah; Gojobori, Takashi; Essack, Magbubah; Gao, Xin",2023,2023-03-27 00:00:00+00:00,"We still do not have an effective treatment for Alzheimer's disease (AD) despite it being the most common cause of dementia and impaired cognitive function. Thus, research endeavors are directed toward identifying AD biomarkers and targets. In this regard, we designed a computational method that exploits multiple hub gene ranking methods and feature selection methods with machine learning and deep learning to identify biomarkers and targets. First, we used three AD gene expression datasets to identify 1/ hub genes based on six ranking algorithms (Degree, Maximum Neighborhood Component (MNC), Maximal Clique Centrality (MCC), Betweenness Centrality (BC), Closeness Centrality, and Stress Centrality), 2/ gene subsets based on two feature selection methods (LASSO and Ridge). Then, we developed machine learning and deep learning models to determine the gene subset that best distinguishes AD samples from the healthy controls. This work shows that feature selection methods achieve better prediction performances than the hub gene sets. Beyond this, the five genes identified by both feature selection methods (LASSO and Ridge algorithms) achieved an AUC = 0.979. We further show that 70% of the upregulated hub genes (among the 28 overlapping hub genes) are AD targets based on a literature review and six miRNA (hsa-mir-16-5p, hsa-mir-34a-5p, hsa-mir-1-3p, hsa-mir-26a-5p, hsa-mir-93-5p, hsa-mir-155-5p) and one transcription factor, JUN, are associated with the upregulated hub genes. Furthermore, since 2020, four of the six microRNA were also shown to be potential AD targets. To our knowledge, this is the first work showing that such a small number of genes can distinguish AD samples from healthy controls with high accuracy and that overlapping upregulated hub genes can narrow the search space for potential novel targets.",,,Scientific Reports,10.1038/s41598-023-30904-5,http://hdl.handle.net/10754/690697,KAUST Repository,True,274
http://hdl.handle.net/10754/690684,KAUST,"Flexible Oxide Thin Film Transistors, Memristors, and Their Integration","Panca, Alin; Panidi, Julianna; Faber, Hendrik; Stathopoulos, Spyros; Anthopoulos, Thomas D.; Prodromakis, Themis",2023,2023-03-26 00:00:00+00:00,"Flexible electronics have seen extensive research over the past years due to their potential stretchability and adaptability to non-flat surfaces. They are key to realizing low-power sensors and circuits for wearable electronics and Internet of Things (IoT) applications. Semiconducting metal-oxides are a prime candidate for implementing flexible electronics as their conformal deposition methods lend themselves to the idiosyncrasies of non-rigid substrates. They are also a major component for the development of resistive memories (memristors) and as such their monolithic integration with thin film electronics has the potential to lead to novel all-metal-oxide devices combining memory and computing on a single node. This review focuses on exploring the recent advances across all these fronts starting from types of suitable substrates and their mechanical properties, different types of fabrication methods for thin film transistors and memristors applicable to flexible substrates (vacuum- or solution-based), applications and comparison with rigid substrates while additionally delving into matters associated with their monolithic integration.",,,Advanced Functional Materials,10.1002/adfm.202213762,http://hdl.handle.net/10754/690684,KAUST Repository,True,157
http://hdl.handle.net/10754/686576,KAUST,Differentiable Imaging: A New Tool for Computational Optical Imaging,"Chen, Ni; Cao, Liangcai; Poon, Ting-Chung; Lee, Byoungho; Lam, Edmund Y.",2023,2023-03-23 00:00:00+00:00,"The field of computational imaging has made significant advancements in recent years, yet it still faces limitations due to the restrictions imposed by traditional computational techniques. Differentiable programming offers a solution by combining the strengths of classical optimization and deep learning, enabling the creation of interpretable model-based neural networks. Through the integration of physics into the modeling process, differentiable imaging, which employs differentiable programming in computational imaging, has the potential to overcome challenges posed by sparse, incomplete, and noisy data. As a result, it has the potential to play a key role in advancing the field of computational imaging and its various applications.",,,Advanced Physics Research,10.1002/apxr.202200118,http://hdl.handle.net/10754/686576,KAUST Repository,True,103
http://hdl.handle.net/10754/690601,KAUST,Applications of Depth Minimization of Decision Trees Containing Hypotheses for Multiple-Value Decision Tables,"Azad, Mohammad; Moshkov, Mikhail",2023,2023-03-23 00:00:00+00:00,"In this research, we consider decision trees that incorporate standard queries with one feature per query as well as hypotheses consisting of all features’ values. These decision trees are used to represent knowledge and are comparable to those investigated in exact learning, in which membership queries and equivalence queries are used. As an application, we look into the issue of creating decision trees for two cases: the sorting of a sequence that contains equal elements and multiple-value decision tables which are modified from UCI Machine Learning Repository. We contrast the efficiency of several forms of optimal (considering the parameter depth) decision trees with hypotheses for the aforementioned applications. We also investigate the efficiency of decision trees built by dynamic programming and by an entropy-based greedy method. We discovered that the greedy algorithm produces very similar results compared to the results of dynamic programming algorithms. Therefore, since the dynamic programming algorithms take a long time, we may readily apply the greedy algorithms.",,,Entropy,10.3390/e25040547,http://hdl.handle.net/10754/690601,KAUST Repository,True,161
http://hdl.handle.net/10754/690597,KAUST,Updated guidelines for gene nomenclature in wheat,"Boden, S. A.; McIntosh, R. A.; Uauy, C.; Krattinger, Simon G.; Dubcovsky, J.; Rogers, W. J.; Xia, X. C.; Badaeva, E. D.; Bentley, A. R.; Brown-Guedira, G.; Caccamo, M.; Cattivelli, L.; Chhuneja, P.; Cockram, J.; Contreras-Moreira, B.; Dreisigacker, S.; Edwards, D.; González, F. G.; Guzmán, C.; Ikeda, T. M.; Karsai, I.; Nasuda, S.; Pozniak, C.; Prins, R.; Sen, T. Z.; Silva, P.; Simkova, H.; Zhang, Y.; the Wheat Initiative",2023,2023-03-23 00:00:00+00:00,"Key message: Here, we provide an updated set of guidelines for naming genes in wheat that has been endorsed by the wheat research community. The last decade has seen a proliferation in genomic resources for wheat, including reference- and pan-genome assemblies with gene annotations, which provide new opportunities to detect, characterise, and describe genes that influence traits of interest. The expansion of genetic information has supported growth of the wheat research community and catalysed strong interest in the genes that control agronomically important traits, such as yield, pathogen resistance, grain quality, and abiotic stress tolerance. To accommodate these developments, we present an updated set of guidelines for gene nomenclature in wheat. These guidelines can be used to describe loci identified based on morphological or phenotypic features or to name genes based on sequence information, such as similarity to genes characterised in other species or the biochemical properties of the encoded protein. The updated guidelines provide a flexible system that is not overly prescriptive but provides structure and a common framework for naming genes in wheat, which may be extended to related cereal species. We propose these guidelines be used henceforth by the wheat research community to facilitate integration of data from independent studies and allow broader and more efficient use of text and data mining approaches, which will ultimately help further accelerate wheat research and breeding.",,,Theoretical and Applied Genetics,10.1007/s00122-023-04253-w,http://hdl.handle.net/10754/690597,KAUST Repository,True,226
http://hdl.handle.net/10754/690525,KAUST,A learning-based image processing approach for pulse wave velocity estimation using spectrogram from peripheral pulse wave signals: An in silico study,"Vargas, Juan M; Bahloul, Mohamed A; Laleg-Kirati, Taous-Meriem",2023,2023-03-03 00:00:00+00:00,"Carotid-to-femoral pulse wave velocity (cf-PWV) is considered a critical index to evaluate arterial stiffness. For this reason, estimating Carotid-to-femoral pulse wave velocity (cf-PWV) is essential for diagnosing and analyzing different cardiovascular diseases. Despite its broader adoption in the clinical routine, the measurement process of carotid-to-femoral pulse wave velocity is considered a demanding task for clinicians and patients making it prone to inaccuracies and errors in the estimation. A smart non-invasive, and peripheral measurement of carotid-to-femoral pulse wave velocity could overcome the challenges of the classical assessment process and improve the quality of patient care. This paper proposes a novel methodology for the carotid-to-femoral pulse wave velocity estimation based on the use of the spectrogram representation from single non-invasive peripheral pulse wave signals [photoplethysmography (PPG) or blood pressure (BP)]. This methodology was tested using three feature extraction methods based on the semi-classical signal analysis (SCSA) method, the Law’s mask for texture energy extraction, and the central statistical moments. Finally, each feature method was fed into different machine learning models for the carotid-to-femoral pulse wave velocity estimation. The proposed methodology obtained an $R2\geq0.90$ for all the peripheral signals for the noise-free case using the MLP model, and for the different noise levels added to the original signal, the SCSA-based features with the MLP model presented an $R2\geq0.91$ for all the peripheral signals at the level of noise. These results provide evidence of the capacity of spectrogram representation for efficiently assessing the carotid-to-femoral pulse wave velocity estimation using different feature methods. Future work will be done toward testing the proposed methodology for in-vivo signals.",,,Frontiers in physiology,10.3389/fphys.2023.1100570,http://hdl.handle.net/10754/690525,KAUST Repository,True,261
http://hdl.handle.net/10754/690507,KAUST,Machine learning in microseismic monitoring,"Anikiev, Denis; Birnie, Claire Emma; Waheed, Umair bin; Alkhalifah, Tariq Ali; Gu, Chen; Verschuur, Dirk J.; Eisner, Leo",2023,2023-03-13 00:00:00+00:00,"The confluence of our ability to handle big data, significant increases in instrumentation density and quality, and rapid advances in machine learning (ML) algorithms have placed Earth Sciences at the threshold of dramatic progress. ML techniques have been attracting increased attention within the seismic community, and, in particular, in microseismic monitoring where they are now being considered a game-changer due to their real-time processing potential. In our review of the recent developments in microseismic monitoring and characterisation, we find a strong trend in utilising ML methods for enhancing the passive seismic data quality, detecting microseismic events, and locating their hypocenters. Moreover, they are being adopted for advanced event characterisation of induced seismicity, such as source mechanism determination, cluster analysis and forecasting, as well as seismic velocity inversion. These advancements, based on ML, include by-products often ignored in classical methods, like uncertainty analysis and data statistics. In our assessment of future trends in ML utilisation, we also see a strong push toward its application on distributed acoustic sensing (DAS) data and real-time monitoring to handle the large amount of data acquired in these cases.",,,Earth-Science Reviews,10.1016/j.earscirev.2023.104371,http://hdl.handle.net/10754/690507,KAUST Repository,True,183
http://hdl.handle.net/10754/690504,KAUST,TriNet: A tri-fusion neural network for the prediction of anticancer and antimicrobial peptides,"Zhou, Wanyun; Liu, Yufei; Li, Yingxin; Kong, Siqi; Wang, Weilin; Ding, Boyun; Han, Jiyun; Mou, Chaozhou; Gao, Xin; Liu, Juntao",2023,2023-02-03 00:00:00+00:00,"The accurate identification of anticancer peptides (ACPs) and antimicrobial peptides (AMPs) remains a computational challenge. We propose a tri-fusion neural network termed TriNet for the accurate prediction of both ACPs and AMPs. The framework first defines three kinds of features to capture the peptide information contained in serial fingerprints, sequence evolutions, and physicochemical properties, which are then fed into three parallel modules: a convolutional neural network module enhanced by channel attention, a bidirectional long short-term memory module, and an encoder module for training and final classification. To achieve a better training effect, TriNet is trained via a training approach using iterative interactions between the samples in the training and validation datasets. TriNet is tested on multiple challenging ACP and AMP datasets and exhibits significant improvements over various state-of-the-art methods.",,,Patterns,10.1016/j.patter.2023.100702,http://hdl.handle.net/10754/690504,KAUST Repository,True,129
http://hdl.handle.net/10754/690420,KAUST,Variability in Resistive Memories,"Roldan, Juan B.; Miranda, Enrique; Maldonado, David; Mikhaylov, Alexey N.; Agudov, Nikolay V.; Dubkov, Alexander A.; Koryazhkina, Maria N.; González, Mireia B.; Villena, Marco Antonio; Poblador, Samuel; Saludes-Tapia, Mercedes; Picos, Rodrigo; Jiménez-Molinos, Francisco; Stavrinides, Stavros G.; Salvador, Emili; Alonso, Francisco J.; Campabadal, Francesca; Spagnolo, Bernardo; Lanza, Mario; Chua, Leon O.",2023,2023-03-14 00:00:00+00:00,"Resistive memories are outstanding electron devices that have displayed a large potential in a plethora of applications such as nonvolatile data storage, neuromorphic computing, hardware cryptography, etc. Their fabrication control and performance have been notably improved in the last few years to cope with the requirements of massive industrial production. However, the most important hurdle to progress in their development is the so-called cycle-to-cycle variability, which is inherently rooted in the resistive switching mechanism behind the operational principle of these devices. In order to achieve the whole picture, variability must be assessed from different viewpoints going from the experimental characterization to the adequation of modeling and simulation techniques. Herein, special emphasis is put on the modeling part because the accurate representation of the phenomenon is critical for circuit designers. In this respect, a number of approaches are used to the date: stochastic, behavioral, mesoscopic..., each of them covering particular aspects of the electron and ion transport mechanisms occurring within the switching material. These subjects are dealt with in this review, with the aim of presenting the most recent advancements in the treatment of variability in resistive memories.",,,Advanced Intelligent Systems,10.1002/aisy.202200338,http://hdl.handle.net/10754/690420,KAUST Repository,True,187
http://hdl.handle.net/10754/690351,KAUST,Semantic Segmentation of Mesoscale Eddies in the Arabian Sea: A Deep Learning Approach,"Hammoud, Mohamad Abed ElRahman; Zhan, Peng; Hakla, Omar; Knio, Omar; Hoteit, Ibrahim",2023,2023-03-10 00:00:00+00:00,"Detecting mesoscale ocean eddies provides a better understanding of the oceanic processes that govern the transport of salt, heat, and carbon. Established eddy detection techniques rely on physical or geometric criteria, and they notoriously fail to predict eddies that are neither circular nor elliptical in shape. Recently, deep learning techniques have been applied for semantic segmentation of mesoscale eddies, relying on the outputs of traditional eddy detection algorithms to supervise the training of the neural network. However, this approach limits the network’s predictions because the available annotations are either circular or elliptical. Moreover, current approaches depend on the sea-surface height, temperature, or currents as inputs to the network, and these data may not provide all the information necessary to accurately segment eddies. In the present work, we have trained a neural network for the semantic segmentation of eddies using human-based—and expert-validated—annotations of eddies in the Arabian Sea. Training with human-annotated datasets enables the network predictions to include more complex geometries, which occur commonly in the real ocean. We then examine the impact of different combinations of input surface variables on the segmentation performance of the network. The results indicate that providing additional surface variables as inputs to the network improves the accuracy of the predictions by approximately 5%. We have further fine-tuned another pre-trained neural network to segment eddies and achieved a reduced overall training time and higher accuracy compared to the results from a network trained from scratch.",,,Remote Sensing,10.3390/rs15061525,http://hdl.handle.net/10754/690351,KAUST Repository,True,239
http://hdl.handle.net/10754/690243,KAUST,Machine learning accelerated approach to infer nuclear magnetic resonance porosity for a middle eastern carbonate reservoir.,"Mustafa, Ayyaz; Tariq, Zeeshan; Mahmoud, Mohamed; Abdulraheem, Abdulazeez",2023,2023-03-09 00:00:00+00:00,"Carbonate rocks present a complicated pore system owing to the existence of intra-particle and interparticle porosities. Therefore, characterization of carbonate rocks using petrophysical data is a challenging task. Conventional neutron, sonic, and neutron-density porosities are proven to be less accurate as compared to the NMR porosity. This study aims to predict the NMR porosity by implementing three different machine learning (ML) algorithms using conventional well logs including neutron-porosity, sonic, resistivity, gamma ray, and photoelectric factor. Data, comprising 3500 data points, was acquired from a vast carbonate petroleum reservoir in the Middle East. The input parameters were selected based on their relative importance with respect to output parameter. Three ML techniques such as adaptive neuro-fuzzy inference system (ANFIS), artificial neural network (ANN), and functional network (FN) were implemented for the development of prediction models. The model's accuracy was evaluated by correlation coefficient (R), root mean square error (RMSE), and average absolute percentage error (AAPE). The results demonstrated that all three prediction models are reliable and consistent exhibiting low errors and high 'R' values for both training and testing prediction when related to actual dataset. However, the performance of ANN model was better as compared to other two studied ML techniques based on minimum AAPE and RMSE errors (5.12 and 0.39) and highest R (0.95) for testing and validation outcome. The AAPE and RMSE for the testing and validation results were found to be 5.38 and 0.41 for ANFIS and 6.06 and 0.48 for FN model, respectively. The ANFIS and FN models exhibited 'R' 0.937 and 0.942, for testing and validation dataset, respectively. Based on testing and validation results, ANFIS and FN models have been ranked second and third after ANN. Further, optimized ANN and FN models were used to extract explicit correlations to compute the NMR porosity. Hence, this study reveals the successful applications of ML techniques for the accurate prediction of NMR porosity.",,,Scientific reports,10.1038/s41598-023-30708-7,http://hdl.handle.net/10754/690243,KAUST Repository,True,313
http://hdl.handle.net/10754/690241,KAUST,An Effective Security Scheme for Attacks on Sample Value Messages in IEC 61850 Automated Substations,"Suhail Hussain, S.M.; Aftab, Mohd Asim; Farooq, Shaik Mullapathi; Ali, Ikbal; Ustun, Taha Selim; Konstantinou, Charalambos",2023,2023-03-10 00:00:00+00:00,"The trend of transforming substations into smart automated facilities has led to their swift digitalization and automation. To facilitate data exchange among equipment within these substations, the IEC 61850 standard has become the predominant standard. However, this standardization has inadvertently made these substations more susceptible to cyberattacks, which is a significant concern given the confidential information that is transmitted. As a result, cybersecurity in substations is becoming an increasingly critical topic. IEC 62351 standard provides guidelines and considerations for securing the IEC 61850 messages to mitigate their vulnerabilities. While securing Generic Object-Oriented Substation Event (GOOSE) messages has received considerable attention in literature, the same level of scrutiny has not been applied to Sampled Value (SV) messages despite their susceptibility to cyberattacks and similar frame format. This paper presents the impact of replay and masquerade attacks on SV messages. It also develops a scheme for securing SV messages against these attacks. Due to high sampling rate and time critical nature of SV messages, the time complexity of security scheme is critical for its applicability to SV messages. Hence, in this work, SV emulators have been developed in order to send these modified secure SV messages and investigate their timing performance. The results show that the proposed scheme can mitigate replay and masquerade attacks on SV messages while providing the necessary high sampling rate and stringent timing requirements.",,,IEEE Open Access Journal of Power and Energy,10.1109/oajpe.2023.3255790,http://hdl.handle.net/10754/690241,KAUST Repository,True,226
http://hdl.handle.net/10754/690173,KAUST,Recent Advances in Nanomaterials Used for Wearable Electronics,"Yang, Minye; Ye, Zhilu; Ren, Yichong; Farhat, Mohamed; Chen, Pai-Yen",2023,2023-03-05 00:00:00+00:00,"In recent decades, thriving Internet of Things (IoT) technology has had a profound impact on people’s lifestyles through extensive information interaction between humans and intelligent devices. One promising application of IoT is the continuous, real-time monitoring and analysis of body or environmental information by devices worn on or implanted inside the body. This research area, commonly referred to as wearable electronics or wearables, represents a new and rapidly expanding interdisciplinary field. Wearable electronics are devices with specific electronic functions that must be flexible and stretchable. Various novel materials have been proposed in recent years to meet the technical challenges posed by this field, which exhibit significant potential for use in different wearable applications. This article reviews recent progress in the development of emerging nanomaterial-based wearable electronics, with a specific focus on their flexible substrates, conductors, and transducers. Additionally, we discuss the current state-of-the-art applications of nanomaterial-based wearable electronics and provide an outlook on future research directions in this field.",,,Micromachines,10.3390/mi14030603,http://hdl.handle.net/10754/690173,KAUST Repository,True,159
http://hdl.handle.net/10754/689996,KAUST,Applications of deep learning in understanding gene regulation,"Li, Zhongxiao; Gao, Elva; Zhou, Juexiao; Han, Wenkai; Xu, Xiaopeng; Gao, Xin",2023,2023-02-22 00:00:00+00:00,"Gene regulation is a central topic in cell biology. Advances in omics technologies and the accumulation of omics data have provided better opportunities for gene regulation studies than ever before. For this reason deep learning, as a data-driven predictive modeling approach, has been successfully applied to this field during the past decade. In this article, we aim to give a brief yet comprehensive overview of representative deep-learning methods for gene regulation. Specifically, we discuss and compare the design principles and datasets used by each method, creating a reference for researchers who wish to replicate or improve existing methods. We also discuss the common problems of existing approaches and prospectively introduce the emerging deep-learning paradigms that will potentially alleviate them. We hope that this article will provide a rich and up-to-date resource and shed light on future research directions in this area.",,,Cell reports methods,10.1016/j.crmeth.2022.100384,http://hdl.handle.net/10754/689996,KAUST Repository,True,141
http://hdl.handle.net/10754/689840,KAUST,Recognizing the Shape and Size of Tundra Lakes in Synthetic Aperture Radar (SAR) Images Using Deep Learning Segmentation,"Demchev, Denis; Sudakow, Ivan; Khodos, Alexander; Abramova, Irina; Lyakhov, Dmitry; Michels, Dominik L.",2023,2023-02-26 00:00:00+00:00,"Permafrost tundra contains more than twice as much carbon as is currently in the atmosphere, and it is warming six times as fast as the global mean. Tundra lakes dynamics is a robust indicator of global climate processes, and is still not well understood. Satellite data, particularly, from synthetic aperture radar (SAR) is a suitable tool for tundra lakes recognition and monitoring of their changes. However, manual analysis of lake boundaries can be slow and inefficient; therefore, reliable automated algorithms are required. To address this issue, we propose a two-stage approach, comprising instance deep-learning-based segmentation by U-Net, followed by semantic segmentation based on a watershed algorithm for separating touching and overlapping lakes. Implementation of this concept is essential for accurate sizes and shapes estimation of an individual lake. Here, we evaluated the performance of the proposed approach on lakes, manually extracted from tens of C-band SAR images from Sentinel-1, which were collected in the Yamal Peninsula and Alaska areas in the summer months of 2015–2022. An accuracy of 0.73, in terms of the Jaccard similarity index, was achieved. The lake’s perimeter, area and fractal sizes were estimated, based on the algorithm framework output from hundreds of SAR images. It was recognized as lognormal distributed. The evaluation of the results indicated the efficiency of the proposed approach for accurate automatic estimation of tundra lake shapes and sizes, and its potential to be used for further studies on tundra lake dynamics, in the context of global climate change, aimed at revealing new factors that could cause the planet to warm or cool.",,,Remote Sensing,10.3390/rs15051298,http://hdl.handle.net/10754/689840,KAUST Repository,True,260
http://hdl.handle.net/10754/688158,KAUST,Decoding Algorithms and HW Strategies to Mitigate Uncertainties in a PCM-Based Analog Encoder for Compressed Sensing,"Paolino, Carmine; Antolini, Alessio; Zavalloni, Francesco; Lico, Andrea; Franchi Scarselli, Eleonora; Mangia, Mauro; Marchioni, Alex; Pareschi, Fabio; Setti, Gianluca; Rovatti, Riccardo; Luigi Torres, Mattia; Carissimi, Marcella; Pasotti, Marco",2023,2023-02-13 00:00:00+00:00,"Analog In-Memory computing (AIMC) is a novel paradigm looking for solutions to prevent the unnecessary transfer of data by distributing computation within memory elements. One such operation is matrix-vector multiplication (MVM), a workhorse of many fields ranging from linear regression to Deep Learning. The same concept can be readily applied to the encoding stage in Compressed Sensing (CS) systems, where an MVM operation maps input signals into compressed measurements. With a focus on an encoder built on top of a Phase-Change Memory (PCM) AIMC platform, the effects of device non-idealities, namely programming spread and drift over time, are observed in terms of the reconstruction quality obtained for synthetic signals, sparse in the Discrete Cosine Transform (DCT) domain. PCM devices are simulated using statistical models summarizing the properties experimentally observed in an AIMC prototype, designed in a 90 nm STMicroelectronics technology. Different families of decoders are tested, and tradeoffs in terms of encoding energy are analyzed. Furthermore, the benefits of a hardware drift compensation strategy are also observed, highlighting its necessity to prevent the need for a complete reprogramming of the entire analog array. The results show >30 dB average reconstruction quality for mid-range conductances and a suitably selected decoder right after programming. Additionally, the hardware drift compensation strategy enables robust performance even when different drift conditions are tested.",,,Journal of Low Power Electronics and Applications,10.3390/jlpea13010017,http://hdl.handle.net/10754/688158,KAUST Repository,True,218
http://hdl.handle.net/10754/688034,KAUST,"Smart Energy Meters for Smart Grids, an Internet of Things Perspective","Rind, Yousaf Murtaza; Raza, Muhammad Haseeb; Zubair, Muhammad; Mehmood, Muhammad Qasim; Massoud, Yehia Mahmoud",2023,2023-02-16 00:00:00+00:00,"Smart energy has evolved over the years to include multiple domains integrated across multiple technology themes, such as electricity, smart grid, and logistics, linked through communication technology and processed in the cloud in a holistic way to deliver on global challenges. Advances in sensing, communication, and computation technologies have been made that enable better smart system implementations. In smart energy systems, sensing technologies have spanned multiple domains with newer techniques that are more accurate, have greater dynamic ranges, and are more reliable. Similarly, communication techniques have now evolved into very high-speed, flexible, and dynamic systems. Computation techniques have seen a quantum leap with greater integration, powerful computing engines, and versatile software stacks that are easily available and modifiable. Finally, the system integration has also seen advances in the form of management, automation, and analytics paradigms. Consequently, smart energy systems have witnessed a revolutionary transformation. The complexity has correspondingly grown exponentially. With regard to smart meters, the measurement component has to scale up to meet the demands of the evolved energy eco-system by relying on the advancements offered. The internet of things (IoT) is a key technology enabler in this scenario, and the smart meter is a key component. In recent years, metering technology has evolved in both complexity and functionality. Therefore, it must use the advances offered by IoT to deliver a new role. The internet of things (IoT) is a key technology enabler in this scenario and the smart meter a key component. In recent years, metering technology has evolved in both complexity and functionality. To deliver on its new role, it must use the advances offered by IoT. In this review, we analyze the smart meter as a combination of sensing, computing, and communication nodes for flexible and complex design paradigms. The components are, in turn, reviewed vis-à-vis the advances offered by IoT. The resultant gaps are reported for future design challenges in the conclusion. The identified gaps are the lack of usage of the full spectrum of the available technology and the lack of an inter-disciplinary approach to smart meter design.",,,Energies,10.3390/en16041974,http://hdl.handle.net/10754/688034,KAUST Repository,True,344
http://hdl.handle.net/10754/687932,KAUST,NMR-Based Metabolomics: A New Paradigm to Unravel Defense-Related Metabolites in Insect-Resistant Cotton Variety through Different Multivariate Data Analysis Approaches,"Shami, Anam Amin; Akhtar, Muhammad Tayyab; Mumtaz, Muhammad Waseem; Mukhtar, Hamid; Tahir, Amna; Shahzad-ul-Hussan, Syed; Chaudhary, Safee Ullah; Muneer, Bushra; Iftikhar, Hafsa; Neophytou, Marios",2023,2023-02-13 00:00:00+00:00,"Cotton (Gossypium hirsutum) is an economically important crop and is widely cultivated around the globe. However, the major problem of cotton is its high vulnerability to biotic and abiotic stresses. It has been around three decades since the cotton plant was genetically engineered with genes encoding insecticidal proteins (mainly Cry proteins) with an aim to protect it against insect attack. Several studies have been reported on the impact of these genes on cotton production and fiber quality. However, the metabolites responsible for conferring resistance in genetically modified cotton need to be explored. The current work aims to unveil the key metabolites responsible for insect resistance in Bt cotton and also compare the conventional multivariate analysis methods with deep learning approaches to perform clustering analysis. We aim to unveil the marker compounds which are responsible for inducing insect resistance in cotton plants. For this purpose, we employed 1H-NMR spectroscopy to perform metabolite profiling of Bt and non-Bt cotton varieties, and a total of 42 different metabolites were identified in cotton plants. In cluster analysis, deep learning approaches (linear discriminant analysis (LDA) and neural networks) showed better separation among cotton varieties compared to conventional methods (principal component analysis (PCA) and orthogonal partial least square discriminant analysis (OPLSDA)). The key metabolites responsible for inter-class separation were terpinolene, α-ketoglutaric acid, aspartic acid, stigmasterol, fructose, maltose, arabinose, xylulose, cinnamic acid, malic acid, valine, nonanoic acid, citrulline, and shikimic acid. The metabolites which regulated differently with the level of significance p < 0.001 amongst different cotton varieties belonged to the tricarboxylic acid cycle (TCA), Shikimic acid, and phenylpropanoid pathways. Our analyses underscore a biosignature of metabolites that might involve in inducing insect resistance in Bt cotton. Moreover, novel evidence from our study could be used in the metabolic engineering of these biological pathways to improve the resilience of Bt cotton against insect/pest attacks. Lastly, our findings are also in complete support of employing deep machine learning algorithms as a useful tool in metabolomics studies.",,,Molecules,10.3390/molecules28041763,http://hdl.handle.net/10754/687932,KAUST Repository,True,328
http://hdl.handle.net/10754/687824,KAUST,Approximations of algorithmic and structural complexity validate cognitive-behavioral experimental results,"Zenil, Hector; Marshall, James A.R.; Tegner, Jesper",2023,2023-01-24 00:00:00+00:00,"Being able to objectively characterize the intrinsic complexity of behavioral patterns resulting from human or animal decisions is fundamental for deconvolving cognition and designing autonomous artificial intelligence systems. Yet complexity is difficult in practice, particularly when strings are short. By numerically approximating algorithmic (Kolmogorov) complexity (K), we establish an objective tool to characterize behavioral complexity. Next, we approximate structural (Bennett’s Logical Depth) complexity (LD) to assess the amount of computation required for generating a behavioral string. We apply our toolbox to three landmark studies of animal behavior of increasing sophistication and degree of environmental influence, including studies of foraging communication by ants, flight patterns of fruit flies, and tactical deception and competition (e.g., predator-prey) strategies. We find that ants harness the environmental condition in their internal decision process, modulating their behavioral complexity accordingly. Our analysis of flight (fruit flies) invalidated the common hypothesis that animals navigating in an environment devoid of stimuli adopt a random strategy. Fruit flies exposed to a featureless environment deviated the most from Levy flight, suggesting an algorithmic bias in their attempt to devise a useful (navigation) strategy. Similarly, a logical depth analysis of rats revealed that the structural complexity of the rat always ends up matching the structural complexity of the competitor, with the rats’ behavior simulating algorithmic randomness. Finally, we discuss how experiments on how humans perceive randomness suggest the existence of an algorithmic bias in our reasoning and decision processes, in line with our analysis of the animal experiments. This contrasts with the view of the mind as performing faulty computations when presented with randomized items. In summary, our formal toolbox objectively characterizes external constraints on putative models of the “internal” decision process in humans and animals.",,,Frontiers in Computational Neuroscience,10.3389/fncom.2022.956074,http://hdl.handle.net/10754/687824,KAUST Repository,True,284
http://hdl.handle.net/10754/687718,KAUST,Uncertainty Analysis of CO2 Storage in Deep Saline Aquifers Using Machine Learning and Bayesian Optimization,"Alqahtani, Abdulwahab; He, Xupeng; Yan, Bicheng; Hoteit, Hussein",2023,2023-02-08 00:00:00+00:00,"Geological CO2 sequestration (GCS) has been proposed as an effective approach to mitigate carbon emissions in the atmosphere. Uncertainty and sensitivity analysis of the fate of CO2 dynamics and storage are essential aspects of large-scale reservoir simulations. This work presents a rigorous machine learning-assisted (ML) workflow for the uncertainty and global sensitivity analysis of CO2 storage prediction in deep saline aquifers. The proposed workflow comprises three main steps: The first step concerns dataset generation, in which we identify the uncertainty parameters impacting CO2 flow and transport and then determine their corresponding ranges and distributions. The training data samples are generated by combining the Latin Hypercube Sampling (LHS) technique with high-resolution simulations. The second step involves ML model development based on a data-driven ML model, which is generated to map the nonlinear relationship between the input parameters and corresponding output interests from the previous step. We show that using Bayesian optimization significantly accelerates the tuning process of hyper-parameters, which is vastly superior to a traditional trial–error analysis. In the third step, uncertainty and global sensitivity analysis are performed using Monte Carlo simulations applied to the optimized surrogate. This step is performed to explore the time-dependent uncertainty propagation of model outputs. The key uncertainty parameters are then identified by calculating the Sobol indices based on the global sensitivity analysis. The proposed workflow is accurate and efficient and could be readily implemented in field-scale CO2 sequestration in deep saline aquifers.",,,Energies,10.3390/en16041684,http://hdl.handle.net/10754/687718,KAUST Repository,True,237
http://hdl.handle.net/10754/687691,KAUST,Performance Optimization of Wearable Printed Human Body Temperature Sensor Based on Silver Interdigitated Electrode and Carbon-Sensing Film,"Al-Qahtani, Aisha M.; Ali, Shawkat; Khan, Arshad; Bermak, Amine",2023,2023-02-07 00:00:00+00:00,"The human body’s temperature is one of the most important vital markers due to its ability to detect various diseases early. Accurate measurement of this parameter has received considerable interest in the healthcare sector. We present a novel study on the optimization of a temperature sensor based on silver interdigitated electrodes (IDEs) and carbon-sensing film. The sensor was developed on a flexible Kapton thin film first by inkjet printing the silver IDEs, followed by screen printing a sensing film made of carbon black. The IDE finger spacing and width of the carbon film were both optimized, which considerably improved the sensor’s sensitivity throughout a wide temperature range that fully covers the temperature of human skin. The optimized sensor demonstrated an acceptable temperature coefficient of resistance (TCR) of 3.93 × 10−3 °C−1 for temperature sensing between 25 °C and 50 °C. The proposed sensor was tested on the human body to measure the temperature of various body parts, such as the forehead, neck, and palm. The sensor showed a consistent and reproducible temperature reading with a quick response and recovery time, exhibiting adequate capability to sense skin temperatures. This wearable sensor has the potential to be employed in a variety of applications, such as soft robotics, epidermal electronics, and soft human–machine interfaces.",,,Sensors,10.3390/s23041869,http://hdl.handle.net/10754/687691,KAUST Repository,True,211
http://hdl.handle.net/10754/687577,KAUST,Implicit Perception of Differences between NLP-Produced and Human-Produced Language in the Mentalizing Network,"Wei, Zhengde; Chen, Ying; Zhao, Qian; Zhang, Pengyu; Zhou, Longxi; Ren, Jiecheng; Piao, Yi; Qiu, Bensheng; Xie, Xing; Wang, Suiping; Liu, Jia; Zhang, Daren; Kadosh, Roi Cohen; Zhang, Xiaochu",2023,2023-02-07 00:00:00+00:00,"Natural language processing (NLP) is central to the communication with machines and among ourselves, and NLP research field has long sought to produce human-quality language. Identification of informative criteria for measuring NLP-produced language quality will support development of ever-better NLP tools. The authors hypothesize that mentalizing network neural activity may be used to distinguish NLP-produced language from human-produced language, even for cases where human judges cannot subjectively distinguish the language source. Using the social chatbots Google Meena in English and Microsoft XiaoIce in Chinese to generate NLP-produced language, behavioral tests which reveal that variance of personality perceived from chatbot chats is larger than for human chats are conducted, suggesting that chatbot language usage patterns are not stable. Using an identity rating task with functional magnetic resonance imaging, neuroimaging analyses which reveal distinct patterns of brain activity in the mentalizing network including the DMPFC and rTPJ in response to chatbot versus human chats that cannot be distinguished subjectively are conducted. This study illustrates a promising empirical basis for measuring the quality of NLP-produced language: adding a judge's implicit perception as an additional criterion.",,,Advanced Science,10.1002/advs.202203990,http://hdl.handle.net/10754/687577,KAUST Repository,True,182
http://hdl.handle.net/10754/685235,KAUST,Improving classification of correct and incorrect protein-protein docking models by augmenting the training set,"Barradas Bautista, Didier; Almajed, Ali; Oliva, Romina; Kalnis, Panos; Cavallo, Luigi",2023,2023-02-02 00:00:00+00:00,"Motivation: Protein-protein interactions drive many relevant biological events, such as infection, replication, and recognition. To control or engineer such events, we need to access the molecular details of the interaction provided by experimental 3D structures. However, such experiments take time and are expensive; moreover, the current technology cannot keep up with the high discovery rate of new interactions. Computational modeling, like protein-protein docking, can help to fill this gap by generating docking poses. Protein-protein docking generally consists of two parts, sampling and scoring. The sampling is an exhaustive search of the tridimensional space. The caveat of the sampling is that it generates a large number of incorrect poses, producing a highly unbalanced dataset. This limits the utility of the data to train machine learning classifiers. Results: Using weak supervision, we developed a data augmentation method that we named hAIkal. Using hAIkal, we increased the labeled training data to train several algorithms. We trained and obtained different classifiers; the best classifier has 81% accuracy and 0.51 MCC on the test set, surpassing the state-of-the-art scoring functions.",,,Bioinformatics Advances,10.1093/bioadv/vbad012,http://hdl.handle.net/10754/685235,KAUST Repository,True,175
http://hdl.handle.net/10754/687350,KAUST,A Retrospective Analysis of National-Scale Agricultural Development in Saudi Arabia from 1990 to 2021,"Li, Ting; Lopez Valencia, Oliver Miguel; Johansen, Kasper; McCabe, Matthew",2023,2023-01-26 00:00:00+00:00,"Agricultural intensification has resulted in the depletion of groundwater resources in many regions of the world. A prime example is Saudi Arabia, which witnessed dramatic agricultural expansion since the 1970s. To explore the influence of policy interventions aimed to better manage water resources, accurate information on the changes in the number and acreage of center-pivot fields is required. To quantify these metrics, we apply a hybrid machine learning framework, consisting of Density-Based Spatial Clustering of Applications with Noise, Convolutional Neural Networks, and Spectral Clustering, to the annual maximum Normalized Differential Vegetation Index maps obtained from Landsat imagery collected between 1990 to 2021. When evaluated against more than 28,000 manually delineated fields, the approach demonstrated producer’s accuracies ranging from 83.7% to 94.8% and user’s accuracies ranging from 90.2% to 97.9%. The coefficient of determination (R2) between framework-delineated and manually delineated fields was higher than 0.97. Nationally, we found that most fields pre-dated 1990 (covering 8841 km2 in that year) and were primarily located within the central regions covering Hail, Qassim, Riyadh, and Wadi ad-Dawasir. A small decreasing trend in field acreage was observed for the period 1990–2010. However, by 2015, the acreage had increased to approximately 33,000 fields covering 9310 km2. While a maximum extent was achieved in 2016, recent decreases have seen levels return to pre-1990 levels. The gradual decrease between 1990 to 2010 was related to policy initiatives designed to phase-out wheat, while increases between 2010 to 2015 were linked to fodder crop expansion. There is evidence of an agricultural uptick starting in 2021, which is likely in response to global influences such as the COVID-19 pandemic or the conflict in Ukraine. Overall, this work offers the first detailed assessment of long-term agricultural development in Saudi Arabia, and provides important insights related to production metrics such as crop types, crop water consumption, and crop phenology and the overarching impacts of agricultural policy interventions.",,,Remote Sensing,10.3390/rs15030731,http://hdl.handle.net/10754/687350,KAUST Repository,True,314
http://hdl.handle.net/10754/687296,KAUST,Leveraging UAVs to Enable Dynamic and Smart Aerial Infrastructure for ITS and Smart Cities: An Overview,"Lucic, Michael C.; Bouhamed, Omar; Ghazzai, Hakim; Khanfor, Abdullah; Massoud, Yehia Mahmoud",2023,2023-01-23 00:00:00+00:00,"Micro-unmanned aerial vehicles (UAVs), also known as drones, have been recognized as an emerging technology offering a plethora of applications touching various aspects of our lives, such as surveillance, agriculture, entertainment, and intelligent transportation systems (ITS). Furthermore, due to their low cost and ability to be fitted with transmitters, cameras, and other on-board sensors, UAVs can be seen as potential flying Internet-of-things (IoT) devices interconnecting with their environment and allowing for more mobile flexibility in the network. This paper overviews the beneficial applications that UAVs can offer to smart cities, and particularly to ITS, while highlighting the main challenges that can be encountered. Afterward, it proposes several potential solutions to organize the operation of UAV swarms, while addressing one of their main issues: their battery-limited capacity. Finally, open research areas that should be undertaken to strengthen the case for UAVs to become part of the smart infrastructure for futuristic cities are discussed.",,,Drones,10.3390/drones7020079,http://hdl.handle.net/10754/687296,KAUST Repository,True,152
http://hdl.handle.net/10754/679785,KAUST,A Generative Deep Learning Approach for Shape Recognition of Arbitrary Objects from Phaseless Acoustic Scattering Data,"Ahmed, Waqas Waseem; Farhat, Mohamed; Chen, Pai-Yen; Zhang, Xiangliang; Wu, Ying",2023,2023-01-20 00:00:00+00:00,"A generative deep learning approach for shape recognition of an arbitrary object from its acoustic scattering properties is proposed and demonstrated. The strategy exploits deep neural networks to learn the mapping between the latent space of a 2D acoustic object and the far-field scattering amplitudes. A neural network is designed as an adversarial autoencoder and trained via unsupervised learning to determine the latent space of the acoustic object. Important structural features of the object are embedded in lower-dimensional latent space which supports the modeling of a shape generator and accelerates the learning in the inverse design process. The proposed inverse design uses the variational inference approach with encoder- and decoder-like architecture where the decoder is composed of two pretrained neural networks: the generator and the forward model. The data-driven framework finds an accurate solution to the ill-posed inverse scattering problem, where nonunique solution space is overcome by the multifrequency phaseless far-field patterns. This inverse method is a powerful design tool that doesn't require complex analytical calculation and opens up new avenues for practical realization, automatic recognition of arbitrary-shaped submarines or large fish, and other underwater applications.",,,Advanced Intelligent Systems,10.1002/aisy.202200260,http://hdl.handle.net/10754/679785,KAUST Repository,True,186
http://hdl.handle.net/10754/687242,KAUST,"Type 2 Diabetes Mellitus and its comorbidity, Alzheimer’s disease: Identifying critical microRNA using machine learning","Alamro, Hind; Bajic, Vladan; Macvanin, Mirjana T.; Isenovic, Esma R.; Gojobori, Takashi; Essack, Magbubah; Gao, Xin",2023,2023-01-19 00:00:00+00:00,"MicroRNAs (miRNAs) are critical regulators of gene expression in healthy and diseased states, and numerous studies have established their tremendous potential as a tool for improving the diagnosis of Type 2 Diabetes Mellitus (T2D) and its comorbidities. In this regard, we computationally identify novel top-ranked hub miRNAs that might be involved in T2D. We accomplish this via two strategies: 1) by ranking miRNAs based on the number of T2D differentially expressed genes (DEGs) they target, and 2) using only the common DEGs between T2D and its comorbidity, Alzheimer’s disease (AD) to predict and rank miRNA. Then classifier models are built using the DEGs targeted by each miRNA as features. Here, we show the T2D DEGs targeted by hsa-mir-1-3p, hsa-mir-16-5p, hsa-mir-124-3p, hsa-mir-34a-5p, hsa-let-7b-5p, hsa-mir-155-5p, hsa-mir-107, hsa-mir-27a-3p, hsa-mir-129-2-3p, and hsa-mir-146a-5p are capable of distinguishing T2D samples from the controls, which serves as a measure of confidence in the miRNAs’ potential role in T2D progression. Moreover, for the second strategy, we show other critical miRNAs can be made apparent through the disease’s comorbidities, and in this case, overall, the hsa-mir-103a-3p models work well for all the datasets, especially in T2D, while the hsa-mir-124-3p models achieved the best scores for the AD datasets. To the best of our knowledge, this is the first study that used predicted miRNAs to determine the features that can separate the diseased samples (T2D or AD) from the normal ones, instead of using conventional non-biology-based feature selection methods.",,,Frontiers in Endocrinology,10.3389/fendo.2022.1084656,http://hdl.handle.net/10754/687242,KAUST Repository,True,239
http://hdl.handle.net/10754/687223,KAUST,Explainable machine learning for unraveling solvent effects in polyimide organic solvent nanofiltration membranes,"Ignacz, Gergo; Alqadhi, Nawader; Szekely, Gyorgy",2023,2023-01-19 00:00:00+00:00,"Understanding the effects of solvents on organic solvent nanofiltration currently depends on results obtained from small datasets, which slows down the industrial implementation of this technology. We present an in-depth study to identify and unify the effects of solvent parameters on solute rejection. For this purpose, we measured the rejection of 407 solutes in 11 common and green solvents using a polyimide membrane in a medium-throughput cross-flow nanofiltration system. Based on the large dataset, we experimentally verify that permeance and electronic effects of the solvent structure (Hildebrand parameters, electrotopological descriptors, and LogP) have strong impact on the average solute rejection. We furthermore identify the most important solvent parameters affecting solute rejection. Our dataset was used to build and test a graph neural network to predict the rejection of solutes. The results were rigorously tested against both internal and literature data, and demonstrated good generalization and robustness. Our model showed 0.124 (86.4% R2) and 0.123 (71.4 R2) root mean squared error for the internal and literature test sets, respectively. Explainable artificial intelligence helps understand and visualize the underlying effects of atoms and functional groups altering the rejection.",,,Advanced Membranes,10.1016/j.advmem.2023.100061,http://hdl.handle.net/10754/687223,KAUST Repository,True,186
http://hdl.handle.net/10754/686989,KAUST,Machine Learning Prediction of Nanoparticle Transport with Two-Phase Flow in Porous Media,"El-Amin, Mohamed F.; Alwated, Budoor; Hoteit, Hussein",2023,2023-01-06 00:00:00+00:00,"Reservoir simulation is a time-consuming procedure that requires a deep understanding of complex fluid flow processes as well as the numerical solution of nonlinear partial differential equations. Machine learning algorithms have made significant progress in modeling flow problems in reservoir engineering. This study employs machine learning methods such as random forest, decision trees, gradient boosting regression, and artificial neural networks to forecast nanoparticle transport with the two-phase flow in porous media. Due to the shortage of data on nanoparticle transport in porous media, this work creates artificial datasets using a mathematical model. It predicts nanoparticle transport behavior using machine learning techniques, including gradient boosting regression, decision trees, random forests, and artificial neural networks. Utilizing the scikit-learn toolkit, strategies for data preprocessing, correlation, and feature importance are addressed. Furthermore, the GridSearchCV algorithm is used to optimize hyperparameter tuning. The mean absolute error, R-squared correlation, mean squared error, and root means square error are used to assess the models. The ANN model has the best performance in forecasting the transport of nanoparticles in porous media, according to the results.",,,Energies,10.3390/en16020678,http://hdl.handle.net/10754/686989,KAUST Repository,True,177
http://hdl.handle.net/10754/676744,KAUST,Machine learning for knowledge acquisition and accelerated inverse-design for non-Hermitian systems,"Ahmed, Waqas Waseem; Farhat, Mohamed; Staliunas, Kestutis; Zhang, Xiangliang; Wu, Ying",2023,2023-01-03 00:00:00+00:00,"Non-Hermitian systems offer new platforms for unusual physical properties that can be flexibly manipulated by redistribution of the real and imaginary parts of refractive indices, whose presence breaks conventional wave propagation symmetries, leading to asymmetric reflection and symmetric transmission with respect to the wave propagation direction. Here, we use supervised and unsupervised learning techniques for knowledge acquisition in non-Hermitian systems which accelerate the inverse design process. In particular, we construct a deep learning model that relates the transmission and asymmetric reflection in non-conservative settings and propose sub-manifold learning to recognize non-Hermitian features from transmission spectra. The developed deep learning framework determines the feasibility of a desired spectral response for a given structure and uncovers the role of effective gain-loss parameters to tailor the spectral response. These findings offer a route for intelligent inverse design and contribute to the understanding of physical mechanism in general non-Hermitian systems.",,,Communications Physics,10.1038/s42005-022-01121-9,http://hdl.handle.net/10754/676744,KAUST Repository,True,146
http://hdl.handle.net/10754/691038,KAUST,Editorial: Medical knowledge-assisted machine learning technologies in individualized medicine,"Gao, Feng; Cho, William C; Gao, Xin; Wang, Wei",2023,2023-03-24 00:00:00+00:00,,,,Frontiers in molecular biosciences,10.3389/fmolb.2023.1167730,http://hdl.handle.net/10754/691038,KAUST Repository,True,0
http://hdl.handle.net/10754/690989,KAUST,Explainable and Robust Artificial Intelligence for Trustworthy Resource Management in 6G Networks,"Khan, Nasir; Coleri, Sinem; Abdallah, Asmaa; Celik, Abdulkadir; Eltawil, Ahmed",2023,2023-04-05 00:00:00+00:00,"Explainable and Robust Artificial Intelligence for Trustworthy Resource Management in 6G Networks. In this paper, we present an overview of the explainable and robust AI techniques for radio resource management. We explain how these methods can provide a systematic methodology for interpreting the decisions made by the black-box AI models, and improve the robustness of the decisions and performance of the algorithms by reducing the model complexity and convergence time. Besides, outlining the core explainability and robustness techniques, we also provide two practical case studies that illustrate the application of these techniques for model simplification and improving robustness of radio resource management decisions.",,,,10.36227/techrxiv.22353265.v1,http://hdl.handle.net/10754/690989,KAUST Repository,True,103
http://hdl.handle.net/10754/690932,KAUST,Ultra-Green Relay Transmission with Wireless Power Transfer for Advanced IoT: Session-Specific Analysis and Optimization,"Xu, Fang; Yang, Hong Chuan; Alouini, Mohamed-Slim",2023,2023-04-05 00:00:00+00:00,"Reliable and energy-efficient wireless transmission is of critical importance to the success of future advanced Internet of Things (IoT). Due to the sporadic nature of IoT transmissions, the energy consumption of the individual IoT transmission session varies dramatically with the instantaneous operating environment as well as the quality of service (QoS) requirements. In this paper, we analyze and design the energyefficient relay transmission systems from an individual data transmission session perspective. Specifically, we consider a dualhop transmission system with a decode-and-forward relay that is solely powered by wireless power transfer from source node. For both time switching and power splitting modes of simultaneous power and information transmission, we analyze and minimize the total energy consumption of the system when transmitting a fixed amount of data, under a piecewise linear energy harvesting (EH) model. Closed-form expressions for optimal transmission parameters are obtained with and without the consideration of latency constraint. Through selected numerical results, we illustrate various design tradeoffs between energy consumption and latency constraint. We show that with optimal transmission parameters, relay transmission with energy transfer can achieve considerable energy saving compared to direct transmission when the direct link quality is poor and the latency constraint is not stringent. We also show that with optimized parameters, power splitting mode leads to lower energy consumption and smaller transmission duration than time switching mode, at the cost of higher implementation complexity.",,,IEEE Internet of Things Journal,10.1109/jiot.2023.3264654,http://hdl.handle.net/10754/690932,KAUST Repository,True,229
http://hdl.handle.net/10754/690912,KAUST,Visualization and Visual Analytics Approaches for Image and Video Datasets: A Survey,"Afzal, Shehzad; Ghani, Sohaib; Hittawe, Mohamad; Rashid, Sheikh Faisal; Knio, Omar; Hadwiger, Markus; Hoteit, Ibrahim",2023,2023-03-09 00:00:00+00:00,"Image and video data analysis has become an increasingly important research area with applications in different domains such as security surveillance, healthcare, augmented and virtual reality, video and image editing, activity analysis and recognition, synthetic content generation, distance education, telepresence, remote sensing, sports analytics, art, non-photorealistic rendering, search engines, and social media. Recent advances in Artificial Intelligence (AI) and particularly deep learning have sparked new research challenges and led to significant advancements, especially in image and video analysis. These advancements have also resulted in significant research and development in other areas such as visualization and visual analytics, and have created new opportunities for future lines of research. In this survey article, we present the current state of the art at the intersection of visualization and visual analytics, and image and video data analysis. We categorize the visualization articles included in our survey based on different taxonomies used in visualization and visual analytics research. We review these articles in terms of task requirements, tools, datasets, and application areas. We also discuss insights based on our survey results, trends and patterns, the current focus of visualization research, and opportunities for future research.",,,ACM TRANSACTIONS ON INTERACTIVE INTELLIGENT SYSTEMS,10.1145/3576935,http://hdl.handle.net/10754/690912,KAUST Repository,True,190
http://hdl.handle.net/10754/690800,KAUST,Three-hop Underwater Wireless Communications: A Novel Relay Deployment Technique,"Xu, Jiajie; Kishk, Mustafa Abdelsalam; Zhang, Qunfei; Alouini, Mohamed-Slim",2023,2023-03-29 00:00:00+00:00,"Underwater long-distance wireless communication (ULWC) is a critical challenge in many applications, such as marine environmental monitoring, underwater remote control, and underwater navigation, to name a few. However, very little literature focuses on ULWC, especially where the communication distance ups to thousands of kilometers, which is urgently required in the underwater Internet of Things (UIoT) in the large-scale and deep sea. In this paper, to improve the underwater communication capacity at a level of thousands of kilometers, we propose a three-hop underwater wireless acoustic communication (3H-UWAC) structure based on the Sound Fixing and Ranging (SOFAR) channel. The proposed 3H-UWAC consists of transmitters, relay stations (RSs), and receivers. Different from the existing ULWC, 3H-ULWC can improve energy efficiency with a small vertical directivity angle (VDA). Due to the characteristics of UWAC, the straight-line communication link can be realized in the proposed three hops, and the communication distance can be increased to thousands of kilometers. Respecting the randomness of underwater devices, tools from stochastic geometry are used to model the spatial distributions of transmitters’, receivers’, and RSs’ locations. RSs are set on the SOFAR channel at a known depth. In the first hop, the transmitter sends information to the nearest first relay station (NFRS) on the SOFAR plane. In the second hop, the NFRS sends information to the nearest relay station, which is called the nearest second relay station (NSRS), to the receiver on the SOFAR plane. In the third hop, SNFS sends information to the receiver. All three communication hops can be achieved with a narrow beam width, where the energy efficiency is improved critically. With given densities of transmitters, RSs, and receivers, the coverage probabilities (CPs) of the three hops (transmitter to FRS, FRS to SRS, and SRS to receiver) are analyzed, and the final CP from a transmitter to a receiver thro...",,,IEEE Internet of Things Journal,10.1109/jiot.2023.3262949,http://hdl.handle.net/10754/690800,KAUST Repository,True,303
http://hdl.handle.net/10754/690738,KAUST,Joint Trajectory Design and User Scheduling for Secure Aerial Underlay IoT Systems,"Lei, Hongjiang; Yang, Haosi; Park, Kihong; Ansari, Imran Shafique; Jiang, Jing; Alouini, Mohamed-Slim",2023,2023-03-28 00:00:00+00:00,"Unmanned aerial vehicles (UAVs) have been widely employed to enhance the end-to-end performance of wireless communications since the links between UAVs and terrestrial nodes are line-of-sight (LoS) with high probability. However, the broadcast characteristics of signal propagation in LoS links make them vulnerable to being wiretapped by malicious eavesdroppers, which poses a considerable challenge to the security of wireless communications. In this work, we investigate the security of aerial underlay Internet of Things (IoT) systems by jointly designing trajectory and user scheduling. An airborne base station transmits confidential messages to secondary users utilizing the same spectrum as the primary network. An aerial jammer transmits jamming signals to suppress the eavesdropper to enhance secrecy performance. The uncertainty of eavesdropping node locations is considered, and the average secrecy rate of the secondary user is maximized by optimizing multiple users’ scheduling, the UAVs’ trajectory, and transmit power. To solve the non-convex optimization problem with mixed multi-integer variable problem, we propose an iterative algorithm based on block coordinate descent and successive convex approximation. Numerical results verify the effectiveness of our proposed algorithm and demonstrate that our scheme is beneficial in improving the secrecy performance of aerial underlay IoT systems.",,,IEEE Internet of Things Journal,10.1109/jiot.2023.3262697,http://hdl.handle.net/10754/690738,KAUST Repository,True,195
http://hdl.handle.net/10754/690682,KAUST,Generalization of learned Fourier-based phase-diversity wavefront sensing,"Zhou, Zhisheng; Fu, Qiang; Zhang, Jingang; Nie, Yunfeng",2023,2023-03-23 00:00:00+00:00,"Proper initialization of the nonlinear optimization is important to avoid local minima in phase diversity wavefront sensing (PDWS). An effective neural network based on low-frequency coefficients in the Fourier domain has proved effective to determine a better estimate of the unknown aberrations. However, the network relies significantly on the training settings, such as imaging object and optical system parameters, resulting in a weak generalization ability. Here we propose a generalized Fourier-based PDWS method by combining an object-independent network with a system-independent image processing procedure. We demonstrate that a network trained with a specific setting can be applied to any image regardless of the actual settings. Experimental results show that a network trained with one setting can be applied to images with four other settings. For 1000 aberrations with RMS wavefront errors bounded within [0.2 λ, 0.4 λ], the mean RMS residual errors are 0.032 λ, 0.039 λ, 0.035 λ, and 0.037 λ, respectively, and 98.9% of the RMS residual errors are less than 0.05 λ.",,,Optics Express,10.1364/oe.484057,http://hdl.handle.net/10754/690682,KAUST Repository,True,165
http://hdl.handle.net/10754/690387,KAUST,Charging and Wake-Up of IoT Devices using Harvested RF Energy with Near-Zero Power Consumption,"Benbuk, Ahmed Abed; Kouzayha, Nour Hicham; Costantine, Joseph; Dawy, Zaher",2023,2023-03-14 00:00:00+00:00,"Sixth generation (6G) wireless systems are envisioned to support ubiquitous connection of a massive number of battery-powered Internet-of-Things (IoT) devices. Radio frequency (RF) energy harvesting and wake-up radio have been extensively considered as standalone technologies to extend the battery lifetime of IoT devices. In this article, we present a general framework for designing efficient combined RF energy harvesting and wake-up circuits to further reduce the energy consumption of IoT devices and allow them to operate nearly self-sustainably. Specifically, we propose two address detector designs: a dual-power-mode pulse width detector (PWD) and a multi-power-mode pulse width modulation (PWM) detector that can be integrated in combined architectures with a single shared antenna and rectifier. Furthermore, we validate the practicality of the presented framework by testing sample designs under real operational conditions. Finally, we conclude the article by introducing future research directions for realizing large IoT networks with combined RF energy harvesting and wake-up radio.",,,IEEE Internet of Things Magazine,10.1109/iotm.001.2200202,http://hdl.handle.net/10754/690387,KAUST Repository,True,152
http://hdl.handle.net/10754/690350,KAUST,Data-Driven-Based Vector Space Decomposition Modeling of Multiphase Induction Machines,"Abu-Seif, Mohamed A.; Ahmed, Mohamed; Metwly, Mohamed Y.; Abdel-Khalik, Ayman S.; Hamad, Mostafa S.; Ahmed, Shehab; Elmalhy, Noha",2023,2023-03-13 00:00:00+00:00,"For contemporary variable-speed electric drives, the accuracy of the machine's mathematical model is critical for optimal control performance. Basically, phase variables of multiphase machines are preferably decomposed into multiple orthogonal subspaces based on vector space decomposition (VSD). In the available literature, identifying the correlation between states governed by the dynamic equations and the parameter estimate of different subspaces of multiphase IM remains scarce, especially under unbalanced conditions, where the effect of secondary subspaces sounds influential. Most available literature has relied on simple RL circuit representation to model these secondary subspaces. To this end, this paper presents an effective data-driven-based space harmonic model for n-phase IMs using sparsity-promoting techniques and machine learning with nonlinear dynamical systems to discover the IM governing equations. Moreover, the proposed approach is computationally efficient, and it precisely identifies both the electrical and mechanical dynamics of all subspaces of an IM using a single transient startup run. Additionally, the derived model can be reformulated into the standard canonical form of the induction machine model to easily extract the parameters of all subspaces based on online measurements. Eventually, the proposed modeling approach is experimentally validated using a 1.5 Hp asymmetrical six-phase induction machine.",,,IEEE Transactions on Energy Conversion,10.1109/tec.2023.3255792,http://hdl.handle.net/10754/690350,KAUST Repository,True,195
http://hdl.handle.net/10754/690348,KAUST,Artificial Noise and RIS-Aided Physical Layer Security: Optimal RIS Partitioning and Power Control,"Arzykulov, Sultangali; Celik, Abdulkadir; Nauryzbayev, Galymzhan; Eltawil, Ahmed",2023,2023-03-13 00:00:00+00:00,"The synergism of reconfigurable intelligent surfaces (RIS) and artificial noise (AN) shows significant promise in improving physical layer security in wireless networks. Accordingly, this letter proposes the virtual partitioning of RIS elements into two parts such that the phase shifts of the different partitions are configured to improve the intended signal at a legitimate user and enhance the impact of AN on an illegitimate user, respectively. To this aim, two problems are defined to jointly optimize the partitioning ratio, and signal/noise transmit power levels for two main objectives. First, we maximize secrecy capacity by satisfying users’ quality of service (QoS). Second, we optimize transmit power to establish a secure link by satisfying the QoS of the legitimate user. We provide closed-form solutions subject to the rate constraints on both legitimate and illegitimate users. Simulation results validate the closed-from solutions and show that the proposed RIS-partitioning method dramatically improves SC compared to benchmark methods.",,,IEEE Wireless Communications Letters,10.1109/lwc.2023.3256001,http://hdl.handle.net/10754/690348,KAUST Repository,True,153
http://hdl.handle.net/10754/687721,KAUST,A Dominant Interferer plus Mean Field-based Approximation for SINR Meta Distribution in Wireless Networks,"Qin, Yujie; Kishk, Mustafa Abdelsalam; Alouini, Mohamed-Slim",2023,2023-03-10 00:00:00+00:00,"This paper proposes a novel approach for computing the meta distribution of the signal-to-interference-plus-noise ratio (SINR) for the downlink transmission in a wireless network with Rayleigh fading. The novel approach relies on an approximation mix of exact and mean-field analysis of interference (dominant interferer-based approximation) to reduce the complexity of analysis and enhance tractability. In particular, the proposed approximation omits the need to compute the first or the second moment of the SINR that is used in the beta approximation typically adopted in the literature but requires of computing the joint distance distributions. We first derive the proposed approximation based on a Poisson point process (PPP) network with a standard path-loss and Rayleigh fading and then illustrate its accuracy and operability in another four widely used point processes: Poisson bipolar network, Matérn cluster process (MCP), K -tier PPP and Poisson line Cox process (PLCP). Specifically, we obtain the SINR meta distribution for PLCP networks for the first time. Even though the proposed approximation looks simple but it shows good matching in comparison to the popular beta approximation as well as the Monte-Carlo simulations, which opens the door to adopting this approximation in more advanced network architectures.",,,IEEE Transactions on Communications,10.1109/tcomm.2023.3255907,http://hdl.handle.net/10754/687721,KAUST Repository,True,196
http://hdl.handle.net/10754/690220,KAUST,A Comprehensive Empirical Study of Heterogeneity in Federated Learning,"Abdelmoniem, Ahmed M.; Ho, Chen-Yu; Papageorgiou, Pantelis; Canini, Marco",2023,2023-03-07 00:00:00+00:00,"Federated learning (FL) is becoming a popular paradigm for collaborative learning over distributed, private datasets owned by non-trusting entities. FL has seen successful deployment in production environments, and it has been adopted in services such as virtual keyboards, auto-completion, item recommendation, and several IoT applications. However, FL comes with the challenge of performing training over largely heterogeneous datasets, devices, and networks that are out of the control of the centralized FL server. Motivated by this inherent challenge, we aim to empirically characterize the impact of device and behavioral heterogeneity on the trained model. We conduct an extensive empirical study spanning nearly 1.5K unique configurations on five popular FL benchmarks. Our analysis shows that these sources of heterogeneity have a major impact on both model quality and fairness, causing up to 4.6× and 2.2× degradation in the quality and fairness, respectively, thus shedding light on the importance of considering heterogeneity in FL system design.",,,IEEE Internet of Things Journal,10.1109/jiot.2023.3250275,http://hdl.handle.net/10754/690220,KAUST Repository,True,153
http://hdl.handle.net/10754/690148,KAUST,BORD: A Biomedical Ontology based method for concept Recognition using Distant supervision: Application to Phenotypes and Diseases,"Toonsi, Sumyyah; Kafkas, Senay; Hoehndorf, Robert",2023,2023-02-16 00:00:00+00:00,"Motivation: Concept recognition in biomedical text is an important yet challenging task. The two main approaches to recognize concepts in text are dictionary-based approaches and supervised machine learning approaches. While dictionary-based approaches fail in recognising new concepts and variations of existing concepts, supervised methods require sufficiently large annotated datasets which are expensive to obtain. Methods based on distant supervision have been developed to use machine learning without large annotated corpora. However, for biomedical concept recognition, these approaches do not yet exploit the context in which a concept occurs in literature, and they do not make use of prior knowledge about dependencies between concepts. Results: We developed BORD, a Biomedical Ontology-based method for concept Recognition using Distant supervision. BORD utilises context from corpora which are lexically annotated using labels and synonyms from the classes of a biomedical ontology for model training. Furthermore, BORD utilises the ontology hierarchy for normalising the recognised mentions to their concept identifiers. We show how our method improves the performance of state of the art methods for recognising disease and phenotype concepts in biomedical literature. Our method is generic, does not require manually annotated corpora, and is robust to identify mentions of ontology classes in text. Moreover, to the best of our knowledge, this is the first approach utilising the ontology hierarchy for concept recognition.",,,,10.1101/2023.02.15.528695,http://hdl.handle.net/10754/690148,KAUST Repository,True,218
http://hdl.handle.net/10754/690140,KAUST,Audit to Forget: A Unified Method to Revoke Patients’ Private Data in Intelligent Healthcare,"Zhou, Juexiao; Li, Haoyang; Liao, Xingyu; Zhang, Bin; He, Wenjia; Li, Zhongxiao; Zhou, Longxi; Gao, Xin",2023,2023-02-21 00:00:00+00:00,"Revoking personal private data is one of the basic human rights, which has already been sheltered by several privacy-preserving laws in many countries. However, with the development of data science, machine learning and deep learning techniques, this right is usually neglected or violated as more and more patients’ data are being collected and used for model training, especially in intelligent healthcare, thus making intelligent healthcare a sector where technology must meet the law, regulations, and privacy principles to ensure that the innovation is for the common good. In order to secure patients’ right to be forgotten, we proposed a novel solution by using auditing to guide the forgetting process, where auditing means determining whether a dataset has been used to train the model and forgetting requires the information of a query dataset to be forgotten from the target model. We unified these two tasks by introducing a new approach called knowledge purification. To implement our solution, we developed AFS, a unified open-source software, which is able to evaluate and revoke patients’ private data from pre-trained deep learning models. We demonstrated the generality of AFS by applying it to four tasks on different datasets with various data sizes and architectures of deep learning networks.",,,,10.1101/2023.02.17.529040,http://hdl.handle.net/10754/690140,KAUST Repository,True,203
http://hdl.handle.net/10754/690008,KAUST,Supervised Local Training with Backward Links for Deep Neural Networks,"Guo, Wenzhe; Fouda, Mohamed E.; Eltawil, Ahmed; Salama, Khaled N.",2023,2023-03-02 00:00:00+00:00,"The restricted training pattern in the standard BP requires end-to-end error propagation, causing large memory costs and prohibiting model parallelization. Existing local training methods aim to resolve the training obstacles by completely cutting off the backward path between modules and isolating their gradients. These methods prevent information exchange between modules and result in inferior performance. This work proposes a novel local training algorithm, BackLink, which introduces inter-module backward dependency and facilitates information to flow backward along with the network. To preserve the computational advantage of local training, BackLink restricts the error propagation length within the module. Extensive experiments performed in various deep convolutional neural networks demonstrate that our method consistently improves the classification performance of local training algorithms over other methods. For example, our method can surpass the conventional greedy local training method by 6.45% in accuracy in ResNet32 classifying CIFAR100 and recent work by 2.58% in ResNet110 classifying STL-10 with much lower complexity, respectively. Analysis of computational costs reveals that small overheads are incurred in GPU memory costs and runtime on multiple GPUs. Our method can lead up to a 79% reduction in memory cost and 52% in simulation runtime in ResNet110 compared to the standard BP. Therefore, our method could create new opportunities for improving training algorithms towards better efficiency for real-time learning applications.",,,IEEE Transactions on Artificial Intelligence,10.1109/tai.2023.3251313,http://hdl.handle.net/10754/690008,KAUST Repository,True,216
http://hdl.handle.net/10754/689984,KAUST,Satellite-Aerial Communications With Multi-aircraft Interference,"Tian, Yu; Pan, Gaofeng; Elsawy, Hesham; Alouini, Mohamed-Slim",2023,2023-03-02 00:00:00+00:00,"Satellite-aerial communication (SAC) is envisioned as a fundamental component of the sixth-generation (6G) wireless networks. Motivated by its importance, we investigate a SAC system including a geostationary satellite (S), a target aircraft (TA), and a set of interfering aircraft (IA). Specifically, TA sends signals to S in the presence of IA interference. Considering the trajectory, hierarchy, and safety distance of the aircraft’s flight routes, we propose a novel three-dimensional stacked Poisson line hardcore point process. That is, we introduce safety distances to the stacked Poisson line Cox process in order to describe the locations of IA in the sky. We also propose two approximations, namely, the equi-dense model and the discretization model, to maintain the tractability of the analysis. To this end, the uplink coverage probability is studied by using the two proposed mathematical models. Moreover, we investigate the coverage probability of the aviation use case with predefined flight altitudes. Finally, numerical results and Monte Carlo simulations are presented to validate the accuracy of the proposed analysis.",,,IEEE Transactions on Wireless Communications,10.1109/twc.2023.3247724,http://hdl.handle.net/10754/689984,KAUST Repository,True,167
http://hdl.handle.net/10754/689889,KAUST,Personalized and privacy-preserving federated heterogeneous medical image analysis with PPPML-HMI,"Zhou, Juexiao; Zhou, Longxi; Wang, Di; Xu, Xiaopeng; Li, Haoyang; Chu, Yuetan; Han, Wenkai; Gao, Xin",2023,2023-02-24 00:00:00+00:00,"Heterogeneous data is endemic due to the use of diverse models and settings of devices by hospitals in the field of medical imaging. However, there are few open-source frameworks for federated heterogeneous medical image analysis with personalization and privacy protection simultaneously without the demand to modify the existing model structures or to share any private data. In this paper, we proposed PPPML-HMI, an open-source learning paradigm for personalized and privacy-preserving federated heterogeneous medical image analysis. To our best knowledge, personalization and privacy protection were achieved simultaneously for the first time under the federated scenario by integrating the PerFedAvg algorithm and designing our novel cyclic secure aggregation with the homomorphic encryption algorithm. To show the utility of PPPML-HMI, we applied it to a simulated classification task namely the classification of healthy people and patients from the RAD-ChestCT Dataset, and one real-world segmentation task namely the segmentation of lung infections from COVID-19 CT scans. For the real-world task, PPPML-HMI achieved ∼5% higher Dice score on average compared to conventional FL under the heterogeneous scenario. Meanwhile, we applied the improved deep leakage from gradients to simulate adversarial attacks and showed the solid privacy-preserving capability of PPPML-HMI. By applying PPPML-HMI to both tasks with different neural networks, a varied number of users, and sample sizes, we further demonstrated the strong robustness of PPPML-HMI.",,,,10.1101/2023.02.19.22279631,http://hdl.handle.net/10754/689889,KAUST Repository,True,219
http://hdl.handle.net/10754/688062,KAUST,A combined statistical and machine learning approach for spatial prediction of extreme wildfire frequencies and sizes,"Cisneros, Daniela; Gong, Yan; Yadav, Rishikesh; Hazra, Arnab; Huser, Raphaël",2023,2023-02-21 00:00:00+00:00,"Motivated by the Extreme Value Analysis 2021 (EVA 2021) data challenge, we propose a method based on statistics and machine learning for the spatial prediction of extreme wildfire frequencies and sizes. This method is tailored to handle large datasets, including missing observations. Our approach relies on a four-stage, bivariate, sparse spatial model for high-dimensional zero-inflated data that we develop using stochastic partial differential equations (SPDE), allowing sparse precision matrices for the latent processes. In Stage 1, the observations are separated in zero/nonzero categories and modeled using a two-layered hierarchical Bayesian sparse spatial model to estimate the probabilities of these two categories. In Stage 2, we first obtain empirical estimates of the spatially-varying mean and variance profiles across the spatial locations for the positive observations and smooth those estimates using fixed rank kriging. This approximate Bayesian inference method is employed to avoid the high computational burden of large spatial data modeling using spatially-varying coefficients. In Stage 3, we further model the standardized log-transformed positive observations from the second stage using a sparse bivariate spatial Gaussian process. The Gaussian distribution assumption for wildfire counts developed in the third stage is computationally effective but erroneous. Thus, in Stage 4, the predicted exceedance probabilities are post-processed using Random Forests. We draw posterior inference for Stages 1 and 3 using Markov chain Monte Carlo (MCMC) sampling. We then create a cross-validation scheme for the artificially generated gaps and compare the EVA 2021 prediction scores of the proposed model to those obtained using some competitors.",,,Extremes,10.1007/s10687-022-00460-8,http://hdl.handle.net/10754/688062,KAUST Repository,True,249
http://hdl.handle.net/10754/688181,KAUST,A Trend of AI Conference Convergence in Similarity: An Empirical Study Through Trans-Temporal Heterogeneous Graph,"Gao, Shen; Zhang, Haotong; Chen, Xiuying; Tao, Chongyang; Zhao, Dongyan; Yan, Rui",2023,2023-02-22 00:00:00+00:00,"Publishing the research works on academic publications is an important part of the scientific process. Since the development of computer science research is very fast, researchers tend to publish the research works in a fast way, such as conferences whose review processes are faster than the journals. In the past decades, one conference usually focuses on a specific research field and the topic or method overlap between conferences is low. We have noticed that, in recent years, some topics or methods which were once studied in a small number of specific research fields have become popular in many other fields. Naturally, we come up with two research questions: (1) Do the conferences indeed become similar? and (2) How do conferences become similar? In this paper, we first use a trans-temporal heterogeneous graph network to model academic conferences in recent 20 years. Due to the large number of conferences, we categorize these conferences into 6 research fields for brevity. Then, we first quantitatively and qualitatively assess “Do the research fields become similar?” and then focus on exploring “How do research fields become similar?”. From the result, we find the reason for the research fields in computer science become similar is that AI becomes pervasive and researchers tend to apply the machine learning methods to different application fields. Since the methods become universal between different research fields, researchers should pay more attention to advanced information in other fields to motivate more interdisciplinary works. To assist the researchers to explore related interdisciplinary advanced information, it is crucial to measure the cross-field impact of papers using the citation information and recommend the paper which has a high cross-field impact on the related researchers. As for the newly published papers which do not have any citations, we also propose a cross-field impact prediction model to recommend the cutting-edge research works to related ...",,,IEEE Transactions on Knowledge and Data Engineering,10.1109/tkde.2023.3243602,http://hdl.handle.net/10754/688181,KAUST Repository,True,308
http://hdl.handle.net/10754/688151,KAUST,Knowledge-aware Global Reasoning for Situation Recognition,"Yu, Weijiang; Wang, Haofan; Li, Guohao; Xiao, Nong; Ghanem, Bernard",2023,2023-01-23 00:00:00+00:00,"The task of situation recognition aims to solve the visual reasoning problem with the ability to predict the activity happening (salient action) in an image and the nouns of all associated semantic roles playing in the activity. This poses severe challenges due to long-tailed data distributions and local class ambiguities. Prior works only propagate the local noun-level features on one single image without utilizing global information. We propose a Knowledge-aware Global Reasoning (KGR) framework to endow neural networks with the capability of adaptive global reasoning over nouns by exploiting diverse statistical knowledge. Our KGR is a local-global architecture, which consists of a local encoder to generate noun features using local relations and a global encoder to enhance the noun features via global reasoning supervised by an external global knowledge pool. The global knowledge pool is created by counting the pairwise relationships of nouns in the dataset. In this paper, we design an action-guided pairwise knowledge as the global knowledge pool based on the characteristic of the situation recognition task. Extensive experiments have shown that our KGR not only achieves state-of-the-art results on a large-scale situation recognition benchmark, but also effectively solves the long-tailed problem of noun classification by our global knowledge.",,,IEEE Transactions on Pattern Analysis and Machine Intelligence,10.1109/TPAMI.2023.3238699,http://hdl.handle.net/10754/688151,KAUST Repository,True,201
http://hdl.handle.net/10754/687933,KAUST,Physics-Informed Deep Neural Network for Backward-in-Time Prediction: Application to Rayleigh–Bénard Convection,"Hammoud, Mohamad Abed El Rahman; Alwassel, Humam; Ghanem, Bernard; Knio, Omar; Hoteit, Ibrahim",2023,2023-02-14 00:00:00+00:00,"Backward-in-time predictions are needed to better understand the underlying dynamics of physical fluid flows and improve future forecasts. However, integrating fluid flows backward in time is challenging because of numerical instabilities caused by the diffusive nature of the fluid systems and nonlinearities of the governing equations. Although this problem has been long addressed using a non-positive diffusion coefficient when integrating backward, it is notoriously inaccurate. In this study, a physics-informed deep neural network (PI-DNN) is presented to predict past states of a dissipative dynamical system from snapshots of the subsequent evolution of the system state. The performance of the PI-DNN is investigated using several systematic numerical experiments and the accuracy of the backward-in-time predictions is evaluated in terms of different error metrics. The proposed PI-DNN can predict the previous state of the Rayleigh–Bénard convection with an 8-time step average normalized ℓ2-error of less than 2% for a turbulent flow at a Rayleigh number of 105.",,,Artificial Intelligence for the Earth Systems,10.1175/aies-d-22-0076.1,http://hdl.handle.net/10754/687933,KAUST Repository,True,155
http://hdl.handle.net/10754/687686,KAUST,Data-driven framework for input/output lookup tables reduction: Application to hypersonic flows in chemical nonequilibrium,"Scherding, Clément; Rigas, Georgios; Sipp, Denis; Schmid, Peter J.; Sayadi, T.",2023,2023-02-09 00:00:00+00:00,"Hypersonic flows are of great interest in a wide range of aerospace applications and are a critical component of many technological advances. Accurate simulations of these flows in thermodynamic (non)equilibrium (accounting for high temperature effects) rely on detailed thermochemical gas models. While accurately capturing the underlying aerothermochemistry, these models dramatically increase the cost of such calculations. In this paper, we present a model-agnostic machine-learning technique to extract a reduced thermochemical model of a gas mixture from a library. A first simulation gathers all relevant thermodynamic states and the corresponding gas properties via a given model. The states are embedded in a low-dimensional space and clustered to identify regions with different levels of thermochemical (non)equilibrium. Then, a surrogate surface from the reduced cluster space to the output space is generated using radial-basis-function networks. The method is validated and benchmarked on simulations of a hypersonic flat-plate boundary layer and shock-wave boundary layer interaction with finite-rate chemistry. The gas properties of the reactive air mixture are initially modeled using the open-source Mutation++ library. Substituting Mutation++ with the lightweight, machine-learned alternative improves the performance of the solver by up to 70% while maintaining overall accuracy in both cases.",,,Physical Review Fluids,10.1103/physrevfluids.8.023201,http://hdl.handle.net/10754/687686,KAUST Repository,True,194
http://hdl.handle.net/10754/687581,KAUST,BUSIFusion: Blind Unsupervised Single Image Fusion of Hyperspectral and RGB Images,"Li, Jiabao; Li, Yuqi; Wang, Chong; Ye, Xulun; Heidrich, Wolfgang",2023,2023-02-06 00:00:00+00:00,"Hyperspectral images (HSIs) provide rich spectral information that has been widely used in numerous computer vision tasks. However, their low spatial resolution often prevents their use in applications such as image segmentation and recognition. Fusing low-resolution HSIs with high-resolution RGB images to reconstruct high-resolution HSIs has attracted great research attention recently. In this paper, we propose an unsupervised blind fusion network that operates on a single HSI and RGB image pair and requires neither known degradation models nor any training data. Our method takes full advantage of an unrolling network and coordinate encoding to provide a state-of-the-art HSI reconstruction. It can also estimate the degradation parameters relatively accurately through the neural representation and implicit regularization of the degradation model. The experimental results demonstrate the effectiveness of our method both in simulations and in our real experiments. The proposed method outperforms other state-of-the-art nonblind and blind fusion methods on two popular HSI datasets.",,,IEEE Transactions on Computational Imaging,10.1109/tci.2023.3241549,http://hdl.handle.net/10754/687581,KAUST Repository,True,152
http://hdl.handle.net/10754/687548,KAUST,Rate-Splitting and Common Message Decoding in Hybrid Cloud/Mobile Edge Computing Networks,"Reifert, Robert-Jeron; Dahrouj, Hayssam; Ahmad, Alaa Alameer; Sezgin, Aydin; Al-Naffouri, Tareq Y.; Shihada, Basem; Alouini, Mohamed-Slim",2023,2023-02-01 00:00:00+00:00,"This paper proposes, and evaluates the benefits of, a hybrid central cloud (CC) and mobile edge computing (MEC) platform, especially introduced to balance the network resources for joint communication and computation. The transmission is further empowered by splitting the users’ messages into private and common parts, to mitigate the interference within the CC and MEC platforms. While several power-hungry, computationally-limited unmanned aerial vehicles (UAVs) are deployed at the cell-edge to boost the CC connectivity and relieve part of its computation burden, the CC connects to the base-stations via capacity-limited fronthauls. The paper then considers the problem of maximizing the weighted sum-rate subject to fronthaul and computation capacity, achievable rates, power, delay, and data-split constraints. Thereby determining the beamforming vectors associated with the private and common messages, the computation allocations, and the data-split factors. Such intricate non-convex optimization problem is tackled using an iterative algorithm that relies on well-chosen discrete relaxation, successive convex approximation, and fractional programming, and can be compellingly implemented in a distributed fashion. The simulations illustrate the proposed algorithm’s capabilities for empowering joint communication and computation, and highlight the pronounced role of rate-splitting and common message decoding in alleviating large-scale interference in hybrid CC/MEC networks.",,,IEEE Journal on Selected Areas in Communications,10.1109/jsac.2023.3240711,http://hdl.handle.net/10754/687548,KAUST Repository,True,197
http://hdl.handle.net/10754/687491,KAUST,Combined HW/SW Drift and Variability Mitigation for PCM-based Analog In-memory Computing for Neural Network Applications,"Antolini, Alessio; Paolino, Carmine; Zavalloni, Francesco; Lico, Andrea; Scarselli, Eleonora Franchi; Mangia, Mauro; Pareschi, Fabio; Setti, Gianluca; Rovatti, Riccardo; Torres, Mattia Luigi; Carissimi, Marcella; Pasotti, Marco",2023,2023-02-02 00:00:00+00:00,"Matrix-Vector Multiplications (MVMs) represent a heavy workload for both training and inference in Deep Neural Networks (DNNs) applications. Analog In-memory Computing (AIMC) systems based on Phase Change Memory (PCM) has been shown to be a valid competitor to enhance the energy efficiency of DNN accelerators. Although DNNs are quite resilient to computation inaccuracies, PCM non-idealities could strongly affect MVM operations precision, and thus the accuracy of DNNs. In this paper, a combined hardware and software solution to mitigate the impact of PCM non-idealities is presented. The drift of PCM cells conductance is compensated at the circuit level through the introduction of a conductance ratio at the core of the MVM computation. A model of the behaviour of PCM cells is employed to develop a device-aware training for DNNs and the accuracy is estimated in a CIFAR-10 classification task. This work is supported by a PCM-based AIMC prototype, designed in a 90-nm STMicroelectronics technology, and conceived to perform Multiply-and-Accumulate (MAC) computations, which are the kernel of MVMs. Results show that the MAC computation accuracy is around 95% even under the effect of cells drift. The use of a device-aware DNN training makes the networks less sensitive to weight variability, with a 15% increase in classification accuracy over a conventionally-trained Lenet-5 DNN, and a 36% gain when drift compensation is applied.",,,IEEE Journal on Emerging and Selected Topics in Circuits and Systems,10.1109/jetcas.2023.3241750,http://hdl.handle.net/10754/687491,KAUST Repository,True,219
http://hdl.handle.net/10754/687467,KAUST,Aerial RIS-Aided Physical Layer Security: Optimal Deployment and Partitioning,"Arzykulov, Sultangali; Celik, Abdulkadir; Nauryzbayev, Galymzhan; Eltawil, Ahmed",2023,2023-02-01 00:00:00+00:00,"This paper proposes a novel approach for enhancing physical layer security (PLS) in wireless networks by utilizing a combination of reconfigurable intelligent surfaces (RIS) and artificial noise (AN). The proposed aerial RIS (A-RIS) concept utilizes a RIS-attached unmanned aerial vehicle (UAV) that hovers over the network area to improve the signal quality for legitimate users and jam that of illegitimate ones. We propose a method of virtually partitioning the RIS, such that the partition phase shifts are configured to improve the intended signal at a legitimate user while simultaneously increasing the impact of AN on illegitimate users. Additionally, thanks to the availability of closed-form optimal RIS portions, the proposed deployment approaches converge in less than a second, making it suitable for dynamic A-RIS deployment.",,,,10.36227/techrxiv.21960524,http://hdl.handle.net/10754/687467,KAUST Repository,True,124
http://hdl.handle.net/10754/687370,KAUST,Synergistic multi-source ambient RF and thermal energy harvester for green IoT applications,"Bakytbekov, Azamat; Nguyen, Thang Q.; Zhang, Ge; Strano, Michael S.; Salama, Khaled N.; Shamim, Atif",2023,2023-01-09 00:00:00+00:00,"In a future green Internet of Things (IoT) reality, billions of devices of the IoT infrastructure should be self-powered. Harvesting ambient energy to power IoT devices is an attractive solution that can extend battery life or can completely replace batteries. Considering the global applications of IoT, ubiquitous and continuous availability is an important requirement for ambient energy sources. Radio frequency (RF) energy from mobile phone towers and thermal energy from diurnal cycle temperature fluctuations are good candidates. In this study, we present a synergistic multi-source energy harvester (MSEH) comprising an RF energy harvester (RFEH) and a thermal energy harvester (TEH) integrated through a dual-function component, heatsink antenna. Both harvesters collect ambient energy 24 h a day and are not location specific. The TEH, which is in the shape of a box, collects energy using heatsinks on its sidewalls. The same heatsinks are optimized to also serve as receiving antennas of the RFEH, which collects energy from the GSM900, GSM1800, and 3G bands. Due to the synergistic integration, radiation efficiency of the antenna doubled from 40% to 80% which resulted in ∼10% increase in power conversion efficiency of the RFEH. Similarly, the average power of the TEH without heatsinks 120 μW is doubled to 240 μW for TEH with heatsinks. Field tests have shown that the outputs of the TEH and RFEH have increased 4 and 3 times compared to the independent TEH and RFEH respectively. A temperature and humidity sensor based IoT node has been successfully powered through this energy harvesting system. Overall, the MSEH can collect 3680 μWh of energy per day which is sufficient to obtain the sensors data with a time interval of 3.5 s.",,,Energy Reports,10.1016/j.egyr.2023.01.027,http://hdl.handle.net/10754/687370,KAUST Repository,True,278
http://hdl.handle.net/10754/687323,KAUST,Process-Aware Attacks on Medication Control of Type-I Diabetics Using Infusion Pumps,"Stergiopoulos, George; Kotzanikolaou, Panayiotis; Konstantinou, Charalambos; Tsoukalis, Achilleas",2023,2023-01-25 00:00:00+00:00,"As medical infusion pumps are known to be vulnerable to cybersecurity threats, industrial reports, guidelines, and state-of-the art research have focused on securing such devices. This includes hardening a pump's network communications, wireless interfaces, and patching software flaws that can allow adversaries to compromise the device's usability and potentially lead to adverse effects on patients. Still, a very small percentage of this work has focused on securing devices against process-aware attacks that target the business logic behind medical treatment processes, even though it is widely known that deviations or disruptions in continuous medication administration may be harmful, even lethal. In this work, we first develop a threat model on an insulin infusion pump used for blood glucose regulation in Type-I diabetics. We then set up a generalized Simulink model of common insulin pumps used for Type-I diabetic treatment and perform a volume control assessment to investigate the probability of process-aware cyber-attacks to cause patient harm through microalterations on continuous medical administration that stay within operational limits but manage to impact a patient's health. We achieve this by manipulating the business process logic behind semiautomatic drug administration on the insulin pump model that uses continuous glucose monitoring systems. We validate attack models capable of causing adverse impact on patients through performance degradation of the drug administration processes.",,,IEEE Systems Journal,10.1109/jsyst.2023.3236690,http://hdl.handle.net/10754/687323,KAUST Repository,True,216
http://hdl.handle.net/10754/687302,KAUST,On the Uplink SINR Meta Distribution of UAV-assisted Wireless Networks,"Qin, Yujie; Kishk, Mustafa Abdelsalam; Alouini, Mohamed-Slim",2023,2023-01-23 00:00:00+00:00,"This letter studies the signal-to-interference-plus-noise (SINR) meta distribution of uplink transmission of UAV-enabled wireless networks with inversion power control. Within a framework of stochastic geometry, the Matern cluster process (MCP) is used to model the locations of users and UAVs. Conditional success probability and moments are derived to compute the exact expression and moment matching approximation of SINR meta distribution (beta approximation). Specifically, the effect of the power control compensation factor and UAV altitude are studied. Our numerical results show that UAV altitude has a higher impact on the system reliability than transmit power at low values of SINR threshold since users benefit more from establishing line-of-sight (LoS) links with UAVs.",,,IEEE Wireless Communications Letters,10.1109/lwc.2023.3239264,http://hdl.handle.net/10754/687302,KAUST Repository,True,111
http://hdl.handle.net/10754/687160,KAUST,Differentiable Image Data Augmentation and Its Applications: A Survey,"Shi, Jian; Ghazzai, Hakim; Massoud, Yehia Mahmoud",2023,2023-01-09 00:00:00+00:00,"Data augmentation is an effective method to improve model robustness and generalization. Conventional routines of data augmentation pipeline are used as a preprocessing modules for neural networks with predefined heuristics and restricted differentiability. Some recent works indicated that the differentiable data augmentation (DDA) could effectively contribute to the training of neural networks and the augmentation policy searching strategies. This survey provides a comprehensive and structured overview of the advances in DDA, with a focus on fundamental elements including differentiable operations, operation relaxations, and gradient estimations. We then categorize existing DDA works accordingly. Afterwards, the survey investigates the utilization of DDA in selected of practical applications, specifically neural augmentation and differentiable augmentation search. Finally, we discuss current challenges of DDA and some promising future research directions.",,,,10.36227/techrxiv.21805797.v1,http://hdl.handle.net/10754/687160,KAUST Repository,True,125
http://hdl.handle.net/10754/686781,KAUST,Well-log information assisted high-resolution waveform inversion based on deep learning,"Yang, Senlin; Alkhalifah, Tariq Ali; Ren, Yuxiao; Liu, Bin; Li, Yuanyuan; Jiang, Peng",2023,2023-01-04 00:00:00+00:00,"The high-resolution waveform inversion for seismic velocities is gaining increasing interest as we start to deal with complex structures. Although full waveform inversion has been used for several years, obtaining high-resolution velocity models still presents many obstacles, such as the high computational cost and the limited band width of the data. Thus, we propose a deep learning-based algorithm to build high-resolution velocity models using low-resolution velocity models, migration images, and well-log velocities as inputs. The well information, specifically, helps enhance the resolution with ground truth information, especially around the well. These three inputs are fed to an improved neural network, a variant of U-Net, as three channels to predict the corresponding true velocity models, which serve as labels in the training. The incorporation of well velocities from several locations is crucial for improving the resolution of the output model. Numerical experiments on complex models demonstrate the robust performance of this network and the crucial role that well information plays, especially in generalizing the approach to models that differ from the trained ones and achieving superior performance compared to full waveform inversion.",,,IEEE Geoscience and Remote Sensing Letters,10.1109/lgrs.2023.3234211,http://hdl.handle.net/10754/686781,KAUST Repository,True,181
http://hdl.handle.net/10754/691083,KAUST,Optimal Evasive Path Planning with Velocity Constraint,"Biswas, Karnika; Ghazzai, Hakim; Kar, Indrani; Massoud, Yehia Mahmoud",2023,2023-04-11 00:00:00+00:00,"Pursuit evasion is an important category of mobile robotics application related to surveillance, spying and gathering ambient information. This paper presents a novel optimal approach to evasion planning, considering physical limitations of the environment and the evader. The results show that the proposed formulation is applicable irrespective of the number of pursuing agents and the relative velocities of the pursuers and the evader, contrary to the traditional requirement that evasion strategies need to be configured according to situation-dependent cases. The proposed policy is generic and can be implemented in real-time by iterative optimization using model predictive controllers, the objective being avoidance of capture or at the least, maximizing the capture time.",,,,10.1109/apccas55924.2022.10090375,http://hdl.handle.net/10754/691083,KAUST Repository,True,111
http://hdl.handle.net/10754/691082,KAUST,Multi-modal Asymmetric Autoencoders for Massive Photo Collection Applications,"Hamrouni, Aymen; Ghazzai, Hakim; Massoud, Yehia Mahmoud",2023,2023-04-11 00:00:00+00:00,"There has been an abundant use of applications where many photos obtained from camera-equipped devices can be leveraged and exploited to enable emerging services, e.g., mobile crowdsourcing. These systems usually collect a large data stream of images coming from different heterogeneous sources (e.g, IoT devices and humans) in an inadvertent way. Due to the limitations and challenges related to communication bandwidth, storage, and processing capabilities, it is unwise to transfer unselectively all the photos since most of them often either contain duplicate information, are inaccurate, or are just falsely submitted. In this paper, we propose to design a smart image selection procedure using an asymmetric multi-modal neural network autoencoder to select a subset of photos that has high utility coverage for multiple incoming streams. The proposed system enables selecting high context data from an evolving picture stream and ensures relevance. The approach uses the photo's metadata such as geo-location and timestamps along with the pictures' semantics to decide which photos can be submitted and which ones must be discarded. Simulation results for two different multi-modal autoencoder architectures indicate that a mixed asymmetric stacked autoencoder approach can yield better results outperforming the concatenated input autoencoder while leveraging user-side rendering to reduce bandwidth consumption and computational overhead.",,,,10.1109/apccas55924.2022.10090330,http://hdl.handle.net/10754/691082,KAUST Repository,True,205
http://hdl.handle.net/10754/691079,KAUST,3D Autonomous Navigation of UAVs: An Energy-Efficient and Collision-Free Deep Reinforcement Learning Approach,"Wang, Yubin; Biswas, Karnika; Zhang, Liwen; Ghazzai, Hakim; Massoud, Yehia Mahmoud",2023,2023-04-11 00:00:00+00:00,"Energy consumption optimization is crucial for the navigation of Unmanned Aerial Vehicles (UAV), as they operate solely on battery power and have limited access to charging stations. In this paper, a novel deep reinforcement learning-based architecture has been proposed for planning energy-efficient and collision-free paths for a quadrotor UAV. The proposed method uses a unique combination of remaining flight distance and local knowledge of energy expenditure to compute an optimized route. An information graph is used to map the environment in three dimensions and obstacles inside a pre-determined neighbourhood of the UAV are removed to obtain a local as well as collision-free reachable space. Attention-based neural network forms the key element of the proposed reinforcement learning mechanism, that trains the UAV to autonomously generate the optimized route using partial knowledge of the environment, following the trajectories from which, the UAV is driven by the trajectory tracking controller.",,,,10.1109/apccas55924.2022.10090255,http://hdl.handle.net/10754/691079,KAUST Repository,True,147
http://hdl.handle.net/10754/691077,KAUST,Unsupervised Image Dataset Annotation Framework for Snow Covered Road Networks,"Karaa, Mohamed; Ghazzai, Hakim; Sboui, Lokman; Besbes, Hichem; Massoud, Yehia Mahmoud",2023,2023-04-11 00:00:00+00:00,"Road surface condition estimation plays a crucial role in road safety and maintenance, especially in adverse weather conditions like snowfall. In this paper, we introduce a framework for unsupervised annotation of a dataset describing road snow cover level. This framework relies on feature learning using autoencoders and graph clustering using the Louvain community detection algorithm. We also incorporate time and weather data to facilitate the annotation process. We evaluate our method by assessing its different steps and comparing it to another density-based clustering method. We also present a large image dataset describing four road cover states in urban scenes, including different weather and visual conditions. The dataset comprises 41346 images collected from road monitoring cameras installed in Montreal, Canada, during the 2022 winter season. This dataset intends to help integrate computer vision techniques in planning snow removal operations.",,,,10.1109/apccas55924.2022.10090274,http://hdl.handle.net/10754/691077,KAUST Repository,True,138
http://hdl.handle.net/10754/690907,KAUST,Heart disease Prediction using Machine Learning,"Ibrahim, Sarah; Salhab, Nazih; Falou, Ammar El",2023,2023-04-03 00:00:00+00:00,"Heart disease is among the main causes of fatalities worldwide, in our days. However, early detection of cardiac problems and timely care by health practitioners can reduce the mortality rate. Therefore, a reliable system for assessing such pathologies is of utmost importance to be able to process an adequate treatment. In this paper, we investigate various classification techniques to timely diagnose persons registered to receive medical treatment who are suffering from heart malfunctions. Accordingly, we can proactively identify issues based on collected clinical data. We analyze different machine learning approaches in order to recommend an optimal model by discussing the achieved performance in terms of multiple performance metrics. Finally, we provide our recommendations and share our lessons-learned.",,,,10.1109/icaisc56366.2023.10085522,http://hdl.handle.net/10754/690907,KAUST Repository,True,117
http://hdl.handle.net/10754/690880,KAUST,Towards Fake News Identification using Machine Learning,"Abdallah, Yara; Salhab, Nazih; Falou, Ammar El",2023,2023-04-03 00:00:00+00:00,"The abundance of social media platforms and their usage for news dissemination has gained a lot of attention lately. However, they have some pros and cons. On the one hand, individuals consume latest news instantly and freely, while enjoying the ease of access of instantaneous information transmission. On the other hand, such abundance makes it easy to wide-spread “fake news where the content purposefully incorporates incorrect information to serve some hidden agenda. In this paper, we investigate multiple machine learning algorithms on the road to identify fake news in a proactive manner. We first analyze the viability of applying the Natural Language Processing (NLP) technique to build a labeled dataset. We, then, introduce two approaches for NLP visualization and discuss their performance before selecting the best performer. Using logistic regression, and multinomial Naïve Bayes algorithms, we classify fake news in new data. Finally, we discuss our achieved results and share our lessons learned and recommendations, especially that we achieved an accuracy of 98% in our experiments.",,,,10.1109/icaisc56366.2023.10085321,http://hdl.handle.net/10754/690880,KAUST Repository,True,166
http://hdl.handle.net/10754/672953,KAUST,A Resource Allocation Scheme for Energy Demand Management in 6G-enabled Smart Grid,"Islam, Shafkat; Zografopoulos, Ioannis; Hossain, Md Tamjid; Badsha, Shahriar; Konstantinou, Charalambos",2023,2023-03-22 00:00:00+00:00,"Smart grid (SG) systems enhance grid resilience and efficient operation, leveraging the bidirectional flow of energy and information between generation facilities and prosumers. For energy demand management (EDM), the SG network requires computing a large amount of data generated by massive Internet-of-things sensors and advanced metering infrastructure (AMI) with minimal latency. This paper proposes a deep reinforcement learning (DRL)-based resource allocation scheme in a 6G-enabled SG edge network to offload resource-consuming EDM computation to edge servers. Automatic resource provisioning is achieved by harnessing the computational capabilities of smart meters in the dynamic edge network. To enforce DRL-assisted policies in dense 6G networks, the state information from multiple edge servers is required. However, adversaries can “poison” such information through false state injection (FSI) attacks, exhausting SG edge computing resources. Toward addressing this issue, we investigate the impact of such FSI attacks with respect to abusive utilization of edge resources, and develop a lightweight FSI detection mechanism based on supervised classifiers. Simulation results demonstrate the efficacy of DRL in dynamic resource allocation, the impact of the FSI attacks, and the effectiveness of the detection technique.",,,,10.1109/isgt51731.2023.10066396,http://hdl.handle.net/10754/672953,KAUST Repository,True,183
http://hdl.handle.net/10754/690670,KAUST,A Stable Neural Network-Based Eikonal Tomography using Hard-Constrained Measurements,"Taufik, Mohammad Hasyim; Alkhalifah, Tariq Ali; Waheed, Umair bin",2023,2023-03-26 00:00:00+00:00,"Eikonal tomography, or travel time inversion, has been one of the primary seismological tools for decades and has been used to understand Earth’s properties and dynamic processes. At the heart of the inversion process is the need for an accurate, and preferably flexible, eikonal solver to compute the travel time field. Most of the conventional eikonal solvers, however, suffer from first-order convergence errors and difficulties in dealing with irregular computational grids. Physics-informed neural networks (PINNs) have been introduced to tackle these problems and have shown great success in addressing those challenges. Nevertheless, these approaches still suffer from slow convergence and unstable training dynamics due to the multi-term nature of the loss function. To improve on this, we propose a new formulation for the isotropic eikonal equation, which imposes boundary conditions as hard constraints. We employ the theory of functional connections to the eikonal tomography problem, which allows for the utilization of a single loss term for training the PINN model. Through rigorous numerical tests, its efficiency, stability, and flexibility in tackling a variety of cases, including topography-dependent and 3D models, are attested, thus providing an efficient and stable PINN-based eikonal tomography.",,,,10.22541/essoar.167979630.00773159/v1,http://hdl.handle.net/10754/690670,KAUST Repository,True,191
http://hdl.handle.net/10754/690536,KAUST,Parameter Inversion in Geothermal Reservoir Using Markov Chain Monte Carlo and Deep Learning,"Zhang, Zhen; He, Xupeng; Li, Yiteng; AlSinan, Marwa; Kwak, Hyung; Hoteit, Hussein",2023,2023-03-21 00:00:00+00:00,"Traditional history-matching process suffers from non-uniqueness solutions, subsurface uncertainties, and high computational cost. This work proposes a robust history-matching workflow utilizing the Bayesian Markov Chain Monte Carlo (MCMC) and Bidirectional Long-Short Term Memory (BiLSTM) network to perform history matching under uncertainties for geothermal resource development efficiently. There are mainly four steps. Step 1: Identifying uncertainty parameters. Step 2: The BiLSTM is built to map the nonlinear relationship between the key uncertainty parameters (e.g., injection rates, reservoir temperature, etc.) and time series outputs (temperature of producer). Bayesian optimization is used to automate the tuning process of the hyper-parameters. Step 3: The Bayesian MCMC is performed to inverse the uncertainty parameters. The BiLSTM is served as the forward model to reduce the computational expense. Step 4: If the errors of the predicted response between the high-fidelity model and Bayesian MCMC are high, we need to revisit the accuracy of the BiLSTM and the prior information on the uncertainty parameters. We demonstrate the proposed method using a 3D fractured geothermal reservoir, where the cold water is injected into a geothermal reservoir, and the energy is extracted by producing hot water in a producer. Results show that the proposed Bayesian MCMC and BiLSTM method can successfully inverse the uncertainty parameters with narrow uncertainties by comparing the inversed parameters and the ground truth. We then compare its superiority with models like PCE, Kriging, and SVR, and our method achieves the highest accuracy. We propose a Bayesian MCMC and BiLSTM-based history matching method for uncertainty parameters inversion and demonstrate its accuracy and robustness compared with other models. This approach provides an efficient and practical history-matching method for geothermal extraction with significant uncertainties.",,,,10.2118/212185-ms,http://hdl.handle.net/10754/690536,KAUST Repository,True,276
http://hdl.handle.net/10754/690488,KAUST,Interpretable Research Interest Shift Detection with Temporal Heterogeneous Graphs,"Yang, Qiang; Ma, Changsheng; Zhang, Qiannan; Gao, Xin; Zhang, Chuxu; Zhang, Xiangliang",2023,2023-02-27 00:00:00+00:00,"Researchers dedicate themselves to research problems they are interested in and often have evolving research interests in their academic careers. The study of research interest shift detection can help to find facts relevant to scientific training paths, scientific funding trends, and knowledge discovery. Existing methods define specific graph structures like author-conference-topic networks, and co-citing networks to detect research interest shift. They either ignore the temporal factor or miss heterogeneous information characterizing academic activities. More importantly, the detection results lack the interpretations of how research interests change over time, thus reducing the model's credibility. To address these issues, we propose a novel interpretable research interest shift detection model with temporal heterogeneous graphs. We first construct temporal heterogeneous graphs to represent the research interests of the target authors. To make the detection interpretable, we design a deep neural network to parameterize the generation process of interpretation on the predicted results in the form of a weighted sub-graph. Additionally, to improve the training process, we propose a semantic-aware negative data sampling strategy to generate non-interesting auxiliary shift graphs as contrastive samples. Extensive experiments demonstrate that our model outperforms the state-of-the-art baselines on two public academic graph datasets and is capable of producing interpretable results.",,,,10.1145/3539597.3570453,http://hdl.handle.net/10754/690488,KAUST Repository,True,201
http://hdl.handle.net/10754/690392,KAUST,DDOS attacks detection based on attention-deep learning and local outlier factor,"Dairi, Abdelkader; Khaldi, Belkacem; Harrou, Fouzi; Sun, Ying",2023,2023-03-14 00:00:00+00:00,"One of the most significant security concerns confronting network technology is the detection of distributed denial of service (DDOS). This paper introduces a semi-supervised data-driven approach to the detection of DDOS attacks. The proposed method employs normal events data without labeling to train the detection model. Specifically, this approach introduces an improved autoencoder (AE) model by incorporating a Gated Recurrent Unit (GRU) based on the attention mechanism (AM) at the encoder and decoder sides of the AE model. GRU enhances the AE's ability to learn temporal dependencies, and the AM enables the selection of relevant features. For DDOS attacks detection, the local outlier factor (LOF) anomaly detection algorithm is applied to extracted features from the improved AE model. The performance of the proposed approach has been verified using DDOS publically available datasets.",,,,10.1109/fmec57183.2022.10062705,http://hdl.handle.net/10754/690392,KAUST Repository,True,132
http://hdl.handle.net/10754/690258,KAUST,Cloud Native Applications Profiling using a Graph Neural Networks Approach,"Boukhtouta, Amine; Madi, Taous; Pourzandi, Makan; A., Hyame Alameddine",2023,2023-03-08 00:00:00+00:00,"The convergence of Telecommunication and industry operational networks towards cloud native applications has enabled the idea to integrate protection layers to harden security posture and management of cloud native based deployments. In this paper, we propose a data-driven approach to support detection of anomalies in cloud native application based on a graph neural network. The essence of the profiling relies on capturing interactions between different perspectives in cloud native applications through a network dependency graph and transforming it to a computational graph neural network. The latter is used to profile different deployed assets like micro-service types, workloads' namespaces, worker machines, management and orchestration machines as well as clusters. As a first phase of the profiling, we consider a fine-grained profiling on microservice types with an emphasis on network traffic indicators. These indicators are collected on distributed Kubernetes (K8S) deployment premises. Experimental results shows good trade-off in terms of accuracy and recall with respect to micro-service types profiling (around 96%). In addition, we used predictions entropy scores to infer anomalies in testing data. These scores allow to segregate between benign and anomalous graphs, where we identified 19 out of 23 anomalies. Moreover, by using entropy scores, we can conduct a root cause analysis to infer problematic micro-services.",,,,10.1109/fnwf55208.2022.00046,http://hdl.handle.net/10754/690258,KAUST Repository,True,206
http://hdl.handle.net/10754/690208,KAUST,Locating CO2 Leakage in Subsurface Traps Using Bayesian Inversion and Deep Learning,"Zhang, Zhen; He, Xupeng; Li, Yiteng; AlSinan, Marwa; Kwak, Hyung; Hoteit, Hussein",2023,2023-03-07 00:00:00+00:00,"Geologic CO2 sequestration (GCS) is a promising engineering measure to reduce global greenhouse emissions. However, accurate detection of CO2 leakage locations from underground traps remains a challenging problem. This study proposes a workflow that combines Bayesian inversion and deep learning algorithms to detect the sites of CO2 leakage. There are four main steps in the workflow. Step 1: we identify the key uncertainty parameters. Here we mean the CO2 leakage location. Then we get the training set using Latin Hypercube Sampling (LHS) method and perform the high-fidelity simulation using CMG. Step 2: we train the surrogate model using the data set collected from the last step, in which the Bayesian optimization is used to tune the hyperparameters automatically. Step 3: we perform the Bayesian inversion to invert the CO2 leakage location, in which the surrogate serves as the forward model to reduce the computational expense. Step 4: we feed the inverted CO2 leakage location into the high-fidelity model to produce the pressure response. If the error between the pressure response between the surrogate and the high-fidelity model is small enough, the solution is accepted. Otherwise, the accuracy of the surrogate model and the convergence of the Bayesian inversion process are revisited. We validate this method using a synthetic model of CO2 injection. Results show that the proposed Bayesian inversion assisted by the deep learning algorithm can accurately detect the CO2 leakage location with narrow uncertainties. This approach provides an accurate and efficient way to detect CO2 leakage locations in real-time applications.",,,,10.2118/213522-ms,http://hdl.handle.net/10754/690208,KAUST Repository,True,251
http://hdl.handle.net/10754/690163,KAUST,Deep Multi-Input and Multi-Output Operator Networks Method for Optimal Control of Pdes,"Yong, Jinjun; Luo, Xianbing; Sun, Shuyu",2023,2023-02-10 00:00:00+00:00,"Deep operator networks are widely used to solve optimal control problem due to the expressive capability of the approximate nonlinear operators. Generally, an optimal control problem is equivalent to a system of partial differential equations problem. Based on this, we propose a deep multi-input and multi-output operator neural network (MIMOONet) method. We apply the proposed MIMOONet and physically informed MIMOONet to solve the optimal control problems. It works successfully for solving the elliptic (linear and semi-linear) and parabolic optimal control problems.",,,,10.2139/ssrn.4353535,http://hdl.handle.net/10754/690163,KAUST Repository,True,81
http://hdl.handle.net/10754/686477,KAUST,Pushing the Efficiency Limit Using Structured Sparse Convolutions,"Verma, Vinay Kumar; Mehta, Nikhil; Si, Shijing; Henao, Ricardo; Carin, Lawrence",2023,2023-02-06 00:00:00+00:00,"Weight pruning is among the most popular approaches for compressing deep convolutional neural networks. Recent work suggests that in a randomly initialized deep neural network, there exist sparse subnetworks that achieve performance comparable to the original network. Unfortunately, finding these subnetworks involves iterative stages of training and pruning, which can be computationally expensive. We propose Structured Sparse Convolution (SSC), that leverages the inherent structure in images to reduce the parameters in the convolutional filter. This leads to improved efficiency of convolutional architectures compared to existing methods that perform pruning at initialization. We show that SSC is a generalization of commonly used layers (depthwise, groupwise and pointwise convolution) in ""efficient architectures.""Extensive experiments on well-known CNN models and datasets show the effectiveness of the proposed method. Architectures based on SSC achieve state-of-the-art performance compared to baselines on CIFAR10, CIFAR-100, Tiny-ImageNet, and ImageNet classification benchmarks.",,,,10.1109/WACV56688.2023.00644,http://hdl.handle.net/10754/686477,KAUST Repository,True,142
http://hdl.handle.net/10754/689852,KAUST,Advisory System for Drilling Optimization Using Artificial Intelligence and In-Cutter Sensing Data,"Koulidis, Alexis; Ahmed, Shehab",2023,2023-01-19 00:00:00+00:00,"The drilling optimization concept corresponds to enhancing the drilling efficiency by identifying the optimum drilling parameters with respect to bit wear. On many occasions, human interference can reduce the scale of a problem and enhance efficiency, but it has limitations, especially when working with big data and complex machines. This work utilizes in-cutter force sensing data and a scaled-drilling rig to apply an AI-based solution and facilitate drilling optimization. There are several experimental challenges to building an advisory system: tuning the PID controller, continuous communication and feedback between hardware and software, data synchronization, and system efficiency. The core capability that enables drilling optimization is in-cutter sensing, which allows evaluating the forces acting on a PDC cutter. Initially, an extensive experimental study is conducted to record and process the drilling data with sharp cutters. Weight on bit, torque, rotational speed and rate of penetration are measured and sampled at the same frequency as the in-cutter force sensing. Rock samples with different mechanical properties are utilized and tested in atmospheric conditions. The AI-based solution utilizes the data from the PDC cutter and the scaled-drilling rig structure to identify the optimum range of the drilling parameters depending on the mechanical properties of the rock samples. Artificial Neural Network (ANN) is utilized to predict the rate of penetration for samples with different uniaxial compressive strength. The supervised machine-learning models are trained on input variables such as weight on bit, torque, rotational speed, uniaxial compressive strength, vibrations, and more importantly the measured force at the PDC cutter. A physics constraint is applied for torque, weight on bit and vibrations to guarantee that the output of the ML model is within the operating ranges. For each sample, approximately 100 data points are extracted per variable, with 70% for training, 15% for validation and 15% for testing. Cross-validation is used to enhance the robustness of the ML model. The results show that prediction performance is enhanced when the in-cutter sensing measurement is implemented as an input variable. The reliability of the ML models is tested on samples with different mechanical properties, with the results indicating an accurate prediction of the rate of penetration. The paper demonstrates an innovative workflow that combines AI and in-cutter sensing data to enhance the drilling efficiency with respect to system's mechanical limitations. The model provides a reliable and rapid decision to identify the optimum drilling parameters with respect to physics constraints.",,,,10.2118/214468-MS,http://hdl.handle.net/10754/689852,KAUST Repository,True,399
http://hdl.handle.net/10754/665113,KAUST,LC-NAS: Latency Constrained Neural Architecture Search for Point Cloud Networks,"Li, Guohao; Xu, Mengmeng; Giancola, Silvio; Thabet, Ali; Ghanem, Bernard",2023,2023-02-22 00:00:00+00:00,"Point cloud architecture design has become a crucial problem for deep learning in 3D. Several efforts have been made to manually design architectures targeting high accuracy in point cloud tasks such as classification, segmentation, and detection. Recent progress in automatic Neural Architecture Search (NAS) minimizes the human effort in network design and optimizes architectures for high performance. However, those efforts fail to consider crucial factors such as latency during inference, which is of high importance in time-critical and hardware-bounded applications like self-driving cars, robot navigation, and mobile applications. In this paper, we introduce a new NAS framework, dubbed LC-NAS, that searches for point cloud architectures constrained to a target latency. We implement a novel latency constraint formulation for the trade-off between accuracy and latency in our architecture search. Contrary to previous works, our latency loss enables us to find the best architecture with latency near a specific target value, which is crucial when the end task is to be deployed in a limited hardware setting. Extensive experiments show that LC-NAS is able to find state-of-the-art architectures for point cloud classification in ModelNet40 with a minimal computational cost. We also show how our searched architectures achieve any desired latency with a reasonably low drop in accuracy. Finally, we show how our searched architectures easily transfer to the part segmentation task on PartNet, where we achieve state-of-the-art results with significantly lower latency.",,,,10.1109/3dv57658.2022.00018,http://hdl.handle.net/10754/665113,KAUST Repository,True,230
http://hdl.handle.net/10754/687388,KAUST,AdvCat: Domain-Agnostic Robustness Assessment for Cybersecurity-Critical Applications with Categorical Inputs,"Orsini, Helene; Bao, Hongyan; Zhou, Yujun; Xu, Xiangrui; Han, Yufei; Yi, Longyang; Wang, Wei; Gao, Xin; Zhang, Xiangliang",2023,2023-01-26 00:00:00+00:00,"Machine Learning-as-a-Service systems (MLaaS) have been largely developed for cybersecurity-critical applications, such as detecting network intrusions and fake news campaigns. Despite effectiveness, their robustness against adversarial attacks is one of the key trust concerns for MLaaS deployment. We are thus motivated to assess the adversarial robustness of the Machine Learning models residing at the core of these securitycritical applications with categorical inputs. Previous research efforts on accessing model robustness against manipulation of categorical inputs are specific to use cases and heavily depend on domain knowledge, or require white-box access to the target ML model. Such limitations prevent the robustness assessment from being as a domain-agnostic service provided to various real-world applications. We propose a provably optimal yet computationally highly efficient adversarial robustness assessment protocol for a wide band of ML-driven cybersecurity-critical applications. We demonstrate the use of the domain-agnostic robustness assessment method with substantial experimental study on fake news detection and intrusion detection problems.",,,,10.1109/bigdata55660.2022.10021026,http://hdl.handle.net/10754/687388,KAUST Repository,True,154
http://hdl.handle.net/10754/687387,KAUST,QuoGNN: Quotient Graph Neural Network for Urban Flow Forecasting,"Gou, Xiaochuan; Han, Peng; Zhang, Xiangliang",2023,2023-01-26 00:00:00+00:00,"Urban traffic flow prediction plays a crucial role in smart city management. Since the flow volume of one road (treated as a node in a traffic network) in future time units (after time t) depends on the historical volume (before and including time t) of this road (node) itself and its neighboring roads (nodes), the traffic flow prediction problem has recently been studied by utilizing a spatial-temporal adjacency matrix (AM) of traffic nodes constructed from the historical traffic and node connections. The construction of AM is often based on statistical traffic information before t, instead of using the volume at individual time unit level. In addition, the spatial and temporal relations between traffic nodes are manually fused in AM, rather than in a trainable fusion. In order to conquer these issues, we propose a trainable context enhanced similarity graph, which fuses the unit-level similarity of traffic time series and multiple inter-node contextual relations through a learnable embedding model. In addition, a Quotient Neural Network is proposed to perceive the explicit relation among short-memory flow values and facilitate the forecasting. Based on the two modules, we propose a novel Quotient Graph Neural Network (QuoGNN). Experiments on four real-world benchmark datasets demonstrate the superior performance of our proposed model over the state-of-the-art baselines on multiple evaluation metrics. The implementation of the model and datasets are available 1 .",,,,10.1109/bigdata55660.2022.10020795,http://hdl.handle.net/10754/687387,KAUST Repository,True,226
http://hdl.handle.net/10754/687383,KAUST,Reservoir Modeling and Optimization Based on Deep Learning with Application to Enhanced Geothermal Systems,"Yan, Bicheng; Xu, Zhen; Gudala, Manojkumar; Tariq, Zeeshan; Finkbeiner, Thomas",2023,2023-01-24 00:00:00+00:00,"With the energy demand arising globally, geothermal recovery by Enhanced Geothermal Systems (EGS) becomes a promising option to bring a sustainable energy supply and mitigate CO2 emission. However, reservoir management of EGS primarily relies on reservoir simulation, which is quite expensive due to the reservoir heterogeneity, the interaction of matrix and fractures, and the intrinsic multi-physics coupled nature. Therefore, an efficient optimization framework is critical for the management of EGS. We develop a general reservoir management framework with multiple optimization options. A robust forward surrogate model fl is developed based on a convolutional neural network, and it successfully learns the nonlinear relationship between input reservoir model parameters (e.g., fracture permeability field) and interested state variables (e.g., temperature field and produced fluid temperature). fl is trained using simulation data from EGS coupled thermal-hydro simulation model by sampling reservoir model parameters. As fl is accurate, efficient and fully differentiable, EGS thermal efficiency can be optimized following two schemes: (1) training a control network fc to map reservoir geological parameters to reservoir decision parameters by coupling it withfl ; (2) directly optimizing the reservoir decision parameters based on coupling the existing optimizers such as Adam withfl. The forward model fl performs accurate and stable predictions of evolving temperature fields (relative error1.27±0.89%) in EGS and the time series of produced fluid temperature (relative error0.26±0.46%), and its speedup to the counterpart high-fidelity simulator is 4564 times. When optimizing withfc, we achieve thermal recovery with a reasonable accuracy but significantly low CPU time during inference, 0.11 seconds/optimization. When optimizing with Adam optimizer, we achieve the objective perfectly with relatively high CPU time, 4.58 seconds/optimization. This is because the former optimization scheme requires a training stage of fc but its inference is non-iterative, while the latter scheme requires an iterative inference but no training stage. We also investigate the option to use fc inference as an initial guess for Adam optimization, which decreases Adam's CPU time, but with excellent achievement in the objective function. This is the highest recommended option among the three evaluated. Efficiency, scalability and accuracy observed in our reservoir management framework makes it highly applicable to near real-time reservoir management in EGS as well as other similar system management processes.",,,,10.2118/212614-ms,http://hdl.handle.net/10754/687383,KAUST Repository,True,366
http://hdl.handle.net/10754/682327,KAUST,Joint Communication and Computation in Hybrid Cloud/Mobile Edge Computing Networks,"Reifert, Robert-Jeron; Dahrouj, Hayssam; Shihada, Basem; Sezgin, Aydin; Al-Naffouri, Tareq Y.; Alouini, Mohamed-Slim",2023,2023-01-12 00:00:00+00:00,"Facing a vast amount of connections, huge performance demands, and the need for reliable connectivity, the sixth generation of communication networks (6G) is envisioned to implement disruptive technologies that jointly spur connectivity, performance, and reliability. In this context, this paper proposes, and evaluates the benefit of, a hybrid central cloud (CC) computing and mobile edge computing (MEC) platform, especially introduced to balance the network resources required for joint communication and computation. Consider a hybrid cloud and MEC system, where several power-hungry multi-antenna unmanned aerial vehicles (UAVs) are deployed at the cell-edge to boost the CC connectivity and relieve part of its computation burden. While the multi-antenna base stations are connected to the cloud via capacity-limited fronthaul links, the UAVs serve the cell-edge users with limited power and computational capabilities. The paper then considers the problem of maximizing the weighted network sum-rate subject to per-user delay, computational capacity, and power constraints, so as to determine the beamforming vectors and computation allocations. Such intricate non-convex optimization problem is tackled using an iterative algorithm that relies on ℓ0-norm relaxation, successive convex approximation, and fractional programming, and has the compelling ability to be implemented in a distributed fashion across the multiple UAVs and the CC. The paper results illustrate the numerical prospects of the proposed algorithm for enabling joint communication and computation, and highlight the appreciable improvements of data processing delays and throughputs as compared to conventional system strategies.",,,,10.1109/gcwkshps56602.2022.10008481,http://hdl.handle.net/10754/682327,KAUST Repository,True,235
http://hdl.handle.net/10754/676838,KAUST,The potential method for price-formation models,"Ashrafyan, Yuri; Bakaryan, Tigran; Gomes, Diogo A.; Gutierrez, Julian",2023,2023-01-10 00:00:00+00:00,"We consider the mean-field game price formation model introduced by Gomes and Saúde. In this MFG model, agents trade a commodity whose supply can be deterministic or stochastic. Agents maximize profit, taking into account current and future prices. The balance between supply and demand determines the price. We introduce a potential function that converts the MFG into a convex variational problem. This variational formulation is particularly suitable for machine learning approaches. Here, we use a recurrent neural network to solve this problem. In the last section of the paper, we compare our results with known analytical solutions.",,,,10.1109/cdc51059.2022.9992621,http://hdl.handle.net/10754/676838,KAUST Repository,True,97
http://hdl.handle.net/10754/686902,KAUST,Deep-learning enabled modeling tool Meta-Magus for metadevice optimization and design,"Noureen, Sadia; Ijaz, Sumbel; Zubair, Muhammad; Mehmood, Muhammad Qasim; Massoud, Yehia Mahmoud",2023,2023-01-04 00:00:00+00:00,"Over the past few years, Deep-learning (DL) based modelling solutions have been presented as an alternate to the timetedious and computationally draining conventional design and optimization procedure of metasurfaces. While designing a phase-based transmission meta-device, such as meta-lenses and meta-holograms etc., the most crucial part is to optimize its unit-cell to ensure maximum electromagnetic (EM) transmission amplitude and full phase coverage (0-2π). Most of the DL-based solutions have resulted in accurate optimization to provide the desired transmission amplitude. But the abrupt discontinuities in the phase response, makes it more challenging to map and predict the optimized structure for full phase coverage. Here, we present a novel DL-based tool named as “Meta-Magus” to design transmission based metaholograms. Meta-Magus consists of two parts: (i) unit-cell optimization, and (ii) phase mask generation. Here, the first component takes target transmission amplitude, phase, material properties, and the wavelength aimed as input, process it via regression based tandem neural network, and provide optimized unit-cell structural parameters as output. Target image whose hologram is to be generated is fed to the second component which comprises of deep convolutional neural network to generate the corresponding phase mask as output. A full-wave commercial simulator then maps the optimized unit-cell onto the generated phase mask and generates the intended meta-hologram. Simulation results of the generated designs exhibit perfect holography, and validates that the model yields excellent predictions of a complete metasurface design from scratch within a matter of seconds.",,,,10.1117/12.2643936,http://hdl.handle.net/10754/686902,KAUST Repository,True,239
http://hdl.handle.net/10754/690791,KAUST,End-to-end interpretable disease–gene association prediction,"Li, Yang; Guo, Zihou; Wang, Keqi; Gao, Xin; Wang, Guohua",2023,2023-03-28 00:00:00+00:00,"Identifying disease–gene associations is a fundamental and critical biomedical task towards understanding molecular mechanisms, the diagnosis and treatment of diseases. It is time-consuming and expensive to experimentally verify causal links between diseases and genes. Recently, deep learning methods have achieved tremendous success in identifying candidate genes for genetic diseases. The gene prediction problem can be modeled as a link prediction problem based on the features of nodes and edges of the gene–disease graph. However, most existing researches either build homogeneous networks based on one single data source or heterogeneous networks based on multi-source data, and artificially define meta-paths, so as to learn the network representation of diseases and genes. The former cannot make use of abundant multi-source heterogeneous information, while the latter needs domain knowledge and experience when defining meta-paths, and the accuracy of the model largely depends on the definition of meta-paths. To address the aforementioned challenges above bottlenecks, we propose an end-to-end disease–gene association prediction model with parallel graph transformer network (DGP-PGTN), which deeply integrates the heterogeneous information of diseases, genes, ontologies and phenotypes. DGP-PGTN can automatically and comprehensively capture the multiple latent interactions between diseases and genes, discover the causal relationship between them and is fully interpretable at the same time. We conduct comprehensive experiments and show that DGP-PGTN outperforms the state-of-the-art methods significantly on the task of disease–gene association prediction. Furthermore, DGP-PGTN can automatically learn the implicit relationship between diseases and genes without manually defining meta paths.",,,Briefings in Bioinformatics,10.1093/bib/bbad118,http://hdl.handle.net/10754/690791,KAUST Repository,True,241
http://hdl.handle.net/10754/690704,KAUST,Hybrid 2D/CMOS microchips for memristive applications,"Zhu, Kaichen; Pazos, Sebastian Matias; Aguirre, Fernando L.; Shen, Yaqing; Yuan, Yue; Zheng, Wenwen; Alharbi, Osamah; Villena, Marco Antonio; Fang, Bin; Li, Xinyi; Milozzi, Alessandro; Farronato, Matteo; Muñoz-Rojo, Miguel; Wang, Tao; Li, Ren; Fariborzi, Hossein; Roldan, Juan B.; Benstetter, Guenther; Zhang, Xixiang; Alshareef, Husam N.; Grasser, Tibor; Wu, Huaqiang; Ielmini, Daniele; Lanza, Mario",2023,2023-03-27 00:00:00+00:00,"Exploiting the excellent electronic properties of two-dimensional (2D) materials to fabricate advanced electronic circuits is a major goal for the semiconductors industry1-2. However, most studies in this field have been limited to the fabrication and characterization of isolated large (>1µm2) devices on unfunctional SiO2/Si substrates. Some studies integrated monolayer graphene on silicon microchips as large-area (>500µm2) interconnection3 and as channel of large transistors (~16.5µm2)4-5, but in all cases the integration density was low, no computation was demonstrated, and manipulating monolayer 2D materials was challenging because native pinholes and cracks during transfer increase variability and reduce yield. Here we present the fabrication of high-integration-density 2D/CMOS hybrid microchips for memristive applications — CMOS stands for complementary metal oxide semiconductor. We transfer a sheet of multilayer hexagonal boron nitride (h-BN) onto the back-end-of-line (BEOL) interconnections of silicon microchips containing CMOS transistors of the 180nm node, and finalize the circuits by patterning the top electrodes and interconnections. The CMOS transistors provide outstanding control over the currents across the h-BN memristors, which allows us to achieve endurances of ~5 million cycles in memristors as small as ~0.053µm2. We demonstrate in-memory computation by constructing logic gates, and measure spike-timing dependent plasticity (STDP) signals that are suitable for the implementation of spiking neural networks (SNN). The high performance and the relatively-high technology readiness level achieved represent a significant advance towards the integration of 2D materials in microelectronic products and memristive applications.",,,Nature,10.1038/s41586-023-05973-1,http://hdl.handle.net/10754/690704,KAUST Repository,True,234
http://hdl.handle.net/10754/690584,KAUST,An interpretive constrained linear model for ResNet and MgNet,"He, Juncai; Xu, Jinchao; Zhang, Lian; Zhu, Jianqing",2023,2023-03-20 00:00:00+00:00,"We propose a constrained linear data-feature-mapping model as an interpretable mathematical model for image classification using a convolutional neural network (CNN). From this viewpoint, we establish detailed connections between the traditional iterative schemes for linear systems and the architectures of the basic blocks of ResNet- and MgNet-type models. Using these connections, we present some modified ResNet models that, compared with the original models, have fewer parameters but can produce more accurate results, thereby demonstrating the validity of this constrained learning data-feature-mapping assumption. Based on this assumption, we further propose a general data-feature iterative scheme to demonstrate the rationality of MgNet. We also provide a systematic numerical study on MgNet to show its success and advantages in image classification problems, particularly in comparison with established networks.",,,Neural networks : the official journal of the International Neural Network Society,10.1016/j.neunet.2023.03.011,http://hdl.handle.net/10754/690584,KAUST Repository,True,125
http://hdl.handle.net/10754/690593,KAUST,A Deep Recurrent Neural Network Framework for Swarm Motion Speed Prediction,"Khaldi, Belkacem; Harrou, Fouzi; Dairi, Abdelkader; Sun, Ying",2023,2023-03-18 00:00:00+00:00,"Controlling and maintaining swarm robotic systems executing daily collective actions and accomplishing tasks more successfully in groups requires a timely and accurate forecast of swarm motion speed, which becomes a challenging task owing to swarm motion’s high dynamic feature. In this work, six potent forecasting recurrent deep neural networks, including RNN, LSTM, GRU, ConvLSTM, Bidirectional LSTM (BiLSTM), and BiGRU, are explored and compared in forecasting the motion speed of miniature swarm mobile robots engaged in a simple aggregation formation task. Essentially, the introduced forecasting models take advantage of the viscoelastic control model in flexibly controlling swarm robots and the capabilities of DL models to capture patterns in time series data. To this end, sensor measurements from a simulated swarm of foot bots conducting a circle formation task through the viscoelastic controller are recorded every 0.1 s and used as input vectors for forecasting purposes. The results show the promising performance of DL for swarm motion forecasting. Moreover, obtained results report that BiGRU reaches the highest swarm motion speed forecasting performance with the no/with obstacles scenarios considered in this study.",,,Journal of Electrical Engineering and Technology,10.1007/s42835-023-01446-7,http://hdl.handle.net/10754/690593,KAUST Repository,True,179
http://hdl.handle.net/10754/690061,KAUST,Nonintrusive parameter adaptation of chemical process models with reinforcement learning,"Alhazmi, Khalid; Sarathy, Mani",2023,2023-02-07 00:00:00+00:00,"Model-based control is one of the most prevalent techniques for designing and controlling engineering systems. However, many of these systems are complex and characterized by changing dynamics. Hence, online system identification is required to achieve optimum adaptive control performance for such complex systems. This work proposes an algorithm for nonintrusive, online, nonlinear parameter estimation of physical models using deep reinforcement learning (RL). The problem of training a neural network for parameter estimation is formulated as a reinforcement learning problem. The RL-based parameter estimation policy is tested on a simulation of the selective hydrogenation of acetylene, which is a highly nonlinear system. The learned model estimation policy is able to correctly predict the states of the system with a prediction error of less than 1% in various conditions, such as in the presence of measurement noise and structural differences in models.",,,Journal of Process Control,10.1016/j.jprocont.2023.02.001,http://hdl.handle.net/10754/690061,KAUST Repository,True,140
http://hdl.handle.net/10754/676642,KAUST,A new avenue for Bayesian inference with INLA,"Van Niekerk, Janet; Krainski, Elias Teixeira; Rustand, Denis; Rue, Haavard",2023,2023-01-27 00:00:00+00:00,"Integrated Nested Laplace Approximations (INLA) has been a successful approximate Bayesian inference framework since its proposal by Rue et al. (2009). The increased computational efficiency and accuracy when compared with sampling-based methods for Bayesian inference like MCMC methods, are some contributors to its success. Ongoing research in the INLA methodology and implementation thereof in the R package R-INLA, ensures continued relevance for practitioners and improved performance and applicability of INLA. The era of big data and some recent research developments, presents an opportunity to reformulate some aspects of the classic INLA formulation, to achieve even faster inference, improved numerical stability and scalability. The improvement is especially noticeable for data-rich models. Various examples of data-rich models, like Cox's proportional hazards model, an item-response theory model, a spatial model including prediction, and a three-dimensional model for fMRI data are used to illustrate the efficiency gains in a tangible manner.",,,Computational Statistics and Data Analysis,10.1016/j.csda.2023.107692,http://hdl.handle.net/10754/676642,KAUST Repository,True,147
http://hdl.handle.net/10754/687692,KAUST,High-Temporal-Resolution Characterization Reveals Outstanding Random Telegraph Noise and the Origin of Dielectric Breakdown in h-BN Memristors,"Pazos, Sebastian Matias; Becker, Thales; Villena, Marco Antonio; Zheng, Wenwen; Shen, Yaqing; Yuan, Yue; Alharbi, Osamah; Zhu, Kaichen; Roldán, Juan Bautista; Wirth, Gilson; Palumbo, Felix; Lanza, Mario",2023,2023-02-07 00:00:00+00:00,"Memristor-based electronic memory have recently started commercialization, although its market size is small (~0.5%). Multiple studies claim their potential for hardware implementation of artificial neural networks, advanced data encryption, and high-frequency switches for 5G/6G communication. Application aside, the performance and reliability of memristors need to be improved to increase their market size and fit technology standards. Multiple groups propose novel nano-materials beyond phase-change, metal-oxides, and magnetic materials as resistive switching medium (e.g., two-dimensional, nanowires, perovskites). However, most studies use characterization setups that are blind to critical phenomena in understanding charge transport across the devices. Here an advanced setup with high temporal resolution is used to analyze current noise, dielectric breakdown growth, and ambipolar resistive switching in memristors based on multilayer hexagonal boron nitride (h-BN), one of the most promising novel nano-materials for memristive applications. The random telegraph noise in pristine memristors and its evolution as the devices degrade, covering ~7 orders of magnitude in current with consistent observation, is studied. Additionally, an ambipolar switching regime with very low resistance down to 50Ω and its connection with a telegraph behavior with high/low current ratios >100, linked to a thermally-driven disruption of a metallic nanofilament, is shown.",,,Advanced Functional Materials,10.1002/adfm.202213816,http://hdl.handle.net/10754/687692,KAUST Repository,True,195
http://hdl.handle.net/10754/687377,KAUST,"Highly Scalable, Flexible, and Frequency Reconfigurable Millimeter-Wave Absorber by Screen Printing VO2 Switch Array onto Large Area Metasurfaces","Park, Eiyong; Li, Weiwei; Jung, Heijun; Lee, Minjae; Park, Joon-Ha; Shamim, Atif; Lim, Sungjoon",2023,2023-01-29 00:00:00+00:00,"Flexible and reconfigurable (FAR) electronics are in high demand for emerging applications, including wearable, bioelectronics, and internet of things. Highly scalable antenna arrays or periodic surfaces are required for high directivity or electromagnetic wave path control, particularly for 5G millimeter-wave (mm-wave) due to high path losses. Conventional lumped tuning components have limitations related to scalable FAR electronics and hence highly scalable and flexible vanadium dioxides (VO2) switch array is proposed for mm-wave applications. A frequency reconfigurable mm-wave absorber is designed by screen printing the VO2 switch array to demonstrate the proposed approach feasibility for large scale electronics, achieving high scalability, tunability, and flexibility because the 40 µm thick VO2 switch array satisfies radio frequency switch requirement. Flexibility and repeatability are tested up to 2000 bending cycles with 25 mm bending radius, and tunability and scalability are demonstrated with 300 ON/OFF ratio, and 98% product yield for 400 switches printed on 144 × 144 mm2 polyethylene terephthalate substrates. Absorption frequency is switchable from 14 to 28 GHz at 150 mm bend radius while retaining better than 90% absorptivity as a frequency reconfigurable mm-wave absorber. Therefore, the proposed VO2 switch array would be suitable for scalable 5G and 6G FAR electronics.",,,Advanced Materials Technologies,10.1002/admt.202201451,http://hdl.handle.net/10754/687377,KAUST Repository,True,199
http://hdl.handle.net/10754/687300,KAUST,Artificial intelligence-aided preparation of perovskite SrFexZr1-xO3-δ catalysts for ozonation degradation of organic pollutant concentrated water after membrane treatment.,"Wang, Xu; Zhang, Yanan; Zhang, Cheng; Wei, Huangzhao; Jin, Haibo; Mu, Zhao; Chen, Xiaofei; Chen, Xinru; Wang, Pin; Guo, Xiaoyan; Ding, Fuchen; Liu, Xiaowei; Ma, Lei",2023,2023-01-19 00:00:00+00:00,"Membrane technology has been widely used to treat wastewater from a variety of industries, but it also results in a large amount of concentrated wastewater containing organic pollutants after membrane treatment, which is challenging to decompose. Here in this work, a series of perovskite SrFexZr1-xO3-δ catalysts were prepared via a modified co-precipitation method and evaluated for catalytic ozone oxidative degradation of m-cresol. An artificial neural intelligence networks (ANN) model was employed to train the experimental data to optimize the preparation parameters of catalysts, with SrFe0.13Zr0.87O3-δ being the optimal catalysts. The resultant catalysts before and after reduction were then thoroughly characterized and tested for m-cresol degradation. It was found that the co-doping of Fe and Zr at the B-site and the improvement of oxygen vacancies and oxygen active species by reduction dramatically increased TOC removal rates up to 5 times compared with ozone alone, with the conversion rate of m-cresol reaching 100%. We also proposed a possible mechanism for m-cresol degradation via investigating the intermediates using GC-MS, and confirmed the good versatility of the reduced SrFe0.13Zr0.87O3-δ catalyst to remove other common organic pollutants in concentrated wastewater. This work demonstrates new prospects for the use of perovskite materials in wastewater treatment.",,,Chemosphere,10.1016/j.chemosphere.2023.137825,http://hdl.handle.net/10754/687300,KAUST Repository,True,199
http://hdl.handle.net/10754/687130,KAUST,Vertically Stacked Nanosheet FET: Charge-Trapping Memory and Synapse With Linear Weight Adjustability for Neuromorphic Computing Applications,"Ansari, Md. Hasan Raza; Li, Hanrui; Elatab, Nazek",2023,2023-01-11 00:00:00+00:00,"This work shows the feasibility of a vertically stacked nanosheet field effect transistor (NSFET) for charge-trapping memory and artificial synaptic devices. The artificial synapse’s behaviors, long-term potentiation (LTP), and long-term depression (LTD) are analogous to erase (ERS) and program (PGM) of charge-trapping memory, respectively. This NSFET device with a gate length of 50 nm achieves a wider memory window (MW), long retention time for programming, and infinite retention ( > 10 8 s) for ERS operation. The results also show linear synaptic features with nonlinearity values of 2.50 and − 0.42 for LTP and LTD, respectively. Furthermore, the device conductance values are utilized as synaptic weights for image recognition of Modified National Institute of Standards and Technology (MNIST) dataset in neural networks and achieve 93.30% accuracy. These results make it a promising candidate for next-generation charge-trapping memory and neuromorphic computing due to its wide memory window, long retention, high accuracy, and high density.",,,IEEE Transactions on Electron Devices,10.1109/ted.2023.3234018,http://hdl.handle.net/10754/687130,KAUST Repository,True,153
http://hdl.handle.net/10754/687007,KAUST,A fast method to infer Nuclear Magnetic Resonance based effective porosity in carbonate rocks using machine learning techniques,"Tariq, Zeeshan; Gudala, Manojkumar; Yan, Bicheng; Sun, Shuyu; Mahmoud, Mohamad",2023,2023-01-11 00:00:00+00:00,"A better estimation of the effective porosity of the reservoir rock is a critical task for petrophysicist and well logs analyst. A majority of the current approaches to estimate the effective porosity of the reservoir rocks from well logs are based on the information of the Density-Neutron logs. These approaches usually resulted in the inaccurate estimation of the rock porosity particularly in the naturally fractured carbonates or dolomite rocks. The Nuclear Magnetic Resonance (NMR) based effective porosity is independent of the rock matrix and mineralogy, on contrary it depends on the number of hydrogen nuclei in the pore spaces of the rock. In this study, we have used six machine learning (ML) techniques to predict the NMR based effective porosity in carbonate rocks. The ML models to predict the effective porosity includes deep neural networks (DNN), random forest regressor (RF), decision trees (DT), K-Nearest Neighbors algorithm (KNN), extreme gradient boosting (XGB), and adaptive gradient boosting (AdaBoost). These models were trained on the geophysical well logs such as Gamma ray log (GR), caliper log (Cali), neutron porosity log (NPHI), photoelectric factor log (PE), and bulk density log (RHOB). A total of 4002 data points were obtained from the five wells located in the carbonate field. The tuning of ML models hyperparameters were conducted using a ‘GridSearchCv’ method. Furthermore, the K-fold cross-validation criterion was implemented to improve the accuracy of the ML models. The ML models performances were evaluated using multiple graphical and goodness of fit tests including prediction cross-plots, average absolute percentage error (AAPE), root means square error (RMSE), and coefficient of determination (R) methods. The prediction results showed that the DNN, RF, and XGB models performed better than the other implemented ML techniques. These methods resulted in a significantly low error and high (R). The achieved accuracy was above 85% when validated on a blind dataset. This study also offered an empirical model that can be used to quickly estimate the NMR based effective porosity using afore-mentioned well logs. The model can also be used as a standalone package that can be coupled with any logging software for quick evaluation of NMR based effective porosity.",,,Geoenergy Science and Engineering,10.1016/j.geoen.2022.211333,http://hdl.handle.net/10754/687007,KAUST Repository,True,355
http://hdl.handle.net/10754/690846,KAUST,Decoupled Mixup for Out-of-Distribution Visual Recognition,"Liu, Haozhe; Zhang, Wentian; Xie, Jinheng; Wu, Haoqian; Li, Bing; Zhang, Ziqi; Li, Yuexiang; Huang, Yawen; Ghanem, Bernard; Zheng, Yefeng",2023,2023-02-19 00:00:00+00:00,"Convolutional neural networks (CNN) have demonstrated remarkable performance, when the training and testing data are from the same distribution. However, such trained CNN models often largely degrade on testing data which is unseen and Out-Of-the-Distribution (OOD). To address this issue, we propose a novel “Decoupled-Mixup"" method to train CNN models for OOD visual recognition. Different from previous work combining pairs of images homogeneously, our method decouples each image into discriminative and noise-prone regions, and then heterogeneously combine these regions of image pairs to train CNN models. Since the observation is that noise-prone regions such as textural and clutter background are adverse to the generalization ability of CNN models during training, we enhance features from discriminative regions and suppress noise-prone ones when combining an image pair. To further improves the generalization ability of trained models, we propose to disentangle discriminative and noise-prone regions in frequency-based and context-based fashions. Experiment results show the high generalization performance of our method on testing data that are composed of unseen contexts, where our method achieves 85.76% top-1 accuracy in Track-1 and 79.92% in Track-2 in NICO Challenge.",,,,10.1007/978-3-031-25075-0_30,http://hdl.handle.net/10754/690846,KAUST Repository,True,182
http://hdl.handle.net/10754/690548,KAUST,Physics-Constrained Neural Network (PcNN): Phase Behavior Modeling for Complex Reservoir Fluids,"Li, Yiteng; He, Xupeng; Zhang, Zhen; AlSinan, Marwa; Kwak, Hyung; Hoteit, Hussein",2023,2023-03-21 00:00:00+00:00,"The highly nonlinear nature of equation-of-state-based (EOS-based) flash calculations encages high-fidelity compositional simulation, as most of the CPU time is spent on detecting phase stability and calculating equilibrium phase amounts and compositions. With the rapid development of machine learning (ML) techniques, they are growing to substitute classical iterative solvers for speeding up flash calculations. However, conventional data-driven neural networks fail to account for physical constraints, like chemical potential equilibrium (equivalent to fugacity equality in the PT flash formulation) and interphase/intraphase mass conservation. In this work, we propose a physics-constrained neural network (PcNN) that first conserves both fugacity equality and mass balance constraints. To ease the inclusion of fugacity equality, it is reformulated in terms of equilibrium ratios and then introduced with a relaxation parameter such that phase split calculations are extended to the single-phase regime. This makes it technologically feasible to incorporate the fugacity equality constraint into the proposed PcNN model without any computational difficulty. The workflow for the development of the proposed PcNN model includes four steps. Step 1: Perform the constrained Latin hypercube sampling (LHS) to generate representative mixtures covering a variety of fluid types, including wet gas, gas condensate, volatile oil, and black oil. Step 2: Conduct PT flash calculations using the Peng-Robinson (PR) EOS for each fluid mixture. A wide range of reservoir pressures and temperatures are considered, from which we sample the training data for each fluid mixture through grid search. Step 3: Build an optimized PcNN model by including the fugacity equality and mass conservation constraints in the loss function. Bayesian optimization is used to determine the optimal hyperparameters. Step 4: Validate the PcNN model. In this step, we conduct blind validation by comparing it with the iterative PT flash algorithm.",,,,10.2118/212209-ms,http://hdl.handle.net/10754/690548,KAUST Repository,True,287
http://hdl.handle.net/10754/690522,KAUST,UAV Assisted IoT Geo-positioning Solution Employing Low-Cost Bluetooth Enabled Tags,"Bilal, Rana Muhammad; Akhter, Zubair; Alsahli, Nawaf; Abdel-Aal, Muhammad; Shamim, Atif",2023,2023-03-20 00:00:00+00:00,"Technology integration has enabled value-added services and quality-of-life enhancement in almost all aspects of modern life. In this paper, we present a UAV and low-cost Bluetooth low energy (BLE) tags-based location search system which enables a cart take-home service for shoppers of a supermarket in a model smart colony. The presented system has quality-of-life enhancement as well as carbon footprint reduction effects and can be integrated with the existing security and/or transport system of the model smart colony. Conducted field trials on location accuracy of the system are also presented, showing that carts left by residents outside the home can be located within 6.58m and carts taken inside homes or buildings can be located within 16.43m.",,,,10.1109/imas55807.2023.10066940,http://hdl.handle.net/10754/690522,KAUST Repository,True,116
http://hdl.handle.net/10754/690265,KAUST,Satellite,"Kota, Sastri; Giambene, Giovanni; Abdelsadek, Mohammed; Alouini, Mohamed-Slim; Babu, Sarath; Bas, Joan; Chaudhari, Sachin; Dalai, Debabrata; Darwish, Tasneem; de Cola, Tomaso; Delamotte, Thomas; Dutta, Ashutosh; Dwivedi, Ayush; Enright, Michael; Giordani, Marco; Gotta, Alberto; Hammad, Eman; Khattab, Tamer; Knopp, Andreas; Kurt, Gunes Karabulut; Manoj, B. S.; Me Biomo, Jean-Daniel Medjo; Pillai, Prashant; Rawat, Pramud; Saxena, Paresh; Scanlan, Pat; Sharma, Avinash; Sperber, Ray; Sun, Zhili; Tarchi, Daniele; Varshney, Neeraj; Verma, Seema; Yanikomeroglu, Halim; Zhao, Kanglian; Zhao, Liang",2023,2023-03-08 00:00:00+00:00,"The fifth generation (5G) Wireless Communication systems development has brought out a paradigm shift using advanced technologies e.g., softwarization, virtualization, Massive MIMO, ultra-densification and introduction of new frequency bands. However, as the societal needs grow, and to satisfy UN's Sustainable Development Goals (SDGs), 6G and beyond systems are envisioned. Non- Terrestrial Networks including satellite systems, Unmanned Aerial Vehicles (UAVs) and High-Altitude Platforms (HAPs) provide the best solutions to connect the unconnected, unserved and underserved in remote and rural areas in particular. Over the past few decades, Geo Synchronous Orbits (GSO) satellite systems have been deployed to support broadband services, backhauling, Disaster Recovery and Continuity of Operations (DR-COOP) and emergency services. Recently, there is a considerable renewed interest in planning and developing non-GSO satellite systems. Within the next few years several thousands of Low Earth Orbit (LEO) satellites and mega LEO constellations will be ready to provide global Internet services. This report is the 2022 Edition of the INGR Satellite Working Group Report, subsequent to the previous two editions [1] [2]. The topics considered in this INGR Satellite WG 2022 Edition of the roadmap are the following taking 6G systems into account: applications and services, reference architectures (both backhaul and direct access), satellite loT, mm Wave use for satellite networks, machine learning and artificial intelligence, edge computing, QoS/QoE, security, network management and standardization. The work on the roadmap will continue towards the next edition of the roadmap addressing new challenges and potential solutions for future networks.",,,,10.1109/fnwf55208.2022.00141,http://hdl.handle.net/10754/690265,KAUST Repository,True,245
http://hdl.handle.net/10754/690212,KAUST,Data-Driven Machine Learning Modeling of Mineral/CO2/Brine Wettability Prediction: Implications for CO2 Geo-Storage,"Tariq, Zeeshan; Ali, Muhammad; Yan, Bicheng; Sun, Shuyu; Khan, Mohammad; Yekeen, Nurudeen; Hoteit, Hussein",2023,2023-03-07 00:00:00+00:00,"CO2 wettability and the reservoir rock-fluid interfacial interactions are crucial parameters for successful CO2 geological sequestration. This study implemented the feed-forward neural network to model the wettability behavior in a ternary system of rock minerals (quartz and mica), CO2, and brine under different operating conditions. To gain higher accuracy of the machine learning models, a sufficient dataset was utilized that was recorded by conducting a large number of laboratory experiments under a realistic pressure range, 0 – 25 MPa and the temperatures range, 298 – 343 K. The mica substrates were used as a proxy for the caprock, and quartz substrates were used a proxy for the reservoir rock. Different graphical exploratory data analysis techniques, such as heatmaps, violin plots, and pairplots were used to analyze the experimental dataset. To improve the generalization capabilities of the machine learning models k-fold cross-validation method, and grid search optimization approaches were implemented. The machine learning models were trained to predict the receding and advancing contact angles of mineral/CO2/brine systems. Both statistical evaluation and graphical analyses were performed to show the reliability and performance of the developed models. The results showed that the implemented ML model accurately predicted the wettability behavior under various operating conditions. The training and testing average absolute percent relative errors (AAPE) and R2 of the FFNN model for mica and quartz were 0.981 and 0.972, respectively. The results confirm the accuracy performance of the ML algorithms. Finally, the investigation of feature importance indicated that pressure had the utmost influence on the contact angles of the minerals/CO2/brine system. The geological conditions profoundly affect rock minerals wetting characteristics, thus CO2 geo-storage capacities. The literature severely lacks advanced information and new methods for characterizing the wettability of mineral/CO2/brine systems at geo-storage conditions. Thus, the ML model's outcomes can be beneficial for precisely predicting the CO2 geo-storage capacities and containment security for the feasibility of large-scale geo-sequestration projects.",,,,10.2118/213346-ms,http://hdl.handle.net/10754/690212,KAUST Repository,True,314
http://hdl.handle.net/10754/690210,KAUST,An Intelligent Safe Well Bottom-Hole Pressure Monitoring of CO2 Injection Well into Deep Saline: A coupled Hydro-Mechanical Approach,"Tariq, Zeeshan; Yan, Bicheng; Sun, Shuyu",2023,2023-03-07 00:00:00+00:00,"Geological Carbon Sequestration (GCS) in deep geological formations, like saline aquifers and depleted oil and gas reservoirs, brings enormous potential for large-scale storage of carbon dioxide (CO2). The successful implementation of GCS requires a comprehensive risk assessment of the confinement of plumes and storage potential at each storage site. To better understand the integrity of the caprock after injecting CO2, it is necessary to develop robust and fast tools to evaluate the safe CO2 injection duration. This study applied deep learning (DL) techniques, such as fully connected neural networks, to predict the safe injection duration. A physics-based numerical reservoir simulator was used to simulate the movement of CO2 for 170 years following a 30-year CO2 injection period into a deep saline aquifer. The uncertainty variables were utilized, including petrophysical properties such as porosity and permeability, reservoir physical parameters such as temperature, salinity, thickness, and operational decision parameters such as injection rate and perforation depth. As mentioned earlier, the reservoir model was sampled using the Latin-Hypercube sampling approach to account for a wide range of parameters. Seven hundred twenty-two reservoir simulations were performed to create training, testing, and validation datasets. The DNN model was trained, and several executions were performed to arrive at the best model. After multiple realizations and function evaluations, the predicted results revealed that the three-layer FCNN model with thirty neurons in each layer could predict the safe injection duration of CO2 into deep saline formations. The DNN model showed an excellent prediction efficiency with the highest coefficient of determination factor of above 0.98 and AAPE of less than 1%. Also, the trained predictive models showed excellent agreement between the simulated ground truth and predicted trapping index, yet 300 times more computationally efficient than the latter. These findings indicate that the DNN-based model can support the numerical simulation as an alternative to a robust predictive tool for estimating the performance of CO2 in the subsurface and help monitor the storage potential at each part of the GCS project.",,,,10.2118/213315-ms,http://hdl.handle.net/10754/690210,KAUST Repository,True,330
http://hdl.handle.net/10754/690209,KAUST,Application of Image Processing Techniques in Deep-Learning Workflow to Predict CO2 Storage in Highly Heterogeneous Naturally Fractured Reservoirs: A Discrete Fracture Network Approach,"Tariq, Zeeshan; Yan, Bicheng; Sun, Shuyu",2023,2023-03-07 00:00:00+00:00,"Naturally fractured reservoirs (NFRs), such as fractured carbonate reservoirs, are commonly located worldwide and have the potential to be good sources of long-term storage of carbon dioxide (CO2). The numerical reservoir simulation models are an excellent source for evaluating the likelihood and comprehending the physics underlying behind the interaction of CO2 and brine in subsurface formations. For various reasons, including the rock's highly fractured and heterogeneous nature, the rapid spread of the CO2 plume in the fractured network, and the high capillary contrast between matrix and fractures, simulating fluid flow behavior in NFR reservoirs during CO2 injection is computationally expensive and cumbersome. This paper presents a deep-learning approach to capture the spatial and temporal dynamics of CO2 saturation plumes during the injection and monitoring periods of Geological Carbon Sequestration (GCS) sequestration in NFRs. To achieve our purpose, we have first built a base case physics-based numerical simulation model to simulate the process of CO2 injection in naturally fractured deep saline aquifers. A standalone package was coded to couple the discrete fracture network in a fully compositional numerical simulation model. Then the base case reservoir model was sampled using the Latin-Hypercube approach to account for a wide range of petrophysical, geological, reservoir, and decision parameters. These samples generated a massive physics-informed database of around 900 cases that provides a sufficient training dataset for the DL model. The performance of the DL model was improved by applying multiple filters, including the Median, Sato, Hessian, Sobel, and Meijering filters. The average absolute percentage error (AAPE), root mean square error (RMSE), Structural similarity index metric (SSIM), peak signal-to-noise ratio (PSNR), and coefficient of determination (R2) were used as error metrics to examine the performance of the surrogate DL models. The developed workflow showed superior performance by giving AAPE less than 5% and R2 more than 0.94 between ground truth and predicted values. The proposed DL-based surrogate model can be used as a quick assessment tool to evaluate the long-term feasibility of CO2 movement in a fracture carbonate medium.",,,,10.2118/213359-ms,http://hdl.handle.net/10754/690209,KAUST Repository,True,334
http://hdl.handle.net/10754/690119,KAUST,Space-time modelling of co-seismic and post-seismic landslide hazard via Ensemble Neural Networks.,"Dahal, Ashok; Tanyas, Hakan; van Westen, C.J.; Van der Meijde, Mark; Mai, Paul Martin; Huser, Raphaël; Lombardo, Luigi",2023,2023-02-22 00:00:00+00:00,"Until now, a full numerical description of the spatio-temporal dynamics of a landslide could be achieved only via physics-based models. The part of the geoscientific community developing data-driven model has instead focused on predicting where landslides may occur via susceptibility models. Moreover, they have estimated when landslides may occur via models that belong to the early-warning-system or to the rainfall-threshold themes. In this context, few published researches have explored a joint spatio-temporal model structure. Furthermore, the third element completing the hazard definition, i.e., the landslide size (i.e., areas or volumes), has hardly ever been modeled over space and time. However, technological advancements in data-driven models have reached a level of maturity that allows to model all three components (Where, When and Size). This work takes this direction and proposes for the first time a solution to the assessment of landslide hazard in a given area by jointly modeling landslide occurrences and their associated areal density per mapping unit, in space and time. To achieve this, we used a spatio-temporal landslide database generated for the Nepalese region affected by the Gorkha earthquake. The model relies on a deep-learning architecture trained using an Ensemble Neural Network, where the landslide occurrences and densities are aggregated over a squared mapping unit of 1x1 km and classified/regressed against a nested 30~m lattice. At the nested level, we have expressed predisposing and triggering factors. As for the temporal units, we have used an approximately 6-month resolution. The results are promising as our model performs satisfactorily both in the susceptibility (AUC = 0.93) and density prediction (Pearson r = 0.93) tasks. This model takes a significant distance from the common susceptibility literature, proposing an integrated framework for hazard modeling in a data-driven context. To promote reproducibility and repeatability of the analyses in this work, we share data and codes in a GitHub repository accessible from this link: https://github.com/ashokdahal/LandslideHazard.",,,,10.5194/egusphere-egu23-3496,http://hdl.handle.net/10754/690119,KAUST Repository,True,311
http://hdl.handle.net/10754/690118,KAUST,Insights into the drivers and spatio-temporal trends of extreme wildfires with statistical deep-learning,"Richards, Jordan; Huser, Raphaël",2023,2023-02-22 00:00:00+00:00,"Extreme wildfires continue to be a significant cause of human death and biodiversity destruction across the globe, with recent worrying trends in their activity (i.e., occurrence and spread) suggesting that wildfires are likely to be highly impacted by climate change. In order to facilitate appropriate risk mitigation for extreme wildfires, it is imperative to identify their main drivers and assess their spatio-temporal trends, with a view to understanding the impacts of global warming on fire activity. To this end, we analyse monthly burnt area due to wildfires using a hybrid statistical deep-learning framework that exploits extreme value theory and quantile regression. Three study regions are considered: the contiguous U.S., Mediterranean Europe and Australia.",,,,10.5194/egusphere-egu23-2332,http://hdl.handle.net/10754/690118,KAUST Repository,True,113
http://hdl.handle.net/10754/690117,KAUST,Advancing Stein Variational Gradient Descent for geophysical uncertainty estimation,"Izzatullah, Muhammad; Ravasi, Matteo; Alkhalifah, Tariq Ali",2023,2023-02-22 00:00:00+00:00,"Stein Variational Gradient Descent (SVGD) is a powerful algorithm for uncertainty quantification algorithm introduced by the statistics community that has recently found applications in geophysical inverse problems. It is a non-parametric, iterative method for making probabilistic predictions by sampling from a set of particles, which are updated using gradient information of the Kullback-Leibler divergence between the target posterior distribution and a user-defined proposal distribution. One of the main benefits of SVGD is its ability to handle complex, high-dimensional distributions. This is particularly useful in geophysics, where datasets can be large, and the subsurface model of interest is high-dimensional. However, the computational cost of SVGD increases with the number of particles used to characterize the posterior. Its performance also depends on the choice of the prior distribution, as it influences the SVGD ability to provide geophysical and geological realism in the posterior samples. There have been efforts to improve the efficiency of SVGD for large data sets, such as by introducing mini-batch techniques and deep learning-based prior aimed at producing high-resolution posterior samples. Along this direction, we are advancing the frontier of the SVGD algorithm by coupling it with the Plug-and-Play (PnP) framework, which allows sampling from a regularized target posterior distribution, where the target posterior distribution is regularized by a convolutional neural network (CNN) based denoiser. We showcase its ability to produce high-resolution, geologically trustworthy samples representative of the subsurface structures on a variety of geophysical problems for reservoir characterization and velocity model building (e.g., full waveform inversion).",,,,10.5194/egusphere-egu23-3610,http://hdl.handle.net/10754/690117,KAUST Repository,True,248
http://hdl.handle.net/10754/689895,KAUST,Simulation of ground motions with high frequency components obtained from Fourier neural operators,"Aquib, Tariq Anwar; Mai, Paul Martin",2023,2023-02-25 00:00:00+00:00,"Seismic hazards analysis relies on accurate knowledge of ground motions arising from potential earthquakes to assess the risk of damage to buildings and infrastructure. It is necessary to perform ground motion simulations because recorded strong-motion data from specific combinations of earthquake magnitudes, epicentral distances, and site conditions are still limited. Physics-based simulations provide reliable ground motion estimates, but their application in practice is limited to frequency ranges f < 1Hz, largely due to limited computational resources and lack of information regarding earthquake sources and medium. While hybrid ground-motion computations combining deterministic low frequency components with stochastic high frequency components are often used, their stochastic high frequency components fail to correctly account for source and path effects and lead to inconsistent building responses. The large database of ground motion records from Japan lends itself to develop machine learning approaches to estimate high frequency ground motions. Applying state-of-the-art machine learning techniques, like Fourier neural operators (FNOs) and Generative Adversarial Networks (GANs), we estimate seismograms at higher frequencies from their low frequency counterparts. In our approach, the time and frequency properties of ground motions are estimated using two different FNO models. In the time domain, a relationship is established between normalised low pass filtered and broadband waveforms. Frequency domain analysis involves the learning of high frequency spectrum from low frequency spectrum. Finally, the time and frequency properties are combined to produce broadband ground motions. Source, site, and path aspects are naturally incorporated into the training process. We use ground motion data collected between 1996 and 2020 at 18 stations in the Ibaraki province of Japan to train our models and validate them on different events (Mw 4 to 7) around Japan. Using goodness of fit measures (GOFs), we show that the resulting ground motions match the recorded observations with good to acceptable GOF values for most of the predictions. To enhance our predictions, we include uncertainty estimation by utilizing a conditioned GAN approach. Lastly, to demonstrate the practicality of the approach, we compute high frequency components for a physics based simulated hypothetical Mw 5.0 earthquake in Japan.",,,,10.5194/egusphere-egu23-9036,http://hdl.handle.net/10754/689895,KAUST Repository,True,344
http://hdl.handle.net/10754/689856,KAUST,Deep Learning Models for the Prediction of Mineral Dissolution and Precipitation During Geological Carbon Sequestration,"Tariq, Zeeshan; Yildirim, Ertugrul Umut; Yan, Bicheng; Sun, Shuyu",2023,2023-01-24 00:00:00+00:00,"In Geological Carbon Sequestration (GCS), mineralization is a secure carbon dioxide (CO2) trapping mechanism to prevent possible leakage at later stage of the GCS project. Modeling of the mineralization during GCS relies on numerical reservoir simulation, but the computational cost is prohibitively high due to the complex physical processes. Therefore, deep learning (DL) models can be used as a computationally cheaper and at the same time, reliable alternative to the conventional numerical simulators. In this work, we have developed a DL approach to effectively predict the dissolution and precipitation of various important minerals, including Anorthite, Kaolinite, and Calcite during CO2 injection into deep saline aquifers. We established a reservoir model to simulate the process of geological CO2 storage. About 750 simulations were performed in order to generate a comprehensive dataset for training DL models. Fourier Neural Operator (FNO) models were trained on the simulated dataset, which take the reservoir and well properties along with time information as input and predict the precipitation and dissolution of minerals in space and time scales. During the training process, root-mean-squared-error (RMSE) was chosen as the loss function to avoid overfitting. To gauge prediction performance, we applied the trained model to predict the concentrations of different mineral on the test dataset, which is 10% of the entire dataset, and two metrics, including the average absolute percentage error (AAPE) and the coefficient of determination (R2) were adopted. The R2 value was found to be around 0.95 for calcite model, 0.94 for Kaolinite model, and 0.93 for Anorthite model. The R2 was calculated for all trainable points from the predictions and ground truth. On the other hand, the average AAPE for all the mappings was calculated around 1%, which demonstrates that the trained model can effectively predict the temporal and spatial evolution of the mineral concentrations. The prediction CPU time (0.2 seconds/case) by the model is much lower than that of the physics-based reservoir simulator (3600 seconds/case). Therefore, the proposed method offers predictions as accurate as our physics-based reservoir simulations, while provides a huge saving of computation time. To the authors' best knowledge, prediction of the precipitation and dissolution of minerals in a supervised learning approach using the simulation data has not been studied before in the literature. The DL models developed in this study can serve as a computationally faster alternative to conventional numerical simulators to assess mineralization trapping in GCS projects especially for the mineral trapping mechanism.",,,,10.2118/212597-MS,http://hdl.handle.net/10754/689856,KAUST Repository,True,402
http://hdl.handle.net/10754/689855,KAUST,Physics Informed Surrogate Model Development in Predicting Dynamic Temporal and Spatial Variations During CO2 Injection into Deep Saline Aquifers,"Tariq, Zeeshan; Yan, Bicheng; Sun, Shuyu",2023,2023-01-24 00:00:00+00:00,"Geological Carbon Sequestration (GCS) in deep geological formations, like saline aquifers and depleted oil and gas reservoirs, brings enormous potential for large-scale storage of carbon dioxide (CO2). The successful implementation of GCS requires a comprehensive risk assessment of the confinement of plumes at each potential storage site. The accurate prediction of the flow, geochemical, and geomechanical responses of the formation is essential for the management of GCS in long-term operations because excessive pressure buildup due to injection can potentially induce fracturing of the cap-rock, or activate pre-existing faults, through which fluid can leak. In this study, we build a Deep Learning (DL) workflow to effectively infer the storage potential of CO2 in deep saline aquifers. Specifically, a reservoir model is built to simulate the process of CO2 injection into deep saline aquifers, which considers the coupled phenomenon of flow and hydromechanics. Further, the reservoir model was sampled to account for a wide range of petro-physical, geological, and operational parameters. These samples generated a massive physics-informed simulation database (about 1500 simulated data points) that provides training data for the DL workflow. The ranges of varied parameters were obtained from an extensive literature survey. The DL workflow consists of Fourier Neural Operator (FNO) to take the input of the parameterized variables used in the simulation database and jointly predict the temporal-spatial responses of pressure and CO2 saturation plumes at different periods. Average Absolute Percentage Error (AAPE) and coefficient of determination (R2), Structural similarity index (SSIM), and Peak Signal to Noise Ratio (PSNR) are used as error metrics to evaluate the performance of the DL workflow. Through our blind testing experiments, the DL workflow offers predictions as accurate as our physics-based reservoir simulations, yet 300 times more efficient than the latter. The developed workflow shows superior performance with an AAPE of less than 5% and R2 score of more than 0.99 between actual and predicted values. The workflow can predict other required outputs that numerical simulators can typically calculate, such as solubility trapping, mineral trapping, and injected fluid densities in supercritical and aqueous phases. The proposed DL workflow is not only physics informed but also driven by inputs and outputs (data-driven) and thus offers a robust prediction of the carbon storage potential in deep saline aquifers with considering the coupled physics and potential fluid leakage risk.",,,,10.2118/212693-MS,http://hdl.handle.net/10754/689855,KAUST Repository,True,383
http://hdl.handle.net/10754/689471,KAUST,Toward Secure VMs Allocation: Analysis of VMs Allocation Behaviours in the Cloud Computing Environments,"Aldawood, Mansour; Jhumka, Arshad; Fahmy, Suhaib A.",2023,2023-01-01 00:00:00+00:00,"Side-channel attacks (SCAs) is a potential threat in cloud computing environments (CCEs) as it allows the malicious VMs to capture private information from the target VMs when they share the same PM. This malicious co-residency of VMs is an outcome of the VMs allocation algorithm behaviour, which is responsible for allocating the VMs to a specific PM based on defined allocation objectives. Earlier studies tackled the SCAs, through specific solutions, by focusing on either formulating VMs allocation algorithms or modifying the architecture of the CCEs to mitigate the threats of SCAs. However, most of them are oriented to specific situations and assumptions, leading to malicious co-residency when applied to other scopes or situations. In this paper, we presented the solution from a different holistic perspective by examining the allocation behaviours of different algorithms and other properties that affect and lead to obtaining a secure VMs allocation. The examinations are performed under different scenarios and structures for each behaviour to understand the possible situations that lead to secure VMs allocation. In addition, we develop a deterministic security-aware VMs allocation algorithm that aims to allocate the VMs securely to reduce the potential threats from malicious co-residency in CCEs.",,,,10.1007/978-3-031-21637-4_2,http://hdl.handle.net/10754/689471,KAUST Repository,True,196
http://hdl.handle.net/10754/687717,KAUST,Spatial–temporal prediction of minerals dissolution and precipitation using deep learning techniques: An implication to Geological Carbon Sequestration,"Tariq, Zeeshan; Yildirim, Ertugrul Umut; Gudala, Manojkumar; Yan, Bicheng; Sun, Shuyu; Hoteit, Hussein",2023,2023-02-08 00:00:00+00:00,,,,Fuel,10.1016/j.fuel.2023.127677,http://hdl.handle.net/10754/687717,KAUST Repository,True,0
http://hdl.handle.net/10754/687364,KAUST,Deep-Learning-Based Surrogate Model to Predict CO2 Saturation Front in Highly Heterogeneous Naturally Fractured Reservoirs: A Discrete Fracture Network Approach,"Tariq, Zeeshan; Xu, Zhen; Gudala, Manojkumar; Yan, Bicheng; Sun, Shuyu",2023,2023-01-24 00:00:00+00:00,"Naturally fractured reservoirs (NFRs), such as fractured carbonate reservoirs, are ubiquitous across the worldwide and are potentially very good source to store carbondioxide (CO2) for a longer period of time. The simulation models are great tool to assess the potential and understanding the physics behind CO2-brine interaction in subsurface reservoirs. Simulating the behavior of fluid flow in NFR reservoirs during CO2 are computationally expensive because of the multiple reasons such as highly-fractured and heterogeneous nature of the rock, fast propagation of CO2 plume in the fracture network, and high capillary contrast between matrix and fractures. This paper presents a data-driven deep learning surrogate modeling approach that can accurately and efficiently capture the temporal-spatial dynamics of CO2 saturation plumes during injection and post-injection monitoring periods of Geological Carbon Sequestration (GCS) operations in NFRs. We have built a physics-based numerical simulation model to simulate the process of CO2 injection in a naturally fractured deep saline aquifers. A standalone package was developed to couple the discrete fracture network in a fully compositional numerical simulation model. Then reservoir model was sampled using the Latin-Hypercube approach to account for a wide range of petrophysical, geological, reservoir, and operational parameters. The simulation model parameters were obtained from extensive geological surveys published in literature. These samples generated a massive physics-informed database (about 900 simulations) that provides sufficient training dataset for the Deep Learning surrogate models. Average Absolute Percentage Error (AAPE) and coefficient of determination (R2) were used as error metrics to evaluate the performance of the surrogate models. The developed workflow showed superior performance by giving AAPE less than 5% and R2 more than 0.95 between ground truth and predictions of the state variables. The proposed Deep Learning framework provides an innovative approach to track CO2 plume in a fractured carbonate reservoir and can be used as a quick assessment tool to evaluate the long term feasibility of CO2 movement in fractured carbonate medium.",,,,10.2118/212658-ms,http://hdl.handle.net/10754/687364,KAUST Repository,True,317
10.26434/chemrxiv-2024-q9tc4,KAUST,A reagent-driven visual method for analyzing chemical reaction data,Mikhail Andronov; Natalia Andronova; Michael Wand; Jürgen Schmidhuber; Djork-Arné Clevert,2024,2024-01-24,"The increasing use of machine learning and artificial intelligence in chemical reaction studies demands high-quality reaction data, necessitating specialized tools enabling data understanding and cura- tion. Our work introduces a novel methodology for reaction data exploration centered on reagents — essential molecules in reactions that do not contribute atoms to products. We propose an intu- itive tool for creating interactive reagent space maps using distributed vector representations, akin to word2vec in Natural Language Processing, capturing the statistics of reagent usage within datasets. Our approach enables swift assessment of reaction type distributions, identification of alternative reagents, and detection of errors, which we demonstrate using the USPTO dataset. Our contributions include an open-source web application for visual reagent pattern analysis and a table cataloging around six hundred of the most frequent reagents in USPTO annotated with detailed roles. Accessible via GitHub at https://github.com/Academich/reagent_emb_vis, our method supports organic chemists and cheminformatics experts in navigating extensive reaction datasets efficiently.",,,,10.26434/chemrxiv-2024-q9tc4,https://doi.org/10.26434/chemrxiv-2024-q9tc4,Crossref,True,155
10.1364/optcon.520638,KAUST,Performance optimization of Bloch surface wave based devices using an XGBoost machine learning model,Hongxian Yi; Amit Kumar Goyal; Yehia Massoud,2024,2024-04-18,"Bloch surface wave (BSW) based photonic devices have attracted significant interest for bio-sensing, spectroscopy, and light manipulation applications due to their ability to confine light at dielectric interfaces. However, optimizing the geometry of BSW structures to achieve desired optical properties can be computationally expensive using conventional simulation methods for multi-parameter design spaces. In this work, we develop machine learning models based on the gradient boosting algorithm XGBoost to predict key optical characteristics of BSW devices and expedite the design process. Finite element method simulations are used to generate a dataset relating BSW structures’ excitation angle, sensitivity, and spectral response to their geometric parameters, including thickness, porosity, and surrounding refractive index. This dataset trains and validates different XGBoost regression models for photonic structure optimization. Our results demonstrate that a model utilizing deep decision trees achieves the highest predictive accuracy, with a mean absolute error of 0.09° in estimating the excitation angle for new structures. We apply this optimized model to uncover the thickness-porosity combinations, enabling a maximum sensitivity of 171-degree/RIU. This machine learning approach provides a powerful tool for the inverse design and performance enhancement of BSW photonic structures beyond the capabilities of conventional simulation-based optimization.",,,Optics Continuum,10.1364/optcon.520638,https://doi.org/10.1364/optcon.520638,Crossref,True,195
10.1103/physreve.111.l023302,KAUST,Outlier-resistant physics-informed neural network,D. H. G. Duarte; P. D. S. de Lima; J. M. de Araújo,2025,2025-02-20,,,,Physical Review E,10.1103/physreve.111.l023302,https://doi.org/10.1103/physreve.111.l023302,Crossref,True,0
10.5194/hess-29-4983-2025,KAUST,Saudi Rainfall (SaRa): hourly 0.1° gridded rainfall (1979–present) for Saudi Arabia via machine learning fusion of satellite and model data,Xuetong Wang; Raied S. Alharbi; Oscar M. Baez-Villanueva; Amy Green; Matthew F. McCabe; Yoshihide Wada; Albert I. J. M. Van Dijk; Muhammad A. Abid; Hylke E. Beck,2025,2025-10-08,"We introduce Saudi Rainfall (SaRa), a gridded historical and near-real-time precipitation ( P ) product specifically designed for the Arabian Peninsula, one of the most arid, water-stressed, and data-sparse regions on Earth. The product has an hourly 0.1° resolution spanning 1979 to the present and is continuously updated with a latency of less than 2 h. The algorithm underpinning the product involves 18 machine learning model stacks trained for different combinations of satellite and (re)analysis P products along with several static predictors. As a training target, hourly and daily P observations from gauges in Saudi Arabia ( n = 113) and globally ( n = 14 256) are used. To evaluate the performance of SaRa, we carried out the most comprehensive evaluation of gridded P products in the region to date, using observations from independent gauges (randomly excluded from training) in Saudi Arabia as a reference ( n = 119). Among the 20 evaluated P products, our new product, SaRa, consistently ranked first across all evaluation metrics, including the Kling–Gupta efficiency (KGE), correlation, bias, peak bias, wet-day bias, and critical success index. Notably, SaRa achieved a median KGE – a summary statistic combining correlation, bias, and variability – of 0.36, while widely used non-gauge-based products such as CHIRP, ERA5, GSMaP V8, and IMERG-L V07 achieved values of −0.07, 0.21, −0.13, and −0.39, respectively. SaRa also outperformed four gauge-based products such as CHIRPS V2, CPC Unified, IMERG-F V07, and MSWEP V2.8 which had median KGE values of 0.17, −0.03, 0.29, and 0.20, respectively. Our new P product – available at https://www.gloh2o.org/sara (last access: 24 September 2025) – addresses a crucial need in the Arabian Peninsula, providing a robust and reliable dataset to support hydrological modeling, water resource assessments, flood management, and climate research.",,,Hydrology and Earth System Sciences,10.5194/hess-29-4983-2025,https://doi.org/10.5194/hess-29-4983-2025,Crossref,True,292
