research_id,university,title,authors,publication_year,publication_date,abstract,research_field,tech_category,journal,doi,url,source,validation_error
KFUPM-142340,KFUPM,On the Optimal Deployment of Deep Learning Neural Networks on Field Programmable Gate Arrays,Ahmad Shawahna,2023,,"Deep learning neural networks (DNNs) have demonstrated their effectiveness in a wide range of computer vision tasks, with state-of-the-art results obtained through complex and deep structures that require intensive computation and memory. In the past, graphic processing units (GPUs) enabled these breakthroughs because of their greater computational speed. Nowadays, field programmable gate arrays (FPGAs) have seen a surge of interest in accelerating DNN inference. This is due to their ability to create custom designs with different levels of parallelism. Furthermore, FPGAs provide better performance per watt than other computing technologies such as GPUs, which is a critical requirement for DNN applications on battery-powered unmanned aerial vehicles and Internet of things devices. However, without careful implementation of today’s complex DNN models, the design may not fit the target FPGA due to limited logic resources. Additionally, DNN-based systems have to provide minimum latency overhead and high throughput such that making the right decision happens in time. In this dissertation, we review recent existing techniques for accelerating DNNs on FPGAs and provide recommendations for future directions that will simplify the use of FPGA-based accelerators and enhance their performance. Then, we provide a couple of works for addressing the requirements for efficient implementations of convolutional neural networks (CNNs). These works optimize CNN implementation on FPGA platforms in terms of throughput, latency, energy efficiency, and power consumption. In particular, we propose and investigate three works, (i) a CNN accelerator and an accompanying automated design methodology that employs metaheuristics for optimal partitioning of available FPGA resources to design high-throughput multiple convolutional layer processors (CLPs), (ii) a framework, referred to as FxP-QNet, to efficiently quantize the weights and activations of pre-trained CNN-based models to low-precision numbers in fixed-point representation, and (iii) a novel end-to-end memory-driven methodology to enable the deployment of CNNs on resource-constrained edge devices while maintaining model’s accuracy. The focus of the first work is on the development of a Multi-CLP acceleration framework with parameterized Verilog HDL modules. The presented optimization tool adopts simulated annealing (SA) and tabu search (TS) metaheuristic algorithms to find the number of CLPs required, their respective hardware configurations, and the assignment of convolutional layers to CLPs that achieve the best system performance on a given target FPGA device. We illustrate that the implemented SA-/TS-based Multi-CLP achieves 1.31x - 2.37x higher throughput than state-of-the-art Single-/Multi-CLP approaches in accelerating AlexNet, SqueezeNet 1.1, VGG-16, and GoogLeNet architectures on Xilinx VC707 and VC709 FPGA boards. The second work, on the other hand, demonstrates the effectiveness of FxP-QNet in achieving the accuracy-compression trade-off with significant improvements in hardware cost, power efficiency, and operating frequency. This is mainly due to FxP-QNet’s replacement of expensive floating-point operations with faster, more hardware-efficient integer operations. In particular, the FxP-QNet-quantized AlexNet, VGG-16, and ResNet-18 reduce the overall memory requirements of their full-precision counterparts by 7.16x, 10.36x, and 6.44x, respectively, with less than 0.95%, 0.95%, and 1.99% accuracy drop. Additionally, the FxP-QNet-quantized ResNet-18 implemented on Xilinx Artix-7 FPGA uses 76%, 67%, and 98% fewer look-up tables, flip-flops, and digital signal processors, respectively, and consumes 455 mW less than those designed using the conventional 8-bit quantization scheme, even though the operating frequency of FxP-QNet-quantized ResNet-18 model is 1.35x higher. In the third work, we illustrate that the defined optimized gradient formulas to automate the learning of wordlengths and quantization methods through stochastic gradient descent successfully enable the deployment of high-accurate and low-latency MobileNet models that are perfectly tailored to the target hardware architecture on Xilinx Zynq-7020 FPGA edge device. Specifically, the presented framework designs a customized integer-only MobileNet-V2 with a 1.53MB model and 0.97MB of activations memory space while achieving top-1 validation accuracy of 72.3% on the ImageNet dataset, improving the top-1 accuracy of previously published implementation by 4.3%.",Computer Engineering,,,,https://eprints.kfupm.edu.sa/id/eprint/142340,KFUPM EPrints,doi is missing
KFUPM-142314,KFUPM,Monocular Depth Estimation Using Deep Learning for 3d Slam Mapping in Autonomous Navigation,Yasser Elalfy,2023,,"Autonomous navigation is one of the active research areas that has recently witnessed major technological advancements. It has a variety of application fields such as robotics, autonomous vehicles, smart wheelchairs, drones and Unmanned Aerial Vehicles (UAVs). These systems require Two Dimensional (2D) or Three Dimensional (3D) maps in order for them to plan and find their optimal paths, and to avoid colliding with any stationary or moving obstacles it finds along its way. A crucial component of such systems is the Simultaneous Localization and Mapping (SLAM). Although there are various design methodologies for SLAM based on available sensory data and measurements, in this thesis we focus on Visual Simultaneous Localization and Mapping (VSLAM) using a monocular camera to provide an economical solution for small moving agents with limited processing resources. Our main aim is to accurately estimate the depths (distances) of objects in a completely unknown environment from a single Red-Green-Blue (RGB) colored image from a monocular camera mounted on the moving agent. We proposed two Deep Learning (DL) architectures for more accurate monocular depth estimation. Then, we use it as an input for a SLAM system in order to build a 3D point cloud map of the area and simultaneously determine the location and trajectory of the moving camera in the 3D environment. The first architecture, dubbed as MonoEDDE, utilized a modified Encoder-Decoder (E-D) structure with a new loss function. The second architecture, dubbed as MonoViTDE, employed vision transformers and fused information resampled at different layers. Our experimental results show higher accuracy of our proposed models compared to contemporary state-of-the-art models for monocular depth estimation. MonoEDDE attained a validation accuracy of 0.9823, an Average Relative Error (rel) of 0.04713, an Root Mean Squared Error (RMSE) of 0.2372, and an average log10 error of 0.02031. The other model, MonoViTDE, had a validation accuracy of 0.987, an rel of 0.03944, an RMSE of 0.1994, and an average log10 error of 0.01706. We also have tested our proposed model, MonoEDDE, on an unseen sequence of images with the goal of generating a 3D point cloud map and estimating the camera trajectory within an unknown environment. Our model was able to estimate the camera trajectory with a small error (e.g. RMSE close to 0.3m). We also used transfer learning to enhance our estimated trajectory results achieving RMSE of 0.082m. Our proposed MonoEDDE model performed spectacularly in a real-time obstacle avoidance application using a drone within a dynamic environment. The system had an average latency of 0.156 seconds and a collision avoidance rate of 98.127%.",Computer Engineering,,,,https://eprints.kfupm.edu.sa/id/eprint/142314,KFUPM EPrints,doi is missing
KFUPM-143171,KFUPM,Optimizing Last-Mile Delivery with Hybrid Truck-Drone Systems: a Predictive Traffic Milp Framework,Shihab Yaqoub Ali Hasan,2024,,"The rapid expansion of e-commerce has heightened the need for efficient last-mile delivery solutions, prompting the integration of drones into traditional truck-based logistics. However, optimizing hybrid truck-drone delivery systems poses challenges due to dynamic traffic, drone endurance limits, and coordination requirements. Existing approaches often struggle with computational complexity and lack real-time traffic dynamics. To address these issues, we propose a Predictive Time-Dependent Vehicle Routing Problem with Drones (PTD-VRP-D) framework. Our approach integrates predictive traffic modeling using an XGBoost-based model to forecast truck speeds using real-time traffic data, enabling dynamic adjustment of truck travel times and route optimization under fluctuating conditions. We develop a Mixed-Integer Linear Programming (MILP) model to optimize both truck stop locations within delivery clusters and the truck route to enhance drone deployment efficiency. Additionally, we introduce an adaptive clustering technique that dynamically adjusts delivery clusters based on geographic proximity and drone feasibility, along with dynamic drone scheduling, to minimize idle time and optimize fleet utilization. Computational experiments demonstrate that our integrated framework significantly improves total delivery time, route accuracy, and operational efficiency compared to traditional models, especially under variable traffic scenarios. Specifically, it achieves up to a 66% decrease in total delivery time over traditional truck-only delivery methods and up to a 10% improvement over static clustering approaches. Our scalable and adaptive approach addresses key gaps in existing research and offers practical solutions for enhancing last-mile delivery performance in urban logistics.",Computer Engineering,,,,https://eprints.kfupm.edu.sa/id/eprint/143171,KFUPM EPrints,doi is missing
KFUPM-143135,KFUPM,Dynamic Spectrum Sharing in Heterogenous Wireless Networks Using Deep Reinforcement Learning,Sulaimon Adebayo,2024,,"The rapid expansion of wireless networks demands efficient spectrum allocation. Dynamic Spectrum Sharing (DSS) is an effective technique for optimizing spectrum use, especially in heterogeneous environments. This thesis proposes an enhanced DSS technique based on Deep Reinforcement Learning (DRL). The proposed method enables an effective sharing of the available spectrum between two access technologies, namely LTE and NB-IoT. The study optimizes throughput through Q-learning and neural network-based methods, conducting experiments in three phases: LTE-DRL coexistence, NB-IoT-DRL coexistence, and LTE-NB-IoT coexistence. Results show that deep learning enhances the LTE-DRL system's convergence rate and throughput, achieving over 85% throughputs with convergence times as low as 24 microseconds (μs). The study highlights the trade-offs between parameters such as probabilities (arrival, successful transmission, and retransmission), packet expiry duration, learning rate, discount factor, fairness index, and the neural network architecture and the parameters’ impact on the overall system throughput. NB-IoT coexistence with DRL shows similar results with a slight decrement in throughput and negligibly longer convergence rate, while the coexistence of LTE and NB-IoT results in throughput of around 70% for each of the LTE and NB-IoT systems due to increased spectrum competition and increased complexity of the operating environment. This work offers insights into optimizing spectrum sharing using DRL and underscores the balance between various parameters for efficient spectrum management.",Computer Engineering,,,,https://eprints.kfupm.edu.sa/id/eprint/143135,KFUPM EPrints,doi is missing
KFUPM-143136,KFUPM,Dos Attack Against 5g Core Network in 5g- Based Smart Manufacturing.,Abrar Alqahtani,2024,,"5G networks promise to integrate several new technologies such as cloud-based virtualization of physical resources and network functions, and the separation of the control plane from the data plane. Network slicing, having multiple virtual networks simultaneously sharing the same physical infrastructure, plays a central role in all these technologies. Network slicing, however, opens the door for new attacks by other network tenants. In this work we show how a side-channel that leaks information about one network tenant to another can be created and used to launch a Denial of Service Attack (DoS). The attack involves three main steps; reconnaissance to obtain the victim network’s traffic patterns over a period of time exploiting a side-channel based on standard 5G network slicing mechanisms, training a Long Short Term Memory (LSTM) model to predict the victim network’s peak traffic times, then launching the DoS attack against the victim network, again via standard 5G network slicing mechanisms, during its peak traffic needs. A successful attack on a typical Industrial IoT (IIoT) smart manufacturing application was demonstrated using OMNeT++ simulations and IoT-23 traffic traces.",Computer Engineering,,,,https://eprints.kfupm.edu.sa/id/eprint/143136,KFUPM EPrints,doi is missing
KFUPM-143030,KFUPM,Energy-Efficient Online Path Planning for Iod Using Reinforcement Learning,Zainab Almania,2024,,"Unmanned aerial vehicles (UAVs) have recently been applied in several applications due to their flexibility, mobility, and fast deployment. One of the main essential aspects of multi-UAV systems is path planning, which autonomously determines paths for drones from starting points to destination points. However, UAVs face many obstacles en route, potentially causing loss or damage. Several heuristic approaches, such as particle swarm optimization (PSO), improved PSO, genetic algorithms (GA), and artificial bee colony (ABC), have been investigated to address collision avoidance. These approaches are generally applied in static environments where the environment is known in advance and paths are generated offline, making them unsuitable for unknown or dynamic environments. Additionally, limited flight time due to battery constraints poses another challenge in multi-UAV path planning. Thus, multi-UAVs need an energy-efficient collision-free path planning approach to ensure safe delivery with minimal energy consumption. Machine learning, including reinforcement learning (RL), emerges as a promising candidate to generate collision-free paths for drones in dynamic environments due to its adaptability and generalization capabilities. This thesis proposes a collision-free path planning approach in a dynamic environment that integrates improved PSO (IPSO) with deep RL to provide a novel solution for multi-UAV path planning in a 3D dynamic environment. The IPSO-RL framework is designed to tackle the multi-UAV path planning problem in a fully distributed and reactive manner. It incorporates environmental information and introduces a novel reward structure applicable to various environments. Simulations demonstrate the effectiveness of the IPSO-RL approach, showing superior results in terms of collision avoidance, path length, and energy efficiency compared to other benchmarks. The inclusion of the energy model is crucial as it provides the agent with additional feedback and guidance to operate more sustainably.",Computer Engineering,,,,https://eprints.kfupm.edu.sa/id/eprint/143030,KFUPM EPrints,doi is missing
KFUPM-142989,KFUPM,Media Access Control for Lorawan,Mohamed Omar,2024,,"Billions of devices are currently online, but most of them are computers, laptops, tablets, televisions, and smart phones. In the future, all things will be able to connect to the Internet through the Internet of Things (IoT) [1]. For example, various IoT devices are already being used to connect to the Internet. Wearables like the Google Glasses, Xiaomi MI Band Trackers, and smart jackets made by Levi's and Google's Jacquard are few examples of such technology [1]. LoRaWAN is an increasingly popular IoT wireless access technology that is characterized by low power and long range. In this thesis, we propose a novel Media Access Control (MAC) scheme for LoRaWAN. The new scheme enhances the multichannel ALOHA scheme used by LoRaWAN using Reinforcement Learning (RL). To our knowledge, this is the first study to propose such a scheme under LoRaWAN. The performance of the proposed scheme is evaluated via simulations and compared to the standard multichannel ALOHA in LoRaWAN. The experiments show the integrated approach demonstrates notable efficacy as substantiated by empirical data, indicating a remarkable throughput surpassing 82% within a network configuration featuring a singular gateway interfacing with 600 nodes. This attainment marks a substantial advancement compared to the maximum throughput of 60% achieved by the conventional ALOHA model operating under equivalent circumstances. Regarding collision dynamics, the amalgamation of ALOHA with reinforcement learning achieved an average collision rate of approximately 45, notably lower than the average collision rate of approximately 71 observed with ALOHA alone under comparable nodes and gateways configurations.",Computer Engineering,,,,https://eprints.kfupm.edu.sa/id/eprint/142989,KFUPM EPrints,doi is missing
KFUPM-142986,KFUPM,Communication-Efficient Federated Learning for Personal Assistant Application on Smartphones,Abdulmumin Sa'Ad,2024,,"Smartphones have rapidly become ubiquitous, with over five billion users globally. Equipped with advanced sensors such as GPS, cameras, and microphones, they generate large amounts of diverse data. Much of this data, including locations, call logs, images, and online activities, are highly private. A suitable model training architecture is required to enhance usability through intelligent applications while preserving data privacy and security. In this thesis, we develop a Communication Efficient FEderated Learning (CEFEL) framework for smartphone personal assistant applications to protect user privacy and maintain user experience with low communication and computational overhead. Our framework identifies parameters that converge early and can be frozen or communicated intermittently, reducing communication overhead without compromising model accuracy. Extensive experiments demonstrate the robustness of our approach against unbalanced and non-IID data distributions. The experiments show that our developed framework of FedFreeze and FedFreeze+ techniques outperforms state-of-the-art FL algorithms like FedAvg in reducing communication and computational costs, preserving privacy, and maintaining training efficiency with comparable accuracy.",Computer Engineering,,,,https://eprints.kfupm.edu.sa/id/eprint/142986,KFUPM EPrints,doi is missing
KFUPM-142944,KFUPM,A Lightweight Intrusion Detection System Using Convolutional Neural Network (cnn) and Long Short-Term Memory (lstm) in Fog Computing,Hawazen Alzahrani,2024,,"The Internet of Things (IoT) links various devices to digital services and significantly improves the quality of our lives. IoT connectivity is growing rapidly, which could lead to network vulnerabilities and threats. Many interesting Intrusion Detection Systems (IDSs) have been presented based on machine learning (ML) techniques to overcome this problem, such as support vector machine (SVM), auto-encoder (AE), artificial neural networks (ANN), etc. However, since the fog layer is a resource-constrained environment, a lightweight intrusion detection system is extremely desirable. This thesis proposes a machine learning scheme with convolutional neural networks (CNN) based on LSTM to build an energy-aware, anomalies-based IDS tested on a recent dataset with a focus on reducing and mitigating overhead, achieving high accuracy, and a low false alarm rate. A comparison is made between the CICIoT2023, KDD99, and NSL-KDD datasets to evaluate the performance of the proposed IDS model based on key metrics, including latency, energy consumption, false alarm rate, and detection rate metrics. The obtained findings are above 92% accuracy, indicating that the suggested system can provide a remarkable layer of security. The performance evaluation highlighted the practicality of deploying IDSs with limited resources, as demonstrated by the successful implementation of IDS functionality on the Raspberry Pi as a fog node. The proposed lightweight model has a maximum power consumption of 6.12 w. The model demonstrates its potential to operate effectively on energy-limited devices, such as low-power fog nodes or edge devices.",Computer Engineering,,,,https://eprints.kfupm.edu.sa/id/eprint/142944,KFUPM EPrints,doi is missing
KFUPM-142929,KFUPM,A Real-Time Integrating Platform for Cooperative Adaptive Cruise Control,Najood Alshammari,2024,,"In recent years, Cooperative Adaptive Cruise Control (CACC) has emerged as a pivotal technology in autonomous driving systems, enabling vehicles to cooperatively adjust their speeds to maintain safe distances and improve traffic flow. This technology builds upon traditional Adaptive Cruise Control (ACC) by allowing vehicles to communicate with each other, where vehicles publish their speed information, and subscribe to the speed information published by other vehicles. The Real-time Publish\Subscriber (RTSP) model offers effective decoupling properties for network participants in time, space, and synchronization, making it well-suited for CACC applications. The Data Distribution Service (DDS) middleware is a well-established standard in the academic and industrial communities for supporting real-time distributed systems based on the pub/sub model. DDS offers a rich set of Quality of Service (QoS) policies, making it an ideal candidate for enhancing communication in CACC systems. By integrating DDS into CACC systems, we can significantly improve their performance in terms of QoS support, scalability, portability, and interoperability. This thesis presents a study on the development of a real-time platform integrating intra-vehicle and vehicular communication for CACC using robotic cars and the DDS middleware. The experiment involves two robotic cars: a leader car and a follower car. The leader car publishes its speed information, while the follower car subscribes to this information and adjusts its speed to maintain a safe following distance. The experiment demonstrates the effectiveness of DDS in enabling real-time communication between the two cars, showcasing its potential for use in CACC systems. The research addresses the lack of messaging-oriented real-time middleware for CACC and proposes a publish/subscribe strategy for enabling this technology. Through experimentation, the performance of the CACC system is evaluated under various scenarios, with latency results consistently meeting industry standards. QoS policies are implemented to ensure system reliability and efficiency. Additionally, a safety alert feature and a correction state is introduced to enhance driving safety by adjusting the distance between vehicles when necessary. The thesis also includes an extensive literature review covering all aspects of CACC, making it a valuable resource for future survey research publications in the field. Overall, this work contributes to the advancement of real-time middleware for networked applications, particularly in the context of CACC using robotics, offering insights and methodologies for further research and development in this area.",Computer Engineering,,,,https://eprints.kfupm.edu.sa/id/eprint/142929,KFUPM EPrints,doi is missing
KFUPM-142903,KFUPM,A Deep Reinforcement Learning Approach for Minimizing Age of Information in Edge Caching for Cognitive Cities,Ala Alhamdan,2024,,"The economy of Saudi Arabia is being transformed into a digitally empowered economy. Smart cities, like NEOM, are at the core of this new economy. Services in smart cities will become cognitive. Such services will require a huge amount of timely data, which is produced and collected by a complex network of IoT devices. As a result, data management will become a real challenge in smart cities with cognitive services. Caching is an essential functionality in the architecture for smart city applications. Its purpose is to keep the data close to the application and thus offload the data management responsibility to the edge. However, cache capacity is limited and data in the cache can become stale and may not be relevant to the application anymore. Cognitive applications are sensitive to the age of data stored in the cache. Therefore, new sophisticated cache management techniques are needed to ensure the freshness of data and its relevance to the application. In this paper, we aim to develop a new generalized model for cache management in cognitive cities. In addition, in order to ensure on-demand freshness of data, a Deep Reinforcement Learning (DRL) approach is used based on the new generalized model. Our simulation results show that the DRL algorithm can achieve a reduction of 11.2\% in on-demand Age of Information (AoI) when compared with the standard Q-learning algorithm. Also, the DRL algorithm can achieve a reduction of 30\% and 36\% in on-demand AoI when compared to a greedy algorithm and random algorithm, respectively.",Computer Engineering,,,,https://eprints.kfupm.edu.sa/id/eprint/142903,KFUPM EPrints,doi is missing
KFUPM-142715,KFUPM,Uav Detection Using Reinforcement Learning,Arwa Alkhonaini,2024,,"Unmanned Aerial Vehicles (UAVs) have gained significant popularity in both military and civilian applications due to their cost-effectiveness and flexibility. However, the increased utilization of UAVs raises concerns about the risk of illegal data gathering and potential criminal use. As a result, accurate detection and identification of intruding UAVs has emerged as a critical research concern. Many algorithms have shown their effectiveness in detecting different objects through different approaches, including radio frequency (RF), computer vision (visual), and sound-based detection. This thesis proposes a novel approach for detecting and identifying intruding UAVs based on their RF signals by using a hierarchical reinforcement learning technique. We train a UAV agent hierarchically with multiple policies using the REINFORCE algorithm with entropy regularization term to improve the overall accuracy. The research focuses on utilizing extracted features from RF signals to detect intruding UAVs, which contributes to the field of reinforcement learning by investigating a less explored UAV detection approach. Through extensive evaluation, our findings show the remarkable results of the proposed approach in achieving accurate RF-based detection and identification, with an outstanding detection accuracy of 99.7%. Additionally, our approach demonstrates improved cumulative return performance and reduced loss. The obtained results highlight the effectiveness of the proposed solution in enhancing UAV security and surveillance while advancing the field of UAV detection.",Computer Engineering,,,,https://eprints.kfupm.edu.sa/id/eprint/142715,KFUPM EPrints,doi is missing
KFUPM-142819,KFUPM,On the Impact of Source Coverage on the Age of Information in Cache-Based Iot Systems with Energy Harvesting Sensors,Yasir Magzob,2024,,"Nowadays, communication involves more than just transferring messages. It is also a means of controlling, processing, and participating in decision-making. These goals cannot be effectively achieved without the provisioning of fresh data. The freshness of such data is measured using a new performance metric called Age of Information (AoI). AoI is an end-to-end performance metric that can be used for assessing the temporal quality of data since its birth. Data aging over time can cause drastic consequences in the performance of data-intensive applications that run on top of IoT systems. Therefore, the use of AoI in IoT systems, which are the main infrastructure for sensing in smart cities, is essential. Balancing energy consumption, coverage, and information freshness is a complex task that poses a triad of challenges in the deployment and operation of IoT systems. The objective of this thesis is to address these challenges by developing optimal sensor management strategies that ensure energy efficiency, reliable coverage, and high information freshness in sensor networks. A Markov Decision Process (MDP) framework is employed, utilizing Value Iteration to derive optimal policies. Performance evaluations through simulations showcase the system's behavior under different operational scenarios, quantified by varying the coverage probability. The outcomes exhibit the superior performance of the optimal strategy derived from the MDP over greedy and random approaches. In moderate coverage conditions the optimal policy achieves significantly lower costs, affirming its advantage in managing the system's energy and information exchange effectively. Even in high-reliability scenarios the optimal policy maintains a competitive edge, demonstrating that sophisticated decision-making can conserve resources while ensuring high system performance. This thesis presents empirical evidence demonstrating the effectiveness of our novel policy formulation for IoT systems, heralding advancements in both theory and application. The comparative results clearly indicate that the policies generated through our MDP model significantly outperform both random and greedy strategies.",Computer Engineering,,,,https://eprints.kfupm.edu.sa/id/eprint/142819,KFUPM EPrints,doi is missing
KFUPM-142757,KFUPM,Vision-Based Multi-Scale Uav Detection,Adnan Munir,2024,,"Unmanned Aerial Vehicle (UAV) detection using computer vision and deep learning algorithms is a rapidly growing topic of research that attempts to detect UAVs in real-time. Concerns have been raised about the potential risks of using UAV in civilian and military applications, such as potential privacy violations, safety concerns, and security threats. To address the concerns, vision-based object detection methods have been developed for UAV detection. However, UAV detection in images with complex backgrounds and weather artifacts like rain, noise, and motion blur has yet to be reasonably studied. Hence, for this purpose, we curated two custom training datasets. The first dataset has the sky as its background and is called the Sky Background Dataset (SBD). The second training dataset has more complex scenes (with diverse backgrounds) and is named the Complex Background Dataset (CBD). Furthermore, to facilitate a more comprehensive evaluation of this model’s effectiveness in UAV detection, we have curated a complex background dataset and introduced three distinct test sets affected by adverse weather conditions. These three test sets comprise the Rainy Test Dataset (RTD), the Additive White Gaussian Noise (AWGN) Test Dataset (ANTD), and the Motion Blurred Test Dataset (MBTD). This work not only focuses on benchmarking state-of-the-art object detection models, but also introduces a novel model YOLO-RAW, and to the best of our knowledge, it is the first to investigate the performance of recent and popular vision-based object detection methods for UAV detection under challenging conditions such as complex backgrounds, varying UAV sizes, and low-to-heavy rainy, motion blur, and noisy conditions. The findings presented in the work shall help provide insights concerning the performance of the selected models for UAV detection under challenging conditions and pave the way to develop more robust UAV detection methods.",Computer Engineering,,,,https://eprints.kfupm.edu.sa/id/eprint/142757,KFUPM EPrints,doi is missing
KFUPM-142760,KFUPM,Optimization of Network Device Hardening in a Multivendor Environment,Ali Bello Imoukhuede,2024,,"This research paper explores the optimization of network device hardening through network automation. Unlike previous works, it goes beyond the confines of a single vendor’s environment. This provides insight regarding using network automation to harden a multivendor network topology, assessing the effectiveness and efficiency through a series of test scenarios. In our study, we accomplished comparatively lesser device hardening times, showcasing the agility and adaptability of our Python-based Nornir automation framework. A reduction of 82.18% was archived when compared with previous work. Compared to the traditional network configuration techniques, it achieved a whopping 99.99% reduction in execution time. These results show that using a Python-based automation framework like Nornir can greatly simplify the process of hardening network devices while improving security and reducing the possibility of configuration inconsistencies. Our findings will be of great importance to network security professionals. By achieving such substantial reductions in device hardening times, our research underscores the potential for organizations to improve their network security swiftly and efficiently.",Computer Engineering,,,,https://eprints.kfupm.edu.sa/id/eprint/142760,KFUPM EPrints,doi is missing
KFUPM-142761,KFUPM,Ecclock: Logic Locking Using Elliptic Curve Cryptography,Aliyu Abub Habib,2024,,"Outsourcing integrated circuit (IC) fabrication to offshore foundries creates room for intellectual property (IP) piracy by a third party. This third party could be an untrusted foundry or malicious agent within the IC life cycle. This piracy is mostly performed to gain illegal economic benefits. This study aims to develop a new logic locking technique that utilizes Elliptic Curve Cryptography (ECC) to guard against IP piracy or make it at least uneconomical to the intended party. Dubbed ECCLock (Logic Locking using ECC), the circuit is locked by encrypting its original output, and this encrypted version is synthesized together with a decryption circuit to create the ECCLock version of the original circuit. The ECCLock circuit includes an additional key input used for the decryption of the encrypted original circuit output. For large circuits where obtaining the circuit's programmable logic array (PLA) representation is impractical, a cone affecting most of the circuits’s primary outputs is encrypted. With a minimum key size of 26 bits, ECCLock demonstrates immunity against conventional SAT attacks, which failed to recover the correct key within a 5-day (432,000 seconds). While the method incurs considerable hardware overhead, the delay and power overheads are within acceptable ranges. % The delay overhead can be reduced by incorporating a small cache, and consequently reducing the power overhead. Our technique offers a resilient defense against the most prevalent attacks on combinational logic circuits, especially the SAT attack. These trade-offs reflect the method's emphasis on high-stakes security applications where safeguarding IP supersedes resource constraints.",Computer Engineering,,,,https://eprints.kfupm.edu.sa/id/eprint/142761,KFUPM EPrints,doi is missing
KFUPM-142732,KFUPM,Sz Lossy Compression on-Fpga Using Opencl,Hazim Ahmed,2024,,"Current applications of high-performance computing (HPC) are increasingly producing extremely large data. For some applications, it can produce up to Peta bytes in a short period of time. This extensive amount of data is considered a heavy burden for exascale systems. Consequently, data movement and storage have become an obstacle for such systems. Under this circumstance, especially with the slow rate of improvement in both storage systems and I/O bandwidth, data compression becomes an appealing solution. Error-controlled lossy compressors have been adopted widely and this is surely because of the high compression ratio that they could offer compared with the traditional lossless compressors besides their ability to restrict the introduced error to a certain predefined range. Most lossy compressors suffer from very low throughput in both compression and decompression. This is mainly due to the sequential nature of these algorithms, which yield to restricting their use in HPC systems because of the high rate of data generation for these high-performant machines. The huge volume of data generated in a short time led to the need of implementing these compressors in hardware to gain a significant improvement in terms of throughput and compression time. SZ [2] is a state-of-the-art error-bounded compressor that achieved high compression ratios compared to other compressors. It is a prediction-based algorithm that exploits data correlation in scientific data sets. In this work, we propose implementing SZ in hardware and we introduce some modifications to achieve a more effcient hardware implementation. Firstly, we introduce a new fixed coding scheme that aims to reduce the complexity of Huffman coding implementation. In addition, a new simpler but also effcient way to compress unpredicted points is proposed instead of the binary analysis representation which makes the algorithm more suitable for Hardware implementation. We have implemented the proposed modifications in software and demonstrated that they give comparable results in comparison to the original SZ algorithm. Our proposed version of SZ was implemented in FPGA using OpenCL. Experiments show that our hardware implementation can improve SZ’s compression throughput by 8.5× over the production version running on a CPU and by 1.7× and 7.5×, respectively, compared with other FPGA implementations while maintaining the same error-bound and compression ratios.",Computer Engineering,,,,https://eprints.kfupm.edu.sa/id/eprint/142732,KFUPM EPrints,doi is missing
KFUPM-142733,KFUPM,Fpga Acceleration of Stencil-Based Computation,Alhussain Ibrahim,2024,,"Stencil computations are widely used in many High Performance Computations (HPC) applications. This type of computations shows a great potential for parallelism making them especially appealing in the context of parallel computing. However, they suffer from large memory footprint, low arithmetic intensity, and irregular data access patterns. Many attempts were done in the literature to overcome these challenges using different platforms. Among these platforms, the FPGAs which are known for their hardware configurability and power efficiency. FPGAs, however, suffer from limited resources and memory that put restriction on the size of stencil data that could be processed. A tiling technique should be incorporated to alleviate this restriction. In this thesis, a pipelined FPGA-CPU stencil framework is introduced. This framework aims to overlap the tiling process in CPU with memory transfers and stencil computation in the FPGA. Experimental results show that this framework achieved a throughput of 36 GB/s using Intel’s Stratix 10 SX Development Board. The FPGA was fabricated using a relatively 14 nm technology. This performance is equivalent to that of ~43 Haswell (fabricated in a 22 nm technology) cores or ~13 Milan-x (fabricated in a 7 nm technology) cores. In terms of power efficiency, this framework achieved 1.32 W/GB/s which represents 70% of the power efficiency of NVIDIA A100 GPU (with 6,912 CUDA cores fabricated in a 7nm technology) implementation. Additionally, it was demonstrated that the developed framework supports the utilization of two FPGA devices in parallel with 60% reduction in execution latency.",Computer Engineering,,,,https://eprints.kfupm.edu.sa/id/eprint/142733,KFUPM EPrints,doi is missing
KFUPM-143947,KFUPM,"A Scalable Decentralized Framework for Automated, Privacy-Preserving, and Timely Cti Sharing for Proactive Cyber Defense",Muhammad Gambo,2025,,"As cyberattacks grow increasingly sophisticated, the timely exchange of Cyber Threat Intelligence (CTI) has become essential to enhancing situational awareness and enabling proactive defense. Several challenges exist in CTI sharing, including the timely dissemination of threat information, the need for privacy and confidentiality, and the accessibility of data even in unstable network conditions. In addition to security and privacy, latency and throughput are critical performance metrics when selecting a suitable platform for CTI sharing. Substantial efforts have been devoted to developing effective solutions for CTI sharing. Several existing CTI sharing systems adopt either centralized or blockchain-based architectures. However, centralized models suffer from scalability bottlenecks and single points of failure, while the slow and limited transactions of blockchain make it unsuitable for real-time and reliable CTI sharing. To address these challenges, we propose a DDS-based framework that automates data sanitization, STIX compliant structuring, and real-time dissemination of CTI. Our prototype evaluation demonstrates low latency, linear throughput scaling at configured send rates up to 125 messages per second, with 100% delivery success across all scenarios, while sustaining low CPU and memory overheads. The findings of this study highlight the unique ability of DDS to overcome the timeliness, security, automation, and reliability challenges of CTI sharing.",Computer Engineering,,,,https://eprints.kfupm.edu.sa/id/eprint/143947,KFUPM EPrints,doi is missing
KFUPM-143873,KFUPM,"Toward Democratizing Llms: a Fast, Zero-Shot, Calibration-Free Post-Training Quantization Framework",Sami Ul Haq,2025,,"Recently, Large Language Models (LLMs) have revolutionized artificial intelligence; however, their massive parameter counts create a significant barrier to deployment on resource-constrained edge devices. A critical challenge for ubiquitous AI is the memory bandwidth bottleneck, as billions of weights must be moved from memory to compute units for every generated token. While Post-Training Quantization (PTQ) offers a practical path to compression, existing state-of-the-art methods still struggle with major limitations: they either rely on computationally expensive calibration data, which risks overfitting or data unavailability, or use hardware-unfriendly mixed-precision formats to handle outliers. To address these limitations, this work develops a fast, calibration-free, and uniform-precision quantization framework optimized for efficient deployment on commodity hardware. We investigate statistical outlier stratification and vector quantization paradigms across three diverse model families (Llama, OPT, and BLOOM), ranging from 125M to 13B parameters. Specifically, we introduce two frameworks: Hybrid Group Quantization (HGQ), which employs a “Dual-Ruler” strategy to separate outliers without relying on mixed-precision formats, and Adaptive Grouped Vector Quantization (AGVQ), which learns local codebooks to capture sub-vector geometry. We substantially outperform state-of-the-art calibration-based baselines in terms of pre-processing efficiency. HGQ reduces the quantization run-time for Llama-2-13B from over 30 minutes to under 20 seconds (>100× speedup) while maintaining competitive perplexity. Furthermore, AGVQ achieves state-of-the-art zero-shot accuracy on common-sense reasoning tasks (71.34% average) on the Llama-2-13B model, matching the original FP16 performance while saving approximately 74% of the memory footprint. These results highlight the effectiveness of statistical, calibration-free approaches for democratizing accurate and efficient LLM deployment.",Computer Engineering,,,,https://eprints.kfupm.edu.sa/id/eprint/143873,KFUPM EPrints,doi is missing
KFUPM-143864,KFUPM,Quantum Kernel Encoding Meets Deep Learning for Secure Software-Defined Networks.,Abubakar Danasabe,2025,,"Modern communication environments ranging from smart mobility infrastructures to digitally integrated healthcare systems demand adaptable and trustworthy network security. In this context, Software-Defined Networks (SDNs) play a vital role by pro- viding programmable control and global visibility, enabling rapid policy updates and fine-grained traffic management. As a result, the need for efficient and interpretable intrusion detection becomes increasingly critical. To address this requirement, SDN controllers rely on real-time intrusion detection systems (IDS) capable of adapting to evolving traffic behaviors while operating under strict latency and resource constraints. However, many existing deep learning and ensemble-based IDS models depend on computationally heavy architectures or opaque optimization processes that increase inference delay, limiting their practicality in latency-sensitive SDN environments. This thesis presents Quantum Amplitude Tabular Network (QATNet), a hy- brid quantum–classical framework that integrates amplitude-based feature encoding, a shallow Variational Quantum Circuit (VQC), and an attentive TabNet head for flow-based intrusion detection. Unlike conventional deep or ensemble methods, QAT- Net leverages lightweight quantum-inspired feature transformations to reshape the geometric structure of network flows, enhancing class separability while maintaining controller-side efficiency. Experiments conducted on two modern intrusion detection benchmarks, OD-IDS2022 and CIC-IDS2018, demonstrate that QATNet consistently outperforms classical PCA–TabNet and amplitude-only baselines in terms of accuracy, macro-F1 score, and area under the receiver operating characteristic curve (AUROC), achieving stable performance across different qubit budgets (Q ≤ 6). Noise simulation studies using realistic quantum backend models confirm robustness under practical operating conditions, while runtime analysis verifies that the inference latency (0.012 ms per sample) satisfies the stringent timing requirements of SDN controllers. Over- all, the results indicate that lightweight hybrid quantum–classical encoders provide a resource-aware and noise-tolerant approach for enhancing intrusion detection and support the practical integration of quantum-enhanced learning in next-generation SDN security analytics.",Computer Engineering,,,,https://eprints.kfupm.edu.sa/id/eprint/143864,KFUPM EPrints,doi is missing
KFUPM-143787,KFUPM,Adaptive Moving Target Defense Strategy Selection Via Reinforcement Learning,Maha Alosaimi,2025,,"Regardless of whether there are any threats in the environment, classical MTD modifies the defended network element periodically. This carries two significant disadvantages. Firstly, the unnecessary consumption of network resources occurs in periods when malicious behavior is not present. Secondly, the inability to adjust strategies to reflect the diverse tactics and behaviors of attackers leaves the network vulnerable to future attacks. The research study aims to improve the efficiency of MTD by creating a DRL agent that can dynamically choose and adjust MTD strategies upon observing threats in the network. In this work, we create a custom network environment for simulating network attacks, which include IP scanning, port scanning, and route disruption attacks. We employed PPO to train the DRL agent and utilized action masking to increase the convergence process. As a result, the adaptive agent successfully reduced the effect of IP scanning, port scanning, and route disruption attacks by implementing context-aware MTD strategies. Additionally, the agent demonstrated adaptability in implementing the MTD strategies based on the attack's position and intensity, resulting in a more intelligent and effective use of MTD that significantly outperforms static MTD.",Computer Engineering,,,,https://eprints.kfupm.edu.sa/id/eprint/143787,KFUPM EPrints,doi is missing
KFUPM-143754,KFUPM,Realtime Distributed Time Series Analysis Across Multiple Data Streams,Abdussamad Ali,2025,,"The growing complexity of financial markets demands real-time, large-scale analytics capable of processing diverse and rapidly changing data streams. Traditional statistical models, though interpretable and effective for stationary series, often fail to capture non-linear dependencies and long-term temporal patterns in multivariate stock data. Deep learning approaches such as BiLSTM and the Temporal Fusion Transformer TFT provide stronger alternatives but incur high training costs without efficient GPU utilization. Although multi-GPU systems offer acceleration, their benefits are often limited by communication overhead and underutilization. This thesis addresses these challenges by designing and evaluating a distributed multi-GPU architecture for stock prediction that balances speed, scalability, and accuracy. The system leverages optimized communication pathways with NCCL and nvLink, pinned memory for faster transfers, asynchronous execution, and CUDA streams for concurrency. PyTorch implementations consistently outperformed TensorFlow, and rigorous baselines were established against the strongest statistical models, including SARIMA, ARIMA variants, GARCH, Auto-ARIMA, and exponential smoothing. The results demonstrated that TFT outperformed BiLSTM in 45 of 50 stock symbols, achieving higher accuracy and stronger temporal pattern recognition. Performance evaluations confirmed significant acceleration, with single GPUs training 32× faster than CPUs at 32 symbols and multi-GPU configurations reaching 36×. However, gains diminished for smaller workloads due to synchronization and communication overheads. To overcome these limits, this work introduces Dynamic Stream Orchestration, a scheduling strategy that adaptively creates multiple CUDA streams per GPU in proportion to workload size. This transforms training from a sequential process into a parallel, GPU-saturated pipeline. Experiments achieved up to a 2.96× speedup, establishing a scalable and high-performance framework for financial time series prediction that delivers both superior accuracy and practical scalability for modern financial markets.",Computer Engineering,,,,https://eprints.kfupm.edu.sa/id/eprint/143754,KFUPM EPrints,doi is missing
KFUPM-143686,KFUPM,Accurate Estimation of Relative Energy Efficiencies of Fpga-Based Dnn Accelerators,Kamalludde Usman,2025,,"The exponential growth of Deep Neural Network (DNN) applications has tremendously led to the increased demand for DNN accelerators. One of the attractive platforms that these accelerators are built on is the Field-Programmable Gate Arrays (FPGAs), they offer a balanced high performance and energy efficiency. However, to fully leverage these advantages, designers must fully utilize the limited resources of the FPGA by carefully selecting architectural parameters that affect the sizes of on-chip buffers, dimensions of parallelism, and many more. The vast accelerator design space makes it infeasible to search for optimal design in the implementation stage. Although several analytical models has been proposed to predict/estimate DNN’s accelerator energy, throughput, and latency. These existing strategies is heavily dependent on specific hardware technology, making it challenging to compare designs fairly across different implementations. Furthermore, existing method tends to oversimplify the memory architecture of FPGA-based accelerators, by often assuming all on-chip memory blocks (BRAMs) are located in a centralized position, just as in the case of Application Specific Integrated Circuits (ASICs) instead of physically distributed across the FPGA fabric, and therefore fails to account for the energy associated with moving data from the BRAM to Processing Element (PE). To overcome these limitations, we proposed a relative energy estimation model that captures the variation of data movement costs on FPGA for key dataflow strategies: IS, WS and OS dataflow. Experiment results show that data movement heavily contributes to the total energy consumption in DNN accelerators. Our findings highlights the importance of accounting for BRAMs distribution on FPGA fabric while selecting design parameters to achieve the energy efficiency that FPGA offers.",Computer Engineering,,,,https://eprints.kfupm.edu.sa/id/eprint/143686,KFUPM EPrints,doi is missing
KFUPM-143620,KFUPM,Federated Learning-Based Intrusion Detection Under Data Heterogeneity (non-Iid),Aoubaida Al Sabbagh,2025,,"The increasing complexity of modern networks and the growing sophistication of cyber threats necessitate the development of more robust and privacy-preserving intrusion detection systems (IDS). Traditional Federated Learning-based IDS approaches struggle with data privacy concerns and the detection of rare or client-specific attacks, particularly in real-world environments characterized by nonidentically distributed (non-IID) data. To address these challenges, this thesis introduces FLProC-Ensemble, a novel federated learning framework designed to improve intrusion detection across heterogeneous clients. The framework combines prototype-based supervised contrastive learning with a confidence-guided ensemble of personalized client models as its classification strategy. FLProC-Ensemble is evaluated on two realistic datasets—CIC-IDS2017 and CIC-IoV 2024—under various client distribution scenarios. Experimental results demonstrate that FLProC-Ensemble significantly outperforms baseline methods, achieving superior accuracy, macro average metrics, and minimum per-class scores. These improvements highlight the framework’s ability to robustly detect both common and rare attacks, making it a practical and scalable solution for privacy-sensitive and data-diverse network environments.",Computer Engineering,,,,https://eprints.kfupm.edu.sa/id/eprint/143620,KFUPM EPrints,doi is missing
KFUPM-143612,KFUPM,Camouflaged Object Detection,Baber Jan,2025,,"Camouflaged Object Detection (COD) aims to identify objects that blend seamlessly with their surroundings, facing six fundamental challenges: Intrinsic Similarity (IS), Edge Disruption (ED), Extreme Scale Variations (ESV), Environmental Complexities (EC), Contextual Dependencies (CD), and Salient-Camouflaged Object Disambiguation (SCOD). While this detection capability enables critical applications in medical imaging, wildlife monitoring, and industrial inspection, current methods suffer from three systematic limitations: architectural accumulation without synergistic integration, inability to comprehensively address all six challenges, and lack of intrinsic SCOD mechanisms requiring external dependencies. To address these gaps, this research validates synergistic design principles through progressive architectural development. We first developed SPEGNet, which demonstrates that three complementary modules (CFI, EFE, PED) working in concert can solve core challenges IS and ED through peak-and-fade edge modulation (20%→33%→0%), achieving Sα=0.890 on COD10K with real-time inference (60+ FPS) using only 3.29M parameter contributions. Building on this validation, C3Net extends synergistic principles to comprehensive coverage through dual-pathway processing, introducing the Image-based Context Guidance (ICG) mechanism for intrinsic SCOD handling without external dependencies, attaining state-of-the-art performance (Sα=0.896 on COD10K, 0.910 on NC4K). Both architectures significantly outperform foundation models (SAM2: Sα=0.549, representing a 35.7% gap), proving that specialized architectures are necessary for COD. Through this progressive development, SPEGNet advanced state-of-the-art by maintaining real-time capability for core challenges, while C3Net pushed boundaries further by becoming the first to comprehensively handle all six COD challenges including intrinsic SCOD capability, enabling practical deployment in complex scenarios with salient distractors.",Computer Engineering,,,,https://eprints.kfupm.edu.sa/id/eprint/143612,KFUPM EPrints,doi is missing
KFUPM-143582,KFUPM,Lightweight and Efficient Automated Vision-Based Weed Detection for Smart Precision Agriculture.,Omar Khater,2025,,"Recently, smart and sustainable precision agriculture has become crucial in ensuring global food security. One of the key challenges in precision agriculture is weed growth, as weeds compete with crops for essential resources such as water, soil nutrients, and sunlight, which significantly impacts crop yields. In the past, chemical herbicides were commonly used to address this issue. Today, the integration of automated computer vision technologies into precision agriculture offers innovative and cost-effective solutions for weed detection. By using vision-based models deployed on drones or field robots to capture and analyze high-resolution images, herbicide usage can be minimized while improving operational efficiency. However, current state-of-the-art models still face several challenges when deployed in real-time scenarios. These include high computational requirements and large model sizes, which make them unsuitable for edge devices like drones. This study aims to develop an efficient, vision-based model optimized for weed detection that is suitable for deployment on resource-constrained devices. To this end, we utilized parameter-free attention modules and explored model compression techniques such as channel pruning and quantization. These techniques help reduce the model's complexity while maintaining high accuracy and increasing inference speed. Experiments were conducted using two datasets—CottonWeedDet12 and Aerial Soybeans—to simulate real-world scenarios involving drone or field robot deployment. In this work, we present a novel model named *EcoWeedNet*, which incorporates parameter-free attention modules, namely SimAM and SPAB. These modules significantly enhance feature abstraction and classification accuracy with minimal computational overhead. Our model significantly outperformed state-of-the-art compressed models such as YOLO11n and YOLO12n. On the CottonWeedDet12 dataset, *EcoWeedNet* achieved an impressive mean average precision (mAP50) of 95.2%, clearly surpassing the performance of YOLO11n and YOLO12n. Similarly, for the Aerial Soybeans dataset, our model achieved a detection accuracy of 72.5% mAP50. Additionally, the combination of channel pruning and quantization led to a substantial increase in inference efficiency, achieving speeds up to 195 FPS with only a slight decrease in accuracy. These findings underscore the effectiveness and robustness of *EcoWeedNet* in real-time weed detection applications.",Computer Engineering,,,,https://eprints.kfupm.edu.sa/id/eprint/143582,KFUPM EPrints,doi is missing
KFUPM-143462,KFUPM,Optimizing Hybrid Truck-Drone Delivery Systems Using Reinforcement Learning: a Customer-Centric and Traffic-Aware Approach,Abdullahi Shuaibu,2025,,"This thesis presents a traffic-aware optimization framework for hybrid truck-drone last-mile delivery (LMD) in urban environments. As delivery demands rise and customer expectations tighten, traditional truck-only logistics models face increasing limitations due to congestion, energy inefficiency, and missed time windows. Hybrid truck–drone systems offer operational flexibility, but optimizing their coordination under realistic constraints remains challenging. To address this, a Mixed-Integer Non-Linear Programming (MINLP) model is first developed to generate optimal routing plans for small delivery scenarios. The model explicitly incorporates synchronization between vehicles, time window penalties, range limits, and congestion effects through a traffic scaling matrix. For larger problem sizes, a reinforcement learning (RL) framework is proposed using epsilon-greedy Q-learning. The RL agent interacts with a feasibility aware environment to learn delivery policies that minimize a composite cost function comprising travel time, distance, and lateness. Experimental results show that RL closely approximates MINLP solutions for small instances with optimality gaps under 2.1%, and remains computationally efficient as delivery size increases. The model is further benchmarked against metaheuristics Genetic Algorithm (GA), Simulated Annealing (SA), and Particle Swarm Optimization (PSO) showing superior performance in travel time, travel distance, and lateness. Additionally, traffic-aware modeling is shown to influence vehicle coordination, encouraging earlier drone departures to mitigate truck delays.",Computer Engineering,,,,https://eprints.kfupm.edu.sa/id/eprint/143462,KFUPM EPrints,doi is missing
KFUPM-143300,KFUPM,Dynamic Gateway Positioning in Mobile Lorawa Networks,Asim Ahmedkaroum,2025,,"The Internet of Things (IoT) has rapidly expanded, necessitating robust and efficient network solutions to support the growing number of connected devices. LoRaWAN, known for its long-range communication capabilities and low power consumption, has emerged as a prominent technology in this domain. However, gateway placement in LoRaWAN networks presents challenges, especially with mobile IoT nodes. This thesis proposes a dynamic gateway placement strategy to enhance network performance. Utilizing the Fuzzy C-Means (FCM) clustering algorithm and an enhanced Adaptive Data Rate (ADR) algorithm, this research develops a method to dynamically reposition gateways based on real-time node distribution. The proposed approach was tested through simulations that incorporated these enhancements for mobile nodes. Simulations comparing dynamic and static gateway placements reveal significant improvements in packet delivery ratio (PDR) and energy efficiency. Dynamic placement consistently achieved higher PDR and lower energy consumption compared to static placement across varying node densities. Additionally, dynamic gateway placement demonstrated superior performance in high-density networks, adaptable coverage in both rural and urban environments, and effective collision mitigation at higher transmission frequencies. This research advances LoRaWAN network design, providing insights for improving gateway placement in evolving IoT landscapes, and supports the deployment of more resilient and efficient mobile LoRaWAN networks.",Computer Engineering,,,,https://eprints.kfupm.edu.sa/id/eprint/143300,KFUPM EPrints,doi is missing
KFUPM-143276,KFUPM,Optimizing Gpu-Accelerated Data Processing Frameworks for Scalable Deep Learning,Hamed Al-Mehdhar,2025,,"In recent years, deep learning has proven effective in tackling a wide range of applications surpassing conventional deterministic, handcrafted alternatives. Given the demand for immense amounts of data to be used by deep learning models during training to produce accurate results, preprocessing such data can greatly affect the deep learning model lifecycle. Data preprocessing is a primary stage in any deep learning model, especially during training, as it can impact a model’s accuracy and deployment time. The need for streamlined data preprocessing led NVIDIA to come up with RAPIDS, which is a suite of libraries specialized in data analytics tasks leveraging GPU Acceleration. cuDF is a library within RAPIDS that is used primarily for data preprocessing. It also acts as a backbone for other libraries to achieve GPU-accelerated performance. This makes cuDF a great candidate for optimization as it can streamline the development and deployment of deep-learning models. This thesis presents several novel contributions and optimizations to cuDF, focusing on improving its performance and scalability. The focus of those optimizations is on data loading as preprocessing routines may differ from one model to another, yet all models must start with data loading. The implemented optimizations include developing a novel version of cuDF that supports multi-GPU execution, improving the workload that can be handled by cuDF, improving its performance in executing data manipulation operations, and improving the overall utilization of resources in systems used for machine learning tasks in general. The optimizations include multi-GPU support, a dynamic memory management strategy, streamed data loading with kernel execution, and the optimal utilization of I/O bandwidth. On the system-wide optimization that utilizes multi-GPU support, the best-case scenarios yield a 3.09X increase in the data loading capacity and a 1.26X execution time speedup against the original implementation of cuDF. Meanwhile, the core optimizations to cuDF running on a single GPU offer a 1.65X increase in data loading capacity and faster execution time by 13%. The version supporting multi-GPU execution stands to gain a substantial 2.59X faster execution over the optimized version of cuDF, with a 2X increase in the data loading capacity it can handle. The optimized versions produced improved cuDF performance and scalability, allowing democratizing GPU acceleration for deep learning model development and deployment on commonly available hardware.",Computer Engineering,,,,https://eprints.kfupm.edu.sa/id/eprint/143276,KFUPM EPrints,doi is missing
KFUPM-143243,KFUPM,Resilient Distributed File Storage System Against Exfiltration and Ransomware Attacks with Enhanced Data Privacy,Mohammed A Makarem,2025,,"Exfiltration and ransomware attacks have increased dramatically in the Middle East, particularly targeting major institutions in Saudi Arabia and Qatar. These sophisticated attacks are executed by info-seekers who meticulously gather intelligence on potential targets before launching their attacks. While cloud storage offers accessibility and scalability, its centralized architecture makes it vulnerable to attacks, insider threats, and unauthorized access by cloud providers and governments, increasing the risk of large-scale breaches. Such incidents often result in encrypted data, demands for ransom, and potentially irreversible data loss, leading to significant financial damage, operational disruptions, and reputational harm. This research presents a novel Resilient Distributed File Storage (RDFS) system that combines Moving Target Defense (MTD) with Random Linear Network Coding (RLNC) to enhance protection against these evolving cyber threats while ensuring data privacy through decentralization. Unlike traditional approaches that rely heavily on computationally intensive encryption, our system achieves security through architectural design, implementing a multi-layered defense approach incorporating file fragmentation with strategic distribution across cloud providers. The implementation of MTD enables dynamic chunk shuffling between cloud providers, while extension hiding and name padding techniques make it significantly more difficult for attackers to identify and target specific files. By distributing data across multiple independent storage clouds, the system prevents any single entity, including cloud providers and malicious insiders, from accessing complete files, thereby enhancing privacy protection while avoiding the overhead of traditional encryption methods. Performance evaluation demonstrates the system's exceptional efficiency compared to common encryption algorithms. Our fragmentation approach achieves performance throughput rates of up to 2129.4 MB/s for 600MB files, significantly outperforming AES-128 at 748.7-931.8 MB/s, AES-256 at 646.5-835.0 MB/s, Salsa20 at 165 MB/s, and One-Time Pad at 11 MB/s. The system's efficiency is mathematically modeled through entropy analysis demonstrating how system confidentiality scales with increasing chunk numbers under various header probability scenarios. The integrity assessment reveals a six-fold improvement through redundancy, with integrity levels improving from 2.9% to 13.3% as chunk numbers increase from 4 to 10. The MTD shuffling mechanism reveals a critical security relationship through chunk configurations: larger chunks increase per-chunk exfiltration time but require fewer chunks for data reconstruction, while smaller chunks create a security advantage by requiring attackers to capture more chunks despite faster per-chunk exfiltration times. With a data rate of 10 MB/s, the system demonstrates that higher chunk counts enhance security through increased distribution and frequent shuffling opportunities, making it more difficult for attackers to successfully exfiltrate complete data sets before redistribution occurs. Network analysis reveals RLNC integration significantly enhances system performance: total delay is reduced across all file sizes from 1MB to 10MB, network throughput improves through efficient coding and transmission strategies, and Round-Trip Time (RTT) shows consistent enhancement. Packet Loss Ratio measurements demonstrate RLNC's effectiveness in reducing losses. Testing against common ransomware families demonstrates superior protection capabilities compared to existing solutions, successfully defending against WannaCry, Cerber, Locky, Tesla, CryptFile2, Mole, Sage, and Saturn variants, which often bypass traditional security measures.",Computer Engineering,,,,https://eprints.kfupm.edu.sa/id/eprint/143243,KFUPM EPrints,doi is missing
KFUPM-144575,KFUPM,Attention-Based Spatio-Temporal Feature Fusion for Efficient Rgb Face Presentation Attack Detection,Tazeen Khan,2026,,"Face Presentation Attack Detection (FacePAD) is a critical component of modern biometric systems, aimed at safeguarding face recognition technologies against spoofing attempts such as printed images, replayed videos, and 3D masks. Despite significant progress, RGB-based FacePAD methods face persistent challenges in balancing robustness and practicality. Purely spatial approaches often fail to generalize across diverse attack types, while existing spatio-temporal methods typically rely on computationally intensive architectures such as recurrent networks or 3D convolutions. Furthermore, effectively leveraging temporal information without introducing excessive computational overhead remains an open problem, particularly for real-world deployment scenarios where efficiency and scalability are essential. To address these challenges, this thesis proposes an attention-based spatio-temporal framework for RGB-only FacePAD that adaptively aggregates frame-level features using Bahdanau temporal attention. The proposed method learns to emphasize discriminative temporal cues while suppressing redundant or less informative frames, enabling effective temporal modeling without relying on heavy architectures. Extensive experiments across multiple benchmark datasets demonstrate the effectiveness and generalization capability of the approach, achieving perfect HTER on Replay-Attack and Replay-Mobile, a minimum HTER of 0.53% on ROSE-Youtu, and the lowest reported ACER of 0.069% on OULU-NPU. Additional evaluation on the challenging SiW-Mv2 dataset further confirms its robustness across diverse spoofing scenarios. Comprehensive ablation studies validate the impact of temporal length, fusion strategy, backbone architecture, and input quality, showing that adaptive temporal aggregation significantly improves discriminative performance. Overall, the proposed framework provides a robust, efficient, and scalable solution for RGB-based FacePAD in real-world applications.",Computer Engineering,,,,https://eprints.kfupm.edu.sa/id/eprint/144575,KFUPM EPrints,doi is missing
KFUPM-144548,KFUPM,Adaptive Learning for Secure Uav-Mounted Star-Ris in 6g Networks,Yaser Almasri,2026,,"The evolution toward sixth-generation (6G) wireless networks demands secure, adaptive, and efficient communication solutions. This thesis investigates a secure downlink framework based on an unmanned aerial vehicle (UAV)-mounted simultaneously transmitting and reflecting reconfigurable intelligent surface (STAR-RIS) combined with non-orthogonal multiple access (NOMA). The proposed system enhances physical-layer security by dynamically shaping the wireless environment to reduce information leakage to potential eavesdroppers. To enable intelligent and autonomous operation, deep reinforcement learning (DRL) techniques are employed to jointly optimize STAR-RIS phase configurations and UAV positioning under practical system constraints. Several DRL algorithms, including deep deterministic policy gradient (DDPG), twin delayed deep deterministic policy gradient (TD3), and softmax deep deterministic policy gradient (SD3), are developed and evaluated, demonstrating notable improvements in secrecy rate. In addition, this thesis addresses practical hardware limitations by studying low-bit phase quantization. Two strategies are considered: post-training quantization (PTQ) and quantization-aware training (QAT). The results show that while PTQ suffers from significant performance degradation, QAT effectively preserves secrecy performance even at low resolutions, achieving near-continuous performance with minimal loss. Overall, this work demonstrates that DRL-driven STAR-RIS control, combined with quantization-aware design, enables secure, efficient, and practical 6G communication systems, providing valuable insights for future wireless network deployments.",Computer Engineering,,,,https://eprints.kfupm.edu.sa/id/eprint/144548,KFUPM EPrints,doi is missing
KFUPM-144441,KFUPM,Quantum-Inspired Learning Methods for Rate-Efficient Multi-Uav in Low-Altitude Wireless Networks,Khaoula Khaled,2026,,"The integration of multi-Unmanned Aerial Vehicle (UAV) networks into wireless in frastructure offers a transformative solution for on-demand, high-capacity connectivity. However, these systems face a critical challenge: the ’curse of dimensionality’ in trajectory optimization, where interference-limited environments and massive search spaces make real-time coordination computationally intractable. As UAV-aided communication becomes integral to 6G and beyond-5G infrastructures, this complexity remains a significant barrier to achieving optimal network throughput. To address this, we propose the Rate-Aware Quantum-Annealed Graph Condensation (RA-QAGC) framework, a novel two-stage methodology designed to decouple global state-space complexity from local policy learning. In the first stage, we introduce a quantum-inspired graph condensation technique that utilizes a probabilistic tunneling floor and a rate-aware cost function. This process distills the continuous, high-dimensional search space into a set of high-reward waypoints, identifying optimal service positions that traditional geometric clustering often overlooks. In the second stage, the condensed state-space is used to train decentralized agents via Independent Q-Learning (IQL), enabling UAVs to learn coordinated, interference-aware trajectories that maximize the network’s weighted sum-rate.",Computer Engineering,,,,https://eprints.kfupm.edu.sa/id/eprint/144441,KFUPM EPrints,doi is missing
KFUPM-144375,KFUPM,Adaptive Multi-Stage Qos Prioritization for Sdn Utilizing a Novel Sdnqos Dataset,Akram Algaolahi,2026,,"Traffic management in Software-Defined Networking (SDN) requires QoS mechanisms that can differentiate among heterogeneous application flows, especially under congested network conditions. Conventional flat prioritization approaches assign identical treatment to flows within the same class, which limits their ability to address intra-class resource competition. To overcome this limitation, this thesis proposes an adaptive multi-stage prioritization algorithm for QoS-aware SDN traffic management. The proposed algorithm combines hierarchical traffic classification with adaptive priority assignment. In the first stage, traffic flows are mapped to(N) service classes, while in the second stage, flows within the same class are further differentiated into (M) intra-class priority levels. The second stage is activated only during congestion, enabling finer-grained QoS control while maintaining minimal complexity during congestion-free periods. To support this framework, a new SDNQoS dataset was generated from controller-collected flow statistics to capture diverse traffic behavior across conventional and IoT applications. The proposed dataset was benchmarked against the SDNFlow dataset using Decision Tree, Random Forest, XGBoost, and Multi-Layer Perceptron classifiers. Results showed that the proposed dataset achieved classification performance very close to SDNFlow, confirming its suitability for research-oriented QoS studies. The multi-stage classification approach also maintained traffic identification performance close to that of single-stage classification while preserving consistency with the hierarchical QoS structure. Finally, testbed experiments under congested conditions demonstrated that the proposed mechanism provided clearer service differentiation and improved delay, jitter, throughput, and packet loss for the most critical traffic classes. These results confirm the effectiveness of the proposed algorithm for practical QoS improvement in SDN environments.",Computer Engineering,,,,https://eprints.kfupm.edu.sa/id/eprint/144375,KFUPM EPrints,doi is missing
KFUPM-144365,KFUPM,Drone Detection From Radio-Frequency Spectrograms with Hybrid Quantum–classical Models,Khalid Ibrahimi,2026,,"Reliable drone detection from radio-frequency (RF) signals remains a challenging problem in noisy environments, particularly when the signal-to-noise ratio (SNR) is low and the discriminative structure of the signal becomes increasingly difficult to separate from background interference. This thesis investigates the use of hybrid quantum-classical learning for binary drone-versus-noise detection from two-channel short-Time Fourier Transform (STFT) spectrograms under low-SNR conditions. A simulation-based data generation framework is developed to produce two-channel RF spectrogram datasets representing drone and noise signals across multiple SNR levels. Based on this dataset, a classical convolutional neural network (CNN) baseline is designed and compared with a proposed parallel hybrid quantum-classical model that combines a classical convolutional front-end with four parallel variational quantum branches. In the detector setting, both models are trained at -5 dB and evaluated across increasingly severe low-SNR conditions. Performance is assessed using F1-score, receiver operating characteristic (ROC) curves, and confusion matrices. The results show that both models achieve strong binary detection performance, but the proposed hybrid model demonstrates greater robustness in the most challenging noise conditions, particularly at -15 dB and -20 dB, where it maintains stronger detection capability and produces substantially fewer missed detections than the classical CNN baseline. These findings indicate that hybrid quantum-classical learning is a promising direction for improving RF spectrogram-based drone detection in severe noise environments.",Computer Engineering,,,,https://eprints.kfupm.edu.sa/id/eprint/144365,KFUPM EPrints,doi is missing
KFUPM-144333,KFUPM,Deep Reinforcement Learning-Based Multi-Objective Optimization for Energy-Efficient Uav-Mounted Star-Ris Wireless Networks,Anas Hussin,2026,,"This research studies the problem of joint communication and energy optimization in wireless communications with the help of Unmanned Aerial Vehicle (UAVs) that incorporate Simultaneous Transmission And Reflection Reconfigurable Intelligent Surface (STAR-RIS). With the incorporation of STAR-RIS technology in UAVs, there is an opportunity for enhancing both spectral efficiency and energy efficiency in future wireless systems. Nevertheless, the coupling between the UAV trajectory, STAR-RIS configuration, beamforming design, and RF power splitting, together with the time-varying nature of the wireless channel and mobility of the users, leads to a highly nonconvex problem that is difficult to solve with existing techniques. To overcome this challenge, a hybrid deep reinforcement learning framework based on proximal policy optimization (H-PPO) is proposed. The framework employs a unified actor–critic architecture capable of handling hybrid action spaces, where discrete UAV mobility decisions and continuous communication control variables are jointly optimized. A two-stage reward formulation is introduced to ensure quality-of-service (QoS) satisfaction while enabling balanced optimization of sum-rate, energy efficiency, and harvested energy. Simulation results demonstrate that the proposed H-PPO framework achieves faster convergence and more stable learning behavior compared to benchmark algorithms such as PPO and TD3. The results further show that the proposed method effectively captures the trade-offs among communication performance and energy harvesting, while maintaining robust performance under varying system configurations. Overall, the proposed framework provides a scalable and practical solution for intelligent and adaptive control in UAV-mounted STAR-RIS systems, contributing to the development of energy-efficient and sustainable 6G wireless networks.",Computer Engineering,,,,https://eprints.kfupm.edu.sa/id/eprint/144333,KFUPM EPrints,doi is missing
KFUPM-144330,KFUPM,A Hybrid Framework for Detecting and Mitigating Jailbreak Attacks in Large Language Models,Bushra Alhetelah,2026,,"Large Language Models (LLMs) can perform advanced natural language tasks such as question answering, summarization, and translation. However, they remain vulnerable to malicious prompting attacks, including “jailbreak attacks,” where prompts are crafted to bypass safety controls and produce restricted responses. Existing defense methods are typically categorized into three classes: pre-processing, in-processing, and post-processing approaches. While each provides partial protection, none offers a comprehensive solution against the evolving and adaptive nature of malicious prompts. To address these limitations, this work proposes a hybrid framework that integrates pre-processing and post-processing defense strategies, applicable across both open- and closed-source LLMs. The pre-processing layer applies intention analysis to interpret the underlying intent of user prompts before model inference, enabling early detection of potentially malicious or policy-violating prompts. In parallel, the post-processing layer employs a guard model to evaluate generated responses based on predefined safety criteria, allowing unsafe responses to be rejected or rewritten while preserving benign responses. The proposed framework is evaluated using the JailBreakV-28K dataset across multiple LLMs under different defense configurations. Results show that all defenses reduce the Attack Success Rate (ASR) compared to the baseline, with post-processing outperforming pre-processing when applied independently. The hybrid configuration consistently achieves the lowest ASR across the evaluated models under the present experimental setup, with reductions of up to approximately 99%. These findings highlight the effectiveness of multi-layer defense strategies in improving the robustness of LLMs against evolving jailbreak attacks while maintaining practical performance.",Computer Engineering,,,,https://eprints.kfupm.edu.sa/id/eprint/144330,KFUPM EPrints,doi is missing
KFUPM-144215,KFUPM,Dccp: Dynamic Core and Contention Partitioning for Optimizing Graph Workload Performance in Multi-Core Systems,Ali Alshakhs,2026,,"In multi-core systems, efficient cache management is crucial for optimizing the per formance of memory-intensive applications, such as graph-based workloads. These applications are characterized by irregular and data-dependent memory access pat terns, which pose significant challenges on traditional cache management techniques. This thesis proposes a new cache partitioning technique, called Dynamic Core and Contention Partitioning (DCCP), which dynamically allocates cache resources based on the memory access patterns of graph workloads, aiming to improve perfor mance while minimizing cache contention. The thesis presents a comprehensive evaluation of DCCP in multi-core environments, comparing its performance with a state-of-the-art cache partitioning technique Cache-Poll [1], the default technique Basic Share, and the maximum potential Max Par titioning. Using a trace-driven simulation framework, experiments were conducted with a combination of GAP benchmark workloads (graph-based applications) and general SPEC CPU 2006 benchmarks (non-graph applications) [2]. The perfor mance of each partitioning technique was evaluated based on key metrics, including performance (IPC), Last-level cache (LLC) hit rate, and fairness (execution time vari ation). The results demonstrate that DCCP significantly improves the performance of graph workloads, achieving a 1.349 geometric mean speedup for graph applications, which is a significant improvement (cachepoll has no improvement). while also achieving 1.039 geometric mean speedup for non-graph applications which is more than cachep oll (in 8-core setup). LLC hit rates with DCCP were 28% of the maximum potential and nearly double that of Cache-Poll. While the performance gains for non-graph workloads were modest, DCCP maintained fairness and made a speedup of 10% of the maximum potential (in 4-core setup). The scalability of DCCP was also tested in larger configurations (2-core, 4-core and 8-core setups), showing that it remains effective as the number of cores and co-running applications increases. Overall, DCCP provides an effective and scalable solution for cache management in multi-core systems, particularly for workloads with irregular memory access patterns. The proposed technique represents a promising direction for improving graph work load performance without sacrificing the speed of non-graph applications in multi-core environments.",Computer Engineering,,,,https://eprints.kfupm.edu.sa/id/eprint/144215,KFUPM EPrints,doi is missing
KFUPM-144178,KFUPM,Qos-Aware Multichannel Resource Allocation in Lorawan Networks,Rana Bajaafer,2026,,"The ALOHA uplink and best-effort service model as implemented by LoRaWAN is not fundamentally capable of achieving differentiated QoS, especially when the number of devices and the traffic heterogeneity increase. As LoRaWAN deployments expand wider and support a growing number of different applications, the lack of QoS differentiation causes latency that can't be predicted, more data loss for critical traffic, and less efficient use of limited spectrum resources. This work proposes a QoS-aware resource allocation framework based on Multichannel Random Media Access Control in LoRaWAN Networks. The framework enables resource allocation based on the requirements of the different classes of applications. This allows the network to treat latency-sensitive and reliability-critical application differently, while still being fully compatible with the standard LoRaWAN architecture. The main concept is to exploit the spreading factors' quasi-orthogonality and the independence of frequency channels, which allows viewing the network as a pool of parallel transmission resources, and to dynamically distribute that pool across traffic classes. The framework can dynamically assign resourses in response to changing load conditions and priority weight by working on this pool of spreading-factor-channel combinations. A proportional, priority-weighted policy allocates resources to classes based on their weighted demand, and an efficiency-aware metric within each class biases nodes toward lower-airtime resources to improve utilization. The combination of priority weighting and efficiency-aware selection ensures sure that higher-priority classes receive access with precedence. The resulting design is still practical to deploy in existing LoRaWAN networks, low-complexity, yet it consistently reduces latency and increases throughput for high-priority (HP) and high-reliability (HR) traffic without starving best-effort (BE) flows.",Computer Engineering,,,,https://eprints.kfupm.edu.sa/id/eprint/144178,KFUPM EPrints,doi is missing
KFUPM-144134,KFUPM,Deep Reinforcement Learning Based Medium Access Control Protocol for Lora Networks,Norah Sumayli,2026,,"This thesis presents a Deep Q-Network (DQN)-based Medium Access Control (MAC) protocol designed to improve scalability and reliability in LoRa networks. LoRaWAN relies on an ALOHA-like multi-channel MAC mechanism, which suffers from increasing collisions and declining packet delivery ratio (PDR) as network density grows. To address these limitations, the transmission parameter selection problem is modeled as a Markov Decision Process (MDP), and a decentralized learning framework is developed in which each node autonomously selects its channel (CH), spreading factor (SF), and transmission power (TP). A custom LoRa simulator based on LoRaSim is implemented, incorporating realistic physical-layer effects such as packet airtime, multi-condition collision, and capture effect model. Extensive experiments were conducted for networks ranging from 100 to 3000 nodes. The proposed DQN-based MAC has been shown to achieve the highest PDR in all scenarios, reaching 99.07% for 100 nodes and 95.84% for 500 nodes. It also significantly reduced collisions, achieved lower Expected Transmission Count (ETX), and demonstrated faster convergence compared to both pure ALOHA and tabular Q-learning. These results confirm that Deep Reinforcement Learning (DRL) provides a scalable solution for LoRa medium access. The findings demonstrate the potential of intelligent learning-based MAC protocols to enhance large-scale IoT deployments.",Computer Engineering,,,,https://eprints.kfupm.edu.sa/id/eprint/144134,KFUPM EPrints,doi is missing
KFUPM-144097,KFUPM,Ai-Driven Optimization of Olsr in Uav Assisted Vanets,Shahad Alanazi,2026,,"The main concern of this research, thus, is the enhancement of the OLSR protocol in UAV aided VANETs. To address this problem, this study applies Reinforcement Learning (RL) to improve the efficacy of OLSR in dynamic and complex vehicular networks. To perform the evaluation, various vehicular scenarios are assumed by using traffic conditions and network performance metrics obtained from the dataset. The aim of the work is to fine tune central parameters like overhead, delay and throughput in OLSR intended to operate in the context of transport systems with high user mobility, varying traffic intensity and dynamic road topology. It examines multiple topologies and UAV-mounted sink nodes to facilitate data distribution and networking improvements. The use of reinforcement learning will help the study to facilitate rational decision making and explore routing improvements for OLSR in UAV-assisted VANETs. The results of this study present the benefits and drawbacks of OLSR, and to present optimized solutions for the improvement of communication availability and dependability in intelligent transportation systems.",Computer Engineering,,,,https://eprints.kfupm.edu.sa/id/eprint/144097,KFUPM EPrints,doi is missing
KFUPM-144120,KFUPM,Misbehavior Detection for Connected Vehicles Using Federated Learning,Muradi Alotabi,2026,,"Vehicular Ad-Hoc Networks (VANETs) are a core component of intelligent transportation systems, enabling cooperative and real-time communication among vehicles. Due to their open and dynamic nature, VANETs are vulnerable to anomalous and malicious behaviors, making reliable attack detection essential for safety and trust. While centralized learning approaches have shown strong detection capability, they suffer from limitations related to data privacy, scalability, and robustness when deployed in distributed vehicular environments. This thesis investigates Federated Learning (FL) as a decentralized and privacy-preserving framework for anomaly and misbehavior detection in VANETs. Using the VeReMi dataset, a multi-class classification task is formulated to detect various attack types under both IID and Non-IID data distributions, considering multiple client configurations (5, 10, 15, and 20). A horizontal FL setting is adopted, where each client trains locally on heterogeneous data while sharing a common feature space. Two deep learning models, namely a Multilayer Perceptron (MLP) and a Recurrent Neural Network (RNN), are evaluated under centralized and federated learning paradigms. Experimental results show that FL consistently outperforms centralized learning, particularly under realistic Non-IID conditions. For the MLP model, FL improves the F1-score from 85.47\% to 89.36\% with 5 IID clients, and further achieves F1-scores of 91.34\%, 91.88\%, and 91.83\% with 10, 15, and 20 Non-IID clients, respectively, with corresponding accuracy values exceeding 91\%. In contrast, centralized learning achieves lower F1-scores ranging between 78.23\% and 88.85\%. The RNN model exhibits more modest gains under FL, with F1-score improvements across all client configurations; however, its accuracy shows slight degradation under Non-IID conditions and larger client counts, indicating sensitivity to data heterogeneity. Overall, the results confirm that FL effectively handles decentralized and heterogeneous vehicular data while preserving data privacy, and that MLP-based FL provides the most robust, stable, and scalable solution for anomaly detection in VANETs.",Computer Engineering,,,,https://eprints.kfupm.edu.sa/id/eprint/144120,KFUPM EPrints,doi is missing
KFUPM-144082,KFUPM,Backdoor Attack Detection in Federated Learning,Ekhlas Zaid,2026,,"Backdoor attacks in Federated Learning (FL) introduce a significant threat to the reliability of distributed models, particularly under non-identically distributed (non-IID) data and high attacker ratios. Recently, several papers have addressed backdoor attacks on FL. For example, FilterFL proposed a server-side defence that leverages two Conditional Generative Adversarial Networks (CGANs) to generate validation samples and detect malicious client models, eliminating the need for clean data on the server. However, its reliance on running both GANs in every communication round results in a high computational cost and limits its practicality in either long training rounds or large-scale settings. In this thesis, we focus on optimizing FilterFL by introducing scheduled GAN execution and a trust-history mechanism, while preserving the main task's accuracy and backdoor detection as effectively as possible. The experimental results using MNIST, CIFAR-10, and GTSRB datasets demonstrate that the optimized method can reduce the server computation overhead by approximately 80% while maintaining main task accuracy within a small acceptable drop (less than 4% in the most challenging non-IID cases). At the same time, the attack success rate is significantly reduced, with improvements reaching approximately a 97% decrease compared to the original baseline. The optimized FilterFL also remains stable under non-IID settings and high attacker ratios, where the original FilterFL becomes weak. The optimized framework has been proven to provide a more practical and robust solution for backdoor detection in federated learning, especially when limited training time and resources are concerns.",Computer Engineering,,,,https://eprints.kfupm.edu.sa/id/eprint/144082,KFUPM EPrints,doi is missing
KFUPM-144084,KFUPM,"Network Deployment and Uav Path Planning in Uav-Assisted Iot Networks, a Joint Optimization Model",Ghadeer Alazman,2026,,"UAV-assisted IoT networks have become widely utilized in real-life applications, including smart cities. These networks leverage the intelligence of IoT devices and the mobility and flexibility of UAVs to provide a flexible deployment and extended coverage, especially in remote or inaccessible areas. However, deploying these networks with an energy efficiency constraint requires careful design and determination of the necessary number of cluster heads (CHs) and their placement, and a collision-free UAV trajectory plan. Therefore, this study proposes a hybrid full-joint optimization framework that simulates and decides the optimal count of CH, their coordination, and the design of a collision-free UAV route. The approach leverages the advantage of the Self-Organizing Map (SOM) to initialize the CHs' placement. Then the approach integrates a two-phase evolutionary process: first, global discrete exploration by Genetic Algorithm (GA); second, continuous spatial refinement by Quantum-behaved Particle Swarm Optimization (QPSO). To reflect a real-world scenario, the study considers an obstacle avoidance constraint. To have a collision-free UAV path, we utilize the visibility-graph routing model with virtual nodes to guarantee obstacle avoidance and provide a smooth UAV route. Several experiments were conducted, focusing on multiple scenarios —node density variation, weight configuration, and obstacle complexity—to demonstrate the applicability of the hybrid GA–QPSO to enhance the network lifetime compared to the GA baseline algorithm. Moreover, the proposed framework has demonstrated its stable convergence and the ability to design geometrically efficient UAV trajectories. However, in some cases, the proposed solution illustrates slightly higher UAV energy consumption than the baseline algorithm, but it significantly enhances the lifetime of IoT nodes compared to the GA. This makes it a robust and reliable solution for next-generation IoT networks with UAV assistance.",Computer Engineering,,,,https://eprints.kfupm.edu.sa/id/eprint/144084,KFUPM EPrints,doi is missing
KFUPM-144045,KFUPM,A Multi-Layer Trusted Federated Learning System for Heterogeneous Iot Environments,Mumin Adam,2026,,"This dissertation reviews the foundations of Federated Learning (FL) and provides a comprehensive state-of-the-art survey on its application within resource-constrained Internet of Things (IoT) environments. This analysis highlights the critical limitations of conventional FL, including communication bottlenecks, high energy consumption, straggler effects, non-IID data challenges, and vulnerability to poisoning attacks. Motivated by these gaps, we propose a multilayer FL architecture designed to enhance the efficiency, scalability, and resilience of heterogeneous and dense IoT networks. To address communication and energy constraints, a Distributed AP-Assisted Multilayer Federated Learning (DAP-MFL) framework is developed. This framework leverages a client–edge–fog–cloud hierarchy in conjunction with IEEE 802.11ah (Wi-Fi HaLow), enabling resource-aware model aggregation and significantly reducing the training latency and device power usage. Furthermore, we design three RAW-slot management strategies: Strict Slot Assignment with Dropping (SSAD), Selective Replacement with Gradual Inclusion (SRGI), and Round Robin (RR), to efficiently manage limited channel access opportunities and improve participation fairness under practical wireless constraints. Experimental simulations demonstrate substantial performance gains, with reductions of up to 97% in latency and 95% in energy consumption, while preserving competitive accuracy across non-IID datasets. Moreover, recognizing that multilayer FL introduces the added risk of propagating malicious or corrupted model updates, we develop an enhanced Multilayer Trusted FL framework. This framework incorporates ANCHOR, a Hierarchical Reputation-Based Defense, that performs multi-layer verification across client, edge, fog, and cloud tiers. Anchor remains effective even when a majority of participating clients, exceeding 60%, are malicious, without requiring any prior assumption or upper bound on the proportion of poisoning clients in the system. The defense system effectively identifies and suppresses poisoning attempts at early aggregation layers, thereby preserving global model integrity and maintaining stable convergence even under adversarial conditions.",Computer Engineering,,,,https://eprints.kfupm.edu.sa/id/eprint/144045,KFUPM EPrints,doi is missing
KFUPM-144005,KFUPM,Multi-Tier Context-Aware Intrusion Detection Framework for Iot Networks Using Few-Shot Learning,Amer Saeed,2026,,"The rapid expansion of the Internet of Things (IoT) has increased the scale, heterogeneity, and vulnerability of modern networks, creating significant challenges for intrusion detection. Traditional intrusion detection system solutions and modern machine learning (ML) and deep learning (DL) based approaches depend heavily on large labeled datasets and centralized processing pipelines, making them unsuitable for resource-constrained and highly distributed IoT environments. This thesis addresses these limitations by proposing a scalable, context-aware multi-tier intrusion detection framework that distributes detection tasks across edge devices, gateways, and a central server. A lightweight model is deployed at the gateway to provide an early detection and context-awareness. On the other hand, a self-supervised Few-Shot Learning (SSL–FSL) model is introduced to recognize rare and unseen attack types using minimal labeled data. The proposed models are trained and evaluated using two benchmark datasets: the Edge-IIoTset dataset and a cyber attack dataset containing ARP, SYN, and PING flooding attacks. Furthermore, the (SSL–FSL) model is tested on completely unseen attack categories from the CICIoT2023 dataset, achieving an accuracy of 69.76% without any fine-tuning. Experimental results demonstrate that the proposed hierarchical intrusion detection framework substantially improves scalability, adaptability, and computational effciency while maintaining robust detection performance across heterogeneous IoT environments. Overall, the proposed framework provides a practical and resource-aware foundation for secure and distributed IoT intrusion detection.",Computer Engineering,,,,https://eprints.kfupm.edu.sa/id/eprint/144005,KFUPM EPrints,doi is missing
KFUPM-143991,KFUPM,Adaptive Radio Environment Map Generation for Aerial Networks Using Uav Vision and Reinforcement Learning,Raneem Attar,2026,,"Radio Environment Maps (REMs) play a key role in understanding and improving wireless coverage, especially in urban environments. A recent study, called the OREMAN framework, provides a vision assisted approach for REM prediction using uncertainty modeling and deep neural networks; however, it relies on a Dijkstra based trajectory planner, which limits adaptability and performance in UAV measurement tasks. In this thesis, the complete OREMAN pipeline is reproduced, including the data generation process, where building height maps and radio environment maps are generated using the COST 231 Walfisch Ikegami model. The contribution of this thesis is the replacement of OREMAN’s heuristic Dijkstra path planner with a deep reinforcement learning planner based on Proximal Policy Optimization (PPO) with an Actor–Critic architecture. The PPO agent operates within a custom environment that enables the UAV to adapt its measurement trajectory step by step. After reproducing the original OREMAN behavior, we replace its Dijkstra based planner with PPO and compare both methods across several criteria, including Time to Accuracy (TtA). We recognize that the PPO planner increased the TtA from 1.5 dB/min to 2.3 dB/min, reflecting a 53.3% improvement in how effectively the UAV reduces REM RMSE during flight.",Computer Engineering,,,,https://eprints.kfupm.edu.sa/id/eprint/143991,KFUPM EPrints,doi is missing
