research_id,university,title,authors,publication_year,publication_date,abstract,research_field,tech_category,journal,doi,url,source
KFUPM_c954706c-188f-4ae4-91b6-54cddf544465,King Fahd University of Petroleum and Minerals,Heat transmission in Darcy-Forchheimer flow of Sutterby nanofluid containing gyrotactic microorganisms,Ambreen A. Khan; Alina Arshad; R. Ellahi; Sadiq M. Sait,2023,2023-01-03,"Purpose: This paper aims to deal with the heat transmission of Sutterby fluid-containing gyrotactic microorganism by incorporating non-Darcy resistance law. The mathematical modeling is based on nanoparticle concentration, energy, momentum and motile microorganism equations. Design/methodology/approach: The governing nonlinear coupled equations are first rendered into nonlinear ordinary equations using appropriate transformation and are then solved analytically by using the optimal homotopy. Findings: Graphical illustration of results depict the behavior of flow involved physical parameters on temperature, gyrotactic microorganism, concentration and velocity. Additionally, local Nusselt number and skin friction coefficient are computed numerically and validated through comparison with existing literature as a special case of proposed model. It is found that the temperature profile decreases by increasing values of Brownian-motion parameter and Prandtl number. An increase in thermophoresis parameter and Schmidt number results in decrease in concentration of nanoparticles. Bioconvection Peclet number corresponds to decreasing behavior of nondimensional gyrotactic microorganism field is observed. Finally, a comparison with the existing literature is made, and an excellent agreement is seen. Originality/value: To the best of the authors’ knowledge, this study is reported for the first time.",,,International Journal of Numerical Methods for Heat and Fluid Flow,10.1108/hff-03-2022-0194,https://pure.kfupm.edu.sa/en/publications/c954706c-188f-4ae4-91b6-54cddf544465,KFUPM Pure (OAI-PMH)
KFUPM_3d94024a-b56a-471c-b3fa-cc06a68ed1d2,King Fahd University of Petroleum and Minerals,Are mega-events super spreaders of infectious diseases similar to COVID-19? A look into Tokyo 2020 Olympics and Paralympics to improve preparedness of next international events,Tamal Chowdhury; Hemal Chowdhury; Elza Bontempi; Mario Coccia; Hasan Masrur; Sadiq M. Sait; Tomonobu Senjyu,2023,,"Tokyo Summer Olympics and Paralympics have raised social issues regarding the potential rise in COVID-19 cases in Japan and risks associated with the safe organization of mega sporting events during the pandemic, such as the FIFA World Cup Qatar 2022. This study investigates the Tokyo Summer Olympics as a unique case study to clarify the drivers of infectivity and provide guidelines to host countries for the safe organization of subsequent international sporting events. The result here reveals that Tokyo and Japan did not experience a rise in confirmed cases of COVID-19 due to the hosting of the Summer Olympics. Still, transmission dynamics seems to be mainly driven by the high density of population (about 1.2%, p-value <0.001) like other larger cities in Japan (result confirmed with Mann-Whitney U test, significance at 0.05). Our study provided evidence that hosting mega sporting events during this COVID-19 pandemic is safe if strictly maintained the precautions with non-pharmaceutical (and pharmaceutical) measures of control of infections. The Tokyo Summer Olympics hosting will be exemplary for next international events due to the successful implementation of preventive measures during COVID-19 pandemic crisis.",SDG 3 - Good Health and Well-being,,Environmental Science and Pollution Research,10.1007/s11356-022-22660-2,https://pure.kfupm.edu.sa/en/publications/3d94024a-b56a-471c-b3fa-cc06a68ed1d2,KFUPM Pure (OAI-PMH)
KFUPM_718632be-16ea-4617-ac51-03e44082747d,King Fahd University of Petroleum and Minerals,Genetic algorithm optimization to model business investment in fashion design,Khaled A. Al Utaibi; Robia Arif; Sadiq M. Sait; Ayesha Sohail; Mahnoor Awan,2023,,"In the field of marketing, business and finance, the rise and fall and the associated bifurcations can be better interpreted with the aid of differential equations and the dynamical systems. The differential equations, when Incorporated with the delayed dynamics can interpret the financial delays in more realistic manner. The parametric approximation of such differential equations can be achieved with the aid of robust optimization tool, that is termed as the genetic algorithm. In this manuscript, the concept of delay is invoked with the aid of specific factors linked with the raise and fall of investment frequency in the field of fashion industry and the corresponding stability is modeled with the aid of detailed dynamical analysis. The stability and instability criteria of delay differential equations, governing the dynamics of the investment trends is reported in this manuscript. The bifurcation and their relative criteria of occurrence is discussed. The Hopf bifurcation is important since with the aid of the bifurcation analysis, one can obtain a region of instability, and can thus invest in a safer manner by avoiding such circumstances.",,,International Journal of Management Science and Engineering Management,10.1080/17509653.2022.2076169,https://pure.kfupm.edu.sa/en/publications/718632be-16ea-4617-ac51-03e44082747d,KFUPM Pure (OAI-PMH)
KFUPM_a6621fce-0a4b-489a-a886-02a1441c86ad,King Fahd University of Petroleum and Minerals,Natural convection nanofluid flow with heat transfer analysis of carbon nanotubes–water nanofluid inside a vertical truncated wavy cone,Rahmat Ellahi; Ahmed Zeeshan; Aamir Waheed; Nasir Shehzad; Sadiq M. Sait,2023,2023-07-15,"The flow of heat transfer study of carbon nanotubes (CNTs)–water nanofluid over vertical truncated wavy cone is considered. The present boundary layer power law fluid is analyzed near the truncated wavy cone. The considered cone is wavy in physical configuration and placed in a vertical direction. Moreover, nanosized particles of CNTs suspended into water (base fluid) are transporting in two directions, which are modeled by using Boussinesq's approximation. Coordinate transformation is applied in order to shift the wavy surface to a flat surface. Then governing equation dealing with the momentum of nanofluid along with thermal stratification are reduced in dimensionless form by using appropriate transformation. Results point out that the thickness of thermal boundary layer decreases by increasing the value of volume fraction of carbon nanotubes. Finally, the obtained solution is related through a graphical survey, and it is inferred that the investigation is in good accordance with the current literature.",,,Mathematical Methods in the Applied Sciences,10.1002/mma.7281,https://pure.kfupm.edu.sa/en/publications/a6621fce-0a4b-489a-a886-02a1441c86ad,KFUPM Pure (OAI-PMH)
KFUPM_fa1bbebf-be43-4d6a-8f75-2c9caa682d7b,King Fahd University of Petroleum and Minerals,Lightweight Two-Factor-Based User Authentication Protocol for IoT-Enabled Healthcare Ecosystem in Quantum Computing,Alawi A. Al-saggaf; Tarek Sheltami; Hoda Alkhzaimi; Gamil Ahmed,2023,,"The healthcare ecosystem is migrating from legacy systems to the Internet of Things (IoT), resulting in a digital environment. This transformation has increased importance on demanding both secure and usable user authentication methods. Recently, a post-quantum fuzzy commitment scheme (PQFC) has been constructed as a reliable and efficient method of biometric template protection. This paper presents a new two-factor-based user authentication protocol for the IoT-enabled healthcare ecosystem in post-quantum computing environments using the PQFC scheme. The proposed protocol is proved to be secure using random oracle model. Furthermore, the functionality and security of the proposed protocol are analyzed, showing that memoryless-effortless, user anonymity, mutual authentication, and resistance to biometric templates tampering and stolen attacks, stolen smart card attack, privileged interior attack are fulfilled. The costs of storage requirement, computation, communication and storage are estimated. The results demonstrate that the proposed protocol is more efficient than Mukherjee et al., Chaudhary et al., and Gupta et al. protocols.",,,Arabian Journal for Science and Engineering,10.1007/s13369-022-07235-0,https://pure.kfupm.edu.sa/en/publications/fa1bbebf-be43-4d6a-8f75-2c9caa682d7b,KFUPM Pure (OAI-PMH)
KFUPM_d7cf03a3-2bb5-4109-9a08-9dc57089995a,King Fahd University of Petroleum and Minerals,A Survey on Software-Defined Networking-Based 5G Mobile Core Architectures,Abdul Aziz Abdul Ghaffar; Ashraf Mahmoud; Tarek Sheltami; Marwan Abu-Amara,2023,,"Fifth generation (5G) of the cellular network is envisioned to provide diverse services to the users including high data rates, energy efficiency, and low latency. The number of Internet of Things-connected devices, multimedia applications, and mobile users are expected to grow in the next few years. The massive growth in data consumption poses new challenges such as availability and scalability in future cellular networks. Software-defined networking (SDN) is a network technology that introduces flexibility and eases the management of network architecture by separating the control plane and data plane. In this paper, we survey the relevant works that propose an SDN-based mobile core architecture in order to move toward the 5G networks and to handle the complexity of an enormous number of connected devices to the network. We propose a taxonomy in which we categorize these works based on four factors: technology adoption, control plane implementation, evaluation technique, and architecture used in these works. We also provide the shortcomings of these architectures that should be tackled in future research works.",SDG 7 - Affordable and Clean Energy,,Arabian Journal for Science and Engineering,10.1007/s13369-022-07183-9,https://pure.kfupm.edu.sa/en/publications/d7cf03a3-2bb5-4109-9a08-9dc57089995a,KFUPM Pure (OAI-PMH)
KFUPM_00b64955-9088-4d05-a185-b8c7b5c3eaf1,King Fahd University of Petroleum and Minerals,Optimization of FPGA-based CNN accelerators using metaheuristics,Sadiq M. Sait; Aiman El-Maleh; Mohammad Altakrouri; Ahmad Shawahna,2023,,"In recent years, convolutional neural networks (CNNs) have demonstrated their ability to solve problems in many fields and with accuracy that was not possible before. However, this comes with extensive computational requirements, which made general central processing units (CPUs) unable to deliver the desired real-time performance. At the same time, field-programmable gate arrays (FPGAs) have seen a surge in interest for accelerating CNN inference. This is due to their ability to create custom designs with different levels of parallelism. Furthermore, FPGAs provide better performance per watt compared to other computing technologies such as graphics processing units (GPUs). The current trend in FPGA-based CNN accelerators is to implement multiple convolutional layer processors (CLPs), each of which is tailored for a subset of layers. However, the growing complexity of CNN architectures makes optimizing the resources available on the target FPGA device to deliver the optimal performance more challenging. This is because of the exponential increase in the design variables that must be considered when implementing a Multi-CLP accelerator as CNN’s complexity increases. In this paper, we present a CNN accelerator and an accompanying automated design methodology that employs metaheuristics for partitioning available FPGA resources to design a Multi-CLP accelerator. Specifically, the proposed design tool adopts simulated annealing (SA) and tabu search (TS) algorithms to find the number of CLPs required and their respective configurations to achieve optimal performance on a given target FPGA device. Here, the focus is on the key specifications and hardware resources, including digital signal processors (DSPs), block random access memories (BRAMs), and off-chip memory bandwidth. Experimental results and comparisons using four well-known benchmark CNNs are presented demonstrating that the proposed acceleration framework is both encouraging and promising. The SA-/TS-based Multi-CLP achieves 1.31×-2.37× higher throughput than the state-of-the-art Single-/Multi-CLP approaches in accelerating AlexNet, SqueezeNet 1.1, VGGNet, and GoogLeNet architectures on the Xilinx VC707 and VC709 FPGA boards.",,,Journal of Supercomputing,10.1007/s11227-022-04787-8,https://pure.kfupm.edu.sa/en/publications/00b64955-9088-4d05-a185-b8c7b5c3eaf1,KFUPM Pure (OAI-PMH)
KFUPM_1fec151c-5f24-433b-9cdf-f51e84ae4900,King Fahd University of Petroleum and Minerals,Effect of Sea Waves on Vertical Underwater Visible Light Communication Links,Mohammed Elamassie; Sadiq M. Sait; Murat Uysal,2023,2023-04-01,"Underwater visible light communication (VLC) has been proposed to deal with emerging high bandwidth underwater applications. Initial research works on underwater VLC are based on the assumption that both transmitter and receiver are submerged, creating a horizontal link. In most of the vertical communication links, one of the transceiver nodes takes the form of a buoy and requires taking into the effect of the sea surface, which is inherently unsteady due to wind and waves. In this article, we consider a vertical underwater VLC link where the transmitter is in the form of a buoy at the sea surface, and the receiver is a submerged node at a certain depth. We assume sinusoidal waves and consider the fact that the buoy will fluctuate and oscillate, during drifting up and down, around its vertical axis. This effectively results in a 3-D displacement at the suspended transmitter. Building upon these assumptions of practical relevance, we propose an aggregate channel model, which includes a random path loss due to periodic changes of the transmission distance and a fading term induced by pointing errors with periodic changes of relative movement. Based on the proposed statistical model, we derive closed-form expressions for the exact and asymptotic bit error ratio and investigate the achievable diversity orders. We further present numerical results to confirm the analytical findings.",,,IEEE Journal of Oceanic Engineering,10.1109/joe.2022.3211286,https://pure.kfupm.edu.sa/en/publications/1fec151c-5f24-433b-9cdf-f51e84ae4900,KFUPM Pure (OAI-PMH)
KFUPM_52f2477e-895f-45cb-8cc9-a01be454a4a6,King Fahd University of Petroleum and Minerals,Adaptive Modulation for FSO IM/DD Systems with Multiple Transmitters and Receivers,Hatef Nouri; Sadiq M. Sait; Murat Uysal,2023,2023-02-01,"Atmospheric turbulence is a major impairment in free space optical (FSO) communication systems. Since turbulence induced fading exhibits quasi-static characteristics, reliable feedback of channel state information is possible allowing the implementation of adaptive transmission. In this letter, we consider multiple-input single-output (MISO) and single-input multiple-output (SIMO) FSO systems with pulse position modulation (PPM) and pulse amplitude modulation (PAM). We propose an adaptive algorithm where the modulation size/type is adjusted according to the channel fading conditions. We formulate the design of adaptive algorithm to maximize the spectral efficiency under peak and average power constraints while maintaining a targeted value of outage probability. We present extensive Monte Carlo simulations to demonstrate the performance of proposed adaptive scheme over turbulence channels.",,,IEEE Communications Letters,10.1109/lcomm.2022.3222992,https://pure.kfupm.edu.sa/en/publications/52f2477e-895f-45cb-8cc9-a01be454a4a6,KFUPM Pure (OAI-PMH)
KFUPM_d94b534f-8665-4e3b-8763-166842d23d2f,King Fahd University of Petroleum and Minerals,Thermal analysis and entropy generation of magnetic Eyring-Powell nanofluid with viscous dissipation in a wavy asymmetric channel,M. M. Bhatti; Sadiq M. Sait; R. Ellahi; Mikhail A. Sheremet; Hakan Oztop,2023,2023-04-25,"Purpose: This study aims to deal with entropy generation and thermal analysis of magnetic hybrid nanofluid containing silver and gold as nanoparticles (Au-Ag/NPs) in the Eyring–Powell fluid. Design/methodology/approach: The blood is used as a base fluid to study the rheological effects in a wavy asymmetric channel. The effect of viscous dissipation is also taken into account. The mathematical model is developed using the lubrication technique. The perturbation method is used to solve the nondimensional nonlinear differential equations, whereas the pumping properties have been analyzed using numerical integration. Findings: The impact of entropy generation, Brinkman number, Hartmann number, nanoparticles volume fraction, thermal Grashof number, Brinkman number and Eyring–Powell fluid parameter is examined on the velocity profile, temperature profile and pumping characteristics. It is observed that the introduction of gold and silver nanoparticles boosts the velocity field in a smaller segment of the channel. The temperature profile rises for the increasing values of Hartmann number, Brinkman number and nanoparticle volume fractions while the temperature profile is restrained by the Eyring–Powell fluid parameter. The pumping rate rises in all sections as the thermal Grashof number and Hartmann number increase; however, the Eyring–Powell fluid parameter has the reverse effect. The volume of the trapping boluses is significantly affected by the Eyring–Powell fluid parameter, thermal Grashof number and fluid parameter. Originality/value: The results are original and contribute to discover the role of hybrid nanoparticles under the influence of entropy generation viscous dissipation and magnetic fields. Pharmaceutical technology may use this research for things like better mucoadhesive drug delivery systems and more productive peristaltic micropumps.",,,International Journal of Numerical Methods for Heat and Fluid Flow,10.1108/hff-07-2022-0420,https://pure.kfupm.edu.sa/en/publications/d94b534f-8665-4e3b-8763-166842d23d2f,KFUPM Pure (OAI-PMH)
KFUPM_129478bf-335d-4168-8696-9d76f093c311,King Fahd University of Petroleum and Minerals,Design and Implementation of a Real-Time Color Recognition System for the Visually Impaired,Mohammed Samara; Mohamed Deriche; Jihad Al-Sadah; Yahya Osais,2023,,"There is a growing interest in developing Computer-Based Assistive Technology (CAT) systems able to help the Visually Impaired (VI) in their daily needs and integrate well within society. One aspect that has not been well addressed is helping the visually impaired is the identification of colors for daily activities. Color recognition and perception is very important in interacting with the society and the surrounding environment. This paper presents a proof-of-concept design of a real-time embedded system that can help the visually impaired recognize colors, interact, and take decisions based on their perception of colors. Our approach is based on conveying color information, from the full color space, using a unique set of synthesized sound signals. The hardware part of the system is a pen-like device, which can detect color and generate a language-independent auditory signal representing the HSV values of the identified color. Numerous experiments have been performed using the new system with both the visually impaired and some blindfolded (BLD) participants. The system was proven to be very efficient in relation to training time and leads to high accuracy in color detection, classification, and matching tests. These experiments confirmed that the developed sonification scheme is effective yet simple in achieving color perception for the visually impaired. The proof-of-concept achieves about 93 % recognition accuracy using off-the-shelf components, it is cheap to implement, robust, and requires a much shorter time for training when compared to existing systems.",,,Arabian Journal for Science and Engineering,10.1007/s13369-022-07506-w,https://pure.kfupm.edu.sa/en/publications/129478bf-335d-4168-8696-9d76f093c311,KFUPM Pure (OAI-PMH)
KFUPM_8744a760-d784-40ed-839c-0a3b5e4d6be3,King Fahd University of Petroleum and Minerals,Implementation of a new research indicator to QS ranking system,Ghassan Abdul-Majeed; Elameer Amer Saleem; Drai A. Smait; Sadiq H H. Abdulhussain; Sadiq M. Sait; Hasan S. Majdi; Haydar Abdulameer Marhoon; Waleed Khalid Al-Azzawi,2023,,"The QS world university rankings employ six indicators with different weights; namely: academic reputation (40%), Employer reputation (10%), research performance (20% which is basically normalized citations per faculty, Faculty/Student Ratio (20%), International Faculty Ratio (5%) and International Student Ratio (5%). In this ranking system, the research performance is calculated by dividing total normalized citations by the number of full time equivalent faculty. Recently, Abdul-Majeed et al. (2021 proposed a new equation for predicting the research performance of universities, using four variables (number of published papers, number of researchers, total citations, number of non-citesd papers). In the present study, we investigate the influence of using Abdul-Majeed et al. equation on the rank of the top 100 universities of QS ranking. Results have shown that replacing the QS research indicator with that suggested by Abdul-Majeed et al. results in an apparent change in the rank of the 100 universities. The rank of 92 universities has been changed through this new proposal. Furthermore, we modify the Abdul-Majeed et al. equation by including reviewing activity based on information extracted from Publons site. Detailed calculations reveal that most of the top 100 universities have low level of reviewing activity. This modification causes a significant variation (the change reaches 98%) in the rank of the top 100 universities.",,,Scientometrics,10.1007/s11192-022-04611-3,https://pure.kfupm.edu.sa/en/publications/8744a760-d784-40ed-839c-0a3b5e4d6be3,KFUPM Pure (OAI-PMH)
KFUPM_8fb8adb9-79a6-4bc6-a1a6-5ff2dc9ea46e,King Fahd University of Petroleum and Minerals,Resilience analysis of a PV/battery system of health care centres in Rohingya refugee camp,Tamal Chowdhury; Hemal Chowdhury; Kazi Sifatul Islam; Ayyoob Sharifi; Richard Corkish; Sadiq M. Sait,2023,2023-01-15,"Due to frequent natural disasters, it is required for the energy systems to be more resilient and affordable. Numerous investigations can be found in the publications that proposed renewable energy systems to deliver power to localities. Nevertheless, researchers have yet to explore the resiliency benefits of renewable energy systems in refugee camps. Therefore, in this study, we modelled the performance of a PV/battery system for hypothetical health care centres located in the Rohingya refugee camp, Bangladesh. A 24-h grid outage was assigned to the REopt software to observe the survival possibility of the system. An optimized mixed-integer linear programming model is used as it considers several practical parameters such as reducing total cost sufficiently robust to handle the simulated outages perfectly. The optimum system consists of a 643 kW PV and a 102 kW battery. The potential life cycle savings of the system are $27,212, and the system can successfully handle a 24-h duration outage. The system also reduces CO2 emissions by 69% in resilient mode compared to 44% in financial mode. Therefore, it can contribute to climate change mitigation.",SDG 7 - Affordable and Clean Energy; SDG 13 - Climate Action; SDG 11 - Sustainable Cities and Communities,,Energy,10.1016/j.energy.2022.125634,https://pure.kfupm.edu.sa/en/publications/8fb8adb9-79a6-4bc6-a1a6-5ff2dc9ea46e,KFUPM Pure (OAI-PMH)
KFUPM_7ec7b84d-7bc8-4cc9-90c8-2a2b8ed2fc62,King Fahd University of Petroleum and Minerals,On magnetohydrodynamics Powell–Eyring fluid with Cattaneo–Christov heat flux over a curved surface,Ambreen A. Khan; Iqra Saleem; R. Ellahi; Sadiq M. Sait; K. Vafai,2023,2023-07-30,"This study explores the effects of thermal and magnetohydrodynamics (MHD) on Powell–Eyring fluid with the Cattaneo–Christov heat flux over a curved surface. The mathematical framework regarding the physical problem turn out to a set of nonlinear partial differential equation. The set of governing equations are first reduced into nonlinear ordinary differential equations via appropriate transformations and then analytical solutions of resulting nonlinear differential equations have been obtained by optimal homotopy asymptotic method. The influence of involved parameters such as magnetic parameter, fluid parameter, thermal relaxation parameter, curvature parameter, relaxation parameter, Grashof number, material parameter and Prandtl number are discussed and analyzed in tabular as well as in pictorial form. Finally, a comparison with the existing literature is prepared and an excellent agreement is seen.",,,International Journal of Modern Physics B,10.1142/s0217979223501904,https://pure.kfupm.edu.sa/en/publications/7ec7b84d-7bc8-4cc9-90c8-2a2b8ed2fc62,KFUPM Pure (OAI-PMH)
KFUPM_e15edf70-810c-4a79-acb4-92bceb2807ae,King Fahd University of Petroleum and Minerals,Chaotic marine predators algorithm for global optimization of real-world engineering problems,Sumit Kumar; Betul Sultan Yildiz; Pranav Mehta; Natee Panagant; Sadiq M. Sait; Seyedali Mirjalili; Ali Riza Yildiz,2023,2023-02-15,"A novel metaheuristic called Chaotic Marine Predators Algorithm (CMPA) is proposed and investigated for the optimization of engineering problems. CMPA integrates the exploration merits of the recently proposed Marine Predators Algorithm (MPA) with the chaotic maps exploitation capabilities. Several chaotic maps were applied in the proposed CMPA to govern MPA parameters that eventually led to controlled exploration and exploitation of search. This study makes an initial attempt to explore and employ CMPA in decoding complex and challenging design and manufacturing problems. For performance evaluation of the proposed algorithm, CEC 2020 numerical problems having different dimensions and five widely adopted constrained design problems were solved. For all problems, both qualitative and qualitative results are examined and discussed. Moreover, two case studies of multi-pass turning were examined by the proposed CMPA algorithm to optimize the cutting operation with a minimum cost of production per unit objective. Furthermore, the suggested CMPA algorithm has been investigated for solving a real-world structural topology optimization problem. Statistical analysis is performed, and the results of CMPA are compared with twelve distinguished algorithms. Outcomes of the proposed variant algorithm on the benchmarks demonstrate its significantly improved performance relative to other optimizers including a variant of MPA and two state-of-the-art IEEE CEC competitions winners algorithms. Findings from the manufacturing process exhibit CMPA proficiency in solving arduous real-world design problems.","SDG 9 - Industry, Innovation, and Infrastructure",,Knowledge-Based Systems,10.1016/j.knosys.2022.110192,https://pure.kfupm.edu.sa/en/publications/e15edf70-810c-4a79-acb4-92bceb2807ae,KFUPM Pure (OAI-PMH)
KFUPM_c6a46948-a065-4a12-b951-9a9910a3e611,King Fahd University of Petroleum and Minerals,Advanced thermodynamics analysis for sustainable residential sector: a case study of Turkish residential sector,Monirul Islam Miskat; Salman Rahman; Quddus Tushar; Shishir Barai; Nazia Hossain; Fazleh Rabbi; Nadia Sultana Nisha; Sadiq Sait,2023,,"Energy sustainability plays a crucial role in the development of any country. With the booming economy of Turkey, it is necessary to ensure energy sustainability in every sector. The residential sector plays a vital role in energy consumption in Turkey and improving sustainability in this sector can foster Turkey’s development. This study introduced first-time sustainability indicators of Turkey’s residential sector to determine the energy and exergy analyses through a thermodynamics-derived approach based on the data from 2000 to 2017. Monte Carlo simulations have been performed for energy source variation. Possible distribution uncertainties show that natural gas (0.78–0.76), biofuels, and waste (0.39–0.43) are dominant parameters for energy and exergy. Improvement of biofuels and waste, renewable-based energy sources can be a feasible solution for fossil fuel replacement. In Turkey’s residential sector, energy efficiency varies from 27.51 to 35.65%, while exergy efficiency ranges from 25.85 to 34.06%. The sustainability index for Turkey ranges from 1.34 to 1.51. In Turkey, around 65.93 to 74.14% of fossil fuel has been depleted in the last 18 years, which leads to lesser exergetic sustainability. Inefficient cooking, heating appliances, and lighting devices lead to higher exergy loss. Therefore, this study demonstrates the exergy analysis and prediction of the upcoming consequences of this analysis. In the future, Turkey can use higher efficient devices, especially in heating, lighting, and mechanical energy-related appliances, and electricity can be used to attain higher exergetic efficiency. Performed analysis and uncertainties of parameters will assist policymakers in selecting suitable alternative strategies in Turkey’s residential sector for sustainable decision-making.",SDG 7 - Affordable and Clean Energy; SDG 17 - Partnerships for the Goals,,Environmental Science and Pollution Research,10.1007/s11356-022-24889-3,https://pure.kfupm.edu.sa/en/publications/c6a46948-a065-4a12-b951-9a9910a3e611,KFUPM Pure (OAI-PMH)
KFUPM_b1787889-5ff8-449f-9d00-529d6ecd56cb,King Fahd University of Petroleum and Minerals,A novel hybrid flow direction optimizer-dynamic oppositional based learning algorithm for solving complex constrained mechanical design problems,Betül S. Yildiz; Nantiwat Pholdee; Pranav Mehta; Sadiq M. Sait; Sumit Kumar; Sujin Bureerat; Ali Riza Yildiz,2023,,"In this present work, mechanical engineering optimization problems are solved by employing a novel optimizer (HFDO-DOBL) based on a physics-based flow direction optimizer (FDO) and dynamic oppositional-based learning. Five real-world engineering problems, viz. planetary gear train, hydrostatic thrust bearing, robot gripper, rolling bearing, and multiple disc clutch brake, are considered. The computational results obtained by HFDO-DOBL are compared with several newly proposed algorithms. The statistical analysis demonstrates the HFDO-DOBL dominance in finding optimal solutions relatively and competitiveness in solving constraint design optimization problems.",,,Materialpruefung/Materials Testing,10.1515/mt-2022-0183,https://pure.kfupm.edu.sa/en/publications/b1787889-5ff8-449f-9d00-529d6ecd56cb,KFUPM Pure (OAI-PMH)
KFUPM_33e491ce-0c15-490b-86dc-41459deac948,King Fahd University of Petroleum and Minerals,A Hierarchical Algorithm for In-city Parking Allocation Based on Open Street Map and AnyLogic Software,Mohammad A.R. Abdeen; Ibrahim A. Nemer; Tarek R. Sheltami; Mohamed H. Ahmed; Mustafa Elnainay,2023,,"Routing and parking problems are considered a real challenge in the populated cities. An intelligent routing and parking algorithm is needed to facilitate locating the most appropriate parking spots to vehicles in a way that efficiently utilizes parking resources, reduces the traffic congestion, and minimizes trip driving time. This work proposes a hierarchical optimal algorithm to solve the routing and parking problem (HOPRA) using multi-criteria decision concept and historical traffic data. The problem is divided into three parts: finding the preferred parking lot, identifying the parking entrance (in case there are multiple), and then selecting the preferred route to the destination point. The optimal parking lot is defined based on an objective function that depends on the availability rates of the parking lots. After finding the parking lot and the parking entrance, a multi-objective function is used to specify the preferred route to the selected parking lot. This function depends on the travel distance, the traffic rate of a specific route, and the driver’s preferences. We use the Open Street Maps from the AnyLogic software in the implementation stage. We compare HOPRA against the Shortest Route (SR) algorithm that was implemented also in AnyLogic with historical traffic data obtained from HERE technologies for a sample city (Al-Madinah City in Saudi Arabia). The results show that the HORPA algorithm outperforms the SR algorithm in balancing the traffic congestion on the roads and reducing the driving time of the trip.",SDG 11 - Sustainable Cities and Communities,,Arabian Journal for Science and Engineering,10.1007/s13369-022-07528-4,https://pure.kfupm.edu.sa/en/publications/33e491ce-0c15-490b-86dc-41459deac948,KFUPM Pure (OAI-PMH)
KFUPM_f8fe8e36-3018-41f0-8d89-cfac77573037,King Fahd University of Petroleum and Minerals,A novel generalized normal distribution optimizer with elite oppositional based learning for optimization of mechanical engineering problems,Pranav Mehta; Betül Sultan Ylldlz; Nantiwat Pholdee; Sumit Kumar; Ali Riza Yildiz; Sadiq M. Sait; Sujin Bureerat,2023,,"Optimization of engineering discipline problems are quite a challenging task as they carry design parameters and various constraints. Metaheuristic algorithms can able to handle those complex problems and realize the global optimum solution for engineering problems. In this article, a novel generalized normal distribution algorithm that is integrated with elite oppositional-based learning (HGNDO-EOBL) is studied and employed to optimize the design of the eight benchmark engineering functions. Moreover, the statistical results obtained from the HGNDO-EOBL are collated with the data obtained from the well-established algorithms such as whale optimizer, salp swarm optimizer, LFD optimizer, manta ray foraging optimization algorithm, hunger games search algorithm, reptile search algorithm, and INFO algorithm. For each of the cases, a comparison of the statistical results suggests that HGNDO-EOBL is superior in terms of realizing the prominent values of the fitness function compared to established algorithms. Accordingly, the HGNDO-EOBL can be adopted for a wide range of engineering optimization problems.",,,Materialpruefung/Materials Testing,10.1515/mt-2022-0259,https://pure.kfupm.edu.sa/en/publications/f8fe8e36-3018-41f0-8d89-cfac77573037,KFUPM Pure (OAI-PMH)
KFUPM_6e7d5336-f57b-4a4b-9497-d209a753989c,King Fahd University of Petroleum and Minerals,"Current Scenario of Solar Energy Applications in Bangladesh: Techno-Economic Perspective, Policy Implementation, and Possibility of the Integration of Artificial Intelligence",Monirul Islam Miskat; Protap Sarker; Hemal Chowdhury; Tamal Chowdhury; Md Salman Rahman; Nazia Hossain; Piyal Chowdhury; Sadiq M. Sait,2023,,"Bangladesh is blessed with abundant solar resources. Solar power is considered the most desirable energy source to mitigate the high energy demand of this densely populated country. Although various articles deal with solar energy applications in Bangladesh, no detailed review can be found in the literature. Therefore, in this study, we report on the current scenario of renewable energy in Bangladesh and the most significant potential of solar energy’s contribution among multiple renewable energy resources in mitigating energy demand. One main objective of this analysis was to outline the overall view of solar energy applications in Bangladesh to date, as well as the ongoing development of such projects. The technical and theoretical solar energy potential and the technologies available to harvest solar energy were also investigated. A detailed techno-economic design of solar power applications for the garment industry was also simulated to determine the potential of solar energy for this specific scenario. Additionally, renewable energy policies applied in Bangladesh to date are discussed comprehensively, with an emphasis on various ongoing projects undertaken by the government. Moreover, we elaborate global insight into solar power applications and compare Bangladesh’s current solar power scenario with that of other regions worldwide. Furthermore, the potential of artificial intelligence to accelerate solar energy enhancement is delineated comprehensively. Therefore, in this study, we determined the national scenarios of solar power implementation in Bangladesh and projected the most promising approaches for large-scale solar energy applications using artificial intelligence approaches.",SDG 7 - Affordable and Clean Energy; SDG 13 - Climate Action,,Energies,10.3390/en16031494,https://pure.kfupm.edu.sa/en/publications/6e7d5336-f57b-4a4b-9497-d209a753989c,KFUPM Pure (OAI-PMH)
KFUPM_0a20d7c3-9dde-4fa6-a3df-582d7ac9e0a5,King Fahd University of Petroleum and Minerals,Exact Versus Inexact Decimal Floating-Point Numbers and Arithmetic,Muhamed F. Mudawar,2023,,"The IEEE 754 standard does not distinguish between exact and inexact floating-point numbers. There is no bit or field in the binary encoding that indicates whether a floating-point number is exact or not. This is the case for binary and decimal floats. An inexact operation raises an inexact flag in a floating-point status register. The inexact result is rounded and used in a later operation as if it were exact. The floating-point arithmetic unit treats all the input operands as if there were exact, and hence might produce substantial errors in the final computed results. This paper focuses on making the distinction between exact and inexact decimal numbers and defines arithmetic operations on both types of numbers. If the result of a sequence of operations is exact, the user can trust that every decimal digit in the computed result is correct. On the other hand, if some input operands are inexact or the result cannot be computed exactly, a loss of significant digits occurs. A different representation is used for the inexact computed value. An estimate of the absolute error is also part of the inexact computed result. The decimal numbers and arithmetic operations introduced in this paper produce more accurate results that those computed by the IEEE 754 standard. A simple evaluation is shown in the last Section of this paper.",,,IEEE Access,10.1109/access.2023.3244891,https://pure.kfupm.edu.sa/en/publications/0a20d7c3-9dde-4fa6-a3df-582d7ac9e0a5,KFUPM Pure (OAI-PMH)
KFUPM_607dddfc-043b-4116-be01-f3192394da44,King Fahd University of Petroleum and Minerals,Transient heat transfer and electro-osmotic flow of Carreau–Yasuda non-Newtonian fluid through a rectangular microchannel,Saeed Ghorbani; Amin Emamian; Amin Amiri Delouei; R. Ellahi; Sadiq M. Sait; Mohamed Bechir Ben Hamida,2023,2023-05-19,"Purpose: The purpose of this study is to investigate heat transfer and electrokinetic non-Newtonian flow in a rectangular microchannel in the developed and transient states. Design/methodology/approach: The Carreau–Yasuda model was considered to capture the non-Newtonian behavior of the fluid. The dimensionless forms of governing equations, including the continuity equation for the Carreau–Yasuda fluid, are numerically solved by considering the volumetric force term of electric current (DC). Findings: The impact of pertinent parameters such as electrokinetic diameter (R), Brinkman number and Peclet number is examined graphically. It is observed that for increasing R, the bulk velocity decreases. The velocity of the bulk fluid reaches from the minimum to the maximum state across the microchannel over time. At the electrokinetic diameter of 400, the maximum velocity was obtained. Temperature graphs are plotted with changes in the various Brinkman number (0.1 < (Formula presented.) r < 0.7) at different times, and local Nusselt are compared against changes in the Peclet number (0.1 < ℘e < 0.5). The results of this study show that by increasing the Brinkman number from 0.25 to 0.7, the temperature along the microchannel doubles. It was observed that increasing the Peclet number from 0.3 to 0.5 leads to 200% increment of the Nusselt number along the microchannel in some areas along the microchannel. The maximum temperature occurs at Brinkman number of 0.7 and the maximum value of the local Nusselt number is related to Peclet number 0.5. Over time in the transient mode, the Nusselt number also decreases along the microchannel. By the increasing of time, the temperature increases at given value of Brinkman, which is insignificant at Brinkman number of 0.1. The simulation results have been verified by Newtonian and non-Newtonian flows with adequate accuracy. Originality/value: This study contributes to discovering the effects of transient flow of electroosmotic flow for non-Newtonian Carreau–Yasuda fluid and transient heat transfer through rectangular microchannel. To the authors’ knowledge, the said investigation is yet not available in existing literature.",,,International Journal of Numerical Methods for Heat and Fluid Flow,10.1108/hff-11-2022-0657,https://pure.kfupm.edu.sa/en/publications/607dddfc-043b-4116-be01-f3192394da44,KFUPM Pure (OAI-PMH)
KFUPM_1a25e503-dc5b-4eac-86e7-400caed8f26e,King Fahd University of Petroleum and Minerals,Fog computing-assisted path planning for smart shopping,Farouq Aliyu; Mohammad A.R. Abdeen; Tarek Sheltami; Tareq Alfraidi; Mohamed H. Ahmed,2023,,"A Smart City (SC) is a viable solution for green and sustainable living, especially with the current explosion in global population and rural-urban immigration. One of the fields that is not getting much attention in the Smart Economy (SE) is customer satisfaction. The SE is a component of SC that is concerned with using Information and Communication Technology (ICT) to improve stages of the traditional economy. In this paper, we propose a fog computing-based shopping recommendation system. Our simulations used Al-Madinah city as a case study. It aims to improve the customer shopping experience. Customers in shopping malls can connect to the system via Wi-Fi. Then the system recommends products to the shoppers according to their preferences. It optimizes shoppers’ schedules using price, the distance between the shops, and the congestion. It also improves customers’ savings by up to 30%. It also increases the shopping speed by up to 6.12% compared to the system proposed in the literature.",SDG 11 - Sustainable Cities and Communities,,Multimedia Tools and Applications,10.1007/s11042-023-14926-9,https://pure.kfupm.edu.sa/en/publications/1a25e503-dc5b-4eac-86e7-400caed8f26e,KFUPM Pure (OAI-PMH)
KFUPM_15d93c67-8207-4110-91d5-45471fc35803,King Fahd University of Petroleum and Minerals,Energy-Efficient UAVs Coverage Path Planning Approach,Gamil Ahmed; Tarek Sheltami; Ashraf Mahmoud; Ansar Yasar,2023,,"Unmanned aerial vehicles (UAVs), commonly known as drones, have drawn significant consideration thanks to their agility, mobility, and flexibility features. They play a crucial role in modern reconnaissance, inspection, intelligence, and surveillance missions. Coverage path planning (CPP) which is one of the crucial aspects that determines an intelligent system’s quality seeks an optimal trajectory to fully cover the region of interest (ROI). However, the flight time of the UAV is limited due to a battery limitation and may not cover the whole region, especially in large region. Therefore, energy consumption is one of the most challenging issues that need to be optimized. In this paper, we propose an energy-efficient coverage path planning algorithm to solve the CPP problem. The objective is to generate a collision-free coverage path that minimizes the overall energy consumption and guarantees covering the whole region. To do so, the flight path is optimized and the number of turns is reduced to minimize the energy consumption. The proposed approach first decomposes the ROI into a set of cells depending on a UAV camera footprint. Then, the coverage path planning problem is formulated, where the exact solution is determined using the CPLEX solver. For small-scale problems, the CPLEX shows a better solution in a reasonable time. However, the CPLEX solver fails to generate the solution within a reasonable time for large-scale problems. Thus, to solve the model for large-scale problems, simulated annealing for CPP is developed. The results show that heuristic approaches yield a better solution for large-scale problems within a much shorter execution time than the CPLEX solver. Finally, we compare the simulated annealing against the greedy algorithm. The results show that simulated annealing outperforms the greedy algorithm in generating better solution quality.",SDG 7 - Affordable and Clean Energy,,CMES - Computer Modeling in Engineering and Sciences,10.32604/cmes.2023.022860,https://pure.kfupm.edu.sa/en/publications/15d93c67-8207-4110-91d5-45471fc35803,KFUPM Pure (OAI-PMH)
KFUPM_eed91f1f-2ec3-466e-a47f-55f340117e5c,King Fahd University of Petroleum and Minerals,Efficient Implementation of Reverse Time Migration Seismic Imaging on FPGAs,Alhussain Ibrahim; Abdullah Alsultan; Muhammad Elrabaa; Aiman El-Maleh; Thierry Tonellot,2023,,"This work presents an alternative computing platform, Field Programmable Gate Arrays (FPGAs), for one of the widely used applications in the oil and gas industry; seismic imaging using reverse time migration (RTM). As with many of the oil and gas applications, RTM involves many computations performed repeatedly over extremely large number of data points. Conventionally, such computations were implemented as a sequence of temoral steps and parallelized using multi-core CPUs or GPUs at various levels of abstractions (task, thread, and instruction-levels). With FPGAs, computations can be parallelized and implemented as spatially separated steps (i.e. the computing fabric can be configured to carry out all the computations, side-bu-side rather than as temoral steps). In this work, we illustrate the spatial computing capabilities of FPGAs using RTM. Two different implementations with different types of optimizations were developed. Performance optimizations and measurements based on experimental test bed are reported.",,,"Society of Petroleum Engineers - Middle East Oil, Gas and Geosciences Show, MEOS 2023",10.2118/213299-ms,https://pure.kfupm.edu.sa/en/publications/eed91f1f-2ec3-466e-a47f-55f340117e5c,KFUPM Pure (OAI-PMH)
KFUPM_6005065e-5abe-40fc-bdf6-9bcc924c6f68,King Fahd University of Petroleum and Minerals,Medical imaging and nano-engineering advances with artificial intelligence,Khalid Al Utaibi; Usama Ahmad; Sadiq M. Sait; Sohail Iqbal,2023,,"Medical imaging is a broad field of research and artificial intelligence used to explore such images is termed as AI-Imaging. AI-imaging is further divided into sub-branches including the computational, theoretical and practical experiments in wet and dry labs. The current research focuses on the background of medical imaging, recent advances in the field of medical imaging for oncology, challenges and possible solutions. During this research, some computational and programing tools are outlined. The process of image segmentation is important as it can help to explore the medical images in more detail. During this research, the steps involved in image segmentation are outlined and the numerical experiments are performed on a set of breast cancer medical images. It is concluded during this research that the achievements in this domain are always credited by the smart programing & computational tools and computer vision. The current research also outlines the step-wise protocols of deep learning, designed for different types of medical imaging such as X-rays, CT-scan and MRI are documented to provide a comprehensive understanding, that can help in bridging the two domains of medicine and computer vision, in a reliable and fruitful manner.",SDG 3 - Good Health and Well-being,,"Proceedings of the Institution of Mechanical Engineers, Part N: Journal of Nanomaterials, Nanoengineering and Nanosystems",10.1177/23977914231161443,https://pure.kfupm.edu.sa/en/publications/6005065e-5abe-40fc-bdf6-9bcc924c6f68,KFUPM Pure (OAI-PMH)
KFUPM_6b4f0fa4-d00c-4986-8b92-00b56f073397,King Fahd University of Petroleum and Minerals,Hydromagnetic flow of two immiscible nanofluids under the combined effects of Ohmic and viscous dissipation between two parallel moving plates,Ahmad Zeeshan; Munir Ahmad; Rahmat Ellahi; Sadiq M. Sait; Nasir Shehzad,2023,2023-06-01,"The hydromagnetic flow of immiscible nanofluids between two parallel plates is investigated. Two regions, namely, (i) Region 1 is filled with base fluid kerosene oil with silver Ag nanoparticles, while (ii) Region 2 is filled with base fluid water with titanium dioxide TiO2 nanoparticles. Analytic solutions of nonlinear coupled differential equations have been obtained. The velocity and temperature profile results are discovered to flatten out when the magnetic field's inclination angle decreases. Impact of key parameters like inclination of the magnetic field, Hartmann number and load parameter with thermal conductivity ration have been illustrated graphically.",,,Journal of Magnetism and Magnetic Materials,10.1016/j.jmmm.2023.170741,https://pure.kfupm.edu.sa/en/publications/6b4f0fa4-d00c-4986-8b92-00b56f073397,KFUPM Pure (OAI-PMH)
KFUPM_a08f777e-bf82-40a3-b980-03904733a2ce,King Fahd University of Petroleum and Minerals,A novel hybrid arithmetic optimization algorithm for solving constrained optimization problems,Betul Sultan Yıldız; Sumit Kumar; Natee Panagant; Pranav Mehta; Sadiq M. Sait; Ali Riza Yildiz; Nantiwat Pholdee; Sujin Bureerat; Seyedali Mirjalili,2023,2023-07-08,"The present study aims to optimize the engineering design and manufacturing problems with a novel hybrid optimizer named: AOA-NM (Arithmetic optimization-Nelder mead). To overcome the local optima trap shortcoming and improve the solution quality of a recently introduced arithmetic optimization algorithm (AOA), the Nelder–Mead local search methodology has been incorporated into the basic AOA framework. The objective of the proposed hybridization approach was to facilitate the refinement of the exploration–exploitation behaviour of the AOA search. In the numerical validation stage, numerous multidimensional benchmarks from the CEC2020 were used as challenging testing functions to investigate the suggested AOA-NM optimizer. To investigate the viability of the proposed hybridized algorithm in real-world applications, it is investigated for ten constrained engineering design problems, and the performance was contrasted with other distinguished metaheuristics extracted from the literature. Additionally, a hands-on manufacturing problem of milling process parameter optimization and vehicle structure shape optimization is posed and solved at the forefront to evaluate both AOA and AOA-NM efficacy. The proficiency of the AOA-NM algorithm, in terms of both solution quality and stability, is confirmed by performed comparative analysis and found to be robust in handling challenging practical issues.","SDG 9 - Industry, Innovation, and Infrastructure",,Knowledge-Based Systems,10.1016/j.knosys.2023.110554,https://pure.kfupm.edu.sa/en/publications/a08f777e-bf82-40a3-b980-03904733a2ce,KFUPM Pure (OAI-PMH)
KFUPM_db004f2f-6dc8-46b5-ac36-6592c802838d,King Fahd University of Petroleum and Minerals,Energy-Efficient Optimization of Multi-User NOMA-Assisted Cooperative THz-SIMO MEC Systems,Omar Maraqa; Saad Al-Ahmadi; Aditya S. Rajasekaran; Hamza U. Sokun; Halim Yanikomeroglu; Sadiq M. Sait,2023,2023-06-01,"The various requirements in terms of data rates and latency in beyond 5G and 6G networks have motivated the integration of a variety of communications schemes and technologies to meet these requirements in such networks. Among these schemes are Terahertz (THz) communications, cooperative non-orthogonal multiple-access (NOMA)-enabled schemes, and mobile edge computing (MEC). THz communications offer abundant bandwidth for high-data-rate short-distance applications and NOMA-enabled schemes are promising schemes to realize the target spectral efficiencies and low latency requirements in future networks, while MEC would allow distributed processing and data offloading for the emerging applications in these networks. In this paper, an energy-efficient scheme of multi-user NOMA-assisted cooperative THz single-input multiple-output (SIMO) MEC systems is proposed to allow the uplink transmission of offloaded data from the far cell-edge users to the more computing resources in the base station (BS) through the cell-center users. To reinforce the performance of the proposed scheme, two optimization problems are formulated and solved, namely, the first problem minimizes the total users' energy consumption while the second problem maximizes the total users' computation energy efficiency (CEE) for the proposed scheme. In both problems, the NOMA user pairing, the BS receive beamforming, the transmission time allocation, and the NOMA transmission power allocation coefficients are optimized, while taking into account the full-offloading requirements of each user as well as the predefined latency constraint of the system. The obtained results reveal new insights into the performance and design of multi-user NOMA-assisted cooperative THz-SIMO MEC systems. Particularly, with relatively high offloading rate demands (several Gbits/user), we show that (i) the proposed scheme can handle such demands while satisfying the predefined latency constraint, and (ii) the full-offloading model can be considered the most effective solution in conserving mobile devices' resources as compared to the system with the partial-offloading model or the system without offloading.",SDG 7 - Affordable and Clean Energy,,IEEE Transactions on Communications,10.1109/tcomm.2023.3265123,https://pure.kfupm.edu.sa/en/publications/db004f2f-6dc8-46b5-ac36-6592c802838d,KFUPM Pure (OAI-PMH)
KFUPM_a25e76c6-3c25-4928-b5fd-3c4f4f2c9718,King Fahd University of Petroleum and Minerals,Variational Quantum Algorithms for Solving Vehicle Routing Problem,Muhammad Alsaiyari; Muhamad Felemban,2023,,"Vehicle Routing Problem (VRP) is considered one of the most challenging problems with application in several domains, including transportation and logistics distribution. VRP is known to be NP-Hard problem. Several algorithms have been proposed to solve VRP in polynomial time. However, these algorithms are inefficient if the VRP instance increases. Recently, researchers investigated how quantum computing can be used to solve VRP. In particular, two promising variational quantum algorithms have been studied, i.e., Variational Quantum Eigensolver (VQE) and Quantum Approximate Optimization Algorithm (QAOA). In this paper, we implement both algorithms on IBM Qiskit and compare their evaluation in solving several instances of VRP. We observe that current Noisy-Intermediate Scale Quantum (NISQ) devices cannot solve VRP instances beyond 5 nodes and 2 vehicles. Furthermore, we observe that classical optimizers still provide better results.","SDG 9 - Industry, Innovation, and Infrastructure",,"International Conference on Smart Computing and Application, ICSCA 2023",10.1109/icsca57840.2023.10087522,https://pure.kfupm.edu.sa/en/publications/a25e76c6-3c25-4928-b5fd-3c4f4f2c9718,KFUPM Pure (OAI-PMH)
KFUPM_f184e757-4d50-45f6-8787-ce1838b1318a,King Fahd University of Petroleum and Minerals,IoT-enabled smart mask for monitoring body parameters and location through cloud,S. Mekid; K. Chenaoua,2023,,"In the last interim guidance, the WHO advised the use of masks in communities, during home care, and in healthcare settings in areas with reported cases of COVID-19. This advice was intended for individuals in the community, public health and infection prevention and control (IPC) professionals, healthcare managers, healthcare workers (HCWs), and community health workers. As the two primary routes of transmission of the COVID-19 virus are respiratory droplets and contact, face masks have become potential safety tools in public places. Subsequent contact with the face, eyes, nose, and mouth following contamination is detrimental. However, during this pandemic, physicians and nurses have suffered the consequences of wearing face masks for several hours. Therefore. a full-face mark, which ensures filtered breathing during the day, is critical. The proposed smart mask model protects the respiration of mask wearers and monitors their body temperature, sneezing attacks, and social distancing. Moreover, it registers their geographical location after ensuring ID registration. The proposed mask can be used both indoors and outdoors. Moreover, data can be processed locally for alarms related to temperature and social distancing. The remaining data are sent to a cloud for post-processing to record the histories of mask wearers in all parameters, including their geographical dynamic location, to track the possible spread of contamination. The prototype and measurement results demonstrate the practicality and potential utility of mass numbers.",,,Internet of Things (Netherlands),10.1016/j.iot.2023.100794,https://pure.kfupm.edu.sa/en/publications/f184e757-4d50-45f6-8787-ce1838b1318a,KFUPM Pure (OAI-PMH)
KFUPM_41cbbe45-747e-4c93-8174-316037029502,King Fahd University of Petroleum and Minerals,Analytical Solutions of Peristalsis Flow of Non-Newtonian Williamson Fluid in a Curved Micro-Channel under the Effects of Electro-Osmotic and Entropy Generation,Ambreen A. Khan; B. Zahra; R. Ellahi; Sadiq M. Sait,2023,,"In the current effort, the effects of entropy generation and electro-osmotic driven peristaltic flow of non-Newtonian Williamson liquid in a curved micro-channel is investigated. Formulation of the problem is conducted in a wave frame of reference. Due to the complexity of non-Newtonian fluid, the analytical solutions of non-linear coupled equations are not easy to obtain and are very rarely found in the literature. For analytical solutions, the governing equations are reduced in the form of the Bessel function. The electric double layer is employed as a result of a zeta potential of about 25 mV. The low Reynolds number and long wavelength approximations are taken into account. Graphical analysis has been carried out for velocity, temperature and entropy for physical parameters. It is noted that the Brinkmann number enhances the temperature. The results of this model will be extremely helpful in designing electro-peristaltic pumps for thermal systems.",,,Symmetry,10.3390/sym15040889,https://pure.kfupm.edu.sa/en/publications/41cbbe45-747e-4c93-8174-316037029502,KFUPM Pure (OAI-PMH)
KFUPM_43d89810-ff14-4b0f-b906-ca5eb7ecba37,King Fahd University of Petroleum and Minerals,Attack Simulation on Data Distribution Service-based Infrastructure System,Basem Al-Madani; Hawazen Alzahrani; Farouq Aliyu; Gary Wills; Levente Buttyan; Peter Kacsuk; Victor Chang,2023,,Data Distributed Service (DDS) is a widely used publish-subscribe-based middleware protocol for real-time machine-to-machine communication. Many critical infrastructure systems employ DDS for Real-Time applications. These DDS-based systems must operate effectively. This study examined the possibility of manipulating or improperly configuring DDS to facilitate malicious activities. A client-side attack on a DDS-based system and its consequences were the main topics of the research since DDS systems are isolated from other networks and external users. We investigated two security flaws in DDS in an isolated environment to show how they could be employed to compromise a DDS feature. The manipulation of QoS policy configurations in the DDS system demonstrated that it has become more secure than the early versions.,"SDG 9 - Industry, Innovation, and Infrastructure",,"Proceedings of the 8th International Conference on Internet of Things, Big Data and Security, IoTBDS 2023",10.5220/0011956200003482,https://pure.kfupm.edu.sa/en/publications/43d89810-ff14-4b0f-b906-ca5eb7ecba37,KFUPM Pure (OAI-PMH)
KFUPM_6a782a27-54b4-44ce-8508-0149473e52e5,King Fahd University of Petroleum and Minerals,Novel Aspects of Cilia-Driven Flow of Viscoelastic Fluid through a Non-Darcy Medium under the Influence of an Induced Magnetic Field and Heat Transfer,Muhammad Mubashir Bhatti; Fehid Ishtiaq; Rahmat Ellahi; Sadiq M. Sait,2023,,"The spontaneous movement of natural motile cilia in the form of metachronal waves is responsible for fluid transport. These cilia, in particular, play important roles in locomotion, feeding, liquid pumping, and cell delivery. On the other hand, artificial cilia can be useful in lab-on-a-chip devices for manipulation processes. In this study, a novel model for the ciliated tapered channel in Sutterby fluid flow under the impact of an induced magnetic field and heat transport is proposed. The Darcy–Brinkman–Forchheimer law for porous media with a viscous dissipation function is considered. With the help of lubrication theory, the simplified non-linear form of the leading equation with cilia-oriented boundary conditions is achieved. The analytical results of differential equations are based on the topological perturbation approach. The numerical simulation is performed to elaborate on the physical interpretations of emerging parameters through computer software.",,,Mathematics,10.3390/math11102284,https://pure.kfupm.edu.sa/en/publications/6a782a27-54b4-44ce-8508-0149473e52e5,KFUPM Pure (OAI-PMH)
KFUPM_403f6bd1-3c5c-49fe-9530-61f4c45de757,King Fahd University of Petroleum and Minerals,Localization of Autonomous Underwater Vehicles using Airborne Visible Light Communication Links,Jaeed Bin Saif; Mohamed Younis; Fow Sen Choa; Akram Ahmed,2023,,"In an application involving Autonomous Underwater Vehicles (AUV) it is important to track the trajectory and spatially correlate the collected data. Relying on an Inertial Navigation System (INS) while factoring in the initial AUV position would not suffice given the major accumulated errors. Employing surface nodes is a logistically complicated option, especially for missions involving emerging events. This paper proposes a novel localization approach that offers both agility and accuracy. The idea is to exploit a communication mechanism across the air-water interface. In particular, we employ an airborne unit, e.g., a drone, that scans the area of interest and uses visual light communication (VLC) to reach the AUV. In essence, the airborne unit defines virtual anchors with known GPS coordinates. The AUV uses the light intensity of the received VLC transmissions to estimate the range relative to the anchor points and then determine its own global coordinates at various time instances. The proposed approach is validated through extensive simulation experiments. The simulation results demonstrate the viability of our approach and analyze the effect of the VLC parameters.",,,"32nd Wireless and Optical Communications Conference, WOCC 2023",10.1109/wocc58016.2023.10139492,https://pure.kfupm.edu.sa/en/publications/403f6bd1-3c5c-49fe-9530-61f4c45de757,KFUPM Pure (OAI-PMH)
KFUPM_37a7c0ab-feac-494c-b5ab-44af4fdfa2dd,King Fahd University of Petroleum and Minerals,Evaluation of Human Immune-Based IDPS Under DoS/DDoS Attacks,Farouq Aliyu; Tarek Sheltami; Marwan Abu-Amara; Mohamed Deriche; Ashraf Mahmoud; Kevin Daimi; Abeer Al Sadoon,2023,,"Typical intrusion detection and prevention systems (IDPS) require a lot of computing resources such as; CPU time, memory, and energy. However, some resources are not in abundance in fog computing (FC). FC is a computer networking paradigm where computing devices provide services to the user in place of the server. In our previous research, we proposed an IDPS that mimics the human immune behavior by using layers of defense that interact with one another to detect attacks aimed at the fog layer. This paper investigates how the proposed system adapts to denial of service (DoS) and distributed denial of service (DDoS) attacks. The results show that the system has an accuracy of 91.46%. More importantly, the system can recover from both with the help of its intrusion prevention mechanism.",,,Proceedings of the 2023 International Conference on Advances in Computing Research (ACR’23),10.1007/978-3-031-33743-7_41,https://pure.kfupm.edu.sa/en/publications/37a7c0ab-feac-494c-b5ab-44af4fdfa2dd,KFUPM Pure (OAI-PMH)
KFUPM_2c32133f-0461-4128-adca-dc66d0d1208b,King Fahd University of Petroleum and Minerals,Cheetah optimization algorithm for optimum design of heat exchangers,Sadiq M. Sait; Pranav Mehta; Dildar Gürses; Ali Riza Yildiz,2023,,"Thermal system optimization is always a challenging task due to several constraints and critical concepts of thermo-hydraulic aspects. Heat exchangers are one of those devices that are widely adopted in thermal industries for various applications such as cryogenics, heat recovery, and heat transfer applications. According to the flow configurations and enhancement of fins, the heat exchangers are classified as plate-fin heat exchangers, shell and tube heat exchangers, and tube-fin heat exchangers. This article addresses the economic optimization challenge of plate-fin heat exchangers using cheetah optimization (CO) algorithm. The design variables were optimized using the CO algorithm, and statistical results were compared with eight well-established algorithms. The study revealed that the cheetah algorithm is prominent in terms of realizing minimizing the overall cost of the plate-fin heat exchanger with a 100 % of success rate. Furthermore, the study suggests adopting the cheetah optimizer for solving optimization challenges in different fields.","SDG 9 - Industry, Innovation, and Infrastructure",,Materialpruefung/Materials Testing,10.1515/mt-2023-0015,https://pure.kfupm.edu.sa/en/publications/2c32133f-0461-4128-adca-dc66d0d1208b,KFUPM Pure (OAI-PMH)
KFUPM_f4bfaa2e-ceef-4516-8b00-6c8cf621ba2f,King Fahd University of Petroleum and Minerals,Adaptive Cruise Control Based on Real-Time DDS Middleware,Basem Almadani; Najood Alshammari; Anas Al-Roubaiey,2023,,"This paper discusses the Adaptive Cruise Control (ACC) system, which is a solution that allows drivers to minimize the amount of time spent driving. It supports four different driving modes and regulates the acceleration and deceleration of the car in order to maintain a fixed speed or avoid a collision with another vehicle. Real-Time Publish-Subscribe (RTPS) middleware has emerged as one of the most efficient and practical options for the real solutions to the difficulties listed above. This paper proposes to develop a real-time system for integrating the various components of ACC, such as Information Cluster, Radar, Brake Switches, Cruise Switches, ACC Controller, Engine/Throttle Controller, Brake Controller, Brake Actuators, Speed Sensors, and Back Brake Lights. The exchange of data is through a RTPS Data Distribution Service (DDS) middleware. The design of the publish/subscribe model was explained in detail in this paper along with the proper Quality of Service (QoS) policies suggested to govern the behavior of the model.",,,IEEE Access,10.1109/access.2023.3296317,https://pure.kfupm.edu.sa/en/publications/f4bfaa2e-ceef-4516-8b00-6c8cf621ba2f,KFUPM Pure (OAI-PMH)
KFUPM_72e68dee-f2df-457b-bea0-7c97cdd40ca4,King Fahd University of Petroleum and Minerals,A multi-strategy boosted prairie dog optimization algorithm for global optimization of heat exchangers,Dildar Gürses; Pranav Mehta; Sadiq M. Sait; Sumit Kumar; Ali Riza Yildiz,2023,,"In this article, a new prairie dog optimization algorithm (PDOA) is analyzed to realize the optimum economic design of three well-known heat exchangers. These heat exchangers found numerous applications in industries and are an imperative part of entire thermal systems. Optimization of these heat exchangers includes knowledge of thermo-hydraulic designs, design parameters and critical constraints. Moreover, the cost factor is always a challenging task to optimize. Accordingly, total cost optimization, including initial and maintenance, has been achieved using multi strategy enhanced PDOA combining PDOA with Gaussian mutation and chaotic local search (MSPDOA). Shell and tube, fin-tube and plate-fin heat exchangers are a special class of heat exchangers that are utilized in many thermal heat recovery applications. Furthermore, numerical evidences are accomplished to confirm the prominence of the MSPDOA in terms of the statistical results. The obtained results were also compared with the algorithms in the literature. The comparison revealed the best performance of the MSPDOA compared to the rest of the algorithm. The article further suggests the adaptability of MSPDOA for various real-world engineering optimization cases.","SDG 9 - Industry, Innovation, and Infrastructure",,Materialpruefung/Materials Testing,10.1515/mt-2023-0082,https://pure.kfupm.edu.sa/en/publications/72e68dee-f2df-457b-bea0-7c97cdd40ca4,KFUPM Pure (OAI-PMH)
KFUPM_907d3a32-ddea-420f-afd3-0ab4564259fa,King Fahd University of Petroleum and Minerals,Integrated Operation Centers in Smart Cities: A Humanitarian Engineering Perspective,Basem Almadani; Farouq Aliyu; Abdulrahman Aliyu,2023,,"The United Nations predicted that 68% of the world’s population will live in urban areas by 2050. Currently, the resources in urban areas are barely enough to cater to the inhabitants’ needs. Scientists believe that automation is the solution. Hence, they believe that Smart Cities could offer a sustainable solution for the increasing rural-to-urban migration because they improve the quality of service by efficiently managing the limited resources the citizens share. However, community laws stipulate when and who governs the cities. These officials are responsible for decision making, which limits the quality of automation and smartness of the city. Integrated Operation Centers (IOCs) help to minimize this limitation. They gather information, process it, and visualize it for the managers. Thus, IOCs enable them to make informed and quick decisions on critical issues. This paper processed 64 conferences and journals on IOCs using the PRISMA method. The systematic literature review investigates the applications of IOCs, and we present a taxonomy for them. Also, we looked at how they impact humanity and environmental sustainability. We found that IOCs help to coordinate automation, disaster response, and security. They also help to conserve natural resources. Finally, we uncover some challenges of implementing IOCs and possible research directions.",SDG 11 - Sustainable Cities and Communities; SDG 17 - Partnerships for the Goals,,Sustainability (Switzerland),10.3390/su151411101,https://pure.kfupm.edu.sa/en/publications/907d3a32-ddea-420f-afd3-0ab4564259fa,KFUPM Pure (OAI-PMH)
KFUPM_2dd4bb18-4404-4aac-907a-7dde8cad7bcb,King Fahd University of Petroleum and Minerals,A Machine Learning Based Method for Object Detection and Localization Using a Monocular RGB Camera Equipped Drone,Abdulrahman Javaid; Miswar Akhtar Syed; Uthman Baroudi,2023,,"Growing Unmanned Aerial Vehicle (UAV) market trends and interest in potential uses such as monitoring, visual inspection, object detection, and path planning have shown promising results using machine learning techniques. However, UAV adoption faces several challenges in real-life scenarios as lowaccuracy sensors are involved in the identification, tracking, and localization of UAVs. In order to overcome the aforementioned challenges, this paper proposes an intelligent machine learningbased system coupled with computer vision (CV) to detect objects and localize UAVs equipped with just a monocular camera. The experimental results using the Telo DJI drone demonstrate that the proposed methodology can detect, track objects, and localize the drone with high accuracy. The system's ability for automated monitoring in real environments can lend its uses for urban traffic, logistics, and security applications.",SDG 11 - Sustainable Cities and Communities,,"2023 International Wireless Communications and Mobile Computing, IWCMC 2023",10.1109/iwcmc58020.2023.10182369,https://pure.kfupm.edu.sa/en/publications/2dd4bb18-4404-4aac-907a-7dde8cad7bcb,KFUPM Pure (OAI-PMH)
KFUPM_1289de67-c3e6-444e-8bb1-d10bbeab625a,King Fahd University of Petroleum and Minerals,Secure PIN-Entry Method Using One-Time PIN (OTP),Farid Binbeshr; Lip Yee Por; M. L.Mat Kiah; A. A. Zaidan; Muhammad Imam,2023,,"The regular PIN-entry method has been still the most common method of authentication for systems and networks. However, PINs are easy to be captured through various attacks, including shoulder-surfing, video-recording, and spyware. This could be attributed to the involuntary nature of entering the original PIN during authentication. In this paper, we employ an indirect input method that utilizes the addition mod 10 and a mini-challenge keypad in order to produce a one-time PIN (OTP) that obscures the original PIN. The results of our user study manifest that the proposed PIN-entry method provides better security than the existing PIN-entry methods while maintaining an acceptable level of usability. Moreover, the user feedback fully support the use of the proposed PIN-entry method in critical-security situations.",,,IEEE Access,10.1109/access.2023.3243114,https://pure.kfupm.edu.sa/en/publications/1289de67-c3e6-444e-8bb1-d10bbeab625a,KFUPM Pure (OAI-PMH)
KFUPM_ee8b96bc-8c55-49ba-a87e-1cdd5da893e5,King Fahd University of Petroleum and Minerals,Managing Health Treatment by Optimizing Complex Lab-Developed Test Configurations: A Health Informatics Perspective,Uzma Afzal; Tariq Mahmood; Ali Mustafa Qamar; Ayaz H. Khan,2023,,"A complex Laboratory Developed Test (LDT) is a clinical test developed within a single laboratory. It is typically configured from many feature constraints from clinical repositories, which are part of the existing Laboratory Information Management System (LIMS). Although these clinical repositories are automated, support for managing patient information with test results of an LDT is also integrated within the existing LIMS. Still, the support to configure LDTs design needs to be made available even in standard LIMS packages. The manual configuration of LDTs is a complex process and can generate configuration inconsistencies because many constraints between features can remain unsatisfied. It is a risky process and can lead patients to undergo unnecessary treatments. We proposed an optimized solution (opt-LDT) based on Genetic Algorithms to automate the configuration and resolve the inconsistencies in LDTs. Opt-LDT encodes LDT configuration as an optimization problem and generates a consistent configuration that satisfies the constraints of the features. We tested and validated opt-LDT for a local secondary care hospital in a real healthcare environment. Our results, averaged over ten runs, show that opt-LDT resolves 90% of inconsistencies while taking between 6 and 6.5 s for each configuration. Moreover, positive feedback based on a subjective questionnaire from clinicians regarding the performance, acceptability, and efficiency of opt-LDT motivates us to present our results for regulatory approval.",,,"Computers, Materials and Continua",10.32604/cmc.2023.037653,https://pure.kfupm.edu.sa/en/publications/ee8b96bc-8c55-49ba-a87e-1cdd5da893e5,KFUPM Pure (OAI-PMH)
KFUPM_ae73c50b-d912-4eaa-bafc-a93cbb73f6de,King Fahd University of Petroleum and Minerals,SpMV and BiCG-Stab sparse solver on Multi-GPUs for reservoir simulation,Mayez Al-Mouhamed; Lutfi Firdaus; Ayaz H. Khan; Nazeeruddin Mohammad,2023,,"This paper is on a multi-GPU simulation of a petroleum reservoir using a 3D structured grid, where each point is represented by its state. Using the Darcy model for porous media, each grid point is related to its six neighbors by a linear relation. The system equation is a sparse linear system AX = b, where A is a hepta-diagonal matrix, b is model parameters, and X is a state vector. The simulation repeatedly computes (1) A and b given X and (2) X given A and b, which is the focus of this paper. The BiCG-Stab is an iterative procedure for solving AX = b for X. This work focuses on developing a scalable multi-GPU approach for solving large sparse systems Ax = b using BiCG-Stab. We extend a previously developed storage scheme for blocked hepta-diagonal matrices to minimize storage and computing overheads of the sparse matrix–vector multiply (SpMV) used in BiCG-Stab. To honor data dependencies in BiCG-Stab tasks we propose a hierarchical multi-GPUs synchronization scheme that reduces the polling, combines barriers, termination BiCG-Stab iteration, and assembles the solution X. We present a multi-GPU implementation of BiCG-Stab by distribution operations overall units within a GPU and overall GPUs. Reduce-add operations are orchestrated by assembling partial results across all units and all GPUs. Since the cuSparse library works only on a single GPU, we present an SpMV for multi-GPU. In the evaluation, we present the testing of the pinned/paged memory to implement multi-GPU synchronization and communication. The scalability of the multi-GPU implementation of BiCG-Stab is presented showing a smooth increase in the computational load when the problem size grows to a billion, which is useful for developing scalable petroleum reservoir simulation on a clusterof GPUs.",,,Multimedia Tools and Applications,10.1007/s11042-023-16185-0,https://pure.kfupm.edu.sa/en/publications/ae73c50b-d912-4eaa-bafc-a93cbb73f6de,KFUPM Pure (OAI-PMH)
KFUPM_46e300e4-28f5-4a02-92b6-229a5350f02d,King Fahd University of Petroleum and Minerals,VISSIM calibration and validation of urban traffic: a case study Al-Madinah City,Mohammad A.R. Abdeen; Siham Farrag; Mohamed Benaida; Tarek Sheltami; Youssef El-Hansali,2023,,"Simulation models have been widely used worldwide to evaluate the performance of different traffic facilities and new traffic modeling methods for efficient and sustainable transportation systems. Calibration and validation of microsimulation models are the keys to ensuring the models’ reliability to reflect the local condition. Most of the existing calibration efforts focus on experimental designs of driver behavior and lane changing parameters. This paper describes the detailed procedure for calibrating and validating a microscopic model during peak hours et al.-Madinah City, Saudi Arabia. This study includes the calibration and validation of parameters of the car-following models, Wiedemann74 and 99, and lane changing model used in PTV VISSIM. In our model, we used traffic volume and travel speed for model calibration and average travel time to validate the calibrated model. GEH statistics is used to develop the relationship between observed and simulated traffic flow. GEH statistics show a strong correlation between the experimental and simulated flow based on the calibration and validation results. The results indicated that safety reduction factor, standstill distance, headway time, and the emergency stop significantly influenced simulation precision. Finally, this model can be used to exploit other new traffic modeling methods that may help decision-makers in the long term and for sustainable management system development.",SDG 11 - Sustainable Cities and Communities; SDG 17 - Partnerships for the Goals,,Personal and Ubiquitous Computing,10.1007/s00779-023-01738-9,https://pure.kfupm.edu.sa/en/publications/46e300e4-28f5-4a02-92b6-229a5350f02d,KFUPM Pure (OAI-PMH)
KFUPM_15237361-da88-4996-bec8-7f7701e25dc3,King Fahd University of Petroleum and Minerals,A novel hybrid Fick's law algorithm-quasi oppositional-based learning algorithm for solving constrained mechanical design problems,Pranav Mehta; Betül Sultan Yildiz; Sadiq M. Sait; Ali Riza Yildiz,2023,,"In this article, a recently developed physics-based Fick's law optimization algorithm is utilized to solve engineering optimization challenges. The performance of the algorithm is further improved by incorporating quasi-oppositional-based techniques at the programming level. The modified algorithm was applied to optimize the rolling element bearing system, robot gripper, planetary gear system, and hydrostatic thrust bearing, along with shape optimization of the vehicle bracket system. Accordingly, the algorithm realizes promising statistical results compared to the rest of the well-known algorithms. Furthermore, the required number of iterations was comparatively less required to attain the global optimum solution. Moreover, deviations in the results were the least even when other optimizers provided better or more competitive results. This being said that this optimization algorithm can be adopted for a critical and wide range of industrial and real-world challenges optimization.",,,Materialpruefung/Materials Testing,10.1515/mt-2023-0235,https://pure.kfupm.edu.sa/en/publications/15237361-da88-4996-bec8-7f7701e25dc3,KFUPM Pure (OAI-PMH)
KFUPM_661cf7a0-6d00-4aa8-88c7-f3845643ee58,King Fahd University of Petroleum and Minerals,Development of Advanced Data-Intelligence Models for Radial Gate Discharge Coefficient Prediction: Modeling Different Flow Scenarios,Zaher Mundher Yaseen; Omer A. Alawi; Ammar Mohammed Alshammari; Ali Alsuwaiyan; Mojeed Opeyemi Oyedeji; Atheer Y. Oudah,2023,,"This research aims to predict a radial gate's discharge coefficient (Cd) under free and submerged flow conditions using several machine learning (ML) algorithms. Several parameters are used to develop the learning process of the ML algorithms, including the gate radius (R), gate opening height (W), depth of water upstream (Yo), depth of water downstream (YT), trunnion pin height (h), and width (B). For this purpose, various new versions of ML models have been developed, such as the bagging regression tree (BGRT), bidirectional recurrent neural network (Bi-RNN), bidirectional long short-term memory (Bi-LSTM), Light Gradient Boosted Machine (LightGBM) Ensemble, Multiple Additive Regression Trees (MART), and Neural Regression Forests (NRFs). This study was extended to examine the sensitivity of the adopted predictors for Cd prediction. The adopted ML models generally achieved good and acceptable predictability. In quantitative metrics, Cd was accurately predicted using the Bi-LSTM model with a minimum value of mean absolute percentage error (MAPE = 2.245) and maximum Willmott index (WI = 0.861) over the testing phase for the free-flow condition. For the submerged flow condition, the BGRT model attained the best results, with (MAPE = 2.899) and (WI = 0.900).",,,Water Resources Management,10.1007/s11269-023-03624-8,https://pure.kfupm.edu.sa/en/publications/661cf7a0-6d00-4aa8-88c7-f3845643ee58,KFUPM Pure (OAI-PMH)
KFUPM_0458ac03-58c7-4207-8cfd-4989b3499b91,King Fahd University of Petroleum and Minerals,Edge deduplication for LoRaWAN using network coding,Louai Al-Awami,2023,,"LoRaWAN is a promising access technology for LPWAN IoT applications. However, the scalability of LoRaWAN has been debated due to its ALOHA-like media access mechanism. While using multiple gateways in the network can improve scalability, it may result in huge increase in traffic. This study presents a novel scheme to improve LoRaWAN scalability when multiple gateways are used without incurring excess backhaul traffic. The proposed scheme uses interflow network coding to encode traffic moving from gateways to network servers. The performance of the proposed scheme is evaluated via simulations. The results show that tremendous bandwidth savings can be achieved using the proposed scheme while allowing deploying more gateways to improve network scalability.",,,Internet of Things (Netherlands),10.1016/j.iot.2023.100983,https://pure.kfupm.edu.sa/en/publications/0458ac03-58c7-4207-8cfd-4989b3499b91,KFUPM Pure (OAI-PMH)
KFUPM_33274a54-a2c1-4708-a826-85c2664cc0d6,King Fahd University of Petroleum and Minerals,Satellite Imagery-Based Cloud Classification Using Deep Learning,Rukhsar Yousaf; Hafiz Zia Ur Rehman; Khurram Khan; Zeashan Hameed Khan; Adnan Fazil; Zahid Mahmood; Saeed Mian Qaisar; Abdul Jabbar Siddiqui,2023,,"A significant amount of satellite imaging data is now easily available due to the continued development of remote sensing (RS) technology. Enabling the successful application of RS in real-world settings requires efficient and scalable solutions to extend their use in multidisciplinary areas. The goal of quick analysis and precise classification in Remote Sensing Imaging (RSI) is often accomplished by utilizing approaches based on deep Convolution Neural Networks (CNNs). This research offers a unique snapshot-based residual network (SnapResNet) that consists of fully connected layers (FC-1024), batch normalization (BN), L2 regularization, dropout layers, dense layer, and data augmentation. Architectural changes overcome the inter-class similarity problem while data augmentation resolves the problem of imbalanced classes. Moreover, the snapshot ensemble technique is utilized to prevent over-fitting, thereby further improving the network’s performance. The proposed SnapResNet152 model employs the most challenging Large-Scale Cloud Images Dataset for Meteorology Research (LSCIDMR), having 10 classes with thousands of high-resolution images and classifying them into respective classes. The developed model outperforms the existing deep learning-based algorithms (e.g., AlexNet, VGG-19, ResNet101, and EfficientNet) and achieves an overall accuracy of 97.25%.",,,Remote Sensing,10.3390/rs15235597,https://pure.kfupm.edu.sa/en/publications/33274a54-a2c1-4708-a826-85c2664cc0d6,KFUPM Pure (OAI-PMH)
KFUPM_ac525ba1-b28e-4b6a-bc40-cf9aa2aaee30,King Fahd University of Petroleum and Minerals,Multipolar Acoustic Source Reconstruction from Sparse Far-Field Data Using ALOHA,Yukun Guo; Shujaat Khan; Abdul Wahab; Xianchao Wang,2023,,"The reconstruction of multipolar acoustic or electromagnetic sources from their far-field signature plays a crucial role in numerous applications. Most of the existing techniques require dense multi-frequency data at the Nyquist sampling rate. The availability of a sub-sampled grid contributes to the null space of the inverse source-to-data operator, which causes significant imaging artifacts. For this purpose, additional knowledge about the source or regularization is required. In this letter, we propose a novel two-stage strategy for multipolar source reconstruction from sub-sampled sparse data that takes advantage of the sparsity of the sources in the physical domain. The data at the Nyquist sampling rate is recovered from sub-sampled data and then a conventional inversion algorithm is used to reconstruct sources. The data recovery problem is linked to a spectrum recovery problem for the signal with the finite rate of innovations (FIR) that is solved using an annihilating filter-based structured Hankel matrix completion approach (ALOHA). For an accurate reconstruction, a Fourier inversion algorithm is used. The suitability of the approach is supported by experiments.",,,IEEE Signal Processing Letters,10.1109/lsp.2023.3330130,https://pure.kfupm.edu.sa/en/publications/ac525ba1-b28e-4b6a-bc40-cf9aa2aaee30,KFUPM Pure (OAI-PMH)
KFUPM_b1d1b8a8-1a37-4d82-b7a6-4124c3b3399a,King Fahd University of Petroleum and Minerals,3D simulation model for IoD-to-vehicles communication in IoD-assisted VANET,Gamil Ahmed; Tarek Sheltami; Ashraf Mahmoud; Ansar Yasar,2023,,"Vehicle ad hoc networks (VANETs) have gradually emerged to enhance transportation information, entertainment, safety, and other services. However, such infrastructures have certain limitations, causing intermittent network disconnection. Further, in urban areas, terrain heights act as obstacles and hinder or attenuate transmitted signals. In this study, we propose a dynamic 3D internet of drones collaborative communication approach for efficient VANET-assistance (3DIoDAV) by integrating the IoD network and VANET to support terrestrial communication. We model IoD locations as an optimization problem to optimize the IoD nodes in three-dimensional terrain. Improved particle swarm optimization is used to optimally deploy IoD nodes in 3D terrain for minimizing the number of isolated vehicles. The proposed approach considers the terrain profile influence on communication. Therefore, we propose a 3D propagation model for efficient IoD-to-vehicle (IoD2V) communication in 3D space. Experiments are performed based on the received signal from ground vehicles to examine the performance of the proposed model and the 3DIoDAV approach. Simulation results show different behaviors of IoD nodes in two-dimensional (2D) and 3D scenarios. Comparison with 2D VANET-assisted and IoDAV approaches demonstrates the proposed 3DIoDAV approach’s ability to detect terrain obstacles, which guarantees the dispatching of IoD nodes into the most appropriate locations in 3D space, thereby minimizing the impact of terrain obstacles on communication.",,,Frontiers in Built Environment,10.3389/fbuil.2023.1287373,https://pure.kfupm.edu.sa/en/publications/b1d1b8a8-1a37-4d82-b7a6-4124c3b3399a,KFUPM Pure (OAI-PMH)
KFUPM_b248af91-e9ca-4b9b-81a8-6bb001904541,King Fahd University of Petroleum and Minerals,Performance Evaluation of Communication Requirements of Smart Inverter and Distributed Energy Resource Management System,S. M.Suhail Hussain; Abdul Jabbar Siddiqui; Mohammad A. Abido,2023,,"The increasing integration of renewable energy resources into the distribution system is facilitated by smart inverters (SI). These inverters not only contribute to the grid but also fulfill the grid support functions mandated by the recent amendment in the IEEE 1547 standard. One of these grid support functions is Frequency-Watt (FW) control, which requires SIs to respond promptly during under or over frequency grid events. To ensure effective FW control, SIs must aid the grid frequency within a specified time limit. Coordinated FW control necessitates communication between the SIs and Distributed Energy Resource Management Systems (DERMS). Therefore, evaluating the performance of the communication architecture for FW control is crucial to guarantee desired outcomes. By implementing the IEC 61850 communication protocol, which employs an object-oriented approach and promotes interoperability, the benefits of such a design can be realized. This paper develops a network emulation setup based on the IEC 61850 communication model and assesses its performance in terms of latency for different communication technologies.",SDG 7 - Affordable and Clean Energy,,GCCE 2023 - 2023 IEEE 12th Global Conference on Consumer Electronics,10.1109/gcce59613.2023.10315581,https://pure.kfupm.edu.sa/en/publications/b248af91-e9ca-4b9b-81a8-6bb001904541,KFUPM Pure (OAI-PMH)
KFUPM_359ae141-c33c-4314-89e8-25de5d368ebb,King Fahd University of Petroleum and Minerals,DDS-Based Adaptive Cruise Control,Najood Hamoud Alshammari; Anas Alroubaiey; Basem Almadani,2023,,"This study presents a middleware-based Adaptive Cruise Control (ACC) system to reduce driving time. The ACC system supports four driving modes and controls automobile acceleration and deceleration to maintain a set pace or avoid a collision. Real-time adaptive cruise control delays may harm people. A narrow window period should be used to minimize time delay in such applications since timeliness is critical. We propose a real-time ACC system that incorporates the Information Cluster, Radar, Brake Switches, and Cruise Switches, the ACC Controller, the Engine/Throttle Controller, a Brake Controller, brake actuators, speed sensors, and rear brake lights. We suggest an approach that eliminates the hierarchical information flow structure of ACC, which normally has an upper and lower controller. Real-time publisher/subscriber DDS middleware will exchange data. This study also detailed the publish/subscribe model's architecture and proposed QoS policies. A rudimentary prototype that replicates communication between these components was created and tested. The findings demonstrate that the system still works within the allowable delay in such actual systems while leveraging DDS middleware functionalities.",,,"9th 2023 International Conference on Control, Decision and Information Technologies, CoDIT 2023",10.1109/codit58514.2023.10284241,https://pure.kfupm.edu.sa/en/publications/359ae141-c33c-4314-89e8-25de5d368ebb,KFUPM Pure (OAI-PMH)
KFUPM_3e98590c-dba2-4dac-892e-68b78847838d,King Fahd University of Petroleum and Minerals,A Safety System for Maximizing Operated UAVs Capacity Under Regulation Constraints,Gamil Ahmed; Tarek R. Sheltami,2023,,"Recently, the emergence of Unmanned Aerial Vehicles (UAVs) has garnered significant attention due to their widespread applications, such as surveillance, mapping, reconnaissance, as well as commercial delivery, and photography. Despite the tremendous applications of UAVs, there are potential risks associated with drones that may impact flight safety. For instance, launching and releasing drones near airfields can pose serious threats to flight safety. Another challenge is the flying altitude. Flying at high altitudes might cause a collision with other aircraft, and flying at low altitudes can also pose a significant threat due to obstacles in the environment. Various regulations, such as airspace restrictions, flight altitude limits, and safety requirements, can limit the number of UAVs operating in a particular area. This, in turn, makes it challenging to specify the number of UAVs that can operate safely. To address these challenges, we propose an optimization strategy to maximize the number of UAVs that can operate while adhering to regulatory constraints. The problem is formulated and solved using an improved version of a population-based meta-heuristic, IPSO. In the proposed approach, we consider two distinct objective functions. The first one is the local objective function, which aims to minimize the energy consumption of the generated path by IPSO. This objective function is crucial in ensuring that the generated path is energy-efficient. The second objective function is the global objective function of the proposed approach, and aims to maximize the number of UAVs that can operate in a specific area. The proposed approach studies the impact of regulations such as obstacles and flying altitude on a region capacity. The results show that the proposed approach successfully increases the the region capacity, i.e., number of UAVs, to the maximum possible while ensuring safety and regulatory constraints.",SDG 7 - Affordable and Clean Energy,,IEEE Access,10.1109/access.2023.3338377,https://pure.kfupm.edu.sa/en/publications/3e98590c-dba2-4dac-892e-68b78847838d,KFUPM Pure (OAI-PMH)
KFUPM_c40b1198-1851-4c5b-83ee-10623182b7f9,King Fahd University of Petroleum and Minerals,Multi-Hop Airborne FSO Systems With Relay Selection Over Outdated Log-Normal Turbulence Channels,Mohammed Elamassie; Ali A. Al-Shaikhi; Sadiq M. Sait; Murat Uysal,2023,2023-03-01,"Due to its high capacity and the ability to operate in an unregulated spectrum, free space optical (FSO) communication is ideally suited for airborne backhauling. In this paper, we consider a relay-assisted airborne FSO system in which serial and parallel relaying are deployed together. We deploy relay selection in each hop and select the relay that provides the maximum instantaneous signal-to-noise ratio (SNR). To achieve this in practice, it is necessary to estimate the channel coefficient per hop and feed it back to the preceding transmitting/relaying node. Due to the semi-fixed hovering position of rotary-wing unmanned aerial vehicles (UAVs), this estimate will likely be outdated for the airborne channel. Therefore, the relay will likely be selected based on the outdated channel coefficient. In this paper, we first propose a model for outdated log-normal fading. Based on the outdated channel state information, we discuss how to optimally set the node transmit power by a proper selection of the pre-amplification factor to ensure signal reception above a targeted threshold at each hop. We finally present the end-to-end bit error rate (BER) performance of the airborne parallel multi-hop system under consideration.",,,IEEE Transactions on Vehicular Technology,10.1109/tvt.2023.3328557,https://pure.kfupm.edu.sa/en/publications/c40b1198-1851-4c5b-83ee-10623182b7f9,KFUPM Pure (OAI-PMH)
KFUPM_280762dd-e201-4a2a-9a8a-312a79eeba8f,King Fahd University of Petroleum and Minerals,Obstacle Avoidance Rectilinear Steiner Minimal Tree Length Estimation Using Deep Learning,Umair F. Siddiqi; Sadiq M. Sait,2023,,"Obstacle avoidance rectilinear Steiner minimal tree (OARSMT) connects multiple pins belonging to a net using minimal wire length and avoids the obstacles present on the grid, and this is an essential part of the placement/routing phases of VLSI physical design. High-level tasks such as floor-planning and placement use estimators to determine the quality of solutions. The use of OARSMT can provide better estimations. In this work we propose to use deep learning (DL) to quickly predict the length of the OARSMT of a net with pins located anywhere on the routing grid, where the routing grid's dimension and the obstacles remain fixed. The proposed method consists of a data encoder and a DL model of three convolutional layers and an output layer. The encoder generates a low-dimensional representation of the problem data, and the DL model extracts features and predicts the wire length. We used the industrial test problems to train and test the proposed system.","SDG 9 - Industry, Innovation, and Infrastructure",,"22nd International Symposium on Communications and Information Technologies, ISCIT 2023",10.1109/iscit57293.2023.10376036,https://pure.kfupm.edu.sa/en/publications/280762dd-e201-4a2a-9a8a-312a79eeba8f,KFUPM Pure (OAI-PMH)
KFUPM_89a11bce-2797-42b9-a110-6cfcb3ccb640,King Fahd University of Petroleum and Minerals,On improving the critical path delay of PathFinder at smaller channel widths,Umair F. Siddiqi; Sadiq M. Sait,2023,,"PathFinder, a popular FPGA routing tool, employs negotiated congestion routing that reduces the congestion by forcing the nets to detour through uncongested interconnects. However, such detouring often gives less importance to the delay of the interconnects and more to their congestion. This approach may increase the critical path delay (CPD) under tight capacity constraints. In this work, we propose a historical cost function for the negotiated congestion routing that ensures solutions have small CPD values. The proposed historical cost function is integrated into the latest version of PathFinder, and its performance is evaluated using Titan23 FPGA benchmarks. The results indicate that the proposed cost function can enable PathFinder to converge to solutions of smaller CPD, even for small channel widths. Statistical tests are employed to verify the significance of the benefits of the proposed approach.","SDG 9 - Industry, Innovation, and Infrastructure",,"22nd International Symposium on Communications and Information Technologies, ISCIT 2023",10.1109/iscit57293.2023.10376068,https://pure.kfupm.edu.sa/en/publications/89a11bce-2797-42b9-a110-6cfcb3ccb640,KFUPM Pure (OAI-PMH)
KFUPM_8dcf5e61-5ee3-461d-bb10-947d0bde9380,King Fahd University of Petroleum and Minerals,"Flooding Attack: Implementation, Detection, and Prevention for UAV",Faten Al-Abdulwahhab; Uthman Baroudi,2023,,"Unmanned Aerial Vehicles (UAVs) use is increasing daily, which results in increasing their security threat landscape. A major security threat to availability for network-based devices is Denial of Service (DoS) and Flooding attacks, which impact the system resources and disturb the network communications. For Mobile Ad hoc Networks (MANETs), there are multiple previous works on DoS attacks implementation and mitigation using different techniques. However, the work is limited for 2D networks with little focus on detecting and mitigating such attacks on 3D networks of Flying AdHoc Networks (FANETs). This study focuses on the RREQ flooding attack on a 3D network of drones and proposes a threshold-based detection and mitigation mechanism that considers the drones limited resources. The simulation experiments demonstrate a 34% throughput improvement and 3% energy saving.",,,"2023 20th International Multi-Conference on Systems, Signals and Devices, SSD 2023",10.1109/ssd58187.2023.10411184,https://pure.kfupm.edu.sa/en/publications/8dcf5e61-5ee3-461d-bb10-947d0bde9380,KFUPM Pure (OAI-PMH)
KFUPM_23eb11d1-295c-4a72-9874-76d3793ebb9c,King Fahd University of Petroleum and Minerals,Controlling Wheelchair Using EEG Signal and Machine Learning,M. Alseddiqi; M. Almahmood; U. Baroudi; A. Alzaydi,2023,,"With technology evolving these days, paralyzed patients have found solutions that eased their live a lot. Electrical wheelchairs are commercialized which help patients to move around effortlessly without any assistance. Robotic arms are being commercialized as well and are being connected to the human brain directly for commands. However, extremely paralyzed patients that cannot move any part of their bodies need to feel self-dependent and find something that can ease their lives. This work aims to deliver a wheelchair that can move based on the brain signals of the patient. The brain signals are recorded by an EEG sensor from EMOTIV. There will be a Brain-Computer interface to analyze the brain signals and translate them to commands between the patient's brain and the computer. The goal of this study is to move the wheelchair freely based on the patient's intention (i.e. forward, backward, right or left) by building an algorithm that compares a trained set of data from the patient's brain with the live data that is recorded by the EEG sensor. The outcomes indicated the possibility of BCI-controlled systems being used in complex daily tasks and showed that the suggested BCI could offer satisfactory control accuracy for the wheelchair.",,,"2023 20th International Multi-Conference on Systems, Signals and Devices, SSD 2023",10.1109/ssd58187.2023.10411202,https://pure.kfupm.edu.sa/en/publications/23eb11d1-295c-4a72-9874-76d3793ebb9c,KFUPM Pure (OAI-PMH)
KFUPM_9cde18b4-f0e9-497a-8936-29597c76e461,King Fahd University of Petroleum and Minerals,Forty Years of Event Graphs in Research and Education,Murat M. Gunal; Yahya Ismail Osais; Lee Schruben; Gerd Wagner; Enver Yücesan,2023,,"Forty years ago, in 1983, Lee Schruben proposed the Event Graph formalism and modeling language, subsequently defining the paradigm of Event-Based Simulation, in a precise way, which had been pioneered 20 years before by SIMSCRIPT. The purpose of this panel is for a group of Event Graph researchers both from Operations Research and Computer Science, including the inventor of Event Graphs and one of his former PhD students who has made essential contributions to their theory, to discuss their views on the history and potential of Event Graph modeling and simulation. In particular, the adoption of Event Graphs as a discrete process modeling language in Discrete Event Simulation and in Computer Science, and their potential as a foundation for the entire field of Discrete Event Simulation and for the fields of process modeling and AI in Computer Science is debated.",,,"2023 Winter Simulation Conference, WSC 2023",10.1109/wsc60868.2023.10407652,https://pure.kfupm.edu.sa/en/publications/9cde18b4-f0e9-497a-8936-29597c76e461,KFUPM Pure (OAI-PMH)
KFUPM_bea0e2c8-f523-4ee0-9dc3-004fa3b2a6d2,King Fahd University of Petroleum and Minerals,3D-SLAM Implementation on Commercial UAV: Challenges and Future Insights,Yaman Shullar; Uthman Baroudi; Dhiya Al-Jumeily Obe; Sulaf Assi; Manoj Jayabalan; Jade Hind; Abir Hussain; Hissam Tawfik; Neil Rowe; Jamila Mustafina,2023,,"In recent years, the field of programming Unmanned Arial Vehicles (UAVs) has gained significant attention from researchers due to their substantial potential in various applications, including surveillance, inspection, and critical situations like examining buildings that are burning or collapsing. For this purpose, drones that have several sensors installed would be of good use in constructing a 3D map and localizing most of the objects within a certain area or room, which is also referred to as Simultaneous Localization and Mapping (SLAM). However, installing these sensors would harden the mission of the drone since it would mean more power consumption, more computations, and less navigation flexibility. For this reason, monocular visual SLAM has become the trend, which refers to using a sole camera to build the map and locate the objects in each scene. This approach introduces new challenges, one of the most crucial challenges is estimating the depth (i.e., distances within an image) of each scene from a 2D image. For this task, Deep Learning (DL) models have been considered as a solution for this problem, and with the continuous development in DL and the computational resources that can carry out the expensive training of DL models, it was shown that a 3D map reconstruction is possible utilizing 2D images. This work investigates the performance of a combination of different SLAM and depth estimation models implemented on a commercial drone. The main goal is to carry out a comparison between different methodologies of depth estimation that support monocular 3D SLAM algorithms.",,,DeSE 2023 - Proceedings,10.1109/dese60595.2023.10469570,https://pure.kfupm.edu.sa/en/publications/bea0e2c8-f523-4ee0-9dc3-004fa3b2a6d2,KFUPM Pure (OAI-PMH)
KFUPM_b63ea020-fd4b-4f3d-8aa3-a7547b53fb3f,King Fahd University of Petroleum and Minerals,Enhancing Arabic Information Retrieval for Question Answering,Muath Alghamdi; Mohammed Abushawarib; Mahmoud Ellouh; Mustafa Ghaleb; Muhamad Felemban,2023,2023-12-21,"In the modern landscape of Natural Language Processing (NLP), intelligent chatbots like ChatGPT 3.5 and Google's Bard have shown remarkable competence in generic question-answering (QA) tasks. However, their performance falters when navigating domain-specific QA, particularly in the Arabic language, which is celebrated for its complex morphology and syntax. This paper presents a comprehensive approach to address these issues. The aim of this research is to build a chatbot tailored for a university community. We first create an extensive Arabic Q&A dataset by extracting data from academic documents, employing state-of-the-art Optical Character Recognition (OCR) tools. Then, we evaluate multiple text similarity measures like Pooled FastText Word embedding, BM25 ranking functions, and various semantic sentence embedding models. A thorough performance assessment reveals that the domain-specific model excels at both sentence-level similarity and context-relevance tasks. The developed web application chatbot, leveraging LangChain library and Retrieval Augmented Generation (RAG) methods, outperforms existing chatbots in domain-specific, Arabic language QA scenarios.",,,ICFNDS 2023 - 2023 The 7th International Conference on Future Networks and Distributed Systems,10.1145/3644713.3644763,https://pure.kfupm.edu.sa/en/publications/b63ea020-fd4b-4f3d-8aa3-a7547b53fb3f,KFUPM Pure (OAI-PMH)
KFUPM_61d5289e-f928-40ee-8eea-b990d652dc81,King Fahd University of Petroleum and Minerals,Distributed Deep Learning-based Model for Large Image Data Classification,M. Faisal Nurnoby; Khalid A.Abu Shawarib; Ayaz Ul Hassan Khan,2023,2023-12-21,"Artificial intelligence has shown great potential in a variety of applications, from natural language models to audio visual recognition, classification, and manipulation. AI Researchers have to work with massive amount of collected data for use in machine learning, raising some challenges in effectively managing and utilizing the collected data in the training phase to develop and iterate on more accurate, and more generalized models. In this paper we conducted a review on parallel and distributed machine learning methods and challenges. We also propose a distributed and scalable deep learning model architecture which can span across multiple processing nodes. We tested the model on the MIT Indoor dataset, to evaluate the performance and scalability of the model using multiple hardware nodes, and showed the scaling characteristics of the different model using different model sizes. We find that distributed training is 80% faster using 2 GPUs than 1 GPU. We also find that the model keeps the benefits of distributed training such as speed and accuracy regardless of its size or training batch size.",,,ICFNDS 2023 - 2023 The 7th International Conference on Future Networks and Distributed Systems,10.1145/3644713.3644750,https://pure.kfupm.edu.sa/en/publications/61d5289e-f928-40ee-8eea-b990d652dc81,KFUPM Pure (OAI-PMH)
KFUPM_b7666ad9-d48d-4e76-b597-bf64693999a3,King Fahd University of Petroleum and Minerals,"Event Graphs: Syntax, Semantics, and Implementation",Murat M. Gunal; Yahya Ismail Osais; Gerd Wagner,2023,,"This tutorial aims to introduce Event Graphs (EGs), invented 40 years ago by Lee Schruben to allow eventbased modeling of discrete dynamic systems. Their simplicity and naturalness in causality modelling and simulation modelling made EGs popular in research and practice. In a simulation, an event causes state changes in a system as well as other events to happen in the future. EGs provide a parsimonious diagram representation for the Event Scheduling paradigm of Discrete Event Simulation. We first introduce their visual syntax and informal semantics, and then present a recent extension by adding objects to EGs. Our tutorial also includes an introduction to the formal semantics of EGs and a Python implementation for executing EGs.",,,"2023 Winter Simulation Conference, WSC 2023",10.1109/wsc60868.2023.10408354,https://pure.kfupm.edu.sa/en/publications/b7666ad9-d48d-4e76-b597-bf64693999a3,KFUPM Pure (OAI-PMH)
KFUPM_d086049d-51d0-441a-9f16-48606d52b735,King Fahd University of Petroleum and Minerals,Leveraging Federated Learning for File Fragments Classification Based on Depthwise Separable Convolutions,Soha B. Sandouka; Muhamad Felemban,2023,2023-12-21,"In digital forensics, file fragment classification plays a crucial role in the file carving process. Recently, convolutional neural network based models have been utilized for file fragment classification to improve the classification accuracy. However, training CNN models requires a large dataset, presenting a challenge in digital forensics where data is sensitive and confidential. To this end, we propose a federated learning framework for file fragments classification based on depth-wise separable convolutions. Accordingly, we can develop a file fragment classification model that is both privacy-preserving and computationally efficient. We experimentally tested the proposed framework using FFT-75 dataset. The experimental results show that the proposed framework achieves comparable accuracies to those of centralized training models while preserving the privacy and confidentiality of sensitive data.",,,ICFNDS 2023 - 2023 The 7th International Conference on Future Networks and Distributed Systems,10.1145/3644713.3644807,https://pure.kfupm.edu.sa/en/publications/d086049d-51d0-441a-9f16-48606d52b735,KFUPM Pure (OAI-PMH)
KFUPM_b680a918-99f0-4358-85d0-3de0f5825312,King Fahd University of Petroleum and Minerals,RPA-Code for Secure Binary Sequence Generation from Graph-Based Scanning,Ahcene Bounceur; Mohammad Hammoudeh; Jameleddine Hassine; Madani Bezoui; Adel Fadhl Ahmed; Muhamad Felemban,2023,2023-12-21,"This article introduces a novel method for generating random binary sequences from Random Polar Angles (RPA). These sequences can be derived from an image, akin to QR-Codes, making them suitable for cryptographic applications and information coding systems. The proposed method allows the generation of multiple codes using the same image. It is based on the LPCN (Lowest Polar Angle Connectivity Node) algorithm, which, in each iteration, selects a node from a graph that forms the minimal polar angle with its neighbor found in the previous iteration. The decision on the type of bit to generate (0 or 1) is based on the nature of the angles found (acute or obtuse). The primary objective of this research is to facilitate the transformation of a graph's image representation into a concealed binary code, thereby enhancing data security. We have assessed the randomness of the generated codes through entropy analysis, revealing greater unpredictability.",,,ICFNDS 2023 - 2023 The 7th International Conference on Future Networks and Distributed Systems,10.1145/3644713.3644805,https://pure.kfupm.edu.sa/en/publications/b680a918-99f0-4358-85d0-3de0f5825312,KFUPM Pure (OAI-PMH)
KFUPM_4e840965-4103-43c8-ad7d-aa5b9a09298a,King Fahd University of Petroleum and Minerals,Distributed Intrusion Detection Systems Based on Deep Learning Techniques and Boosting Ensemble,Mohammed Ayub; Yasser El-Alfy; Ayaz H. Khan,2023,2023-12-21,"With the rapid advancement in technologies nowadays, new data is constantly and frequently being generated, processed, and stored for various applications. To ease up managing these huge collections of data, distributed systems are utilized. Distributed systems have the ability to be easily scaled and managed from different locations across the globe. One of the drawbacks of large systems is the difficulty faced when attempting to secure them. In this paper, we investigate the use and effects of different Deep Learning (DL) techniques such as CNN, BiGRU+Attention, and LGBM. We made use of two distributed training frameworks for the training of models in a distributed manner. The performance of various techniques is analyzed based on different evaluation criteria using the latest IDS dataset. Experimental results show that the models presented here are robust and efficient enough to detect different kinds of attack types with almost 100% accuracy. However, we observed that when the attack type increase from 3 to 5 the model accuracy drops from 99.9% to 96.34% for LGBM. Performance trade-off between centralized and distributed training is analyzed and observed that the same accuracy can be achieved in DIDS, but with differences in training time. Inferencing time shows very insignificant differences. The results of LGBM show that the duration, port numbers, packet size and number, and TCP flags are the most influential features in DIDS. Furthermore, we have shown the applicability of CNN and BiGRU with attention mechanisms for DIDS, as well as the deployment of two frameworks for distributed machine learning. More than that, LGBM has shown the most superior performance among all models in all types of classification. It is anticipated that this research will act as a guide for further research in DIDS.",,,ICFNDS 2023 - 2023 The 7th International Conference on Future Networks and Distributed Systems,10.1145/3644713.3644736,https://pure.kfupm.edu.sa/en/publications/4e840965-4103-43c8-ad7d-aa5b9a09298a,KFUPM Pure (OAI-PMH)
KFUPM_3eb61708-bc4e-470e-abc0-82f1532326e8,King Fahd University of Petroleum and Minerals,A Methodology for the Design of Fault Tolerant Parallel Digital Channelizers on SRAM-FPGAs,Zhen Gao; Jiajun Xiao; Qiang Liu; Anees Ullah; Pedro Reviriego,2023,2023-05-01,"Digital channelizers (DCs) based on the Discrete Fourier Transform (DFT) and polyphase filter banks are widely used in on-board processing (OBP) platforms to extract narrowband sub-channels from a wideband signal efficiently. In high-capacity communication satellite platforms there are always multiple DCs extracting narrowband signals from multiple wideband signals in parallel. Field-programmable gate arrays (FPGAs) are a popular option for the implementation of DCs due to their parallel computing capabilities and good re-configurability, but FPGAs suffer single-event upsets (SEUs) on the space platform. This paper focuses on the efficient protection of parallel DCs with enhanced coding techniques. We first prove that a linear relationship between parallel DCs can be introduced and maintained among the multiple outputs. However, traditional coding schemes cannot be directly applied for the detection of faulty DCs due to the quantization noise introduced by fixed point implementations. To address this issue, we propose an enhanced coding scheme by averaging in the space and time domains to minimize the effect of quantization noise, introducing thresholds and a majority voter to further improve the detection probability. Both theoretical analysis and fault injection experiments prove the effectiveness of the proposed protection scheme. Experimental results show that all the SEUs that cause an SNR lower than 20dB can be detected and recovered, and the resource overheads are about 1.6 times and 1.3 times of that of the unprotected DCs for systems with 8 DCs and 16 DCs, respectively.",,,IEEE Transactions on Circuits and Systems I: Regular Papers,10.1109/tcsi.2023.3239040,https://pure.kfupm.edu.sa/en/publications/3eb61708-bc4e-470e-abc0-82f1532326e8,KFUPM Pure (OAI-PMH)
KFUPM_26fc3d68-90a5-4bea-83ee-adfbc8e697d1,King Fahd University of Petroleum and Minerals,Error-Resilient Data Compression with Tunstall Codes,Shanshan Liu; Pedro Reviriego; Anees Ullah; Ahmed Louri; Fabrizio Lombardi,2023,2023-05-01,"Data compression has been commonly employed to reduce the required memory size for emerging applications with large storage needs like Big Data and Machine Learning (ML). When considering the flexibility of decompression and its hardware implementation, variable-to-fixed length codes (e.g., Tunstall codes) are usually selected. However, memories are prone to suffer different types of errors, causing the stored data to be corrupted; if an error affects the compressed data, it can propagate and cause corruption in a sequence of bits of the decompressed data. Therefore, error resilience should be built-in as part of the memory design to provide reliable data, especially for safety-critical applications. However, Error Correction Codes (ECCs) that are widely used for memory protection, are not very efficient to protect compressed data, because ECCs further increase the memory size and the additional decoding process can impact the latency to decompress the stored data. In this paper, an efficient error-resilient data compression technique with Tunstall codes is proposed; it requires almost no memory overhead and can correct most errors during the decompression process by introducing a conversion table. An enhanced design is also presented to reduce the impact of errors when they cannot be corrected. The proposed scheme has been implemented and evaluated on three ML datasets; results show that it can deal with up to 99.98% errors with almost no memory overhead when Tunstall codes with smaller than 16-bit symbols are employed. The scheme has also been evaluated for two ML applications; results show that even though a small number of errors cannot be corrected in the proposed scheme, they have an extremely low impact on the classification results and the protection overhead is significantly lower than existing ECC techniques.",,,IEEE Transactions on Circuits and Systems I: Regular Papers,10.1109/tcsi.2023.3245022,https://pure.kfupm.edu.sa/en/publications/26fc3d68-90a5-4bea-83ee-adfbc8e697d1,KFUPM Pure (OAI-PMH)
KFUPM_4b47a034-3856-492a-ad15-f4dba4796d8c,King Fahd University of Petroleum and Minerals,Reliability Evaluation and Fault Tolerance Design for FPGA Implemented Reed Solomon (RS) Erasure Decoders,Zhen Gao; Jinchang Shi; Qiang Liu; Anees Ullah; Pedro Reviriego,2023,2023-01-01,"Reed-Solomon erasure codes (RS-ECs) are widely applied in storage and packet communication systems to recover erasures. When implemented on a field-programmable gate array (FPGA) in a space platform, the RS-EC decoder will suffer single event upsets (SEUs) that can cause failures. In this brief, the reliability of an RS-EC decoder implemented on an FPGA to errors on the configuration memory is first studied based on hardware SEU injection experiments. We found that the reliability is lower for larger number of erased symbols, but there are still about 85% SEUs can be tolerated by the decoder itself even for the maximum number of erased symbols within the recovery capability. In addition, around 10%-25% SEUs on critical bits can cause system exceptions. Based on these results, a duplication with comparison (DWC) scheme is proposed for the protection of the RS-EC decoder. In particular, a checksum parity-based approach is proposed to detect the faulty decoder to reduce the computation overhead. Experimental results show that the reliability of the DWC protected RS-EC decoder to SEUs on the configuration memory is almost the same of a traditional triple modular redundancy (TMR) protection, and the resource usage is only about 2.15 × that of the unprotected decoder.",,,IEEE Transactions on Very Large Scale Integration (VLSI) Systems,10.1109/tvlsi.2022.3224137,https://pure.kfupm.edu.sa/en/publications/4b47a034-3856-492a-ad15-f4dba4796d8c,KFUPM Pure (OAI-PMH)
KFUPM_07759a87-594d-468a-af3e-c81026bdb554,King Fahd University of Petroleum and Minerals,Toward Optimal Softcore Carry-aware Approximate Multipliers on Xilinx FPGAs,Muhammad Awais; Ali Zahir; Syed Ayaz Ali Shah; Pedro Reviriego; Anees Ullah; Nasim Ullah; Adam Khan; Hazrat Ali,2023,2023-08-03,"Domain-specific accelerators for signal processing, image processing, and machine learning are increasingly being implemented on SRAM-based field-programmable gate arrays (FPGAs). Owing to the inherent error tolerance of such applications, approximate arithmetic operations, in particular, the design of approximate multipliers, have become an important research problem. Truncation of lower bits is a widely used approximation approach; however, analyzing and limiting the effects of carry-propagation due to this approximation has not been explored in detail yet. In this article, an optimized carry-aware approximate radix-4 Booth multiplier design is presented that leverages the built-in slice look-up tables (LUTs) and carry-chain resources in a novel configuration. The proposed multiplier simplifies the computation of the upper and lower bits and provides significant benefits in terms of FPGA resource usage (LUTs saving 38.5%-42.9%), Power Delay Product (PDP saving 49.4%-53%), performance metric (LUTs × critical path delay (CPD) × PDP saving 68.9%-73.1%) and errors (70% improvement in mean relative error distance) compared to the latest state-of-the-art designs. Therefore, the proposed designs are an attractive choice to implement multiplication on FPGA-based accelerators.",,,ACM Transactions on Embedded Computing Systems,10.1145/3564243,https://pure.kfupm.edu.sa/en/publications/07759a87-594d-468a-af3e-c81026bdb554,KFUPM Pure (OAI-PMH)
KFUPM_95550ace-9210-4247-85c5-988abefc046f,King Fahd University of Petroleum and Minerals,Efficient protection of polar decoders against Single Event Upsets (SEUs) on user memories,Dong Tian; Zhen Gao; Ruize Wang; Qiang Liu; Anees Ullah; Pedro Reviriego,2023,,"Polar codes are used in 5G systems for the transmission of control channels due to their excellent error correction capability for short sequences. CRC aided successive cancellation list (CA-SCL) decoders are commonly used in practical systems. When used in critical environments, e.g. space platforms, memories used in the polar decoder will suffer single-event upsets (SEUs) that can cause failures and disrupt communications. Therefore, the protection of polar decoders against SEUs on memories with low overhead is an important problem, especially for resource-limited on-board space systems. In this paper, efficient protection schemes are first proposed for each of the main memory components of CA-SAL decoders based on their algorithmic properties. Then FPGA implementation and hardware-based fault injection experiments are performed to evaluate the protection overhead and reliability of the proposed schemes. Experimental results show that, relative to the unprotected decoder, the reliability of the decoder is improved by more than two orders of magnitude, and the overhead of memory and computation are only about 1.26 and 1.23 times of those of unprotected decoder.",,,Microelectronics Reliability,10.1016/j.microrel.2023.115234,https://pure.kfupm.edu.sa/en/publications/95550ace-9210-4247-85c5-988abefc046f,KFUPM Pure (OAI-PMH)
KFUPM_8347c8ae-3e5b-4d8c-a7d5-ffeb63ac8000,King Fahd University of Petroleum and Minerals,Efficient Protection of FPGA Implemented LDPC Decoders Against Single Event Upsets (SEUs) on Configuration Memories,Zhen Gao; Yinghao Cheng; Qiang Liu; Anees Ullah; Pedro Reviriego,2023,2023-09-01,"Low Density Parity Check (LDPC) codes are used in 5G systems for traffic channels due to their excellent error correction capability for long sequences, and the Min-Sum algorithm is widely applied in practical implementations of LDPC decoders due to its low complexity. If the decoder is implemented on a SRAM-based field-programmable gate array (SRAM-FPGA), the radiation-induced single-event upsets (SEUs) can affect the operation of the LDPC decoder by corrupting the configuration memory, which can change the circuit functionality and will not be corrected unless the FPGA is reconfigured. Therefore, protection of LDPC decoders with low overhead is an important problem, especially for resource-limited on-board space systems. In this paper, an efficient Duplicate With Comparison (DWC) protection scheme is proposed based on the different distribution of the parity check sum of the LDPC decoder in the error-free case and the faulty case. In particular, the check sum accumulation number and threshold are optimized to achieve high detection probability with short delay. FPGA based implementation and hardware fault injection experiments are conducted to evaluate the performance of the proposed schemes. Experimental results show that, the effect of SEUs on the LDPC decoder can be completely eliminated by the proposed scheme with 2 times computational overhead and 1.69 times power consumption overhead compared to the unprotected decoder.",,,IEEE Transactions on Circuits and Systems I: Regular Papers,10.1109/tcsi.2023.3279444,https://pure.kfupm.edu.sa/en/publications/8347c8ae-3e5b-4d8c-a7d5-ffeb63ac8000,KFUPM Pure (OAI-PMH)
KFUPM_82fc0402-f8a6-4804-a601-29c2cd4a18ab,King Fahd University of Petroleum and Minerals,Machine Learning Based Miscellaneous Objects Detection with Application to Cancer Images,Zahid Mahmood; Anees Ullah; Tahir Khan; Ali Zahir,2023,,"With the technological developments in artificial intelligence, traditional machine learning methods, and recently Deep Convolutional Neural networks (DCNNs) have accomplished great success in several vision related tasks. For example, object detection, object classification or recognition, and image segmentation are effectively achieved with the aid of aforementioned technologies. To train an effective DCNN model generally needs a big amount of diverse and balanced data. However, the DCNNs are quite often constrained by several aspects, such as (i) data annotation cost, (ii) long-tailed dispersal of data or imbalanced data, and (iii) scarcity of relevant data. Moreover, these days Generative Adversarial Networks (GANs) are widely used in image generation and synthesis related tasks. Object detection, being an important but challenging problem in the field of image processing and computer vision, plays an important role for several applications. While different methods exist to detect objects that appear in an image, a detailed analysis regarding common object detection is still lacking. This chapter pertains to detect objects that appear in an image with complex backgrounds using the Adaptive Boosting Algorithm (ABA). Different from several previously published chapters or research articles that focus on detection of six different objects, such as ships, vehicles, face, or eyes on standard datasets, this chapter focuses on real life objects, which include: (i) Melanoma (actual Malignant Melanoma, Nevus Spilus, and Blue Navy), (ii) license plates, (iii) vehicles, (iv) pedestrians, (v) players, and (vi) football. The ABA is applied on 8525 test images, which include: 251 Melanoma, 2512 license plates, 2400 vehicles, 2502 pedestrians, 590 players/sportsmen, and 270 football images. The chapter also analyses the challenges of current study during investigating real life several objects’ images and proposes a promising research direction, namely supervised learning cloud-based object detection. We are optimistic that this study will be useful for the researchers, practitioners, and beginners as a quick review with better understanding about object detection.",SDG 3 - Good Health and Well-being,,Studies in Computational Intelligence,10.1007/978-3-031-46341-9_8,https://pure.kfupm.edu.sa/en/publications/82fc0402-f8a6-4804-a601-29c2cd4a18ab,KFUPM Pure (OAI-PMH)
KFUPM_41cc9e3a-067c-4975-ab42-eef9a7910c01,King Fahd University of Petroleum and Minerals,Systematic Reliability Evaluation of FPGA Implemented CNN Accelerators,Zhen Gao; Shihui Gao; Yi Yao; Qiang Liu; Shulin Zeng; Guangjun Ge; Yu Wang; Anees Ullah; Pedro Reviriego,2023,2023-03-01,"Convolutional neural networks (CNN) have become essential for many scientific and industrial applications, such as image classification and pattern detection. Among the devices that can implement neural networks, SRAM based FPGAs are a popular option due to their excellent parallel computing capability and good flexibility. However, SRAM-FPGAs are susceptible to radiation effects, which limits its application on safety critical applications. In this paper, the reliability of an accelerator based on the advanced Instruction-Set Architecture is evaluated based on hardware fault injection experiments. Each main module of the accelerator is evaluated separately, and the impact of parallelism and model features on the accelerator reliability is also examined. The experimental results reveal some important conclusions in terms of general hardware reliability and also of the particular model reliability. First, over 99% of SEUs on the computation modules will cause accuracy loss, and the reliability improves for higher parallelism. Second, a large portion of SEUs on the data mover and the instruction scheduler will cause system corruptions due to abnormal interactions with the ARM or other modules. Third, nonlinear activation and pooling layers are effective in reducing the effect of SEUs on computation modules, so models that use these layers tend to be more robust. The results provide a deep understanding of the impact of errors on CNNs implemented on ISA based FPGA accelerators (e.g., the Xilinx DPU).",,,IEEE Transactions on Device and Materials Reliability,10.1109/tdmr.2023.3235767,https://pure.kfupm.edu.sa/en/publications/41cc9e3a-067c-4975-ab42-eef9a7910c01,KFUPM Pure (OAI-PMH)
KFUPM_ceccad8b-fe17-4018-836a-221f11576c4f,King Fahd University of Petroleum and Minerals,On minimizing flow monitoring costs in large-scale software-defined network networks,Haythem Yahyaoui; Mohamed Faten Zhani; Ouns Bouachir; Moayad Aloqaily,2023,2023-03-01,"Recent years have witnessed the rise of novel network applications such as telesurgery, telepresence, and holoportation. As such applications have stringent performance requirements, timely and accurate traffic monitoring becomes of paramount importance to be able to react in a timely and efficient manner, and swiftly adjust the network configuration to achieve the sought-after requirements. However, existing monitoring schemes are either incurring high cost (e.g., high bandwidth consumption) due to the large number of monitoring messages or inefficient when they incur high reporting delay (i.e., the time needed for a monitoring message to reach the controller) making the collected statistics obsolete. In this paper, we address this problem and propose monitoring mechanisms for software defined networks that minimize the monitoring cost while satisfying an upper bound on the reporting delay of the statistics. Our solutions allow to carefully select the switch that should report the statistics about each flow crossing the network taking into consideration the available bandwidth and the capacity of the switch (i.e., the maximum number of flows that it can monitor). In particular, we formulate the switch-to-flow selection problem as an integer linear program and propose two heuristic algorithms to cope with large-scale instances of the problem. We consider the scenario where a single controller is collecting statistics and another where statistics are collected by multiple controllers. Simulation results show that the proposed algorithms provide near-optimal solutions with minimal computation time and outperform existing monitoring strategies in terms of monitoring cost and reporting delay.",,,International Journal of Network Management,10.1002/nem.2220,https://pure.kfupm.edu.sa/en/publications/ceccad8b-fe17-4018-836a-221f11576c4f,KFUPM Pure (OAI-PMH)
KFUPM_7d604b70-33b3-4bca-9e53-ac22c51487cb,King Fahd University of Petroleum and Minerals,On Ensuring Full Yet Cost-Efficient Survivability of Service Function Chains in NFV Environments,Zakaria Alomari; Mohamed Faten Zhani; Moayad Aloqaily; Ouns Bouachir,2023,,"The emergence of Network Function Virtualization enables the deployment of network services in the form of service function chains. In this context, one of the key challenges is to ensure the survivability of these chains in face of single or multiple simultaneous physical node failures. In this paper, we address this challenge and propose solutions to guarantee the survivability of service chains by ensuring that there are enough backups ready to take over when failures occur. Specifically, we put forward a Survivability Management Framework that predicts traffic demand in service function chains and provision enough backups for network functions with minimal costs. To this end, we leverage the AutoRegressive Integrated Moving Average (ARIMA) model to predict future demand. We mathematically model the service chain survivability problem as an integer linear program that determines the minimal number of shared backups and their optimal location in the infrastructure such that backup operational costs are minimized. We also devise two greedy algorithms to deal with the problem in large-scale scenarios. We show, through several simulations, the performance and efficiency of the proposed solutions in different scenarios. We also show that demand prediction could help to avoid unnecessary provisioning of backups, and thereby reduce their operational costs.",,,Journal of Network and Systems Management,10.1007/s10922-023-09734-3,https://pure.kfupm.edu.sa/en/publications/7d604b70-33b3-4bca-9e53-ac22c51487cb,KFUPM Pure (OAI-PMH)
KFUPM_60f258eb-255b-4cac-9c46-ec65db493a3a,King Fahd University of Petroleum and Minerals,Fast and efficient algorithm for delay-sensitive QoS provisioning in SDN networks,Ahmed BinSahaq; Tarek Sheltami; Ashraf Mahmoud; Nidal Nasser,2024,,"Adoption of Software-Defined Networks(SDN) as a new networking paradigm, promises solutions for Quality of Service(QoS) management issues raised at the service providers level due to the massive increase in connected devices (e.g., Servers, Mobile devices, M2M, Things, etc.), traffic in between, and the diverse user and service demands (e.g., delay, bandwidth, etc.). Although its advantage in network control flexibility compared to traditional networking, SDN still requires a design of robust and fast QoS guaranteeing routing algorithms due to its central control computation overhead. In this article, we present a new QoS-aware routing algorithm designed to work on top of SDN and serves delay-sensitive services that require certain delay requirements with low computation time. Such problems are usually modeled as Delay Constrained Least Cost (DCLC) problem which is a well-known NP-hard problem. We adopted the Lagrangian relaxation-based approach that incorporates the delay constraint into the objective cost function to solve the DCLC problem. Differently than existing Lagrangian relaxation-based algorithms, we designed our algorithm to reduce the solution search space by exploiting the problem lower-bound cost and delay paths. Moreover, we defined three different constraint tightness factors inferred from the problem current state to avoid extra non-useful Dijkstra calls. To improve the solution quality, we propose a novel approach that use state information obtained from previous optimization iterations to obtain a small-size network subgraph. Then it search the obtained subgraph for a better solution that the Lagrangian relaxation-based approach may miss. We performed an extensive python-based simulation to evaluate the performance of MODLARAC and compared it with two Lagrangian relaxation-based heuristic algorithms proposed in the literature to solve the DCLC problem, LARAC, and BiLAD algorithms. The obtained results showed improvement up to a 15% reduction in internal Dijkstra calls count with about a 2% increase in the total path cost compared to those obtained by the optimal solution.",,,Wireless Networks,10.1007/s11276-022-03028-3,https://pure.kfupm.edu.sa/en/publications/60f258eb-255b-4cac-9c46-ec65db493a3a,KFUPM Pure (OAI-PMH)
KFUPM_de462211-78f1-4512-bae6-93d8c05b0e21,King Fahd University of Petroleum and Minerals,Optimizing Base Station’s Anonymity with PID-Controlled Fake Packets and Data Aggregation,Farouq Aliyu; Sani Umar; Uthman Baroudi; Talal Alkharobi,2024,,"A Base Station (BS) is a gateway between a wireless sensor network (WSN) and the network administrator (NA). It is responsible for gathering information from the sensors and forwarding it to the NA while collecting instruction from him and communicating it to the WSN. Consequently, the BS has become the prime target of attackers. One form of attack on the BS is tempering. The attacker finds the physical location and destroys it. An adversary can easily find the BS since (in a typical WSN) it is the node with the highest traffic. In this paper, we hide the BS using proportional–integral–derivative (PID) controlled fake packet injection and data aggregation. The data aggregation strategy helps combine data from the sensor nodes into a super-packet, thus reducing the actual traffic. On the other hand, the PID-controlled fake packet injection technique compensates for the difference in traffic between the BS and other nodes in the network. The simulation results demonstrate that the proposed approach can protect the BS from packet-tracing and traffic analysis attacks.","SDG 9 - Industry, Innovation, and Infrastructure",,Arabian Journal for Science and Engineering,10.1007/s13369-023-08316-4,https://pure.kfupm.edu.sa/en/publications/de462211-78f1-4512-bae6-93d8c05b0e21,KFUPM Pure (OAI-PMH)
KFUPM_26bfc449-8f3b-4499-b315-c3abdb9c0e45,King Fahd University of Petroleum and Minerals,Monocular-based collision avoidance system for unmanned aerial vehicle,Abdulrahman Javaid; Asaad Alduais; M. Hashem Shullar; Uthman Baroudi; Mustafa Alnaser,2024,,"Obstacle avoidance based on a monocular camera is a challenging task due to the lack of 3D information for Unmanned Aerial Vehicle. Recent methods based on Convolutional Neural Networks for monocular depth estimation and obstacle detection become widely used. However, collision avoidance with depth estimation usually suffers from long computational time and low avoidance success rate. A new collision avoidance system is proposed which uses monocular camera and intelligent algorithm to avoid obstacles on real time processing. Several experiments have been conducted on crowded environments with several object types. The results show outstanding performance in terms of obstacles avoidance and system response time compared to contemporary approaches. This makes the proposed approach of high potential to be integrated in crowded environments.",SDG 11 - Sustainable Cities and Communities; SDG 3 - Good Health and Well-being,,IET Smart Cities,10.1049/smc2.12067,https://pure.kfupm.edu.sa/en/publications/26bfc449-8f3b-4499-b315-c3abdb9c0e45,KFUPM Pure (OAI-PMH)
KFUPM_92772e43-be25-4672-bf68-e015626f5ceb,King Fahd University of Petroleum and Minerals,Mixed convection of two layers with radiative electro-magnetohydrodynamics nanofluid flow in vertical enclosure,Rahmat Ellahi; Ahmad Zeeshan; Nasir Shehzad; Aneel Hussain; Sadiq M. Sait,2024,2024-02-26,"Mixed convection flow of two layers nanofluid in a vertical enclosure is studied. The channel consists of two regions. Region I is electrically conducting while Region II is electrically non-conducting. Region I is filled with base fluid water with copper oxides nanoparticles and Region II is filled with base fluid kerosene oil with iron oxides. The simultaneous effects of electro-magnetohydrodynamics and Grashof number are also taken into account. The governing flow problem consists of nonlinear coupled differential equations which is tackled using analytical technique. Analytical results have been obtained by the homotopy analysis method (HAM). The results for the leading parameters, such as the Hartmann numbers, Grashof numbers, ratio of viscosities, width ratio, volume fraction of nanoparticles, and the ratio of thermal conductivities for three different electric field scenarios under heat generation/absorption were examined. It is found that the effect of the negative electric load parameter assists the flow while the effect of the positive electric load parameter opposes the flow as compared to the case when the electric load parameter is zero. All outcomes for significant parameters on velocity and temperature are discussed graphically.",,,Nanotechnology,10.1088/1361-6528/ad115b,https://pure.kfupm.edu.sa/en/publications/92772e43-be25-4672-bf68-e015626f5ceb,KFUPM Pure (OAI-PMH)
KFUPM_ebf44ca0-4aac-45fc-8426-28c32b509c3c,King Fahd University of Petroleum and Minerals,An efficient sequential consistency implementation with dynamic race detection for GPUs,Abdulaziz Tabbakh; Murali Annavaram,2024,,"As GPUs are being used for general purpose computations, applications with different memory access requirements have emerged. In spite of the growing demand, only few GPU coherence protocols and memory models have been explored in research, and even fewer models have been implemented in products. However, in the CPU domain a diverse range of memory models for parallel programming have been proposed, which explore the interplay between performance and programmability. Sequential consistency (SC) is one of the strict memory models. It provides the most programmer intuitive execution of memory operation but it imposes strict ordering restrictions on memory operations that cause performance overhead. Hence, implementing and supporting SC is one of the most challenging tasks in any computing platform, and GPUs are no exception. As such in this paper, we propose a GPU architecture that implements SC memory model with minimal performance and power overhead. We achieve this goal by designing a mechanism to detect races between different streaming multiprocessors (SMs) dynamically at runtime. The race is detected using a signature-based mechanism to keep track of sets of unseen updates for each SM which significantly reduces the hardware implementation cost, with a small increase in invalidation traffic. Our experiments show that dynamic race detection can be used to implement sequential consistency with 5% performance overhead.",,,Journal of Parallel and Distributed Computing,10.1016/j.jpdc.2023.104836,https://pure.kfupm.edu.sa/en/publications/ebf44ca0-4aac-45fc-8426-28c32b509c3c,KFUPM Pure (OAI-PMH)
KFUPM_2647d705-6f19-44cf-9529-42af731a5be3,King Fahd University of Petroleum and Minerals,A new enhanced mountain gazelle optimizer and artificial neural network for global optimization of mechanical design problems,Pranav Mehta; Sadiq M. Sait; Betül Sultan Yıldız; Mehmet Umut Erdaş; Mehmet Kopar; Ali Rıza Yıldız,2024,,"Nature-inspired metaheuristic optimization algorithms have many applications and are more often studied than conventional optimization techniques. This article uses the mountain gazelle optimizer, a recently created algorithm, and artificial neural network to optimize mechanical components in relation to vehicle component optimization. The family formation, territory-building, and food-finding strategies of mountain gazelles serve as the major inspirations for the algorithm. In order to optimize various engineering challenges, the base algorithm (MGO) is hybridized with the Nelder–Mead algorithm (HMGO-NM) in the current work. This considered algorithm was applied to solve four different categories, namely automobile, manufacturing, construction, and mechanical engineering optimization tasks. Moreover, the obtained results are compared in terms of statistics with well-known algorithms. The results and findings show the dominance of the studied algorithm over the rest of the optimizers. This being said the HMGO algorithm can be applied to a common range of applications in various industrial and real-world problems.","SDG 9 - Industry, Innovation, and Infrastructure",,Materialpruefung/Materials Testing,10.1515/mt-2023-0332,https://pure.kfupm.edu.sa/en/publications/2647d705-6f19-44cf-9529-42af731a5be3,KFUPM Pure (OAI-PMH)
KFUPM_08988b3e-d492-484b-bf53-153ab0bd060b,King Fahd University of Petroleum and Minerals,Performance evaluation of cluster-based federated machine learning,Karim Asif Sattar; Uthman Baroudi,2024,,"Federated Learning (FL) is a collaborative training method for machine learning (ML) that aggregates model weights from multiple participants during the training phase. The learning phase of machine learning techniques is distributed, in which each participating device trains a model using its local data set and sends model weights to a centralized node. The central node aggregates weights and sends the updated weights back to devices. The process continues until a specific threshold is reached such accuracy, response time. In this paper, we present a performance evaluation of FL in a clustering-based multi-hop network to simulate the effect of the dynamic environment on the accuracy of the global model. It is observed that a minimum number of participating nodes is required within a cluster to maintain a high level of global accuracy. A global threshold value needs to be defined to maintain high global accuracy and avoid degradation of model performance.",,,Neural Computing and Applications,10.1007/s00521-024-09487-3,https://pure.kfupm.edu.sa/en/publications/08988b3e-d492-484b-bf53-153ab0bd060b,KFUPM Pure (OAI-PMH)
KFUPM_093b30f5-5e8a-48d9-ae61-7ea51017ef34,King Fahd University of Petroleum and Minerals,Reliable data transmission for a VANET-IoIT architecture: A DNN approach,Joydev Ghosh; Neeraj Kumar; Khaled A. Al-Utaibi; Sadiq M. Sait; Van Nhan Vo; Chakchai So-In,2024,,"The challenges and resilience of vehicular ad hoc network (VANET) and deep neural network (DNN) hybrid architectures in terms of reliability in smart cities have attracted much global interest stemming from the rollout of the next generation of intelligent networks. In this paper, we propose a novel distributed DNN (D-DNN) scheme with blockchain to support the Internet of Intelligent Things (IoIT) infrastructure in the VANET environment of the future. In particular, because the communication links between edge nodes are very unstable in VANETs, a new neuro-fuzzy server that serves the dual roles of finding reliable links between edge nodes and performing optimal routing path selection is proposed. Next, a blockchain layer is employed at the edge nodes, which are initially scrutinized before establishing communication links to ensure reliability during data transfer. Then, the proposed D-DNN (PD-DNN) scheme is applied to enhance the performance of the VANET-IoIT architecture by improving the data flow and convergence rate and mitigating erratic variations in output. To address reliability concerns, the coverage probability (CP) metric is investigated as a measure of network connectivity. Furthermore, we present an analysis of the PD-DNN scheme in comparison with the traditional DNN (T-DNN) scheme. Finally, simulation results for VANET-IoIT scenarios show that, subject to data protection and privacy constraints, the CP values corresponding to different communication links are improved to a greater extent under our scheme than under the traditional scheme, demonstrating the feasibility of the proposed scheme.","SDG 9 - Industry, Innovation, and Infrastructure; SDG 11 - Sustainable Cities and Communities",,Internet of Things (Netherlands),10.1016/j.iot.2024.101129,https://pure.kfupm.edu.sa/en/publications/093b30f5-5e8a-48d9-ae61-7ea51017ef34,KFUPM Pure (OAI-PMH)
KFUPM_12a7aa4d-521a-47ba-a2b0-d5c44cdf8eb3,King Fahd University of Petroleum and Minerals,Novel compressed linear network coding vectors for multihop communication networks,Anas A. Abudaqa; Ashraf S.H. Mahmoud; Alawi A. ALsaggaf; Tarek R. Sheltami,2024,,"Random Linear Network Coding (RLNC) is well-known to provide high throughput and low latency for vast communication networks. However, RLNC often suffers from high coefficients overhead, specifically, when it’s applied to limited resource or short-packet networks. Herein, the problem of RLNC coefficients vector overhead is revisited. A novel framework, based on modular arithmetic and prime numbers, and influenced by the Chinese remainder theorem (CRT), is proposed to reduce the coefficients overhead by augmenting only a tiny one item coefficient instead of the entire coefficients vector. The proposed method successfully addresses all the shortcomings of previous methods, including restrictions on generation size and packet density, recoding on intermediate nodes, and creating innovative coding vectors. Theoretical analysis and experimental demonstrate the superior performance of the proposed scheme in terms of coefficients overhead ratio, download time, throughput, and packet drop rate. This evaluation has considered two types of networks: wireless sensors network for Internet of things, and conventional wireline Ethernet.",,,Telecommunication Systems,10.1007/s11235-024-01110-z,https://pure.kfupm.edu.sa/en/publications/12a7aa4d-521a-47ba-a2b0-d5c44cdf8eb3,KFUPM Pure (OAI-PMH)
KFUPM_9d3915dd-c633-4642-9ec0-8141d89f9e97,King Fahd University of Petroleum and Minerals,Optical Focusing-Based Adaptive Modulation for Air-to-Underwater Optoacoustic Communication,Muntasir Mahmud; Mohamed Younis; Fow Sen Choa; Akram Ahmed,2024,2024-03-15,"Nonlinear optoacoustics enable effective communication across the air-water interface. However, the requirement of a high-power laser and the vapor cloud buildup can limit the power efficiency and data rate. Thus, a proper modulation and encoding scheme is necessary. This article tackles this issue by presenting an optical focusing-based adaptive modulation (OFAM) technique that can dynamically control the underwater acoustic source (plasma) and acoustic pressure. Specifically, the article describes two variants of OFAM for a single laser transmitter with stationary focusing (OFAM-1D) and dynamic focusing (OFAM-3D). The data rate of OFAM-1D and OFAM-3D is approximately 6 and 4.4 times higher than peak detection based on-off keying (PDOOK). Furthermore, both techniques are 137% more power efficient than PDOOK. Studying the bit error rate (BER) in the presence of ambient underwater noises for different node positions has indicated that OFAM can achieve low BER even at a 300-m depth for 50- and 60-mJ laser pulse energy. Moreover, machine learning (ML) techniques have been leveraged in the demodulation process for increased robustness. Specifically, the random forest (RF) model could yield up to 94.75% demodulation accuracy. Our results indicate that OFAM can lead to a new paradigm of air to underwater wireless communication.",,,IEEE Sensors Journal,10.1109/jsen.2023.3340092,https://pure.kfupm.edu.sa/en/publications/9d3915dd-c633-4642-9ec0-8141d89f9e97,KFUPM Pure (OAI-PMH)
KFUPM_1f5eda63-bbcc-4b17-8e5a-9d364ce0a645,King Fahd University of Petroleum and Minerals,Heat transfer analysis of magnetohydrodynamics peristaltic fluid with inhomogeneous solid particles and variable thermal conductivity through curved passageway,Atifa Kanwal; Ambreen A. Khan; Sadiq M. Sait; R. Ellahi,2024,2024-03-29,"Purpose: The particle distribution in a fluid is mostly not homogeneous. The inhomogeneous dispersion of solid particles affects the velocity profile as well as the heat transfer of fluid. This study aims to highlight the effects of varying density of particles in a fluid. The fluid flows through a wavy curved passage under an applied magnetic field. Heat transfer is discussed with variable thermal conductivity. Design/methodology/approach: The mathematical model of the problem consists of coupled differential equations, simplified using stream functions. The results of the time flow rate for fluid and solid granules have been derived numerically. Findings: The fluid and dust particle velocity profiles are being presented graphically to analyze the effects of density of solid particles, magnetohydrodynamics, curvature and slip parameters. Heat transfer analysis is also performed for magnetic parameter, density of dust particles, variable thermal conductivity, slip parameter and curvature. As the number of particles in the fluid increases, heat conduction becomes slow through the fluid. Increase in temperature distribution is noticed as variable thermal conductivity parameter grows. The discussion of variable thermal conductivity is of great concern as many biological treatments and optimization of thermal energy storage system’s performance require precise measurement of a heat transfer fluid’s thermal conductivity. Originality/value: This study of heat transfer with inhomogeneous distribution of the particles in a fluid has not yet been reported.",,,International Journal of Numerical Methods for Heat and Fluid Flow,10.1108/hff-12-2023-0757,https://pure.kfupm.edu.sa/en/publications/1f5eda63-bbcc-4b17-8e5a-9d364ce0a645,KFUPM Pure (OAI-PMH)
KFUPM_620928e8-1807-4777-b3ad-62346519f6cd,King Fahd University of Petroleum and Minerals,Electromagnetic effects on two-layer peristalsis flow of Powell–Eyring nanofluid in axisymmetric channel,Ambreen A. Khan; G. Fatima; Sadiq M. Sait; R. Ellahi,2024,,"The current analysis reveals unreported properties of the two-layer flow of dual convective magneto-hydrodynamic viscous nanofluid and Powell–Eyring in flexible concentric cylinders in the existing literature. The transmission of two immiscible fluids involving viscous nanofluid in the peripheral region and Powell–Eyring fluid in the core region is analyzed. The flow is induced by a sinusoidal wave that is propagated on the compliant wall. Over the outer cylinder, concentration and temperature are supposed to be greater than in the inner cylinder. The fluid flow of each phase involves continuity equation, momentum, heat transfer and mass transfer equations with the addition of electromagnetic effect. At interface, the continuity of velocity, stress, temperature are considered. In order to construct the model that includes mass and heat transport for both regions, long wavelength and creeping flow are assumed. The calculations are made against the resultant equations by using homotopy perturbation method. The outcomes of simulation for significant physical parameters are described and illustrated graphically. The graphical analysis shows that the electric and magnetic parameter changes in opposite manner for both temperature and velocity profiles. Both regions exhibit an increase in fluid temperature along with a rise in Brickman number.",,,Journal of Thermal Analysis and Calorimetry,10.1007/s10973-024-12907-0,https://pure.kfupm.edu.sa/en/publications/620928e8-1807-4777-b3ad-62346519f6cd,KFUPM Pure (OAI-PMH)
KFUPM_ff61fc96-37f6-4644-a53f-31ad2b1ae530,King Fahd University of Petroleum and Minerals,UAV Detection Using Reinforcement Learning,Arwa AlKhonaini; Tarek Sheltami; Ashraf Mahmoud; Muhammad Imam,2024,,"Unmanned Aerial Vehicles (UAVs) have gained significant popularity in both military and civilian applications due to their cost-effectiveness and flexibility. However, the increased utilization of UAVs raises concerns about the risk of illegal data gathering and potential criminal use. As a result, the accurate detection and identification of intruding UAVs has emerged as a critical research concern. Many algorithms have shown their effectiveness in detecting different objects through different approaches, including radio frequency (RF), computer vision (visual), and sound-based detection. This article proposes a novel approach for detecting and identifying intruding UAVs based on their RF signals by using a hierarchical reinforcement learning technique. We train a UAV agent hierarchically with multiple policies using the REINFORCE algorithm with entropy regularization term to improve the overall accuracy. The research focuses on utilizing extracted features from RF signals to detect intruding UAVs, which contributes to the field of reinforcement learning by investigating a less-explored UAV detection approach. Through extensive evaluation, our findings show the remarkable results of the proposed approach in achieving accurate RF-based detection and identification, with an outstanding detection accuracy of 99.7%. Additionally, our approach demonstrates improved cumulative return performance and reduced loss. The obtained results highlight the effectiveness of the proposed solution in enhancing UAV security and surveillance while advancing the field of UAV detection.",,,Sensors,10.3390/s24061870,https://pure.kfupm.edu.sa/en/publications/ff61fc96-37f6-4644-a53f-31ad2b1ae530,KFUPM Pure (OAI-PMH)
KFUPM_50a74de9-5ed0-4f79-a0d4-687d696703e0,King Fahd University of Petroleum and Minerals,Optimal charging/discharging management strategy for electric vehicles,Mohammed Algafri; Uthman Baroudi,2024,2024-06-15,"Electric vehicles (EVs) are experiencing substantial investment and widespread acceptance. However, successful penetration of the global market is contingent upon the development of a strategic plan for the efficient allocation of EVs to optimal charging stations (CSs). This study combines several optimization models to systematically assign EVs to the optimal charging stations, with the goal of maximizing trading energy while simultaneously minimizing total response time. Factors taken into consideration include traveling distance, charging (V2G), and discharging (G2V) energy trading, total response time, and energy prices. The efficacy of the combined models is validated using GAMS and BARON solvers, with a focus on EV satisfaction factor, updated energy and response time, number of served EVs, and alleviation of range anxiety. The proposed models demonstrate 85% satisfaction factor for the majority of charging requests, reaching almost 99% for discharging requests. These results surpass those of contemporary models, underscoring the heightened effectiveness of the proposed approach.",SDG 7 - Affordable and Clean Energy; SDG 11 - Sustainable Cities and Communities,,Applied Energy,10.1016/j.apenergy.2024.123187,https://pure.kfupm.edu.sa/en/publications/50a74de9-5ed0-4f79-a0d4-687d696703e0,KFUPM Pure (OAI-PMH)
KFUPM_2e851952-9179-488d-8072-2d7eda01a6c0,King Fahd University of Petroleum and Minerals,Artificial intelligence and edge computing for machine maintenance-review,Abubakar Bala; Rahimi Zaman Jusoh A. Rashid; Idris Ismail; Diego Oliva; Noryanti Muhammad; Sadiq M. Sait; Khaled A. Al-Utaibi; Temitope Ibrahim Amosa; Kamran Ali Memon,2024,,"Industrial internet of things (IIoT) has ushered us into a world where most machine parts are now embedded with sensors that collect data. This huge data reservoir has enhanced data-driven diagnostics and prognoses of machine health. With technologies like cloud or centralized computing, the data could be sent to powerful remote data centers for machine health analysis using artificial intelligence (AI) tools. However, centralized computing has its own challenges, such as privacy issues, long latency, and low availability. To overcome these problems, edge computing technology was embraced. Thus, instead of moving all the data to the remote server, the data can now transition on the edge layer where certain computations are done. Thus, access to the central server is infrequent. Although placing AI on edge devices aids in fast inference, it poses new research problems, as highlighted in this paper. Moreover, the paper discusses studies that use edge computing to develop artificial intelligence-based diagnostic and prognostic techniques for industrial machines. It highlights the locations of data preprocessing, model training, and deployment. After analysis of several works, trends of the field are outlined, and finally, future research directions are elaborated.","SDG 9 - Industry, Innovation, and Infrastructure",,Artificial Intelligence Review,10.1007/s10462-024-10748-9,https://pure.kfupm.edu.sa/en/publications/2e851952-9179-488d-8072-2d7eda01a6c0,KFUPM Pure (OAI-PMH)
KFUPM_38698119-7a2b-44f6-8d76-94f3d1c9e577,King Fahd University of Petroleum and Minerals,An Optimization Approach of IoD Deployment for Optimal Coverage Based on Radio Frequency Model,Tarek Sheltami; Gamil Ahmed; Ansar Yasar,2024,2024-03-11,"Recently, Internet of Drones (IoD) has garnered significant attention due to its widespread applications. However, deploying IoD for area coverage poses numerous limitations and challenges. These include interference between neighboring drones, the need for directional antennas, and altitude restrictions for drones. These challenges necessitate the development of efficient solutions. This research paper presents a cooperative decision-making approach for an efficient IoD deployment to address these challenges effectively. The primary objective of this study is to achieve an efficient IoD deployment strategy that maximizes the coverage region while minimizing interference between neighboring drones. In deployment problem, the interference increases as the number of deployed drones increases, resulting in bad quality of communication. On the other hand, deploying a few drones cannot satisfy the coverage demand. To accomplish this, an enhanced version of a concise population-based meta-heuristic algorithm, namely Improved Particle Swarm Optimization (IPSO), is applied. The objective function of IPSO is defined based on the coverage probability, which is primarily influenced by the characteristics of the antennas and drone altitude. A radio frequency (RF) model is derived to evaluate the coverage quality, considering both Line of Sight (LOS) and Non-Line of Sight (NLOS) down-link coverage probabilities for ground communication. It is assumed that each drone is equipped with a directional antenna to optimize coverage in a given region. Extensive simulations are conducted to assess the effectiveness of the proposed approach. Results demonstrate that the proposed method achieves maximum coverage with minimum transmission power. Furthermore, a comparison is made against Collaborative Visual Area Coverage Approach (CVACA), and a game-based approach in terms of coverage quality and convergence speed. The simulation results reveal that our approach outperforms both CVACA and the game-based schemes in terms of coverage and convergence speed. Comparisons validate the superiority of our approach over existing methods. To assess the robustness of the proposed RF model, we have considered two distinct ranges of noise: range1 spanning from −120 to −90 dBm, and range2 spanning from −90 to −70 dBm for different numbers of UAVs. In summary, this research presents a cooperative decision-making approach for efficient IoD deployment to address the challenges associated with area coverage and achieves an optimal coverage with minimal interference.",,,CMES - Computer Modeling in Engineering and Sciences,10.32604/cmes.2023.044973,https://pure.kfupm.edu.sa/en/publications/38698119-7a2b-44f6-8d76-94f3d1c9e577,KFUPM Pure (OAI-PMH)
KFUPM_89d156d1-7cdc-4701-8aa6-fad8ff25c9b0,King Fahd University of Petroleum and Minerals,Enhancing the structural performance of engineering components using the geometric mean optimizer,Pranav Mehta; Ali Riza Yildiz; Sadiq M. Sait; Betül Sultan Yildiz,2024,,"In this article, a newly developed optimization approach based on a mathematics technique named the geometric mean optimization algorithm is employed to address the optimization challenge of the robot gripper, airplane bracket, and suspension arm of automobiles, followed by an additional three engineering problems. Accordingly, other challenges are the ten-bar truss, three-bar truss, tubular column, and spring systems. As a result, the algorithm demonstrates promising statistical outcomes when compared to other well-established algorithms. Additionally, it requires less iteration to achieve the global optimum solution. Furthermore, the algorithm exhibits minimal deviations in results, even when other techniques produce better or similar outcomes. This suggests that the proposed approach in this paper can be effectively utilized for a wide range of critical industrial and real-world engineering challenges.",,,Materialpruefung/Materials Testing,10.1515/mt-2024-0005,https://pure.kfupm.edu.sa/en/publications/89d156d1-7cdc-4701-8aa6-fad8ff25c9b0,KFUPM Pure (OAI-PMH)
KFUPM_4e46d668-7644-4e1f-bff1-0478762a3cbf,King Fahd University of Petroleum and Minerals,Investigation of UAV Detection in Images with Complex Backgrounds and Rainy Artifacts,Adnan Munir; Abdul Jabbar Siddiqui; Saeed Anwar,2024,,"To detect unmanned aerial vehicles (UAVs) in real-time, computer vision and deep learning approaches are evolving research areas. Interest in this problem has grown due to concerns regarding the possible hazards and misuse of employing UAVs in many applications. These include potential privacy violations. To address the concerns, vision-based object detection methods have been developed for UAV detection. However, UAV detection in images with complex backgrounds and weather artifacts like rain has yet to be reasonably studied. Hence, for this purpose, we prepared two training datasets. The first dataset has the sky as its background and is called the Sky Background Dataset (SBD). The second training dataset has more complex scenes (with diverse backgrounds) and is named the Complex Background Dataset (CBD). Additionally, two test sets were prepared: one containing clear images and the other with images with three rain artifacts, named the Rainy Test Set (RTS). This work also focuses on benchmarking state-of-the-art object detection models, and to the best of our knowledge, it is the first to investigate the performance of recent and popular vision-based object detection methods for UAV detection under challenging conditions such as complex backgrounds, varying UAV sizes, and low-to-heavy rainy conditions. The findings presented in the paper shall help provide insights concerning the performance of the selected models for UAV detection under challenging conditions and pave the way to develop more robust UAV detection methods. The codes and datasets are available at: https://github.com/AdnanMunir294/UAVD-CBRA.",,,"Proceedings - 2024 IEEE Winter Conference on Applications of Computer Vision Workshops, WACVW 2024",10.1109/wacvw60836.2024.00031,https://pure.kfupm.edu.sa/en/publications/4e46d668-7644-4e1f-bff1-0478762a3cbf,KFUPM Pure (OAI-PMH)
KFUPM_0f72b23e-bd1b-49bc-aca1-84ed8222165c,King Fahd University of Petroleum and Minerals,Energy-Efficient Internet of Drones Path-Planning Study Using Meta-Heuristic Algorithms,Gamil Ahmed; Tarek Sheltami; Mustafa Ghaleb; Mosab Hamdan; Ashraf Mahmoud; Ansar Yasar,2024,,"The increasing popularity of unmanned aerial vehicles (UAVs), commonly known as drones, in various fields is primarily due to their agility, quick deployment, flexibility, and excellent mobility. Particularly, the Internet of Drones (IoD)—a networked UAV system—has gained broad-spectrum attention for its potential applications. However, threat-prone environments, characterized by obstacles, pose a challenge to the safety of drones. One of the key challenges in IoD formation is path planning, which involves determining optimal paths for all UAVs while avoiding obstacles and other constraints. Limited battery life is another challenge that limits the operation time of UAVs. To address these issues, drones require efficient collision avoidance and energy-efficient strategies for effective path planning. This study focuses on using meta-heuristic algorithms, recognized for their robust global optimization capabilities, to solve the UAV path-planning problem. We model the path-planning problem as an optimization problem that aims to minimize energy consumption while considering the threats posed by obstacles. Through extensive simulations, this research compares the effectiveness of particle swarm optimization (PSO), improved PSO (IPSO), comprehensively improved PSO (CIPSO), the artificial bee colony (ABC), and the genetic algorithm (GA) in optimizing the IoD’s path planning in obstacle-dense environments. Different performance metrics have been considered, such as path optimality, energy consumption, straight line rate (SLR), and relative percentage deviation (RPD). Moreover, a nondeterministic test is applied, and a one-way ANOVA test is obtained to validate the results for different algorithms. Results indicate IPSO’s superior performance in terms of IoD formation stability, convergence speed, and path length efficiency, albeit with a longer run time compared to PSO and ABC.",SDG 3 - Good Health and Well-being; SDG 7 - Affordable and Clean Energy,,Applied Sciences (Switzerland),10.3390/app14062418,https://pure.kfupm.edu.sa/en/publications/0f72b23e-bd1b-49bc-aca1-84ed8222165c,KFUPM Pure (OAI-PMH)
KFUPM_c839e99b-a50b-4d3d-9bce-bc4610713946,King Fahd University of Petroleum and Minerals,Deep-Representation-Learning-Based Classification Strategy for Anticancer Peptides,Shujaat Khan,2024,,"Cancer, with its complexity and numerous origins, continues to provide a huge challenge in medical research. Anticancer peptides are a potential treatment option, but identifying and synthesizing them on a large scale requires accurate prediction algorithms. This study presents an intuitive classification strategy, named ACP-LSE, based on representation learning, specifically, a deep latent-space encoding scheme. ACP-LSE can demonstrate notable advancements in classification outcomes, particularly in scenarios with limited sample sizes and abundant features. ACP-LSE differs from typical black-box approaches by focusing on representation learning. Utilizing an auto-encoder-inspired network, it embeds high-dimensional features, such as the composition of g-spaced amino acid pairs, into a compressed latent space. In contrast to conventional auto-encoders, ACP-LSE ensures that the learned feature set is both small and effective for classification, giving a transparent alternative. The suggested approach is tested on benchmark datasets and demonstrates higher performance compared to the current methods. The results indicate improved Matthew’s correlation coefficient and balanced accuracy, offering insights into crucial aspects for developing new ACPs. The implementation of the proposed ACP-LSE approach is accessible online, providing a valuable and reproducible resource for researchers in the field.",SDG 3 - Good Health and Well-being,,Mathematics,10.3390/math12091330,https://pure.kfupm.edu.sa/en/publications/c839e99b-a50b-4d3d-9bce-bc4610713946,KFUPM Pure (OAI-PMH)
KFUPM_a849ec19-8c33-4730-9634-ce2d6ca8efdb,King Fahd University of Petroleum and Minerals,Optimal design of structural engineering components using artificial neural network-assisted crayfish algorithm,Sadiq M. Sait; Pranav Mehta; Ali Rıza Yıldız; Betül Sultan Yıldız,2024,2024-09-01,"Optimization techniques play a pivotal role in enhancing the performance of engineering components across various real-world applications. Traditional optimization methods are often augmented with exploitation-boosting techniques due to their inherent limitations. Recently, nature-inspired algorithms, known as metaheuristics (MHs), have emerged as efficient tools for solving complex optimization problems. However, these algorithms face challenges such as imbalance between exploration and exploitation phases, slow convergence, and local optima. Modifications incorporating oppositional techniques, hybridization, chaotic maps, and levy flights have been introduced to address these issues. This article explores the application of the recently developed crayfish optimization algorithm (COA), assisted by artificial neural networks (ANN), for engineering design optimization. The COA, inspired by crayfish foraging and migration behaviors, incorporates temperature-dependent strategies to balance exploration and exploitation phases. Additionally, ANN augmentation enhances the algorithm’s performance and accuracy. The COA method optimizes various engineering components, including cantilever beams, hydrostatic thrust bearings, three-bar trusses, diaphragm springs, and vehicle suspension systems. Results demonstrate the effectiveness of the COA in achieving superior optimization solutions compared to other algorithms, emphasizing its potential for diverse engineering applications.",,,Materialpruefung/Materials Testing,10.1515/mt-2024-0075,https://pure.kfupm.edu.sa/en/publications/a849ec19-8c33-4730-9634-ce2d6ca8efdb,KFUPM Pure (OAI-PMH)
KFUPM_ebe7513c-ab25-47f0-ab7a-b49f386f70ae,King Fahd University of Petroleum and Minerals,Convective heat transfer with Hall current using magnetized non-Newtonian Carreau fluid model on the cilia-attenuated flow,Fehid Ishtiaq; R. Ellahi; M. M. Bhatti; Sadiq M. Sait,2024,2024-09-04,"Purpose: Cilia serves numerous biological functions in the human body. Malfunctioning of nonmotile or motile cilia will have different kinds of consequences for human health. More specifically, the directed and rhythmic beat of motile cilia facilitates the unidirectional flow of fluids that are crucial in both homeostasis and the development of ciliated tissues. In cilia-dependent hydrodynamic flows, tapering geometries look a lot like the structure of biological pathways and vessels, like airways and lymphatic vessels. In this paper, the Carreau fluid model through the cilia-assisted tapered channel (asymmetric) under the influence of induced magnetic field and convective heat transfer is investigated. Design/methodology/approach: Lubrication theory is a key player in the mathematical formulation of momentum, magnetic field and energy equations. The formulated nonlinear and coupled differential equations are solved with the aid of the homotopy perturbation method (HPM). The graphical results are illustrated with the help of the computational software “Mathematica.” Findings: The impact of diverse emerging physical parameters on velocity, induced magnetic field, pressure rise, current density and temperature profiles is presented graphically. It is observed that the cilia length parameter supported the velocity and current density profiles, while the Hartman number and Weissenberg number were opposed. A promising effect of emerging parameters on streamlines is also perceived. Originality/value: The study provides novel aspects of cilia-driven induced magnetohydrodynamics flow of Carreau fluid under the influence of induced magnetic field and convective heat transfer through the asymmetric tapered channel.",,,International Journal of Numerical Methods for Heat and Fluid Flow,10.1108/hff-03-2024-0181,https://pure.kfupm.edu.sa/en/publications/ebe7513c-ab25-47f0-ab7a-b49f386f70ae,KFUPM Pure (OAI-PMH)
KFUPM_909e9cbe-f978-4270-b0e8-88b7b12b1686,King Fahd University of Petroleum and Minerals,Optimization of electric vehicle design problems using improved electric eel foraging optimization algorithm,Pranav Mehta; Betül Sultan Yildiz; Sadiq M. Sait; Ali Riza Ylldlz,2024,,"This paper introduces a novel approach, the Modified Electric Eel Foraging Optimization (EELFO) algorithm, which integrates artificial neural networks (ANNs) with metaheuristic algorithms for solving multidisciplinary design problems efficiently. Inspired by the foraging behavior of electric eels, the algorithm incorporates four key phases: interactions, resting, hunting, and migrating. Mathematical formulations for each phase are provided, enabling the algorithm to explore and exploit solution spaces effectively. The algorithm's performance is evaluated on various real-world optimization problems, including weight optimization of engineering components, economic optimization of pressure handling vessels, and cost optimization of welded beams. Comparative analyses demonstrate the superiority of the MEELFO algorithm in achieving optimal solutions with minimal deviations and computational effort compared to existing metaheuristic methods.",,,Materialpruefung/Materials Testing,10.1515/mt-2024-0098,https://pure.kfupm.edu.sa/en/publications/909e9cbe-f978-4270-b0e8-88b7b12b1686,KFUPM Pure (OAI-PMH)
KFUPM_45c42425-5f7d-465f-9ba4-e4807008b112,King Fahd University of Petroleum and Minerals,Energy-Efficient Multi-UAV Multi-Region Coverage Path Planning Approach,Gamil Ahmed; Tarek Sheltami; Ashraf Mahmoud,2024,,"Due to the high deployment flexibility and strong maneuverability, unmanned aerial vehicles (UAVs) have gained a significant attention in civilian and military applications. One of the main essential aspects of UAV is coverage path planning (CPP), which autonomously obtains sufficient paths to cover the entire region of interest (RoI). Several advantages have been offered by UAVs’ CPP such as cost and time efficiency, reduced human intervention, resource optimization, data collection, scalability, and adaptability. However, the flight time of UAVs is constrained by battery capacity, necessitating energy-efficient solutions to prolong flight duration. This paper introduces a novel approach for energy-efficient multi-UAV multi-region CPP to generate appropriate paths that cover multiple disjoint regions, aiming to minimize overall energy consumption. First, we employ a back-and-forth strategy to generate intra-region path patterns with minimum turns and propose a smoothing turns approach (STA) based on Bezier curves to effectively reduce an energy consumption due to taking turns. Then, the inter-region path planning is formulated as a multi-constraint optimization problem and solved utilizing the CPLEX solver for small-scale problems and heuristic approaches for large-scale ones. A region allocation approach is proposed to assign RoIs to appropriate UAVs. Simulations are conducted to evaluate the performance of the proposed approach in terms of energy consumption. Comparative results against EECPPA and Nearest Neighbor (NN) approaches demonstrate advantages in energy consumption reduction. Besides, heuristic methods yield superior solutions for large-scale problems within shorter execution times compared to the CPLEX solver. These comparisons highlight the superiority of the proposed approach over existing methods in generating higher-quality solutions.",SDG 7 - Affordable and Clean Energy,,Arabian Journal for Science and Engineering,10.1007/s13369-024-09295-w,https://pure.kfupm.edu.sa/en/publications/45c42425-5f7d-465f-9ba4-e4807008b112,KFUPM Pure (OAI-PMH)
KFUPM_510c5f1c-221a-43ee-b550-b89e2581306f,King Fahd University of Petroleum and Minerals,Performance Evaluation of Three Routing Protocols for Drone Communication Networks,Gamil Ahmed; Tarek Sheltami; Ashraf Mahmoud; Muhammad Imam,2024,,"With technological advancements in networking and wireless communication, the flying ad hoc network has emerged as a cost-effective relay network. Networks of unmanned aerial vehicles (UAVs) can be cooperatively organized as an ad hoc network for effectively accomplishing complex tasks. Such a UAV network is deployed as a relay network that forwards and exchanges accurate and reliable end-to-end in-formation. However, the design of routing protocols is rendered difficult by flying constraints and extreme topology changes over a short time period. The performance of the routing protocols in such networks is considerably affected by high-speed nodes and extreme topology changes. Evaluating the routing protocol in a UAV network gives insight regarding the performance of the entire network. This paper evaluates, analyzes, and compares the performances of three routing protocols: Ad hoc On-demand Distance Vector (AODV), Optimized Link State Routing (OLSR), and Destination-Sequenced Distance-Vector (DSDV). In most of the simulated cases, the AODV outperformed the OLSR and DSDV. The number of nodes, i.e., the network size, largely affected the throughput, packet delivery ratio (PDR), and end-to-end delay (E2E) of the network. However, the OLSR improved the performance of the average E2E; therefore, it is suitable for delay-sensitive applications. However, AODV outperformed the other protocols in terms of throughput and PDR because it reacts to topology changes. DSDV delivered the poorest PDR and throughput.",,,Arabian Journal for Science and Engineering,10.1007/s13369-024-08932-8,https://pure.kfupm.edu.sa/en/publications/510c5f1c-221a-43ee-b550-b89e2581306f,KFUPM Pure (OAI-PMH)
KFUPM_86bb64f0-0d15-4a96-9ff4-c9631fe8ae4a,King Fahd University of Petroleum and Minerals,A computational predictive model for nanozyme diffusion dynamics: optimizing nanosystem performance,Maryam Fatima; Ayesha Sohail; Youming Lei; Sadiq M. Sait; R. Ellahi,2024,2024-09-04,"Purpose: Enzymes play a pivotal role in orchestrating essential biochemical processes and influencing various cellular activities in tissue. This paper aims to provide the process of enzyme diffusion within the tissue matrix and enhance the nano system performance by means of the effectiveness of enzymatic functions. The diffusion phenomena are also documented, providing chemical insights into the complex processes governing enzyme movement. Design/methodology/approach: A computational analysis is used to develop and simulate an optimal control model using numerical algorithms, systematically regulating enzyme concentrations within the tissue scaffold. Findings: The accompanying videographic footages offer detailed insights into the dynamic complexity of the system, enriching the reader’s understanding. This comprehensive exploration not only contributes valuable knowledge to the field but also advances computational analysis in tissue engineering and biomimetic systems. The work is linked to biomolecular structures and dynamics, offering a detailed understanding of how these elements influence enzymatic functions, ultimately bridging the gap between theoretical insights and practical implications. Originality/value: A computational predictive model for nanozyme that describes the reaction diffusion dynamics process with enzyme catalysts is yet not available in existing literature.",,,International Journal of Numerical Methods for Heat and Fluid Flow,10.1108/hff-02-2024-0099,https://pure.kfupm.edu.sa/en/publications/86bb64f0-0d15-4a96-9ff4-c9631fe8ae4a,KFUPM Pure (OAI-PMH)
KFUPM_6509dd88-0dcf-4e25-be08-b7edb9bc70a2,King Fahd University of Petroleum and Minerals,Accelerating memory and I/O intensive HPC applications using hardware compression,Saleh AlSaleh; Muhammad E.S. Elrabaa; Aiman El-Maleh; Khaled Daud; Ayman Hroub; Muhamed Mudawar; Thierry Tonellot,2024,,"Recently, accelerator-based compression/decompression was proposed to hide the storage latency of high-performance computing (HPC) applications that generate/ingest large data that cannot fit a node's memory. In this work, such a scheme has been implemented using a novel FPGA-based lossy compression/decompression scheme that has very low-latency. The proposed scheme completely overlaps the movement of the application's data with its compute kernels on the CPU with minimal impact on these kernels. Experiments showed that it can yield performance levels on-par with utilizing memory-only storage buffers, even though data is actually stored on disk. Experiments also showed that compared to CPU- and GPU-based compression frameworks, it achieves better performance levels at a fraction of the power consumption.",,,Journal of Parallel and Distributed Computing,10.1016/j.jpdc.2024.104955,https://pure.kfupm.edu.sa/en/publications/6509dd88-0dcf-4e25-be08-b7edb9bc70a2,KFUPM Pure (OAI-PMH)
KFUPM_958be578-bd76-4637-a416-8f07f476cc4d,King Fahd University of Petroleum and Minerals,Realtime Middleware-based Distributed Micro-Smart Electricity Meters,Basem Almadani; Abdullahi Sani Shuaibu; Sami Ul Haq; Farouq Aliyu,2024,,"Research shows that consumers want to know their appliances' energy consumption. Also, providing consumers with more information about their energy use and giving them more control over it can lead to choices that reduce energy consumption. This research proposes a sensor network of Smart Electricity Meters (SEMs) that system uses a Data Distribution Service (DDS) publish/subscribe middleware (DPSM) for real-time fine-grain sensing of electric loads. The SEMs are connected to household appliances to measure their power consumption and send it to a server for storage and data analysis. Our results indicate an average throughput of 302 bytes/second and an average latency of 25.44 ms. The proposed solution demonstrates promise for real-time monitoring of household appliances' power consumption in Smart Grid (SG) environments.",,,"12th International Conference on Smart Grid, icSmartGrid 2024",10.1109/icsmartgrid61824.2024.10578130,https://pure.kfupm.edu.sa/en/publications/958be578-bd76-4637-a416-8f07f476cc4d,KFUPM Pure (OAI-PMH)
KFUPM_6ddfae82-1c25-449d-a88c-7c01cc5c9804,King Fahd University of Petroleum and Minerals,EXPLORING THE HUMAN RESPONSE TO ANGER: UNCOVERING INSIGHTS THROUGH INFRARED THERMOGRAPHY AND EXPERIMENTAL PSYCHOLOGY,Tarik N. Mohamed; Hassan Alsafar; Mohamad Felemban,2024,2024-06-22,"Background: This study examines how exposure to angry versus neutral facial expressions affects facial temperature, aiming to validate thermo-grams as reliable measures of emotional responses. We focus on Saudi youth and explore the impact of different stimuli categories (young vs. old, male vs. female) on subjective feelings recorded by thermal cameras. Material/ Methods: The research involved a sample of 40 male participants selected from King Fahd University of Petroleum and Minerals (KFUPM) in Saudi Arabia, with an average age of 21.8 years (SD = 1.3). All participants had normal or corrected-to-normal visual acuity. The study comprised two experiments to examine the impact of exposure to angry versus neutral faces on physiological responses. Thermal data were collected using infrared thermography, focusing on vari-ations in facial temperature as a key indicator of physiological re-actions. Participants were exposed to stimuli consisting of angry and neutral faces from various demographic categories, including males, females, young individuals, and elderly adults. This comprehensive methodology combined behavioral analysis and infrared thermo-graphy technique Results: The behavioral findings indicated that individuals exhibited in-creased response times (RTs) when classifying angry stimuli com-pared to neutral face stimuli. Infrared thermography revealed a notable impact of anger, particularly in Region of Interest 5 (the area around the upper jaw). This effect was especially pronounced in individuals exposed to angry facial expressions, but not in those analyzing angry expressions of younger individuals. Conclusions: These findings provide insight into the unique physiological responses triggered by angry facial expressions, specifically identifying temperature rises in specific facial areas. The results contribute to our understanding of the physiological mechanisms involved in the processing of facial expression recognition.",,,Acta Neuropsychologica,10.5604/01.3001.0054.6769,https://pure.kfupm.edu.sa/en/publications/6ddfae82-1c25-449d-a88c-7c01cc5c9804,KFUPM Pure (OAI-PMH)
KFUPM_dd531d97-2caa-4b7d-a4df-6ab959a7efad,King Fahd University of Petroleum and Minerals,Numerical investigation on unsteady compressible flow of viscous fluid with convection under the effect of Joule heating,S. Zafar; Ambreen A. Khan; Sadiq M. Sait; R. Ellahi,2024,,"The study of compressible flow plays a fundamental role in the design of heat exchangers at high temperature and pressure. Compressible flow is used to design the aerodynamic structure, engines, and high-speed vehicles. In view of these utilities, this paper is deliberated to acquire the analysis of the unsteady compressible flow of a viscous fluid through an inclined asymmetric channel with thermal effects. Special attention is paid to convective heat transfer with impact of viscous dissipation, source/sink, and joule heating effects. In addition, thermal flow is analyzed through slip boundary conditions. The current problem is modeled through the laws of energy, momentum, and mass with the help of a fluid’s response towards compression. As a result, the coupled nonlinear partial differential equations are obtained, which are investigated through a well-known numerical approach, the explicit finite difference method. The study examines impact of several parameters on the flow rate, velocity, and temperature with the help of graphical representations. The behavior of flow rate is intended to change with time.",,,Journal of Computational Applied Mechanics,10.22059/jcamech.2024.376625.1096,https://pure.kfupm.edu.sa/en/publications/dd531d97-2caa-4b7d-a4df-6ab959a7efad,KFUPM Pure (OAI-PMH)
KFUPM_2065c772-5354-4a85-a8f2-355cdf5a4080,King Fahd University of Petroleum and Minerals,Recursive Clustering Approach for Wireless Sensor Networks in Pipeline Monitoring Application,Abdullatif Albaseer; Uthman Baroudi; Shokri Selim,2024,,"Wireless sensor networks (WSNs) have emerged as indispensable tools in numerous monitoring systems, demonstrating their reliability and efficacy. Users of these systems anticipate high fidelity for an extended period of time, particularly when the sensors are deployed across expansive distances. However, due to their inherent limitations in energy and sensing range, sensors may not always fulfill these expectations. Consequently, strategic deployment of sensor nodes (SN) becomes a critical factor that can potentially lead to unbalanced energy consumption, restricted sensing range, and reduced network lifetime. Currently, the node placement schemes in use are not suitable for linear topology networks, such as pipeline monitoring. This article, therefore, delves into the node placement strategies of WSNs specifically employed for pipeline monitoring. This article proposes a novel placement approach based on clustering techniques. This methodology clusters the SNs based on their power capacity and their proximity to the base station (BS), with the objective of balancing energy consumption within the same cluster. The requisite fidelity is maintained by restricting the distances between nodes. Each sensor node is designated to function as a cluster leader for a specified duration to ensure balanced energy consumption. To evaluate the efficacy of the proposed approach, many simulations and real-world experiments have been carried out. The results are promising, indicating a 40% increase in the network's lifespan compared to the prevalent approach.",,,IEEE Sensors Journal,10.1109/jsen.2024.3433018,https://pure.kfupm.edu.sa/en/publications/2065c772-5354-4a85-a8f2-355cdf5a4080,KFUPM Pure (OAI-PMH)
KFUPM_c597ae1f-b7b5-4e1d-90a0-789708b3e3ff,King Fahd University of Petroleum and Minerals,Machine-Learning-Based Optimal Cooperating Node Selection for Internet of Underwater Things,Ishtiaq Ahmad; Ramsha Narmeen; Zeeshan Kaleem; Ahmad Almadhor; Yazeed Alkhrijah; Pin Han Ho; Chau Yuen,2024,2024-06-15,"Multihop communication has gained prominence within the realm of the Internet of Underwater Things (IoUT) owing to its exceptional reliability amidst the challenges posed by the underwater acoustic environment. Despite this, the persistence of limitations caused by propagation delay, high collision rate, and limited energy in underwater communication remains, representing the most formidable hurdles in ensuring the successful transmission of data gathered by sensor nodes. To address these challenges, we employ a machine learning (ML)-based optimal cooperating node selection for each hop, considering the Shortest propagation delay, minimal residual Energy, and a low Collision rate (referred to as SEC). For this purpose, we initially assemble the sensor nodes to create a list of cooperative nodes, considering the aspect of SEC. Then, using an assembled list of cooperating sensor nodes, we employ ML-based algorithms, such as reinforcement learning (RL-SEC), deep Q-networks (DQN-SEC), and deep deterministic policy gradient (DDPG-SEC), to predict the optimal cooperating node for each hop. The simulation results of the DDPG-SEC demonstrate a significant improvement of approximately 56% when compared with RL-SEC, DQN-SEC, and other state-of-the-art techniques.",,,IEEE Internet of Things Journal,10.1109/jiot.2024.3381834,https://pure.kfupm.edu.sa/en/publications/c597ae1f-b7b5-4e1d-90a0-789708b3e3ff,KFUPM Pure (OAI-PMH)
KFUPM_5d4f761a-0763-41db-84cf-2b4fac919850,King Fahd University of Petroleum and Minerals,Analytical Investigation of Thermal Radiation Effects on Electroosmotic Propulsion of Electrically Conducting Ionic Nanofluid with Single-Walled Carbon Nanotube Interaction in Ciliated Channels,Junaid Mehboob; Rahmat Ellahi; Sadiq Mohammad Sait,2024,,"This study examines the behavior of single-walled carbon nanotubes (SWCNTs) suspended in a water-based ionic solution, driven by the combined mechanisms of electroosmosis and peristalsis through ciliated media. The inclusion of nanoparticles in ionic fluid expands the range of potential applications and allows for the tailoring of properties to suit specific needs. This interaction between ionic fluids and nanomaterials results in advancements in various fields, including energy storage, electronics, biomedical engineering, and environmental remediation. The analysis investigates the influence of a transverse magnetic field, thermal radiation, and mixed convection acting on the channel walls. The novel physical outcomes include enhanced propulsion efficiency due to SWCNTs, understanding the influence of thermal radiation on fluid behavior and heat exchange, elucidation of the interactions between SWCNTs and the nanofluid, and recognizing implications for microfluidics and biomedical engineering. The Poisson–Boltzmann ionic distribution is linearized using the modified Debye–Hückel approximation. By employing real-world approximations, the governing equations are simplified using long-wavelength and low-Reynolds-number approximation. Conducting sensitivity analyses or exploring the impact of higher-order corrections on the model’s predictions in recent literature might alter the results significantly. This acknowledges the complexities of the modeling process and sets the groundwork for further enhancement and investigation. The resulting nonlinear system of equations is solved through regular perturbation techniques, and graphical representations showcase the variation in significant physical parameters. This study also discusses pumping and trapping phenomena in the context of relevant parameters.",,,Symmetry,10.3390/sym16060717,https://pure.kfupm.edu.sa/en/publications/5d4f761a-0763-41db-84cf-2b4fac919850,KFUPM Pure (OAI-PMH)
KFUPM_7a95b554-0b71-444a-bd70-f38ab3c67f8f,King Fahd University of Petroleum and Minerals,Global Positioning of Underwater Nodes Using Airbome-formed Visual Light Beams and Acoustic Ranging,Jaeed Bin Saif; Mohamed Younis; Fow Sen Choa; Akram Ahmed; Matthew Valenti; David Reed; Melissa Torres,2024,,"In many applications of underwater networks, surface nodes cannot be employed for security and logistical reasons. For these scenarios an airborne unit ought to reach the underwater nodes directly from the air in order to provide commands to and configure the network. In particular, the airborne unit should facilitate localizing the underwater nodes and enable the establishment of a global coordinate system. Visible Light Communication (VLC) stands out as a prime choice for communication across the air-water interface. Using VLC, an underwater node uses the light intensity to infer proximity of the beam incident point. When receiving a sufficient number of VLC transmissions, prior work could localize the underwater nodes. However, such an approach requires very fine-grained area coverage, especially in shallow water environments, which is not practical in many application scenarios. This paper tackles such a limitation by introducing a novel Hybrid Airborne-Enabled Underwater Localization (HAUL) method. HAUL leverages knowledge of the underwater network topology in the localization process. Specifically, both acoustic ranging and light intensity measurements are used to estimate the node's global coordinates. HAUL is validated through extensive MATLAB simulations, demonstrating its effectiveness in calculating accurate positions.",,,ICC 2024 - IEEE International Conference on Communications,10.1109/icc51166.2024.10622915,https://pure.kfupm.edu.sa/en/publications/7a95b554-0b71-444a-bd70-f38ab3c67f8f,KFUPM Pure (OAI-PMH)
KFUPM_21e9c3df-02ef-4789-9bf0-962d870ffdc2,King Fahd University of Petroleum and Minerals,Real-Time Monitoring of Personal Protective Equipment Compliance in Surveillance Cameras,Sadam Al-Azani; Hamzah Luqman; Motaz Alfarraj; Ala Addin I. Sidig; Ayaz H. Khan; Dina Al-Hammed,2024,,"Worker safety in the industrial, construction, and energy sectors is the primary concern of governments, organizations, and project managers. Traditional monitoring systems are tedious, laborious, subjective, expensive, and inaccurate. Therefore, the development of automated and accurate systems for real-time monitoring and detecting personal protective equipment (PPE) compliance is urgently needed. This study provides valuable insights and contributions to the field of workers' safety in the industrial, construction, and energy sectors. It aims to evaluate the potential contribution of providing a robust and accurate real-time PPE compliance monitoring system using state-of-the-art deep learning techniques with real-world videos collected from surveillance cameras. Furthermore, it presents a systematic framework for developing, evaluating, and selecting the most suitable model for real-world applications, starting from data collection and ending with system deployment and maintenance. To the best of our knowledge, the collected dataset in this work is the largest PPE's dataset, with approximately 7.7 million labels representing different PPEs in 386,011 video frames collected from several surveillance cameras. The techniques adopted to generate different models and evaluated for PPE are CenterNet, Vision Transformer, and YOLOv7. Moreover, an optimized real-time inference engine is developed leveraging the high-computing power of GPUs in the system. The experimental results demonstrate that the models developed using YOLO are the most accurate and can be better generalized to detect PPE compliance in new working environments, achieving mean average precisions of 92.36% and 66.70% on Test Set I and Test Set II, respectively. In addition, they achieve real-time detection of PPE compliance.",,,IEEE Access,10.1109/access.2024.3451117,https://pure.kfupm.edu.sa/en/publications/21e9c3df-02ef-4789-9bf0-962d870ffdc2,KFUPM Pure (OAI-PMH)
KFUPM_0b0b6f54-c456-44d4-9cec-8ed2417cb9b3,King Fahd University of Petroleum and Minerals,A Deterministic Concurrent-Routing Algorithm to Improve Wire Selection in FPGA Routing,Umair F. Siddiqi; Sadiq M. Sait; Xuan-Tu Tran; Duy-Hieu Bui,2024,,"An FPGA routing architecture consists of wire segments of different lengths. FPGA routers attempt to use longer wires for distant connections and shorter ones for closer connections. Due to the overhead associated with using longer wires, FPGA routers use them only when they have delay benefits over the shorter wires. The versatile place and route (VPR) is a popular open-source FPGA placement and routing tool. This work proposes a concurrent routing-based post-routing method for VPR to improve its utilization of longer wires. The proposed method builds an archive of routing trees using the VPR's connection router and then solves an integer linear programming (ILP) problem to select routing trees for each net in such a way that the overall wire length is reduced with no effect on the critical path delay of the circuit. Experiments using Titan 23 benchmarks showed that it could reduce the utilization of larger wires by 4.43 \% on average without increasing the total wire length or critical path delay.",,,"Proceedings of the 2024 9th International Conference on Integrated Circuits, Design, and Verification, ICDV 2024",10.1109/icdv61346.2024.10616485,https://pure.kfupm.edu.sa/en/publications/0b0b6f54-c456-44d4-9cec-8ed2417cb9b3,KFUPM Pure (OAI-PMH)
KFUPM_260d6fef-c304-43d4-9b54-5137657112c0,King Fahd University of Petroleum and Minerals,Numerical and experimental investigation of silo vibration of sulfur storage,A. Gholami; S. F. Hosseini; Kamel Milani Shirvan; Sadiq M. Sait; R. Ellahi,2024,2024-09-30,"Purpose: Due to the abundant use of granular materials in chemical industries, it is inevitable to store raw materials and products in bulk in silos. For this reason, much research has been carried out in the field of construction, operation and maintenance of silos. One of the important issues that must be investigated in silos is the behavior of their structure when the materials inside them are unloaded. Structural vibrations and the creation of normal noise usually discharge the granular of material from the silo. Both of phenomena are undesirable due to the problems they can cause to the structure and its surroundings. According to the said issues, this paper aims to investigate the vibration problem of the sulfur storage silo of the first refinery during discharge with the help of measuring experimental vibration data and simulating the silo model. Design/methodology/approach: In the experimental investigation, the main cause of the vibration of the 400-ton silo in the refinery is used. The mass asymmetry phenomenon when the silo is filled is also considered. The experimental results are authenticated by software analysis too. Findings: The results showed that the natural frequency of the ninth mode is almost equal to the natural frequency of sulfur discharge from the silos and has the largest shape change in the structure and vibration range. It is also concluded that the larger sulfur silo (400 tons) should be prioritized over the smaller sulfur silo (200 tons) in the emptying program, and the 400 tons silo should never be emptied even through the 200 tons silo is empty. Originality/value: An attempt is made to investigate the issue of vibration in sulfur storage silos in the first refinery of South Pars in the form of experimental investigation and modal analysis.",,,International Journal of Numerical Methods for Heat and Fluid Flow,10.1108/hff-06-2024-0444,https://pure.kfupm.edu.sa/en/publications/260d6fef-c304-43d4-9b54-5137657112c0,KFUPM Pure (OAI-PMH)
KFUPM_054a3aed-2657-468e-9921-54984b9bfb99,King Fahd University of Petroleum and Minerals,An integrated numerical and analytical investigation on cilia-generated MHD flow of Jeffrey fluid through a porous medium,A. Zeeshan; Hamza Javed; N. Shehzad; Sadiq M. Sait; R. Ellahi,2024,2024-09-30,Purpose: This study aims to examine the cilia-driven flow of magnetohydrodynamics (MHD) non-Newtonian fluid through a porous medium. The Jeffrey fluid model is taken into account. The fluid motion in a two-dimensional symmetric channel emphasizes the dominance of viscous properties over inertial properties in the context of long wavelength and low Reynolds number approximations. Design/methodology/approach: An integrated numerical and analytic results are obtained by hybrid approach. A statistical method analysis of variance along with response surface methodology is used. Sensitivity analysis is used to validate the accuracy of nondimensional numbers. Findings: The impact of various flow parameters is presented graphically and in numerical tables. It is noted that the velocity slip parameter is the most sensitive flow parameter in velocity and relaxation to retardation time ratio in temperature. Originality/value: A model on cilia-generated flow of MHD non-Newtonian Jeffrey fluid is proposed.,,,International Journal of Numerical Methods for Heat and Fluid Flow,10.1108/hff-04-2024-0280,https://pure.kfupm.edu.sa/en/publications/054a3aed-2657-468e-9921-54984b9bfb99,KFUPM Pure (OAI-PMH)
KFUPM_7f6a562a-76ab-4108-9798-bbbb40ffa48e,King Fahd University of Petroleum and Minerals,Artificial neural network infused quasi oppositional learning partial reinforcement algorithm for structural design optimization of vehicle suspension components,Sadiq M. Sait; Pranav Mehta; Nantiwat Pholdee; Betül Sultan Yıldız; Ali Rıza Yıldız,2024,,"This paper introduces and investigates an enhanced Partial Reinforcement Optimization Algorithm (E-PROA), a novel evolutionary algorithm inspired by partial reinforcement theory to efficiently solve complex engineering optimization problems. The proposed algorithm combines the Partial Reinforcement Optimization Algorithm (PROA) with a quasi-oppositional learning approach to improve the performance of the pure PROA. The E-PROA was applied to five distinct engineering design components: speed reducer design, step-cone pulley weight optimization, economic optimization of cantilever beams, coupling with bolted rim optimization, and vehicle suspension arm optimization problems. An artificial neural network as a metamodeling approach is used to obtain equations for shape optimization. Comparative analyses with other benchmark algorithms, such as the ship rescue optimization algorithm, mountain gazelle optimizer, and cheetah optimization algorithm, demonstrated the superior performance of E-PROA in terms of convergence rate, solution quality, and computational efficiency. The results indicate that E-PROA holds excellent promise as a technique for addressing complex engineering optimization problems.",,,Materialpruefung/Materials Testing,10.1515/mt-2024-0186,https://pure.kfupm.edu.sa/en/publications/7f6a562a-76ab-4108-9798-bbbb40ffa48e,KFUPM Pure (OAI-PMH)
KFUPM_e8713737-00da-4900-ac6a-e41466b3be20,King Fahd University of Petroleum and Minerals,A Lightweight Intrusion Detection System Using Convolutional Neural Network and Long Short-Term Memory in Fog Computing,Hawazen Alzahrani; Tarek Sheltami; Abdulaziz Barnawi; Muhammad Imam; Ansar Yaser,2024,,"The Internet of Things (IoT) links various devices to digital services and significantly improves the quality of our lives. However, as IoT connectivity is growing rapidly, so do the risks of network vulnerabilities and threats. Many interesting Intrusion Detection Systems (IDSs) are presented based on machine learning (ML) techniques to overcome this problem. Given the resource limitations of fog computing environments, a lightweight IDS is essential. This paper introduces a hybrid deep learning (DL) method that combines convolutional neural networks (CNN) and long short-term memory (LSTM) to build an energy-aware, anomaly-based IDS. We test this system on a recent dataset, focusing on reducing overhead while maintaining high accuracy and a low false alarm rate. We compare CICIoT2023, KDD-99 and NSL-KDD datasets to evaluate the performance of the proposed IDS model based on key metrics, including latency, energy consumption, false alarm rate and detection rate metrics. Our findings show an accuracy rate over 92% and a false alarm rate below 0.38%. These results demonstrate that our system provides strong security without excessive resource use. The practicality of deploying IDS with limited resources is demonstrated by the successful implementation of IDS functionality on a Raspberry Pi acting as a Fog node. The proposed lightweight model, with a maximum power consumption of 6.12 W, demonstrates its potential to operate effectively on energy-limited devices such as low-power fog nodes or edge devices. We prioritize energy efficiency while maintaining high accuracy, distinguishing our scheme from existing approaches. Extensive experiments demonstrate a significant reduction in false positives, ensuring accurate identification of genuine security threats while minimizing unnecessary alerts.",SDG 7 - Affordable and Clean Energy,,"Computers, Materials and Continua",10.32604/cmc.2024.054203,https://pure.kfupm.edu.sa/en/publications/e8713737-00da-4900-ac6a-e41466b3be20,KFUPM Pure (OAI-PMH)
KFUPM_0437b3f5-fc8b-425e-8929-04e45ab30582,King Fahd University of Petroleum and Minerals,EXACT SOLITARY WAVE SOLUTIONS OF TIME FRACTIONAL NONLINEAR EVOLUTION MODELS: A HYBRID ANALYTIC APPROACH,Muhammad Mubashir Bhatti; Rahmat Ellahi; Sadiq Mohammed Sait; Rahmat Ullah,2024,2024-09-03,"In this article we propose efficient techniques for solving fractional differential equations such as KdV-Burgers, Kadomtsev-Petviashvili, Zakharov-Kuznetsov with less computational efforts and high accuracy for both numerical and analytical purposes. The general expa-function method is employed to reckon new exact solitary wave solutions of time fractional nonlinear evolution equations (NLEEs) stemming from mathematical physics. Fractional complex transformation in conjunction with modified Riemann-Liouville operator is used to tackle the fractional sense of the accompanying problems. A comparison with existing conventional exp-function method and improved exp-function method shows that the proposed recipe is more productive in terms of obtaining analytical solutions. The graphical depictions of extracted information show a strong relationship among fractional order outcomes with those of classical ones.",,,"Bulletin of the Transilvania University of Brasov, Series III: Mathematics and Computer Science",10.31926/but.mif.2024.4.66.2.5,https://pure.kfupm.edu.sa/en/publications/0437b3f5-fc8b-425e-8929-04e45ab30582,KFUPM Pure (OAI-PMH)
KFUPM_f843f763-7bac-4cbb-bb75-611dacbb0402,King Fahd University of Petroleum and Minerals,A Complete EDA and DL Pipeline for Softwarized 5G Network Intrusion Detection,Abdallah Moubayed,2024,,"The rise of 5G networks is driven by increasing deployments of IoT devices and expanding mobile and fixed broadband subscriptions. Concurrently, the deployment of 5G networks has led to a surge in network-related attacks, due to expanded attack surfaces. Machine learning (ML), particularly deep learning (DL), has emerged as a promising tool for addressing these security challenges in 5G networks. To that end, this work proposed an exploratory data analysis (EDA) and DL-based framework designed for 5G network intrusion detection. The approach aimed to better understand dataset characteristics, implement a DL-based detection pipeline, and evaluate its performance against existing methodologies. Experimental results using the 5G-NIDD dataset showed that the proposed DL-based models had extremely high intrusion detection and attack identification capabilities (above 99.5% and outperforming other models from the literature), while having a reasonable prediction time. This highlights their effectiveness and efficiency for such tasks in softwarized 5G environments.",,,Future Internet,10.3390/fi16090331,https://pure.kfupm.edu.sa/en/publications/f843f763-7bac-4cbb-bb75-611dacbb0402,KFUPM Pure (OAI-PMH)
KFUPM_7ee0e56c-9c35-4a59-abc8-ad99987c9607,King Fahd University of Petroleum and Minerals,"Federated Reinforcement Learning for Wireless Networks: Fundamentals, Challenges and Future Research Trends",Sree Krishna Das; Ratna Mudi; Md Siddikur Rahman; Khaled M. Rabie; Xingwang Li,2024,,"The increasing popularity of Internet of Things (IoT)-based wireless services highlights the urgent need to upgrade fifth-generation (5G) wireless networks and beyond to accommodate these services. Although 5G networks currently support a variety of wireless services, they might not fully meet the high computational and communication resource demands of new applications. Issues such as latency, energy consumption, network congestion, signaling overhead, and potential privacy breaches contribute to this limitation. Machine learning (ML) frequently offers solutions to these problems. As a result, sixth-generation (6G) wireless technologies are being developed to address the deficiencies of 5G networks. Traditional ML methods are generally centralized. However, the vast amount of wireless data generated, growing privacy concerns, and the increasing computational capabilities of edge devices have led to a shift towards optimizing system performance in a distributed manner. This paper provides a thorough analysis of distributed learning techniques, including federated learning (FL), multi-agent reinforcement learning (MARL), and the multi-agent federated reinforcement learning (FRL) framework. It explains how these techniques can be effectively and efficiently implemented in wireless networks. These methods offer potential solutions to the challenges faced by current wireless networks, promising to create a more robust, capable, and versatile network that meets the growing demands of IoT and other emerging applications. Implementing the FRL framework can significantly improve the learning efficiency of wireless networks. To tackle the challenges posed by rapidly changing radio channels, we propose a robust FRL framework that enables local users to perform distributed power allocation, bandwidth allocation, interference mitigation, and communication mode selection. Finally, the paper outlines several future research directions aimed at effectively integrating the FRL framework into wireless networks.",,,IEEE Open Journal of Vehicular Technology,10.1109/ojvt.2024.3466858,https://pure.kfupm.edu.sa/en/publications/7ee0e56c-9c35-4a59-abc8-ad99987c9607,KFUPM Pure (OAI-PMH)
KFUPM_7737a2ee-fa7c-43e9-956d-1eb588c8d2ff,King Fahd University of Petroleum and Minerals,Deep reinforcement learning approach for multi-hop task offloading in vehicular edge computing,Manzoor Ahmed; Salman Raza; Haseeb Ahmad; Wali Ullah Khan; Fang Xu; Khaled Rabie,2024,,"The rise of Vehicular Edge Computing (VEC) has gained attention for its ability to alleviate backhaul network load and provide ultra-low latency. In meeting the escalating computational needs of cutting-edge vehicular applications such as augmented reality and autonomous driving, the abundant computational resources of vehicles can prove critical for task computation in a VEC environment. Nevertheless, the high mobility of vehicles has the potential to disrupt ongoing task computation due to varying communication network connectivity. This paper proposes a task offloading scheme that leverages multi-hop vehicle computation resources in Vehicle-to-Vehicle (V2V) communication, relying on mobility analysis. Vehicles capable of fulfilling the requisite communication and computation demands via multi-hop connectivity can assist in performing tasks offloaded by the client vehicle, along with the single-hop vehicles in the vicinity of the client vehicle. We formulate an NP-hard optimization problem for task offloading to minimize all tasks’ weighted sum of computation delay. For this, a proximal policy optimization-based Multi-hop Vehicular Task Offloading (MVTO-PPO) scheme in vehicular edge computing is designed for low complexity that provides the optimal solution. Our approach involved modeling the task offloading process as a Markov decision process. We then developed an offloading decision algorithm that utilizes deep reinforcement learning to choose the appropriate vehicle for task execution. This approach improves the quality of environmental perception by enabling reasonable task offloading, ultimately leading to significant long-term benefits. Furthermore, we explore the integration of fifth-generation new-radio vehicle-to-everything (5G NR V2X) communication, utilizing both cellular links and millimeter wave technology to enhance system performance. Simulation results demonstrate that the proposed algorithm significantly reduces task offloading delays, outperforming benchmark approaches in various scenarios.",,,"Engineering Science and Technology, an International Journal",10.1016/j.jestch.2024.101854,https://pure.kfupm.edu.sa/en/publications/7737a2ee-fa7c-43e9-956d-1eb588c8d2ff,KFUPM Pure (OAI-PMH)
KFUPM_3f4f92be-8ffd-4f9c-9cb9-3f60188b1a7f,King Fahd University of Petroleum and Minerals,Improved particle swarm optimization for fractional order PID control design in robotic manipulator system: A performance analysis,Gamil Ahmed; Ahmed Eltayeb; Nezar M. Alyazidi; Imil Hamda Imran; Tarek Sheltami; Sami El-Ferik,2024,,"This research seeks to promote the field via the design and implementation optimized robotic manipulator control systems, recognizing control techniques' vital role in current engineering applications. This study introduces an improved particle swarm optimization (IPSO) technique that maximizes the efficiency of a Fractional Order Proportional-Integral-Derivative (FOPID) controller by optimally adjusting FOPID gains in robotic manipulator systems. The controller has undergone refinement and enhancement using state-of-the-art particle swarm optimization (PSO) techniques incorporating a cost function and a representative bio-inspired algorithm. The IPSO algorithm enhances global search efficiency by preventing premature convergence and local minima trapping through chaos-based initialization and adaptive mutation strategies. The performance of IPSO-tuned FOPID controllers is benchmarked against conventional PSO-tuned FOPID controllers using various objective functions. The stabilizing fractional order PID controllers demonstrated a higher stability margin than traditional PID controllers. Numerical simulations support the developed strategy by analyzing the step and sinusoidal responses of the closed-loop system within the stability region. The results indicate that IPSO outperforms PSO with improvements of approximately 50% for 10 iterations, about 12% for 50 iterations, and around 20% for 100 iterations across ITSE, ITAE, and ITAE metrics, respectively. Furthermore the statistical analysis based on Wilcoxon sign rank test proof that the IPSO algorithm significantly improves convergence speed, controller accuracy, and overall performance, thereby enhancing the effectiveness of the IPSO technique such as in case of 10 iteration the confidence intervals do not include zeros, which indicates that IPSO outperformed the traditional POS in all scenarios.",,,Results in Engineering,10.1016/j.rineng.2024.103089,https://pure.kfupm.edu.sa/en/publications/3f4f92be-8ffd-4f9c-9cb9-3f60188b1a7f,KFUPM Pure (OAI-PMH)
KFUPM_3bb695cd-e0cd-4e91-b5e8-0eeb21e9fb2e,King Fahd University of Petroleum and Minerals,Optimization of vehicle crashworthiness problems using recent twelve metaheuristic algorithms,Sumit Kumar; Betul Sultan Yildiz; Pranav Mehta; Sadiq M. Sait; Abdelazim G. Hussien; Ali Riza Yildiz,2024,,"In recent years, numerous optimizers have emerged and been applied to address engineering design challenges. However, assessing their performance becomes increasingly challenging with growing problem complexity, especially in the realm of real-world large-scale applications. This study aims to fill this gap by conducting a comprehensive comparative analysis of twelve recently introduced metaheuristic optimizers. The analysis encompasses real-world scenarios to evaluate their effectiveness. Initially, a review was conducted on twelve prevalent metaheuristic methodologies to understand their behavior. These algorithms were applied to optimize an automobile structural design, focusing on minimizing vehicle weight while enhancing crash and noise, vibration, and harshness characteristics. To approximate the structural responses, a surrogate model employing radial basis functions was utilized. Notably, the MPA algorithm excelled in automobile design problems, achieving the lowest mass value of 96.90608 kg during both mid-range and long-range iterations, demonstrating exceptional convergence behavior.",SDG 3 - Good Health and Well-being,,Materialpruefung/Materials Testing,10.1515/mt-2024-0187,https://pure.kfupm.edu.sa/en/publications/3bb695cd-e0cd-4e91-b5e8-0eeb21e9fb2e,KFUPM Pure (OAI-PMH)
KFUPM_189e11d7-67a3-4224-9422-6a52896390e4,King Fahd University of Petroleum and Minerals,A Survey of Middleware Adoption in Nonprofit Sectors: A Sustainable Development Perspective,Basem Almadani; Sarah Alissa; Reem Alshareef; Farouq Aliyu; Esam Al-Nahari,2024,,"Nonprofit Organizations (NPOs) are adopting technology to improve their quality of services, scale up, or reduce operation costs. However, due to the heterogeneity of systems they use, NPOs face system-integration challenges when collaborating with other organizations. Middleware is an intermediary software that assists dissimilar systems in working together. This paper explores middleware applications, opportunities, and challenges within the sector. It extensively reviewed the current state of research on middleware usage in the nonprofit sector for all papers published in Scopus and Web of Science (WoS) until 2023. Out of 127 papers returned, only 31 remained after removing duplicates, invalid entries, and out-of-scope publications. Then, we synthesized insights from a thorough survey of these selected papers. In light of the survey results, we observed that NPOs primarily use middleware in a few of the Sustainable Development Goals (SDGs), namely, health (SDG 3), NPO operations (SDG 8 and 9), NPO collaborations (SDG 17), development of sustainable cities (SDG 11), security and disaster management (SDG 16), and education (SDG 4). We also identified several challenges related to using middleware in the nonprofit sector, which include privacy, security, system development and performance, data processing and transfer, and volunteer attrition.",SDG 4 - Quality Education; SDG 17 - Partnerships for the Goals,,Sustainability (Switzerland),10.3390/su16208904,https://pure.kfupm.edu.sa/en/publications/189e11d7-67a3-4224-9422-6a52896390e4,KFUPM Pure (OAI-PMH)
KFUPM_0b1e47e6-dfd7-4461-963b-fb6eada3a306,King Fahd University of Petroleum and Minerals,Parametric Optimization of Entropy Generation in Hybrid Nanofluid in Contracting/Expanding Channel by Means of Analysis of Variance and Response Surface Methodology,Ahmad Zeeshan; Rahmat Ellahi; Muhammad Anas Rafique; Sadiq M. Sait; Nasir Shehzad,2024,,"This study aims to propose a central composite design (CCD) combined with response surface methodology (RSM) to create a statistical experimental design. A new parametric optimization of entropy generation is presented. The flow behavior of magnetohydrodynamic hybrid nanofluid (HNF) flow through two flat contracting expanding plates of channel alongside radiative heat transmission was considered. The lower fixed plate was externally heated whereas the upper porous plate was cooled by injecting a coolant fluid with a uniform velocity inside the channel. The resulting equations were solved by the Homotopic Analysis Method using MATHEMATICA 10 and Minitab 17.1. The design consists of several input factors, namely a magnetic field parameter ((Formula presented.)), radiation parameter ((Formula presented.)) and group parameter ((Formula presented.)). To obtain the values of flow response parameters, numerical experiments were used. Variables, especially the entropy generation ((Formula presented.)), were considered for each combination of design. The resulting RSM empirical model obtained a high coefficient of determination, reaching 99.97% for the entropy generation number ((Formula presented.)). These values show an excellent fit of the model to the data.",,,Inventions,10.3390/inventions9050092,https://pure.kfupm.edu.sa/en/publications/0b1e47e6-dfd7-4461-963b-fb6eada3a306,KFUPM Pure (OAI-PMH)
KFUPM_6e534682-9409-4ace-8d45-aa4167b08623,King Fahd University of Petroleum and Minerals,Energy-Efficient Online Path Planning for Internet of Drones Using Reinforcement Learning,Zainab AlMania; Tarek Sheltami; Gamil Ahmed; Ashraf Mahmoud; Abdulaziz Barnawi,2024,,"Unmanned aerial vehicles (UAVs) have recently been applied in several contexts due to their flexibility, mobility, and fast deployment. One of the essential aspects of multi-UAV systems is path planning, which autonomously determines paths for drones from starting points to destination points. However, UAVs face many obstacles in their routes, potentially causing loss or damage. Several heuristic approaches have been investigated to address collision avoidance. These approaches are generally applied in static environments where the environment is known in advance and paths are generated offline, making them unsuitable for unknown or dynamic environments. Additionally, limited flight times due to battery constraints pose another challenge in multi-UAV path planning. Reinforcement learning (RL) emerges as a promising candidate to generate collision-free paths for drones in dynamic environments due to its adaptability and generalization capabilities. In this study, we propose a framework to provide a novel solution for multi-UAV path planning in a 3D dynamic environment. The improved particle swarm optimization with reinforcement learning (IPSO-RL) framework is designed to tackle the multi-UAV path planning problem in a fully distributed and reactive manner. The framework integrates IPSO with deep RL to provide the drone with additional feedback and guidance to operate more sustainably. This integration incorporates a unique reward system that can adapt to various environments. Simulations demonstrate the effectiveness of the IPSO-RL approach, showing superior results in terms of collision avoidance, path length, and energy efficiency compared to other benchmarks. The results also illustrate that the proposed IPSO-RL framework can acquire a feasible and effective route successfully with minimum energy consumption in complicated environments.",SDG 3 - Good Health and Well-being; SDG 7 - Affordable and Clean Energy,,Journal of Sensor and Actuator Networks,10.3390/jsan13050050,https://pure.kfupm.edu.sa/en/publications/6e534682-9409-4ace-8d45-aa4167b08623,KFUPM Pure (OAI-PMH)
KFUPM_703af6fc-ed66-45d0-8183-7f3ac4217d35,King Fahd University of Petroleum and Minerals,Optimization of vehicle conceptual design problems using an enhanced hunger games search algorithm,Pranav Mehta; Natee Panagant; Kittinan Wansasueb; Sadiq M. Sait; Ali Riza Yildiz; Sumit Kumar; Betul Sultan Yildiz; Abdelazim G. Hussien,2024,,"Electric vehicles have become a standard means of transportation in the last 10 years. This paper aims to formalize design optimization problems for electric vehicle components. It presents a tool conceptual design technique with a hunger games search optimizer that incorporates dynamic adversary-based learning and diversity leader (referred to as HGS-DOL-DIL) to overcome the local optimum trap and low convergence rate limitations of the Hunger Games search algorithm to improve the convergence rate. The performance of the proposed algorithms is studied on six widely used engineering design problems, complex constraints, and discrete variables. For the HGS-DOL-DIL practical feasibility analysis, a case study of shape optimization of an electric car suspension arm from the industry is carried out. Overall, the inclusion of the OL strategy has proven its superiority in solving real-world problems, especially in solving real-world problems such as shape optimization of an electric vehicle automobile suspension arm, showing that the algorithm improves the search space improves the solution quality, and reflects its potential to find global optimum solutions in a well-balanced exploration and exploitation phase.",SDG 7 - Affordable and Clean Energy,,Materialpruefung/Materials Testing,10.1515/mt-2024-0151,https://pure.kfupm.edu.sa/en/publications/703af6fc-ed66-45d0-8183-7f3ac4217d35,KFUPM Pure (OAI-PMH)
KFUPM_591855c4-6ffe-40d8-97ad-b1907f1bb66a,King Fahd University of Petroleum and Minerals,A Survey on RIS Advances in Terahertz Communications: Emerging Paradigms and Research Frontiers,Manzoor Ahmed; Abdul Wahid; Wali Ullah Khan; Feroz Khan; Asim Ihsan; Zain Ali; Khaled M. Rabie; Thokozani Shongwe; Zhu Han,2024,,"Communication at terahertz (THz) frequencies has emerged as a potential answer to the challenge of providing massive capacity and ultra-high data speeds for 6G wireless networks. However, THz waves are vulnerable to obstruction because of their attenuation during propagation and poor diffraction. The development of reconfigurable intelligent surfaces (RIS) technology has shown promise in addressing these issues. The RIS enables the development of smart radio settings with enhanced spectrum coverage and efficiency by regulating the phase shifts of passively reflecting elements. Amidst the vast potential of RIS-based THz communication, a noticeable void exists in comprehensive research, calling for a systematic survey to shed light on its principles, use cases, performance evaluation, challenges, and future trajectories. This review investigates the exciting field of RIS-based THz communication in fifth-generation (B5G), sixth-generation (6G), and beyond. Our study provides a comprehensive overview of this emerging technology, covering a variety of use cases, including channel estimation (CE), coverage, security, sum rate, and energy efficiency. We also investigate resource allocation strategies for THz communication using RIS. Additionally, the performance of RIS-based THz systems with multiple-input and multiple-output (MIMO) and massive MIMO and unmanned aerial vehicle (UAV) technologies is analyzed. By analyzing the existing literature, we illuminate the various approaches, methodologies, and future developments in this field. We also emphasize open issues and research opportunities in THz communication based on RIS. This survey is a valuable resource, contributing to understanding the emerging paradigms and research frontiers of RIS-based THz communication.",SDG 7 - Affordable and Clean Energy,,IEEE Access,10.1109/access.2024.3482564,https://pure.kfupm.edu.sa/en/publications/591855c4-6ffe-40d8-97ad-b1907f1bb66a,KFUPM Pure (OAI-PMH)
KFUPM_0290bb47-3222-49f5-87d3-8d00e3bdc9eb,King Fahd University of Petroleum and Minerals,File Fragment Type Classification Using Light-Weight Convolutional Neural Networks,Muhamad Felemban; Mustafa Ghaleb; Kunwar Saaim; Saleh Alsaleh; Ahmad Almulhem,2024,,"In digital forensics, file carving is used to extract files without relying on the underlying file system metadata. This process can be challenging if the file is fragmented. Therefore, it is important first to identify the type of file fragment. There exist several techniques to identify the type of file fragments without relying on metadata, for example, using headers and footers to identify the fragment type. Recently, convolutional neural network (CNN) models have been used to build classification models to achieve this task. Existing models for file fragment type classification often require significant computational resources due to their large number of parameters, leading to slower inference times and higher memory consumption. To address these challenges, we propose light-weight file fragment type classification models based on separable CNNs that maintain comparable accuracy while reducing computational demands. Our proposed light-weight file fragment type classification model leverages depthwise separable convolutions to improve the efficiency of feature extraction while reducing computational overhead. This approach leads to improved classification performance by focusing on the most relevant features within file fragments, achieving comparable accuracy to state-of-the-art models with significantly fewer parameters. The evaluation results demonstrate the model's effectiveness, with a 79% accuracy on the FFT-75 dataset using nearly 100K parameters and 164M FLOPs - representing a 4x reduction in model size and a 6x improvement in speed over the best-performing existing classifier. Our results demonstrate that these light-weight models are effective for real-time digital forensic applications where computational efficiency is critical.",,,IEEE Access,10.1109/access.2024.3486180,https://pure.kfupm.edu.sa/en/publications/0290bb47-3222-49f5-87d3-8d00e3bdc9eb,KFUPM Pure (OAI-PMH)
KFUPM_03c8ee68-2a2e-496e-9480-530d994e2506,King Fahd University of Petroleum and Minerals,Advanced Self-Driving Vehicle Model for Complex Road Navigation Using Integrated Image Processing and Sensor Fusion,Kalapraveen Bagadi; Naveen Kumar Vaegae; Visalakshi Annepu; Khaled Rabie; Shafiq Ahmad; Thokozani Shongwe,2024,,"This paper presents a sophisticated self-driving vehicle (SDV) model that addresses the challenges of navigating complex road networks characterized by high traffic and unpredictable environments. The model integrates state-of-the-art image processing techniques with advanced sensor fusion, utilizing EfficientDet D0 and Haar Cascade object detection models to identify obstacles, road signs, and traffic signals accurately. The integration of data from cameras and ultrasonic sensors enables the creation of a precise 2D map of the vehicle's surroundings, which, combined with a robust decision-making algorithm, allows for optimal performance in challenging traffic scenarios. The SDV prototype was tested extensively in a custom-built artificial environment, where it demonstrated its ability to handle various real-world scenarios, including lane detection, obstacle avoidance, and decision-making in the presence of stationary obstacles and heavy traffic. The experimental results confirm the model's effectiveness in enhancing SDV capabilities, paving the way for safer and more efficient autonomous transportation systems. It is found from our experiments that the average precision for obstacle detection models is 0.729, the average recall is 0.758, and the prototype's ability to process at 24 frames per second highlights the efficiency and accuracy of our proposed model.",SDG 11 - Sustainable Cities and Communities,,IEEE Access,10.1109/access.2024.3487868,https://pure.kfupm.edu.sa/en/publications/03c8ee68-2a2e-496e-9480-530d994e2506,KFUPM Pure (OAI-PMH)
KFUPM_63d715e2-e03f-485f-ac78-63aed3c55586,King Fahd University of Petroleum and Minerals,Towards sustainable AI: a comprehensive framework for Green AI,Abdulaziz Tabbakh; Lisan Al Amin; Mahbubul Islam; G. M.Iqbal Mahmud; Imranul Kabir Chowdhury; Md Saddam Hossain Mukta,2024,,"The rapid advancement of artificial intelligence (AI) has brought significant benefits across various domains, yet it has also led to increased energy consumption and environmental impact. This paper positions Green AI as a crucial direction for future research and development. It proposes a comprehensive framework for understanding, implementing, and advancing sustainable AI practices. We provide an overview of Green AI, highlighting its significance and current state regarding AI’s energy consumption and environmental impact. The paper explores sustainable AI techniques, such as model optimization methods, and the development of efficient algorithms. Additionally, we review energy-efficient hardware alternatives like tensor processing units (TPUs) and field-programmable gate arrays (FPGAs), and discuss strategies for designing and operating energy-efficient data centers. Case studies in natural language processing (NLP) and Computer Vision illustrate successful implementations of Green AI practices. Through these efforts, we aim to balance the performance and resource efficiency of AI technologies, aligning them with global sustainability goals.",SDG 7 - Affordable and Clean Energy; SDG 12 - Responsible Consumption and Production; SDG 17 - Partnerships for the Goals,,Discover Sustainability,10.1007/s43621-024-00641-4,https://pure.kfupm.edu.sa/en/publications/63d715e2-e03f-485f-ac78-63aed3c55586,KFUPM Pure (OAI-PMH)
KFUPM_9bce9e05-140d-40d0-8f8a-33d3b530372d,King Fahd University of Petroleum and Minerals,On hydromagnetic two-phase gas-liquid flow in ciliary channel: An application of a metachronal rhythm,G. Fatima; Ambreen A. Khan; R. Ellahi; Sadiq M. Sait,2024,,"The study of two-phase flows, encompassing gas-liquid plays a pivotal role in various industrial and biomedical applications. It investigates the behavior of an annular two-phase flow within ciliary channels, separated by compressible and incompressible flow regimes, in the presence of a magnetic field. The compressible flow is confined in the core region surrounded by the liquid phase. To analyze the flow characteristics, continuity, and momentum equations are considered for both phases. The compressible phase involves significant changes in density, requiring consideration of compressibility effects and the equation of state. Velocity and stresses are assumed to be equal at the interface. The system of mathematical equations is solved analytically by using the regular perturbation technique. The behavior of each phase with the input parameters is described thoroughly. The magnetic parameter is found to decrease while the Reynolds number increases for the velocity profile. The study's outcomes can contribute to the advancement of multiphase flow research by offering a versatile platform for innovation in biomedical engineering, with a thorough examination of the intricate relationship between ciliary motion, compressible and incompressible fluids, and MHD effects in ciliary channels.","SDG 9 - Industry, Innovation, and Infrastructure",,Chinese Journal of Physics,10.1016/j.cjph.2024.11.003,https://pure.kfupm.edu.sa/en/publications/9bce9e05-140d-40d0-8f8a-33d3b530372d,KFUPM Pure (OAI-PMH)
KFUPM_72e3d010-750c-4c41-ab33-98daa760d5d2,King Fahd University of Petroleum and Minerals,Edge-Assisted Label-Flipping Attack Detection in Federated Learning,Nourah S. Alotaibi; Muhamad Felemban; Sajjad Mahmood,2024,,"Federated Learning (FL) has transformed machine learning by facilitating decentralized, privacy-focused data processing. Despite its advantages, FL remains vulnerable to data poisoning attacks, particularly Label-Flipping Attacks (LFA). In LFA, malicious clients deliberately mislabel local data, causing the global model to misclassify certain classes, thus undermining its integrity. Although centralized detection methods have been explored, there is a notable gap in addressing LFA within the decentralized Client-Edge-Cloud architecture, which is crucial for FL systems. This study introduces an innovative edge-assisted framework for early detection of LFA, crucial for real-time applications. To our knowledge, this is the first study to propose such an edge-assisted LFA detection mechanism. Through detailed conceptual and empirical analyses of LFA behavior, we identified a key characteristic: class-wise accuracy, particularly recall for specific classes, decreases due to label flipping, significantly increases the delta discrepancy with the edge model. Our method remains effective across varying numbers of malicious clients and model sizes, without requiring prior knowledge about the malicious clients. We developed two mitigation strategies: (1) the Zero Tolerance approach, which excludes entire client updates upon detecting adversarial behavior, and (2) the Zero Masking approach, which zeros out gradients for the flipped class while preserving others. This method leverages the direct influence of final layer gradients on class predictions. Extensive evaluation using three benchmark datasets shows that the proposed edge-assisted LFA detection framework outperforms traditional cloud-based methods. We demonstrate its superiority in latency, resource efficiency, and accuracy in detecting malicious clients, outperforming state-of-the-art defenses.",,,IEEE Open Journal of the Communications Society,10.1109/ojcoms.2024.3496872,https://pure.kfupm.edu.sa/en/publications/72e3d010-750c-4c41-ab33-98daa760d5d2,KFUPM Pure (OAI-PMH)
KFUPM_f6630bac-c7dd-4a74-a12f-e6b1f938692b,King Fahd University of Petroleum and Minerals,Impact of Adverse Weather and Image Distortions on Vision-Based UAV Detection: A Performance Evaluation of Deep Learning Models,Adnan Munir; Abdul Jabbar Siddiqui; Saeed Anwar; Aiman El-Maleh; Ayaz H. Khan; Aqsa Rehman,2024,,"Unmanned aerial vehicle (UAV) detection in real-time is a challenging task despite the advances in computer vision and deep learning techniques. The increasing use of UAVs in numerous applications has generated worries about possible risks and misuse. Although vision-based UAV detection methods have been proposed in recent years, a standing open challenge and overlooked issue is that of adverse weather. This work is the first, to the best of our knowledge, to investigate the impact of adverse weather conditions and image distortions on vision-based UAV detection methods. To achieve this, a custom training dataset was curated with images containing a variety of UAVs in diverse complex backgrounds. In addition, this work develops a first-of-its-kind dataset, to the best of our knowledge, with UAV-containing images affected by adverse conditions. Based on the proposed datasets, a comprehensive benchmarking study is conducted to evaluate the impact of adverse weather and image distortions on the performance of popular object detection methods such as YOLOv5, YOLOv8, Faster-RCNN, RetinaNet, and YOLO-NAS. The experimental results reveal the weaknesses of the studied models and the performance degradation due to adverse weather, highlighting avenues for future improvement. The results show that even the best UAV detection model’s performance degrades in mean average precision (mAP) by (Formula presented.) points in torrential rain conditions, by (Formula presented.) points in high noise conditions, and by (Formula presented.) points in high motion blur conditions. To increase the selected models’ resilience, we propose and evaluate a strategy to enhance the training of the selected models by introducing weather effects in the training images. For example, the YOLOv5 model with the proposed enhancement strategy gained (Formula presented.), (Formula presented.), and (Formula presented.) points higher mAP in severe rain, noise, and motion blur conditions respectively. The findings presented in this work highlight the advantages of considering adverse weather conditions during model training and underscore the significance of data enrichment for improving model generalization. The work also accentuates the need for further research into advanced techniques and architectures to ensure more reliable UAV detection under extreme weather conditions and image distortions.",,,Drones,10.3390/drones8110638,https://pure.kfupm.edu.sa/en/publications/f6630bac-c7dd-4a74-a12f-e6b1f938692b,KFUPM Pure (OAI-PMH)
KFUPM_c759d02d-57de-441e-99ff-b78b92fae9bb,King Fahd University of Petroleum and Minerals,Decentralized Edge-Based Detection of Label Flipping Attacks in Federated Learning,Nourah AlOtaibi; Muhamad Felemban; Sajjad Mahmood; Héctor Quintián; Esteban Jove; Emilio Corchado; Alicia Troncoso Lora; Francisco Martínez Álvarez; Hilde Pérez García; José Luis Calvo Rolle; Francisco Javier Martínez de Pisón; Pablo García Bringas; Álvaro Herrero Cosío; Paolo Fosci,2024,,"Federated learning (FL) enhances data privacy by enabling decentralized model training without sharing local data. However, FL is vulnerable to Label-Flipping-Attacks (LFA), where malicious clients flip data labels. Traditionally, cloud-centric centralized defenses against LFA pose security and efficiency challenges. We propose a novel edge-based decentralized LFA detection method using edge servers for efficient detection. The proposed method considers the overall and class-wise accuracy in identifying suspicious clients. Initially, we adopt a strict zero-tolerance approach by excluding the entire update from detected malicious clients. We then experiment with four aggregation techniques-subtracting, masking, clipping, and reweighting–to handle the malicious parts of updates by focusing on the final layer neurons corresponding to specific classes. Experiments using three datasets demonstrate the effectiveness, robustness, and efficiency of our method, showing improved model performance and reduced latency under adversarial conditions. This approach improves the security and reliability of FL systems while maintaining data privacy.",,,International Joint Conferences - 17th International Conference on Computational Intelligence in Security for Information Systems CISIS 2024 and 15th International Conference on European Transnational Education ICEUTE 2024,10.1007/978-3-031-75016-8_19,https://pure.kfupm.edu.sa/en/publications/c759d02d-57de-441e-99ff-b78b92fae9bb,KFUPM Pure (OAI-PMH)
KFUPM_5ac43fb3-9c86-498e-a99c-20bd1eb889da,King Fahd University of Petroleum and Minerals,Novel Energy-Aware 3D UAV Path Planning and Collision Avoidance Using Receding Horizon and Optimization-Based Control,Gamil Ahmed; Tarek Sheltami,2024,,"Unmanned Aerial Vehicles (UAVs) have gained significant popularity in recent years thanks to their agility, mobility, and cost-effectiveness. However, UAV navigation presents several challenges, particularly in path planning, which requires determining an optimal route while avoiding obstacles and adhering to various constraints. Another critical challenge is the limited flight time imposed by the onboard battery. This paper introduces a novel approach for energy-efficient three-dimensional online path planning for UAV formations operating in complex environments. We formulate the path planning problem as a minimization optimization problem, and employ Mixed-Integer Linear Programming (MILP) to achieve optimal solutions. The cost function is designed to minimize energy consumption while considering the inter-collision and intra-collision avoidance constraints within a limited detection range. To achieve this, an optimization approach incorporating Receding Horizon Control (RHC) is applied. The entire path is divided into segments or sub-paths, with constraints used to avoid collisions with obstacles and other members of the fleet. The proposed optimization approach enables fast navigation through dense environments and ensures a collision-free path for all UAVs. A path-smoothing strategy is proposed to further reduce energy consumption caused by sharp turns. The results demonstrate the effectiveness and accuracy of the proposed approach in dense environments with high risk of collision. We compared our proposed approach against recent works, and the results illustrate that the proposed approach outperforms others in terms of UAV formation, number of collisions, and partial path generation time.",SDG 3 - Good Health and Well-being; SDG 7 - Affordable and Clean Energy,,Drones,10.3390/drones8110682,https://pure.kfupm.edu.sa/en/publications/5ac43fb3-9c86-498e-a99c-20bd1eb889da,KFUPM Pure (OAI-PMH)
KFUPM_74bbc408-6c7c-4686-bbb9-43ef0853d1cf,King Fahd University of Petroleum and Minerals,R-RDSP: Reliable and Rapidly Deployable Wireless Ad Hoc System for Post-Disaster Management over DDS,Baber Jan; Adnan Munir; Ayaz H. Khan; Ajmal Khan; Basem Al-Madani,2024,,"After natural disasters such as earthquakes, floods, or wars occur, cellular communication networks often sustain significant damage or become impaired. In these critical situations, first responders must coordinate with other rescue teams to communicate essential information to central command and survivors. To address this challenge, we have developed a reliable and rapidly deployable wireless ad hoc system for post-disaster management using Data Distribution Service (DDS) middleware, specifically RTI-DDS, named R-RDSP. The R-RDSP further enhances these metrics, achieving a 14.5% improvement in end-to-end delay and a 20.24% improvement in round-trip delay over the RDSP scheme. The R-RDSP system consists of three main modules: client, relay, and server. Each module connects to others via an ad hoc network, ensuring direct device-to-device communication without relying on existing infrastructure. The client module collects and sends the victim’s location and emergency messages. The relay modules forward these messages across the ad hoc networks, ensuring minimal delay and high reliability. Finally, the server module receives the messages, processes them, and coordinates the response. Leveraging RTI-DDS for reliable message distribution, the system demonstrates robust performance even under challenging network conditions.",SDG 11 - Sustainable Cities and Communities,,Sensors,10.3390/s24227259,https://pure.kfupm.edu.sa/en/publications/74bbc408-6c7c-4686-bbb9-43ef0853d1cf,KFUPM Pure (OAI-PMH)
KFUPM_4194087c-6acb-4e41-a12a-4ec0f669acd4,King Fahd University of Petroleum and Minerals,Comparing Boosting-Based and GAN-Based Models for Intrusion Detection in 5G Networks,Abdallah Moubayed,2024,,"The rise of 5G networks has been driven by the increasing deployment of Internet of Things (IoT) devices and the expansion of mobile and fixed broadband subscriptions. This has been coupled with a rise in network-related attacks, driven by the expanding attack surfaces. Machine learning (ML) has emerged as a promising solution for detecting security threats in 5G-enabled networks and environments due to its ability to handle the vast amount of data generated. Two ML model types have shown great promise, namely boosting-based and Generative Adversarial Network (GAN) based models. Accordingly, this work proposed a comparative analysis of boosting-based and GAN-based ML models for intrusion detection in softwarized 5G networks. Experimental results using the 5G-NIDD dataset show that both boosting-based and GAN-based models have a high detection capability, are not significantly impacted by feature selection, and have reduced training and prediction times.",,,"2024 International Symposium on Networks, Computers and Communications, ISNCC 2024",10.1109/isncc62547.2024.10759066,https://pure.kfupm.edu.sa/en/publications/4194087c-6acb-4e41-a12a-4ec0f669acd4,KFUPM Pure (OAI-PMH)
KFUPM_8fc09093-78c1-4ee4-a62c-45366d5af23d,King Fahd University of Petroleum and Minerals,Performance Evaluation of Hierarchical Federated Learning on Resource-Constrained IoT Systems,Mumin Adam; Uthman Baroudi,2024,,"The Internet of Things (IoT) has transformed how smart cities operate, significantly improving their inhabitants' efficiency and overall quality of life. However, the massive volume of sensitive data generated by IoT devices presents challenges, including privacy concerns and communication overheads. Traditional centralized data processing can compromise privacy and require significant communication, leading to scalability problems and power drains. Federated Learning (FL) offers a solution by processing data locally and transmitting only the model parameters. Vanilla FL faces challenges in IoT environments due to latency, bandwidth constraints, and power drain. Hierarchical FL (HFL) effectively addresses these issues by hierarchically leveraging the processing capabilities of both cloud and edge servers to optimize resource utilization and efficiently minimize latency. This paper evaluates HFL using IoT-derived datasets, develops and implements the HFL framework for resource-constrained IoT systems, and conducts the first known HFL tests on relevant datasets to demonstrate its performance.",SDG 11 - Sustainable Cities and Communities,,"2024 IEEE 100th Vehicular Technology Conference, VTC 2024-Fall - Proceedings",10.1109/vtc2024-fall63153.2024.10757873,https://pure.kfupm.edu.sa/en/publications/8fc09093-78c1-4ee4-a62c-45366d5af23d,KFUPM Pure (OAI-PMH)
KFUPM_6db50c09-0409-45fc-b895-2890ac795ef4,King Fahd University of Petroleum and Minerals,Enhancing Vehicle Location Prediction Accuracy with Road-Aware Rectification for Multi-Access Edge Computing Applications,Asif Mehmood; Afaq Muhammad; Faisal Mehmood; Wang Cheol Song,2024,,"In future 6G networks, real-time and accurate vehicular data are key requirements for enhancing the data-driven multi-access edge computing (MEC) applications. Existing estimation techniques to forecast vehicle position aim to meet the real-time data needs but compromise accuracy due to a lack of context awareness. While algorithms such as the Kalman filter improve estimation accuracy by considering certainty-grading and current-state estimate of measurements, they do not include the road context, which is vital for more accurate predictions. Unfortunately, current implementations of linear Kalman filters are not road-aware and struggle to predict a two-dimensional movement accurately. To this end, we propose a significant road-aware rectification-assisted prediction mechanism that enhances the modified Kalman filter predictions by incorporating road awareness. The parameters used for the Kalman filter include vehicle location, angle, speed, and time. In contrast, road-aware location rectification incorporates predicted location and lane shape, increasing the accuracy and precision of vehicle location predictions, reaching up to 99.9%. Performance is evaluated by comparing actual, predicted, and rectified vehicular traces at different speeds. The results demonstrate that the prediction error is approximately 0.005, while the proposed rectification process further reduces the error to 0.001, highlighting the effectiveness of the proposed approach. Overall, results support the idea of provisioning accurate, proactive, and real-time vehicular location data at the edge using a road-aware approach, thereby revolutionizing 6G vehicle location provisioning in MEC.",,,Mathematics,10.3390/math12243980,https://pure.kfupm.edu.sa/en/publications/6db50c09-0409-45fc-b895-2890ac795ef4,KFUPM Pure (OAI-PMH)
KFUPM_135fc894-3294-48a0-aad4-f35fc84e21e7,King Fahd University of Petroleum and Minerals,Temporal trends and predictive modeling of air pollutants in Delhi: a comparative study of artificial intelligence models,Omer A. Alawi; Haslinda Mohamed Kamar; Ali Alsuwaiyan; Zaher Mundher Yaseen,2024,,"Air pollution monitoring and modeling are the most important focus of climate and environment decision-making organizations. The development of new methods for air quality prediction is one of the best strategies for understanding weather contamination. In this research, different air quality parameters were forecasted, including Carbon Monoxide (CO), Nitrogen Monoxide (NO), Nitrogen Dioxide (NO2), Ozone (O3), Sulphur Dioxide (SO2), Fine Particles Matter (PM2.5), Coarse Particles Matter (PM10), and Ammonia (NH3). Hourly datasets were collected for air quality monitoring stations near Delhi, India, from November 25, 2020 to January 24, 2023. In this context, five intelligent models were developed, including Long Short-Term Memory (LSTM), Bidirectional Long-Short Term Memory (Bi-LSTM), Gated Recurrent Unit (GRU), Multilayer Perceptron (MLP), and Extreme Gradient Boosting (XGBoost). The modelling results revealed that Bi-LSTM model had the best predictability performance for forecasting CO with (R2 = 0.979), NO with (R2 = 0.961), NO2 with (R2 = 0.956), SO2 with (R2 = 0.955), PM10 with (R2 = 0.9751) and NH3 with (R2 = 0.971). Meanwhile, GRU and LSTM models performed better in forecasting O3 and PM2.5 with (R2 = 0.9624) and (R2 = 0.973), respectively. The current research provides illuminating visuals highlighting the potential of deep learning to comprehend air quality modeling, enabling improved environmental decisions.",,,Scientific Reports,10.1038/s41598-024-82117-z,https://pure.kfupm.edu.sa/en/publications/135fc894-3294-48a0-aad4-f35fc84e21e7,KFUPM Pure (OAI-PMH)
KFUPM_2714c49e-98bb-405e-a15b-3cc7b0dfe901,King Fahd University of Petroleum and Minerals,Receding Horizon and Optimization-based Control for UAV path planning with Collision Avoidance,Gamil Ahmed; Tarek Sheltami,2024,,"This paper proposes an online energy-efficient path planning approach for UAVs in complex environments. The path planning problem is formulated as a minimization optimization problem based on Mixed Integer Linear Programming (MILP), where a cost function is designed to minimize energy consumption while ensuring terrain obstacle avoidance within a limited detection range. To achieve this, we apply a Receding Horizon Control (RHC) and optimization approach. The entire path is divided into segments or sub-paths, with constraints in place to prevent collisions with obstacles. This proposed optimization approach enables fast navigation through dense environments, ensuring a collision-free path. For further optimizing the path for energy, a path smoothing strategy is introduced to reduce energy consumption caused by sharp turns. The results demonstrate the effectiveness and accuracy of the proposed approach in dense environments with a high risk of collisions with obstacles.",SDG 3 - Good Health and Well-being; SDG 7 - Affordable and Clean Energy,,Procedia Computer Science,10.1016/j.procs.2024.11.079,https://pure.kfupm.edu.sa/en/publications/2714c49e-98bb-405e-a15b-3cc7b0dfe901,KFUPM Pure (OAI-PMH)
KFUPM_5c2452d3-c6d1-45d9-817f-3a5cf11f8c26,King Fahd University of Petroleum and Minerals,"Federated Learning for IoT: Applications, Trends, Taxonomy, Challenges, Current Solutions, and Future Directions",Mumin Adam; Uthman Baroudi,2024,,"The rapid advancement of Internet of Things (IoT) technology has transformed the digital landscape, enabling unprecedented connectivity between devices, people, and services. Traditionally, IoTgenerated data was processed through centralized, cloud-based machine learning (ML) systems, raising significant privacy, security, and network bandwidth concerns. Federated Learning (FL) presents a viable alternative by transmitting only model parameters while preserving local data privacy. Despite the growing body of research, there remains a gap in comprehensive studies on FL-enabled IoT systems. This review provides an in-depth examination of the integration of FL with IoT, highlighting how FL enhances the efficiency, robustness, and adaptability of IoT systems. The paper introduces the foundational principles of FL, followed by an exploration of its key benefits in decentralized IoT applications. It presents a comparative analysis of FL-IoT architectures using quantitative metrics and proposes a taxonomy that clarifies the complexities and variations in FL-enabled IoT systems. The challenges of deploying FL in IoT environments are discussed, along with current trends and solutions aimed at overcoming these hurdles. Furthermore, the review explores the integration of FL with emerging technologies, including foundational models (FMs), green and sustainable 6th-generation (6G) IoT networks, and deep reinforcement learning (DRL), emphasizing their role in enhancing FL's efficiency and resilience. It also covers FL frameworks and benchmarks, providing a valuable resource for researchers and practitioners in the field The article concludes by identifying promising research directions that are expected to drive future advancements in this dynamic and expanding field.",,,IEEE Open Journal of the Communications Society,10.1109/ojcoms.2024.3506214,https://pure.kfupm.edu.sa/en/publications/5c2452d3-c6d1-45d9-817f-3a5cf11f8c26,KFUPM Pure (OAI-PMH)
KFUPM_cfb42869-050a-4ba4-bf3c-e21faab5f56e,King Fahd University of Petroleum and Minerals,Discovery of Quantum Algorithms Using Genetic Algorithms: Exponential Speedup via Random Sampling,Tariq Almuqbil; Muhamad Felemban; Candace Culhane; Greg T. Byrd; Hausi Muller; Yuri Alexeev; Yuri Alexeev; Sarah Sheldon,2024,,"The integration of classical machine learning with quantum computing is a promising frontier for solving complex problems more efficiently. This study focuses on discovering oracle-based quantum algorithms, specifically quantum search algorithms like Grover's algorithm, using genetic algorithms (GAs). By leveraging random sampling of oracle combinations, our method reduces the evaluation time complexity from O(2n) to O(n), enabling the efficient optimization of larger n-qubit circuits. The fitness evaluation of quantum circuits was based on a reduced number of random oracle combinations, significantly speeding up the process while maintaining optimization effectiveness. Our GA experiments, involving up to 8-qubit oracles, demonstrated the ability to identify the first iteration of Grover's algorithm and provided insights into the algorithm's performance across various circuit sizes. The results highlight the efficacy of our fast evaluation method in accelerating classical optimization techniques for discovering quantum algorithms, offering a scalable solution for larger qubit configurations. Limitations and potential improvements for handling even larger qubit sizes are also discussed.",,,"Workshops Program, Posters Program, Panels Program and Tutorials Program",10.1109/qce60285.2024.10347,https://pure.kfupm.edu.sa/en/publications/cfb42869-050a-4ba4-bf3c-e21faab5f56e,KFUPM Pure (OAI-PMH)
KFUPM_cd7f78a7-ae7d-4206-bbd6-e7c43c49ece6,King Fahd University of Petroleum and Minerals,Anticancer Peptides Classification with High-Accuracy Feature Representation Using Long Short-Term Memory,Nazer Al Tahifah; Muhammad Sohail Ibrahim; Shujaat Khan; Mario Cannataro; Huiru Zheng; Lin Gao; Jianlin Cheng; Joao Luis de Miranda; Ester Zumpano; Xiaohua Hu; Young-Rae Cho; Taesung Park,2024,,"Cancer presents a formidable challenge due to its complexity, variability, and multitude of causes. Despite being extensively studied, our understanding of cancer remains incomplete. This underscores the urgent need for comprehensive therapeutic strategies. Among the potential treatment avenues, anticancer peptides (ACPs) hold significant promise. However, the identification and synthesis of these peptides on a large scale pose ongoing challenges, necessitating the development of reliable prediction methods. Existing methods for predicting ACPs often suffer from low accuracy and rely on features with limited resolution. To address this, we propose a novel classification approach based on long short-term memory (LSTM) networks, utilizing a new set of features. This feature set comprises both contemporary and innovative extraction techniques. The contemporary features include binary profile features and k-mer sparse matrices of reduced amino acids. The novel features are derived from the Composition of the K-Spaced Side Chain Pairs (CKSSCP), the Composition of the K-Spaced Electrically Charged Side Chain Pairs (CKSECSCP), and a combination of [pk(CO2H)] + [pk(NH2)] + [pk(R)] + [Isoelectric point]. The combined feature set is employed to train the LSTM model, and extensive experiments are conducted on benchmark datasets using k-fold cross-validation. The results demonstrate that our model surpasses other ACP classification methods in terms of accuracy and Mathew's correlation coefficient (MCC). Specifically, for the ACP740 dataset with 5-folds, we achieve an MCC score of 74.61%, outperforming ACP-KSRC, ACP-MHCNN, and ACP-DA methods by 7.61%, 2.61%, and 10.61%, respectively. Similarly, for the ACP344 dataset with 5-folds, we achieve an MCC score of 84.46%, surpassing ACP-KSRC and the ZH-method by 3.46% and 6.46%, respectively. With its superior classification performance, our proposed model could aid in identifying novel ACPs and contribute to a deeper understanding of their structural and chemical characteristics. The source code and datasets used in this study are publicly available on the author's GitHub page: (https://github.com/Nazer5130/ACP-HAFR).",SDG 3 - Good Health and Well-being,,"Proceedings - 2024 IEEE International Conference on Bioinformatics and Biomedicine, BIBM 2024",10.1109/bibm62325.2024.10822783,https://pure.kfupm.edu.sa/en/publications/cd7f78a7-ae7d-4206-bbd6-e7c43c49ece6,KFUPM Pure (OAI-PMH)
KFUPM_32d75c17-e3d5-478d-822b-838c31751b4f,King Fahd University of Petroleum and Minerals,IoT for critical Big Data applications,Khaled Rabie; Fawad Ul Hassan,2024,2024-01-01,"In this chapter, we look into the integration of the Internet of Things (IoT) and Big Data in critical applications. We define the importance of Big Data applications within the context of IoT and discuss both the benefits and challenges they bring. The chapter thoroughly examines the architecture, security measures, communication protocols, and real-time analytic techniques that facilitate data-driven decision-making. To illustrate implementations, we present case studies from healthcare, transportation and energy, and natural disaster sectors that highlight their transformative impact. By embracing IoT and Big Data technologies, critical industries gain the ability to optimize processes and make informed decisions in time. This ultimately leads to economic outcomes.","SDG 9 - Industry, Innovation, and Infrastructure; SDG 11 - Sustainable Cities and Communities",,Empowering IoT with Big Data Analytics,10.1016/b978-0-443-21640-4.00009-0,https://pure.kfupm.edu.sa/en/publications/32d75c17-e3d5-478d-822b-838c31751b4f,KFUPM Pure (OAI-PMH)
KFUPM_1838746f-04bb-476e-b831-946cf0487f34,King Fahd University of Petroleum and Minerals,DustRobust-YOLO: Enhanced UAV Detection in Dusty Conditions,Adnan Munir; Abdul Jabbar Siddiqui; Aoubaida M. Al Sabbagh,2024,,"Unmanned Aerial Vehicles pose significant concerns in safety, security, and privacy, which drives the need for robust detection mechanisms to prevent unauthorized usage. Traditional detection methods face significant challenges when deployed in dusty environments. In this research, we propose a novel approach for detecting UAVs in dusty backgrounds. We contribute three key components to address this challenge. Firstly, we introduce synthetic datasets UAV Dust Test Set (UAV-DTS) tailored for UAV detection in dusty environments, facilitating comprehensive model evaluation. Secondly, we evaluate the performance of four state-of-the-art object detection models including YOLOv5, YOLOv8, Faster-RCNN, and Retina-Net by using our proposed UAV-DTS. Thirdly, we introduced a comprehensive UAV detection model DustRobust-YOLO (DR-YOLO) comprising the Dust-Image Enhancement Network (DIE-Net) and an enhanced YOLOv8 object detection model. DIE-Net integrates Adaptive Color Correction and Image Enhancement with Laplacian Pyramids modules to enhance the visibility of UAVs in dust-laden scenes. Our proposed model surpasses existing state-of-the-art models. This work advances UAV detection capabilities while emphasizing the need for tailored datasets and sophisticated deep-learning architectures to address challenging environmental conditions.",,,Proceedings - 2024 25th International Conference on Digital Image Computing,10.1109/dicta63115.2024.00033,https://pure.kfupm.edu.sa/en/publications/1838746f-04bb-476e-b831-946cf0487f34,KFUPM Pure (OAI-PMH)
KFUPM_6793cc83-0f8e-469a-8642-6f0535aeb8b9,King Fahd University of Petroleum and Minerals,Evaluation of Chest CT-Scan Anomaly Detection Models Using Principal Component Analysis,Ala Alyabrodi; Shrouq Al-Daja; Mohammad Noor Injadat; Abdallah Moubayed; Ali Elrashidi,2024,,"Machine learning-based improvements in anomaly detection, visualization, and segmentation are made possible by the growing digitization of medical imaging, which reduces the workload for medical specialists. Nevertheless, trustworthy labeled data is necessary for supervised machine learning and is sometimes expensive, time-consuming, or impossible to get. Consequently, techniques that need either little labeling (unsupervised methods) or partial labeling (semi-supervised methods) have been used increasingly been used. One approach that can be used to tackle medical imaging tasks like segmentation and classification is anomaly detection, which makes use of both unsupervised and semi-supervised methods. This study investigates the anomaly detection capabilities of deep learning and machine learning models trained on chest CT scans. To adopt this approach, firstly, by evaluating several feature extraction techniques (Principal Component Analysis (PCA), Autoencoder, and variance threshold), PCA achieves the best results on the selected dataset. After that, different machine learning and deep learning models (Isolation Forest, K-means, feed-forward neural networks, and convolutional neural networks) are assessed to detect anomalies using PCA for dimensionality reduction. The experiments show that the NN-Feedforward model with PCA outperformed the other models, also attains remarkably low false alarm rate, demonstrating its effectiveness in reducing false positives and precisely detecting anomalies.",,,"2024 25th International Arab Conference on Information Technology, ACIT 2024",10.1109/acit62805.2024.10877172,https://pure.kfupm.edu.sa/en/publications/6793cc83-0f8e-469a-8642-6f0535aeb8b9,KFUPM Pure (OAI-PMH)
KFUPM_b6b783a5-008b-4987-9b16-404ea26f767b,King Fahd University of Petroleum and Minerals,Optimizing One-Stage Object Detection for URLLC: A Two-Stage Pipeline with Oculi SPU,Adam Bou Moghlebey; Abdallah Moubayed; Mohammad Noor Injadat,2024,,"Pedestrian-related accidents account for an estimated 20-25% of the approximately 1.19 million road fatalities occurring annually, highlighting the urgent need for enhanced detection systems in surveillance and smart transportation to mitigate such incidents. The escalating demand for Ultra-Reliable Low-Latency Communications (URLLC) in modern surveillance and transportation systems has become a solution to that problem but highlighted significant challenges in reducing inference times of machine learning models, particularly on constrained hardware. The maximum permissible latency for most vehicular applications ranges from 6 to 20 milliseconds based on the application. When tested on an 8GB RAM setup using the NTU, LLVIP, and VIRAT datasets, YOLOv8n achieved a minimum inference time of approximately 200 milliseconds per frame, making it unsuitable for URLLC applications despite 8GB RAM being an adequate hardware setup for edge devices. This research introduces a new two-stage pipeline that integrates Oculi's Sensing and Processing Unit (SPU) simulation with the YOLOv8n one-stage object detection model to enhance pedestrian detection, thereby addressing these challenges. By leveraging Regions of Interest (ROIs) generated by Oculi's SPU, our approach optimizes the input data for the YOLO model, substantially reducing computational overhead and thus making it suitable for URLLC applications. This integration can lead to a reduction in inference time by up to 93% in the tested frames when being compared to YOLOv8n pre-trained model.",SDG 3 - Good Health and Well-being,,"2024 25th International Arab Conference on Information Technology, ACIT 2024",10.1109/acit62805.2024.10877243,https://pure.kfupm.edu.sa/en/publications/b6b783a5-008b-4987-9b16-404ea26f767b,KFUPM Pure (OAI-PMH)
KFUPM_e0773060-8f86-4034-843a-54ef17889211,King Fahd University of Petroleum and Minerals,A Data-Driven Approach Towards Software Regression Testing Quality Optimization,Abdallah Moubayed; Nouh Alhindawi; Jamal Alsakran; Mohammad Noor Injadat; Mohammad Kanan,2024,,"Software testing is very important in software development to ensure its quality and reliability. As software systems have become more complex, the number of test cases has increased, which presents the challenge of executing all the tests in a limited time frame. Various test case prioritization techniques have been introduced to solve this problem. These methods aim to identify and implement the most critical tests first. In this paper, we propose an implementation of a dynamic test case prioritization strategy to improve software quality by increasing code coverage with special attention to edge case handling. Edge case test prioritization is a technique that improves test efficiency by selecting extreme case scenarios that can reveal critical bugs or unexpected behavior early in development, improving overall software reliability and dependability. In order to prioritize test cases, this paper presents a regression-based method that makes use of machine learning algorithms. The approach leverages previous performance data to optimize regression testing efficiency by examining variables like test time and execution status. Performance evaluations, when compared against industry standards and cutting-edge techniques, show how effective these algorithms are at correctly prioritizing test cases and identifying faults. This study offers simplified yet reliable solutions for regression testing optimization by shedding light on the efficacy of regression algorithms, such as Random Forest and decision trees.",,,"2024 25th International Arab Conference on Information Technology, ACIT 2024",10.1109/acit62805.2024.10877022,https://pure.kfupm.edu.sa/en/publications/e0773060-8f86-4034-843a-54ef17889211,KFUPM Pure (OAI-PMH)
KFUPM_926e7dad-04a7-4477-972a-1629ff51fbd7,King Fahd University of Petroleum and Minerals,A Comparative Study of Gaze Estimation Models,Abdallah Moubayed; Mohammad Noor Injadat; Mohammad Kanan,2024,,"The eye-mind hypothesis suggests that people tend to look at what they're actively thinking about, forming the basis of eye and gaze tracking. This concept is gaining attention in deep learning due to its broad applications. The use of AI alongside webcams to monitor eye movements is increasingly popular and expected to grow further. This is further emphasized by recent data showing a growing use of eye gaze estimation techniques, especially in marketing research, e-commerce, and educational tools. Accordingly, multiple previous research works have developed various eye and gaze estimation and tracking models. However, one main limitation is that many models use their own datasets for performance evaluation as well as having different underlying computing resources that are used during training. Consequently, it becomes harder to compare the effectiveness and efficiency of these models. To that end, this work aims at providing a comprehensive comparative study of three well-established eye gaze estimation models, namely OpenGaze, GazeRefineNet, ODABE, and FAZE models using a unified evaluation framework. Experimental results conducted using GazeCapture dataset illustrate that OpenGaze model achieves a mean error of 2.27 cm mean error, GazeRefineNet model achieves 1.91 cm, ODABE model achieves 3.46 cm, and FAZE model achieves 2.9 cm. This indicates that GazeRefineNet outperforms the other models in terms of accuracy while having comparable computational complexity.",,,"2024 25th International Arab Conference on Information Technology, ACIT 2024",10.1109/acit62805.2024.10877216,https://pure.kfupm.edu.sa/en/publications/926e7dad-04a7-4477-972a-1629ff51fbd7,KFUPM Pure (OAI-PMH)
KFUPM_2e986413-9915-43dd-a867-a9c441028492,King Fahd University of Petroleum and Minerals,Criteria-based Unsupervised Feature Selection Techniques: A Comparative Study Over Chest CT Scan,Shrouq Al-Daja; Ala' Alyabrodi; Abdallah Moubayed; Mohammad Noor Injadat; Ali Elrashidi,2024,,"Research on classifying chest CT scans as normal or abnormal using machine learning and deep learning has garnered significant attention. To address this, various feature selection (FS) methods are employed to reduce dimensionality and identify key features. This paper evaluates criteria tailored to unsupervised binary datasets, such as feature subsets, redundancy, and diversity, by comparing Mutual Information-Based Methods (MI) with Clustering-Based Feature Selection (Agglomerative Clustering) ones. Additionally, it examines Graph Structure, Spectral Properties, and Quality criteria by comparing Graph-Based Methods with Spectral Feature Selection-be (SPEC). For feature reduction, Agglomerative Clustering may offer a slight advantage due to better handling of diversity and redundancy, though the difference is minimal. If these aspects are crucial, Agglomerative Clustering might be preferred. Conversely, for Graph-Based vs. SPEC, SPEC Method is more suitable for feature reduction due to its coherent feature selection and focus on capturing significant patterns related to medical interventions.",,,"2024 25th International Arab Conference on Information Technology, ACIT 2024",10.1109/acit62805.2024.10877168,https://pure.kfupm.edu.sa/en/publications/2e986413-9915-43dd-a867-a9c441028492,KFUPM Pure (OAI-PMH)
KFUPM_0846f8cd-7725-40b4-9579-924d83dc6443,King Fahd University of Petroleum and Minerals,Performance Analysis of Fluid Antenna Multiple Access (FAMA) for 6G,A. F.M. Shahen Shah; Muhammet Ali Karabulut; Eyup Cinar; Khaled Rabie; Rajashree Paul; Arpita Kundu,2024,,"Recently, there has been interest in fluid antenna system (FAS) as a potential 6G technology. Any fluidic, conductive, or dielectric structure that can be software-controlled and manipulated to change its form and position to reorganize channel is referred to as a fluid antenna (FA). Fluid antenna multiple access (FAMA) allows each user to continually migrate to port with greatest signal-to-interference ratio (SIR) using a single RF-chain port FA. Without requiring complex signal processing, FAMA finds an appropriate channel state for the needed signal by taking use of the profound attenuation moments in the interference. A performance analysis of FAMA for 6G is carried out in this study. The average outage rate and outage probability are used to assess the performance. Additionally, we provide upper and lower limitations on FAMA's multiple access gain. The equations for average outage capacity and outage probability for SIR are obtained. Furthermore, numerical results are provided to examine effectiveness of FAMA and validate analytical investigation.",,,"2024 IEEE 15th Annual Information Technology, Electronics and Mobile Communication Conference, IEMCON 2024",10.1109/iemcon62851.2024.11093131,https://pure.kfupm.edu.sa/en/publications/0846f8cd-7725-40b4-9579-924d83dc6443,KFUPM Pure (OAI-PMH)
KFUPM_396cd2e8-c958-4162-99e3-4e86657dbae0,King Fahd University of Petroleum and Minerals,Cascaded Fractional-Order Controller-Based Load Frequency Regulation for Diverse Multigeneration Sources Incorporated with Nuclear Power Plant,Yidie Ye; Amil Daraz; Abdul Basit; Irfan Ahmed Khan; Salman A. Alqahtani,2024,,"To sustain a system frequency within acceptable limits, it is widely conceded that retaining a power balance between generation and demand is necessary. In order to regulate the frequency of power systems (PSs) this article proposes a novel cascaded based fractional-order controller termed as fractional-order integer- (FOI-) fractional-order proportional integral with double derivative (FOPIDD2). In addition to redox flow batteries and capacitive energy storage, the recommended control strategy has been validated with gas, thermal reheat, hydro, and nuclear power systems. Additionally, a newly designed algorithm known as squid game optimizer (SGO) optimizes the gains of the new FOI-FOPIDD2 controller. The squid game optimizer technique is inspired by the fundamental principles of a conventional Korean sport. It employs a population of candidate solutions and iteratively adjusts the control parameters to discover the optimal set that reduces frequency abnormalities and improves system stability. A comparison is also made between the controller's performance and benchmarks, including the jellyfish search algorithm, the firefly algorithm, the grey wolf optimizer, and the particle swarm algorithm. The proposed algorithms reduced peak overshoot as compared to grey wolf optimizer algorithm by 35.34%, 46.78%, and 76.89%; jellyfish search optimization algorithm by 34.76%, 77.22%, and 82.56%; and firefly algorithm by 82.67%, 89.23%, and 29.67% for frequency variations in area 1, area 2 and tie line power, respectively. Furthermore, SGO-FOI-FOPIDD2 controllers under different loading circumstances and conditions were evaluated and endorsed for their ability to withstand uncertainties in power system parameters.",,,International Journal of Energy Research,10.1155/2024/7939416,https://pure.kfupm.edu.sa/en/publications/396cd2e8-c958-4162-99e3-4e86657dbae0,KFUPM Pure (OAI-PMH)
KFUPM_e0e63c59-7fbf-47b1-ad33-054f3f9489d1,King Fahd University of Petroleum and Minerals,Factor proportions model for Russian mineral supply-driven global energy transition: Does externality matter?,Md Monirul Islam; Kazi Sohag; Andrey Berezin; Bruno S. Sergi,2024,,"The Factor Proportions Model posits that international trade is contingent upon the relative abundance of factors of production, namely natural resources, capital, and labor. Countries endowed with mineral resources are inclined to export them to countries with higher demand but lower supply. However, geopolitical events disrupt the smooth transition of mineral-consuming economies towards sustainable renewable energy production. This study aims to investigate the interplay between Russian mineral exports and renewable energy generation, taking into account geopolitical risks, within both the global and Chinese contexts. The study covers monthly data from January 2011 to December 2021. Utilizing the cross-quantilogram approach, this study reveals a positive spillover effect of Russian mineral exports on global and Chinese renewable electricity production, across various time frames, including monthly, quarterly, bi-annual, and annual memories. Additionally, labor force's contribution plays a pivotal role in facilitating renewable energy production for both the global and Chinese contexts. Notably, externality factor, particularly geopolitical risks, exert a detrimental spillover effect on renewable energy generation for both the globe and China, although China's geopolitical risk events appear to be beneficial for its own renewable energy production in bullish and bearish states, across all memories. Russian geopolitical risks evince heterogeneous spillover effects on global renewable energy generation. To bolster the robustness of the findings obtained from the CQ approach, this study employs the partial cross-quantilogram (PCQ) approach. This research recommends the imperative of ensuring a secure supply of critical minerals and expediting the global energy revolution, while effectively mitigating geopolitical hazards, with the overarching goal of achieving a trajectory towards net-zero emissions.",SDG 7 - Affordable and Clean Energy; SDG 10 - Reduced Inequalities; SDG 13 - Climate Action; SDG 17 - Partnerships for the Goals,,Energy Economics,10.1016/j.eneco.2023.107242,https://pure.kfupm.edu.sa/en/publications/e0e63c59-7fbf-47b1-ad33-054f3f9489d1,KFUPM Pure (OAI-PMH)
KFUPM_05e912e9-f229-4f36-8f69-743a43147654,King Fahd University of Petroleum and Minerals,Transport Assistants to Enhance TCP Performance: Analysis of the Packet Delivery Delay,Jaime Galan-Jimenez; Mohamed Faten Zhani; Luis Jesus Martin Leon; John Kaippallimalil; James Won-Ki Hong; Seung-Joon Seok; Yuji Nomura; You-Chiun Wang; Baek-Young Choi; Myung-Sup Kim; Roberto Riggio; Meng-Hsun Tsai; Carlos Raniery Paula dos Santos,2024,,"As of today, TCP remains the de-facto transport protocol in the Internet. However, TCP may incur high delays, especially when retransmitting lost packets as they have to be retransmitted only by the source and after a timeout that is roughly equal to a round trip time. To reduce such delay, recent work [1]-[3] proposed to deploy a special network function, called Transport Assistant (TA), that is able to detect and retransmit lost TCP packets from inside the network rather than the source, and thereby, reduces retransmission delays. Unfortunately, there is no study so far on the impact of the placement of the TA on its performance benefits in terms of packet delivery delayIn this paper, we focus on the TA placement problem. We discuss the trade-offs and parameters to be considered to select the best placement for the TA. We mathematically model the TCP packet delivery delay, i.e., the time needed to deliver TCP packets when the TA is deployed, using different parameters like the location of the TA, the loss probabilities and the propagation delays of the network links. Thanks to this model, we study the impact of these parameters on the performance and efficiency of the TA.",,,"Proceedings of IEEE/IFIP Network Operations and Management Symposium 2024, NOMS 2024",10.1109/noms59830.2024.10575037,https://pure.kfupm.edu.sa/en/publications/05e912e9-f229-4f36-8f69-743a43147654,KFUPM Pure (OAI-PMH)
KFUPM_381e9a7d-2424-449b-9824-bccf453210a4,King Fahd University of Petroleum and Minerals,Optimization of truss structures using multi-objective cheetah optimizer,Sumit Kumar; Ghanshyam G. Tejani; Pranav Mehta; Sadiq M. Sait; Ali Riza Yildiz; Seyedali Mirjalili,2025,,"In this study, a multi-objective version of the recently proposed cheetah optimizer called multi-objective cheetah optimizer (MOCO) has been proposed. MOCO draws inspiration from the targeted hunting strategy employed by cheetahs, which involves a sequence of actions: searching for prey, patiently waiting for the right moment to attack, swiftly launching the attack, and then retreating from the prey and returning to their habitat. MOCO is the result of modification and enhancement from its single-objective counterpart, utilizing a Pareto dominance-based approach. This adaptation allows MOCO to efficiently handle multiple objectives, explores and exploits promising areas in the optimization landscape, and identifies non-dominated solutions, offering valuable tradeoff choices for decision-makers. To demonstrate its practical applications, the MOCO method has been employed to address five intricate structural design problems. These problems involve a pair of competing objectives: the minimization of structural weight and the reduction of maximum nodal displacement. To gauge the efficacy and efficiency of the proposed algorithm, a comparative analysis is conducted against three alternative state-of-the-art multi-objective algorithms. Furthermore, a rigorous evaluation is carried out utilizing hypervolume testing. The findings reveal that the MOCO algorithm surpasses the performance of the other algorithms, underscored by its capacity to uncover a diverse array of non-dominated solutions. To delve deeper into the experimental results, statistical analysis employing Friedman’s rank test is employed. The solutions generated and the convergence patterns exhibited by the MOCO approach underscore its exceptional proficiency in resolving intricate design problems.",,,Mechanics Based Design of Structures and Machines,10.1080/15397734.2024.2389109,https://pure.kfupm.edu.sa/en/publications/381e9a7d-2424-449b-9824-bccf453210a4,KFUPM Pure (OAI-PMH)
KFUPM_38b55d2f-bc35-4c71-96cd-69cd6c8ca71b,King Fahd University of Petroleum and Minerals,"Emerging Trends in UAVs: From Placement, Semantic Communications to Generative AI for Mission-Critical Networks",Zeeshan Kaleem; Farooq Alam Orakzai; Waqar Ishaq; Kamran Latif; Jun Zhao; Abbas Jamalipour,2025,,"Unmanned Aerial Vehicles (UAVs) have gained popularity across academia and various industries due to their ability to operate in challenging and complex environments. They are particularly valuable in emergency response scenarios where conventional communication infrastructure is unavailable. However, deploying UAVs in such situations poses challenges, requiring intelligent decision-making to meet mission-critical network (MCN) constraints such as latency, quality-of-service, and reliability. To overcome those challenges, this paper aims to provide a comprehensive overview ranging from knowledge driven (Semantic) approaches to generative artificial intelligence (GAI) by integrating UAVs into MCNs. Initially, existing technologies used in UAV-assisted communication are reviewed. While previous literature often emphasizes UAVs’ general applications, it tends to overlook their specific role in MCN scenarios and lacks depth in discussing emerging technologies. Therefore, state-of-the-art data-driven and intelligent future approaches are presented as key enablers for future UAV-assisted MCNs. Representative technologies include semantic communication, Native AI, GAI, joint sensing and communication (JSAC), open-radio access networks (O-RAN), and digital twins. For instance, these technologies prove beneficial when traditional networks fail, allowing UAVs equipped with advanced intelligent systems to establish resilient links, collect real-time data, transmit meaningful information with minimal delay, and optimize resource allocation. Finally, research challenges are outlined, and potential research directions are proposed to encourage further investigation.",,,IEEE Transactions on Consumer Electronics,10.1109/tce.2024.3434971,https://pure.kfupm.edu.sa/en/publications/38b55d2f-bc35-4c71-96cd-69cd6c8ca71b,KFUPM Pure (OAI-PMH)
KFUPM_03a2961d-9b5f-4573-81cc-ba7c70609759,King Fahd University of Petroleum and Minerals,Cavitating bubbly flow of non-Newtonian second grade fluid through nozzles: Application of reduction of cavitation damage and noise,M. S. Nadeem; A. Zeeshan; A. Majeed; Sadiq M. Sait; R. Ellahi,2025,2025-04-30,"This research is focused on studying the behavior of bubbles in one-dimensional nozzle flows. The study delves into the complex flow of cavitating bubbles within geometries of varying cross-sectional areas, using a second-grade fluid. The cavitation phenomenon poses a potential threat, as it can harm surfaces upon bubble collapse or interaction with adjacent boundaries. Thus, the proposed model unveils the intricate behavior of cavitating bubbles in response to nozzle shape and fluid properties. The governing equations are first modeled using the Rayleigh-Plesset equation along with continuity and momentum equations for bubbly liquids. They are then simplified and nondimensionalized to solve by means of the RK method. The influence of several nondimensional parameters, including the Reynolds number, fluid parameter, cavitation number and the number of bubbles, on the flow behavior of second-grade fluid through various channels is illustrated using graphs. To validate the results, the Newtonian formulation was applied in the current setting, and it was found that the obtained results matched the available literature. Also, critical values of void fractions for the radius of the bubble are presented. The non-Newtonian properties of the fluid are observed a significant outcome for the reduction of cavitation damage and noise.",,,International Journal of Modern Physics B,10.1142/s0217979225500857,https://pure.kfupm.edu.sa/en/publications/03a2961d-9b5f-4573-81cc-ba7c70609759,KFUPM Pure (OAI-PMH)
KFUPM_cf5cbf63-c066-4bd3-9328-369c96dd4b18,King Fahd University of Petroleum and Minerals,"A Systematic Literature Review on Vulnerabilities, Mitigation Techniques, and Attacks in Field-Programmable Gate Arrays",Ali Alsuwaiyan; Aliyu Abubakar Habib; Ali Bello Imoukhuede; Mohamed Osman Omar; Md Al Maruf; Mansour Alqarni; Aiman El-Maleh; Abdulaziz Tabbakh; Muhamad Felemban; Akramul Azim,2025,,"This paper presents a systematic literature review (SLR) of the vulnerabilities of field-programmable gate arrays (FPGAs), based on 51 carefully selected articles from a pool of 271 unique publications sourced from various databases, including IEEE, ACM, and SpringerLink, covering the period from January 2012 to September 2022. The study identifies 22 distinct vulnerabilities and examines 27 types of attacks that exploit these vulnerabilities. We provide detailed descriptions of each vulnerability, including associated threat models, and review various mitigation techniques while highlighting the application of machine learning (ML) in both detection and defense whenever applicable. The significance of this work stems from its focus on a vulnerability-centric approach, where mitigation strategies directly target vulnerabilities rather than simply countering attacks. This approach highlights the critical role of safeguarding bitstream access, which can prevent a broad spectrum of attacks. Additionally, the study notes the absence of common vulnerabilities and exposures (CVE) datasets for the selected period, suggesting a gap in the documentation of FPGA-related vulnerabilities. The findings of this review have important implications for mitigating economic and security risks in FPGA applications, and we suggest potential future research directions, including further integration of ML techniques to enhance FPGA security.",,,Arabian Journal for Science and Engineering,10.1007/s13369-024-09562-w,https://pure.kfupm.edu.sa/en/publications/cf5cbf63-c066-4bd3-9328-369c96dd4b18,KFUPM Pure (OAI-PMH)
KFUPM_e09738dd-14f4-4a6c-a4a8-935bff953c2d,King Fahd University of Petroleum and Minerals,Enhanced Learning-Based Hybrid Optimization Framework for RSMA-Aided Underlay LEO Communication With Non-Collaborative Terrestrial Primary Network,Zain Ali; Wali Ullah Khan; Muhammad Asif; Asim Ihsan; Abdelrahman Elfikky; Khaled M. Rabie; Tauseef Ahmad Siddiqui; Symeon Chatzinotas; Octavia A. Dobre,2025,,"Low Earth orbiting (LEO) satellite-assisted wireless communication is increasingly vital for future communication networks due to the significant spectrum scarcity in radio frequency channels, presenting a critical bottleneck. Thus, optimizing the utilization of available radio frequency spectrum has become imperative. Advanced techniques like underlay communication and Rate Split Multiple Access (RSMA) have proven effective in enhancing spectrum utilization. When LEO satellites are applied to tasks such as agricultural assistance, search and rescue operations, and military defense, LEO-to-ground communication can leverage underlay fashion using RSMA to transmit messages to multiple users simultaneously on the same channel. However, conventional underlay communication setups necessitate transmitter cooperation to manage system interference. Enabling non-cooperative systems to communicate in an underlay fashion unlocks the untapped potential of these advanced transmission techniques. This study addresses the challenge of maximizing the RSMA rate of the LEO-to-ground communication system (secondary system) operating in an underlay mode without cooperation with the ground-to-ground communication system (primary system), where the primary network operates in a time-division multiple-access fashion. We propose a dueling-based double deep Q-learning solution to optimize the allowed transmission power at the LEO satellite, ensuring no outage in the primary system. Additionally, we introduce an optimal solution framework to distribute the allowed transmission power among all signals of the secondary devices, maximizing the RSMA rate while meeting the rate requirements of all underlay secondary devices. Simulation results demonstrate that this hybrid solution framework provides excellent performance while ensuring no outage at the primary network.",,,IEEE Transactions on Communications,10.1109/tcomm.2024.3465375,https://pure.kfupm.edu.sa/en/publications/e09738dd-14f4-4a6c-a4a8-935bff953c2d,KFUPM Pure (OAI-PMH)
KFUPM_830e257e-c7b2-4974-a884-9924048c848a,King Fahd University of Petroleum and Minerals,Robust Multicriterion Offloading in Digital-Twin-Assisted UAV Networks,Muhammad Yahya; Muhammad Naeem; Zeeshan Kaleem; Ali H. Alenezi; Waleed Ejaz,2025,,"Unmanned-aerial-vehicles (UAVs) have been gaining much attention in the next-generation wireless networks due to their ability to enhance coverage and provide advanced services, particularly for first responders. UAVs equipped with mobile-edge computing (MEC) capabilities can migrate computational resources to airborne platforms. However, it is crucial to manage resources efficiently to optimize overall network performance. Moreover, in public safety scenarios, UAVs can help charge low-power Internet of Things (IoT) devices to sustain system operations. A holistic approach to managing communication, computation, caching, and energy resources is necessary to leverage UAV-assisted MEC networks fully. We formulated an optimization problem to minimize latency and reduce resource costs associated with communication, computation, caching, and energy harvesting while maximizing the number of IoT devices served by UAVs. Therefore, we integrated digital twin technology to analyze the latency. The optimization problem is challenging as it involves a mixed-integer nonlinear programming problem. To address this complexity, we propose a multistage offloading algorithm named the penalty function method heuristic algorithm that combines a learning algorithm with an interior-point method, ultimately delivering a practical solution. Our simulation results validate the performance of the proposed algorithm, which yields superior results compared to the simple relaxation heuristic algorithm.",,,IEEE Internet of Things Journal,10.1109/jiot.2024.3462899,https://pure.kfupm.edu.sa/en/publications/830e257e-c7b2-4974-a884-9924048c848a,KFUPM Pure (OAI-PMH)
KFUPM_5de68542-8601-44dd-b596-26843ab1d832,King Fahd University of Petroleum and Minerals,Mixed convective heat and mass transfer of Carreau fluid flow past over a permeable stretching disk: thermal and concentration analysis,Khadija Maqbool; Farah Jabeen Awan; R. Ellahi; Sadiq M. Sait,2025,,"This effort is devoted toward examining the steady flow of a Carreau fluid passing over a permeable linearly stretching disk in the presence of concentration and thermal buoyancy effects due to density difference. The impact of thermal and concentration forces (as a result of temperature and density differences) adds a high level of complexity to mathematical problems. The complex mathematical model forms a set of coupled partial differential equations under the permeable linearly stretching surface conditions. The complex mathematical model is simplified by the boundary layer approach which is solved by the similarity transformation and shooting method in MATLAB software. The numerical results for heat transfer, shear stress, and mass transfer rate on the surface are evaluated and displayed in tabular form. The impact of permeable surface and fluid parameters on velocity, temperature, and concentration profiles have been shown through graphs, and noticed that permeability of the surface retard the axial flow, heat transfer and concentration in the Carreau fluid also skin friction coefficient, Nusselt number and Sherwood number become weak by the rising values of Weissenberg number. The comparison between the present and existing results is obtained in the form of a table and a strong agreement between results has been observed.",,,Journal of Thermal Analysis and Calorimetry,10.1007/s10973-024-13696-2,https://pure.kfupm.edu.sa/en/publications/5de68542-8601-44dd-b596-26843ab1d832,KFUPM Pure (OAI-PMH)
KFUPM_32b7dd6e-52e1-4696-a6c8-23d44b0990f8,King Fahd University of Petroleum and Minerals,Lightweight Intrusion Detection for IoT Systems Using Artificial Neural Networks,Radhwan A.A. Saleh; Louai Al-Awami; Mustafa Ghaleb; Anas A. Abudaqa; Haixin Duan; Mourad Debbabi; Xavier de Carné de Carnavalet; Xiapu Luo; Man Ho Allen Au; Xiaojiang Du,2025,,"Internet of Things (IoT) systems, due to their vulnerability to a plethora of security attacks, suffer significant detrimental impacts on their reliability. Additionally, the inherent constraints in IoT devices necessitate the incorporation of lightweight security schemes endowed with the capacity to identify intrusions and serve as a robust line of defense. This study presents a lightweight Intrusion Detection System (IDS) that leverages the power of Artificial Neural Network (ANN) while addressing the challenges within IoT systems. The effectiveness of the proposed IDS has been validated through empirical testing by utilizing the ToN IoT Telemetry dataset. The proposed IDS exhibits superior performance compared to other Machine Learning-based IDS solutions identified in the literature, particularly in terms of binary classification where the feature set is continuous. The proposed IDS consistently exceeds expected benchmarks in multi-class classification, with metrics including recall, precision, accuracy, and F-score ranging between 91% and 100%. More importantly, its high accuracy and low time complexity make it an ideal choice for real-time applications, offering a superior alternative to existing AI-based IDS.",,,"Security and Privacy in Communication Networks - 19th EAI International Conference, SecureComm 2023, Proceedings",10.1007/978-3-031-64954-7_3,https://pure.kfupm.edu.sa/en/publications/32b7dd6e-52e1-4696-a6c8-23d44b0990f8,KFUPM Pure (OAI-PMH)
KFUPM_41ee1b73-9d27-43b4-9ba3-8662e84076ae,King Fahd University of Petroleum and Minerals,"Multi-STAR-RIS NOMA: Clustering, RIS Assignment and Power Optimization",Mohd Hamza Naim Shaikh; Khaled M. Rabie; Taissir Y. Elganimi; Xingwang Li; Mohammad S. Hashmi; Galymzhan Nauryzbayev,2025,,"Reconfigurable intelligent surfaces (RISs) represent a breakthrough technology capable of dynamically modifying wireless signals' amplitude and/or phase via numerous reflecting units, thereby reconfiguring the radio propagation environment. This paper investigates the performance of multi-simultaneously transmitting and reflecting RIS (STAR-RIS)-enabled non-orthogonal multiple access (NOMA) networks under the collective impact of transceiver hardware impairments (HIs) and RIS phase error. Unlike existing studies that often focus on two-user scenarios with ideal hardware assumptions, we propose a network-centric approach that clusters users and associates multiple STAR-RIS units with these clusters, while accounting for practical hardware constraints. Specifically, we formulate an optimization problem aimed at maximizing the network sum rate by optimally clustering users, assigning STAR-RIS units, and optimizing power allocation among NOMA user pairs. The proposed solution decouples this problem into more tractable subproblems to facilitate real-time application. Subsequently, we derive closed-form expressions for the ergodic rates and their upper bounds to evaluate the system performance. The numerical results highlight the effectiveness of the proposed multi-STAR-RIS NOMA scheme compared to benchmark schemes, emphasizing its relevance for evaluating the performance of future wireless systems under practical conditions.",,,IEEE Transactions on Vehicular Technology,10.1109/tvt.2024.3509518,https://pure.kfupm.edu.sa/en/publications/41ee1b73-9d27-43b4-9ba3-8662e84076ae,KFUPM Pure (OAI-PMH)
KFUPM_8614b1fb-8e2e-4679-882d-8180c5cf73d9,King Fahd University of Petroleum and Minerals,A Novel Few-Shot ML Approach for Intrusion Detection in IoT,M. D.Sakibul Islam; Aminu Yusuf; Muhammad Dikko Gambo; Abdulaziz Y. Barnawi,2025,,"The rapid expansion of the Internet of Things (IoT) has introduced significant challenges to network security, particularly due to the resource-constrained nature of IoT devices. While numerous intrusion detection models have demonstrated high accuracy in identifying network threats, their substantial computational, memory, and power requirements render them unsuitable for IoT environments. Additionally, the disparity in performance across different datasets further complicates the accurate detection of cyber-attacks, as each dataset possesses unique characteristics, strengths, and limitations that influence the performance of IDS models. To address these limitations, this study presents a novel lightweight intrusion detection system (IDS) framework specifically designed for IoT devices. Our methodology involves combining multiple widely used intrusion detection datasets, such as UNSW, ToN-IoT, BoT-IoT, and CSE-CIC-IDS2018, into a comprehensive unified dataset. This approach allows us to use a universal feature set for training the models effectively. Leveraging few-shot learning techniques, we developed a model that achieves high accuracy of 100% on the combined dataset, utilizing less than 1% of the data for training. Furthermore, our framework demonstrated significant improvements in execution time, CPU usage, and memory utilization compared to traditional models. Specifically, our proposed model demonstrated a significant reduction in both time consumption and resource usage when utilizing 13 features compared to 43 features. The model achieved the lowest time consumption of 26.32 s with 43 features, while only taking 12.20 s with 13 features. Additionally, it recorded a CPU usage of 45.70% for 43 features, which decreased to 37.50% for 13 features. Memory usage also saw a reduction, dropping from 63.05 MB with 43 features to 49.79 MB with 13 features.",,,Arabian Journal for Science and Engineering,10.1007/s13369-024-09805-w,https://pure.kfupm.edu.sa/en/publications/8614b1fb-8e2e-4679-882d-8180c5cf73d9,KFUPM Pure (OAI-PMH)
KFUPM_4041ecb3-13a9-4581-b13d-7d03c7360925,King Fahd University of Petroleum and Minerals,A systematic review of graphical password methods resistant to shoulder-surfing attacks,Farid Binbeshr; Khaw Chee Siong; Lip Yee Por; Muhammad Imam; Alawi A. Al-Saggaf; Anas A. Abudaqa,2025,,"Graphical passwords have emerged as an alternative to traditional alphanumeric passwords, offering potentially better memorability. However, they are often vulnerable to shoulder-surfing attacks, where attackers observe users entering their credentials. This Systematic Literature Review (SLR) addresses this critical gap by comprehensively analyzing existing graphical password methods resistant to shoulder-surfing attacks. A review protocol was developed to systematically search, conduct, and report the SLR. Two authors searched six databases and extracted the data from 183 articles. The review sheds light on effective graphical password methods resistant to shoulder-surfing attacks, evaluation methods used to evaluate these methods, and challenges hindering the adoption of graphical passwords as the mainstream authentication method. By synthesizing existing research, this SLR serves as a guide for future investigations and contributes to the development of more secure authentication methods.",,,International Journal of Information Security,10.1007/s10207-024-00956-3,https://pure.kfupm.edu.sa/en/publications/4041ecb3-13a9-4581-b13d-7d03c7360925,KFUPM Pure (OAI-PMH)
KFUPM_a6849f07-a43f-4436-be17-7ef9cbb72a2f,King Fahd University of Petroleum and Minerals,A multi-model approach for predicting electric vehicle specifications and energy consumption using machine learning,Ajmal Khan; Naveed Iqbal; Zeeshan Kaleem; Zul Qarnain; Mohammed M. Bait-Suwailam,2025,,"The increasing reliance on electric vehicles (EVs) necessitates advanced predictive models to enhance performance and sustainability, especially against climate change driven by fossil fuel combustion. This study advances the field using cutting-edge machine learning techniques to model and predict various EV characteristics and performance metrics. Using a comprehensive dataset with parameters such as model year, make, model type, vehicle class, motor power, and energy consumption metrics, we tested classification and regression models to forecast categorical features (vehicle make, category) and continuous features (energy consumption, range, charge time, motor power). The models were assessed using key performance indicators like accuracy, recall, F1 score, precision, MAE, RMSE, and R2. The random forest and Naive Bayes classifiers excelled in classification tasks, achieving accuracies of 95.58% and 100%, respectively. The Linear Regression model showed superior performance in predicting energy consumption in city driving conditions, with an R2 value of 0.9982. The K neighbors regressor was most effective in predicting range and motor power, with R2 values of 0.9800 and 0.9300, and the Huber regressor was most effective in predicting charge time. The study demonstrates the analytical models’ proficiency in projecting vehicular attributes and performance metrics by dividing the data into 70% for training and 30% for validation. The research provides crucial insights for policymakers, highlighting the potential of increased EV adoption to significantly decrease greenhouse gas emissions from the transportation sector, aiding in climate change mitigation.",SDG 11 - Sustainable Cities and Communities; SDG 13 - Climate Action; SDG 17 - Partnerships for the Goals,,Journal of Supercomputing,10.1007/s11227-024-06820-4,https://pure.kfupm.edu.sa/en/publications/a6849f07-a43f-4436-be17-7ef9cbb72a2f,KFUPM Pure (OAI-PMH)
KFUPM_e89216ed-a604-4122-a4de-0f3ff007e223,King Fahd University of Petroleum and Minerals,Multi-objective optimization of truss structures using the enhanced Lichtenberg algorithm,Natee Panagant; Shubham Mahajan; Sadiq M. Sait; Betül Sultan Ylldlz; Ali Rlza Ylldlz; Nima Khodadadi; Pranav Mehta,2025,2025-02-01,"The primary objective of numerous optimization problems is to enhance a single metric whose lowest or highest value accurately reflects the response quality of a system. However, in some instances, relying solely on one metric is not practical, leading to the consideration of multi-objective (MO) optimization problems that aim to improve multiple performance indicators simultaneously. This approach requires the use of a multi-objective optimization method adept at handling the intricacies of scenarios with various indices. Consequently, researchers have not explored multi-objective truss optimization as extensively as single-objective (SO) scenarios. The novel multi-objective Lichtenberg algorithm with two archives (MOLA-2arc) has been developed to address this. The efficacy of MOLA-2arc is evaluated against eight other MO algorithms, including the multi-objective bat algorithm (MOBA), multi-objective crystal structure algorithm (MOCRY), multi-objective cuckoo search (MOCS), multi-objective firefly algorithm (MOFA), multi-objective flower pollination algorithm (MOFPA), multi-objective harmony search (MOHS), multi-objective jellyfish search (MOJS) algorithm, and the original multi-objective Lichtenberg algorithm (MOLA). The challenge is to minimize structural mass and compliance while adhering to stress limitations. The outcomes demonstrate that MOLA-2arc shows notable improvements over its predecessor, MOLA, and surpasses all other competing algorithms in this study.",,,Materialpruefung/Materials Testing,10.1515/mt-2024-0190,https://pure.kfupm.edu.sa/en/publications/e89216ed-a604-4122-a4de-0f3ff007e223,KFUPM Pure (OAI-PMH)
KFUPM_fc8750b5-1913-477e-9040-5f94436417f4,King Fahd University of Petroleum and Minerals,Comparative study of state-of-the-art metaheuristics for solving constrained mechanical design optimization problems: experimental analyses and performance evaluations,Pranav Mehta; Hammoudi Abderazek; Sumit Kumar; Sadiq M. Sait; Betül Sultan Ylldlz; Ali Riza Yildiz,2025,2025-02-01,"Many challenges are involved in solving mechanical design optimization problems related to the real-world, such as conflicting objectives, assorted design variables, discrete search space, intuitive flaws, and many locally optimal solutions. A comparison of algorithms on a given set of problems can provide us with insights into their performance, finding the best one to use, and potential improvements needed in their mechanisms to ensure maximum performance. This motivated our attempts to comprehensively compare eight recent meta-heuristics on 15 mechanical engineering design problems. Algorithms considered are water wave optimizer (WWO), butterfly optimization algorithm (BOA), Henry gas solubility optimizer (HGSO), Harris Hawks optimizer (HHO), ant lion optimizer (ALO), whale optimization algorithm (WOA), sine-cosine algorithm (SCA) and dragonfly algorithm (DA). Comparative performance analysis is based on the solution trait obtained from statistical tests and convergence plots. The results demonstrate the wide range of adaptability of considered algorithms for future applications.",,,Materialpruefung/Materials Testing,10.1515/mt-2024-0188,https://pure.kfupm.edu.sa/en/publications/fc8750b5-1913-477e-9040-5f94436417f4,KFUPM Pure (OAI-PMH)
KFUPM_71dd53bc-1a44-4359-8008-50ccf81d1a3e,King Fahd University of Petroleum and Minerals,Anticancer Peptides Classification Using Long-Short-Term Memory With Novel Feature Representation,Nazer Al Tahifah; Muhammad Sohail Ibrahim; Erum Rehman; Naveed Ahmed; Abdul Wahab; Shujaat Khan,2025,,"Cancer treatment is a challenging endeavor because of the intricacy, heterogeneity, and diversity of cancer causes. Comprehensive therapeutic approaches are crucial for cancer treatment. Anticancer peptides (ACPs) present a potentially effective therapeutic option. However, the extensive identification and synthesis of these peptides present a persistent difficulty that calls for the creation of effective prediction techniques. Existing techniques either suffer from low accuracy or employ high-dimensional feature sets, frequently producing sparse features and leading to ineffective model designs. This work presents a novel set of features and a long-short-term-memory (LSTM)-based classification strategy to create an efficient model. The suggested feature set includes three new and two modern feature extraction methods. The binary profile feature and k-mer sparse matrix of the reduced amino acid alphabet are part of the modern feature set. The combination of the composition of the K-spaced side chain pairs (CKSSCP), the composition of the K-spaced electrically charged side chain pairs (CKSECSCP), and the combination of [pk(CO2H)] + [pk(NH2)] + [pk(R)] + [isoelectric point] is used to derive the novel features. The suggested LSTM model is trained using the combined feature set. The trials are carried out with a k-fold cross-validation method on benchmark datasets. The results indicate that the proposed model outperforms alternative ACP classification techniques in terms of Mathew's correlation coefficient (MCC) and accuracy. The ACP740 dataset with 5-folds yields an MCC score of 75%, which is 12%, 11%, 3%, and 8% greater than those of the ACP-DL, ACP-DA, ACP-MHCNN, and ACP-KSRC approaches, respectively. For the ACP344 dataset with 10-folds, the proposed method achieves an MCC score of 85.14%, which is 23% and 2% higher than the MCC scores of ACP-DL and SAP methods, respectively. Better classification performance offered by the proposed approach could help identify new ACPs and better understand their structural and chemical characteristics. The source code and the datasets are available on the author's GitHub page (https://github.com/Shujaat123/ACP-LSTM-NFR).",SDG 3 - Good Health and Well-being,,IEEE Access,10.1109/access.2024.3523068,https://pure.kfupm.edu.sa/en/publications/71dd53bc-1a44-4359-8008-50ccf81d1a3e,KFUPM Pure (OAI-PMH)
KFUPM_6b27fb29-ba4d-4ec8-8aab-c79fba3b6329,King Fahd University of Petroleum and Minerals,Adaptive Hierarchical Multi-Headed Convolutional Neural Network With Modified Convolutional Block Attention for Aerial Forest Fire Detection,Md Najmul Mowla; Davood Asadi; Shamsul Masum; Khaled Rabie,2025,,"Effective detection and classification of forest fire imagery are critical for timely and efficient wildfire management. Convolutional Neural Networks (CNNs) have demonstrated potential in this domain but encounter limitations when addressing varying scales, resolutions, and complex spatial dependencies inherent in wildfire datasets. Building upon our prior work on the Unmanned Aerial Vehicle-based Forest Fire Database (UAVs-FFDB) and the multi-headed CNN (MHCNN), this study introduces a novel architecture, namely, the Adaptive Hierarchical Multi-Headed Convolutional Neural Network with Modified Convolutional Block Attention Module (AHMHCNN-mCBAM). This enhanced framework addresses prior challenges by integrating adaptive pooling, concatenated convolutions for multi-scale feature extraction, and an improved attention mechanism incorporating shared fully connected layers, Glorot initialization, rectified linear units (ReLU), layer normalization, and attention-gating. AHMHCNN-mCBAM incorporates Gated Recurrent Unit (GRU) and Bidirectional Long Short-Term Memory (BiLSTM) networks for temporal context modeling to further refine classification accuracy. Experiments conducted on the UAVs-FFDB dataset achieved outstanding results, including 100% accuracy, a 100% Cohen's kappa coefficient (cKappa), and compact model parameter sizes of 1.49 million (M), 0.25 M, and 0.12 M. On the Fire Luminosity Airborne-based Machine Learning Evaluation (FLAME) dataset, the model attained accuracy rates of 99.83%, 99.10%, and 99.32%, with corresponding cKappa values of 99.66%, 98.20%, and 98.65%. Compared to the baseline hierarchical MHCNN with CBAM (HMHCNN-CBAM), AHMHCNN-mCBAM demonstrated significant performance gains, including a 6.80% and 6.59% increase in accuracy, a 9.26% and 14.11% improvement in cKappa, and a 13.87% and 13.76% reduction in parameter size on the UAVs-FFDB and FLAME datasets, respectively. Additionally, AHMHCNN-mCBAM outperformed HMHCNN-CBAM in recall (25% improvement), precision (21.95%), F1-score (14.94%), and fire detection rate (FDR) reduction (25.01%), while achieving a 100% reduction in error warning rate (EWR). Leveraging Explainable Artificial Intelligence (XAI) techniques, the model provides interpretable insights into decision-making processes.",,,IEEE Access,10.1109/access.2024.3524320,https://pure.kfupm.edu.sa/en/publications/6b27fb29-ba4d-4ec8-8aab-c79fba3b6329,KFUPM Pure (OAI-PMH)
KFUPM_18fe2734-8489-4277-953a-3b2918bd355b,King Fahd University of Petroleum and Minerals,MSF-GhostNet: Computationally Efficient YOLO for Detecting Drones in Low-Light Conditions,Maham Misbah; Misha Urooj Khan; Zeeshan Kaleem; Ali Muqaibel; Muhamad Zeshan Alam; Ran Liu; Chau Yuen,2025,,"Uncrewed aerial vehicles (UAVs) are popular in various applications due to their mobility, size, and user-friendliness. However, identifying malicious UAVs presents challenges that need to be encountered in general image-based object detection. These challenges arise because UAVs can fly at different altitudes, making it challenging to distinguish them from other flying objects and identify their size. In addition, the speed of UAVs also adds to the difficulty of capturing their clear images, which can lead to blurring, particularly in complex backgrounds. To address these challenges, we present an improved YOLOv5 architecture named multiscale feature map GhostNet (MSF-GhostNet) by introducing GhostConv and C3Ghost modules to reduce the redundant operations in the head and neck. We also proposed three feature map combinations to evaluate the performance of multiscale and multitarget flying objects, including drones, birds, planes, and helicopters. This approach significantly reduces the waste of computing resources when detecting small-sized flying objects. We also integrated autoanchor and batch size mechanisms to ensure efficient model training and avoid overfitting. Our proposed model showed 1.25% fewer false positives than the state-of-the-art GhostNet-YOLOv5 model. The proposed MSF-GhostNet outperformed GhostNet-YOLOv5 with higher precision, recall, and F1 scores (1.3%, 5.3%, and 3.7%, respectively) and reduced model parameters and model size by 3.1% and 4.1%, respectively. The proposed solution also outperformed several other state-of-the-art algorithms exists in the literature.",,,IEEE Journal of Selected Topics in Applied Earth Observations and Remote Sensing,10.1109/jstars.2024.3524379,https://pure.kfupm.edu.sa/en/publications/18fe2734-8489-4277-953a-3b2918bd355b,KFUPM Pure (OAI-PMH)
KFUPM_66e6d343-bd82-4130-88b8-d706cdba3d7b,King Fahd University of Petroleum and Minerals,Optimizing bioconvective heat transfer with MHD Eyring–Powell nanofluids containing motile microorganisms with viscosity variability and porous media in ciliated microchannels,Junaid Mehboob; R. Ellahi; Sadiq M. Sait; Noreen Sher Akbar,2025,2025-02-18,"Purpose: This paper aims to optimize bioconvective heat transfer for magnetohydrodynamics Eyring–Powell nanofluids containing motile microorganisms with variable viscosity and porous media in ciliated microchannels. Design/methodology/approach: The flow problem is first modeled in the two-dimensional frame and then simplified under low Reynolds number and long wavelength approximations. The numerical method is used to examine the impact of thermal radiation, temperature-dependent viscosity, mixed convection, magnetic fields, Ohmic heating and porous media for velocity, temperature, concentration and motile microorganisms. Graphical results are presented to observe the impact of physical parameters on pressure rise, pressure gradient and streamlines. Findings: It is observed that the temperature of nanofluid decreases with higher values of the viscosity parameter. It is absolutely in accordance with the physical expectation as the radiation parameter increases, the heat transfer rate at the boundary decreases. Nanoparticle concentration increases by increasing the values of bioconvection Rayleigh number. The density of motile microorganisms decreases when bioconvection Peclet number is increased. The velocity of the nanofluid decreases with higher value of Darcy number. With increase in the value of bioconvection parameter, the flow of nanofluid is increased. Originality/value: The bioconvective peristaltic movement of magnetohydrodynamic nanofluid in ciliated media is proposed. The non-Newtonian behavior of the fluid is described by using an Eyring–Powell fluid model.",,,International Journal of Numerical Methods for Heat and Fluid Flow,10.1108/hff-11-2024-0838,https://pure.kfupm.edu.sa/en/publications/66e6d343-bd82-4130-88b8-d706cdba3d7b,KFUPM Pure (OAI-PMH)
KFUPM_573db622-e83e-4d8f-a639-c2c8233ba80b,King Fahd University of Petroleum and Minerals,Heat Transfer Characteristics of Hybrid Nanoparticles in Newtonian Fluid inside a Channel with Air foil-shaped: A CFD Simulation using COMSOL Multiphysics,A. Zeeshan; R. Ellahi; Sadiq M. Sait; Shah Nawaz Sharif,2025,,"Current study aims to investigate flow and heat transfer in a converging diverging Channel for compressible Nanofluid. An airfoil-shaped steel fragment is used as an internal obstetrical before flow enters to assess its impact on flow behavior and heat transfer. For Nanofluids in-compressible Newtonian fluid is assumed as a base fluid. Hybrid Nanofluid model is applied to develop the governing flow equation. The computational fluid dynamics tool i.e. COMSOL Multiphysics is applied to simulate a variety of boundaries including inlet and outlet conditions, no-slip and slip conditions etc. A triangular mesh is created using COMSOL Multiphysics. The contour plot of momentum and thermal boundary layer are examined. The effects of the contraction and the steel fragment on the fluid’s velocity, pressure, temperature and convection of heat are also addressed.",,,Journal of Computational Applied Mechanics,10.22059/jcamech.2024.387768.1324,https://pure.kfupm.edu.sa/en/publications/573db622-e83e-4d8f-a639-c2c8233ba80b,KFUPM Pure (OAI-PMH)
KFUPM_709bb9d8-b210-474a-9f59-0ebe85a42f7d,King Fahd University of Petroleum and Minerals,Spatio-temporal deep learning for improved face presentation attack detection,Shujaat Khan; Taha Hasan Masood Siddique; Muhammad Sohail Ibrahim; Abdul Jabbar Siddiqui; Kejie Huang,2025,2025-02-28,"Face presentation attack detection (FacePAD) is critical for securing face recognition systems against attacks such as printed photos, videos, and 3D masks. Existing methods often struggle with generalizability, computational efficiency, and handling sophisticated attacks, particularly in resource-constrained environments. To address these challenges, this study proposes a lightweight CNN-based architecture, MobileNetV3, integrated with spatio-temporal feature extraction. The proposed method effectively captures both dynamic and static characteristics and achieves state-of-the-art performance, including an Equal Error Rate (EER) of 0.0% on the Replay-Attack and Replay-Mobile datasets, and 0.83% on the challenging ROSE-Youtu dataset. With real-time efficiency, processing 256 samples in 11 ms, the model is suitable for deployment on mobile and embedded platforms. This work demonstrates that lightweight architectures with spatio-temporal features can balance computational efficiency and accuracy, setting a benchmark for practical FacePAD systems in applications like mobile authentication, surveillance, and access control, enhancing biometric security.",,,Knowledge-Based Systems,10.1016/j.knosys.2025.113059,https://pure.kfupm.edu.sa/en/publications/709bb9d8-b210-474a-9f59-0ebe85a42f7d,KFUPM Pure (OAI-PMH)
KFUPM_0aff9947-9d41-463f-8246-b61124783291,King Fahd University of Petroleum and Minerals,The Rise of Cognitive SOCs: A Systematic Literature Review on AI Approaches,Farid Binbeshr; Muhammad Imam; Mustafa Ghaleb; Mosab Hamdan; Mussadiq Abdul Rahim; Mohammad Hammoudeh,2025,,"The increasing sophistication of cyber threats has led to the evolution of Security Operations Centers (SOCs) towards more intelligent and adaptive systems. This review explores the integration of Artificial Intelligence (AI) in SOCs, focusing on their current state, challenges, opportunities, and advantages over traditional methods. We address three key questions: (1) What are the current AI approaches in SOCs? (2) What challenges and opportunities exist with these approaches? (3) What benefits do AI models offer in SOC environments compared to traditional methods? We analyzed 38 studies using a structured methodology involving database searches, quality checks, and data extraction. Our findings show that Machine Learning (ML) techniques dominate SOC research, with a trend towards multi-approach AI methods. We classified these into ML, Natural Language Processing, multi-approach, and others, forming a detailed taxonomy of AI applications in SOCs. Challenges include data quality, model interpretability, legacy system integration, and the need for constant adaptation. Opportunities involve task automation, enhanced threat detection, real-time analysis, and adaptive learning. AI-driven SOCs show better accuracy, reduced false positives, greater scalability, and predictive capabilities than traditional approaches. This review defines Cognitive SOCs, emphasizing their ability to mimic human-like processes. We offer practical insights for SOC designers and managers on implementing AI to improve security operations. Finally, we suggest future research directions in explainable AI, human-AI collaboration, and privacy-preserving AI for SOCs.",,,IEEE Open Journal of the Computer Society,10.1109/ojcs.2025.3536800,https://pure.kfupm.edu.sa/en/publications/0aff9947-9d41-463f-8246-b61124783291,KFUPM Pure (OAI-PMH)
KFUPM_f9adeb5d-bb1a-495c-977e-558b13e61982,King Fahd University of Petroleum and Minerals,Integrating Data Distribution Service (DDS) in Smart Traffic Systems: A Comprehensive Review,Basem Al-Madani; Shihab Hasan; Amer Abualhassan; Farouq Aliy,2025,,"This research reviews Data Distribution Service (DDS) in Smart Traffic Systems, summarizing 37 articles. It found that DDS outperforms Message Queuing Telemetry Transport and Constrained Application Protocol in real-time, but quality of service tuning and security needs improvement. However, further research towards enhancing urban traffic management with DDS is recommended.",SDG 11 - Sustainable Cities and Communities,,Computer,10.1109/mc.2024.3479915,https://pure.kfupm.edu.sa/en/publications/f9adeb5d-bb1a-495c-977e-558b13e61982,KFUPM Pure (OAI-PMH)
KFUPM_971fa5c2-4707-4ebe-9ecf-50307a954d6f,King Fahd University of Petroleum and Minerals,Improving Face Presentation Attack Detection Through Deformable Convolution and Transfer Learning,Shakeel Muhammad Ibrahim; Muhammad Sohail Ibrahim; Shujaat Khan; Young Woong Ko; Jeong Gun Lee,2025,,"Face presentation attack detection (PAD) is essential for ensuring the security and reliability of face recognition systems by preventing unauthorized access through spoofing attempts. Attackers can exploit various methods, such as printed photos, video replays, paper masks, 3D masks, or makeup, to imitate a legitimate user's biometric traits. In this paper, we propose an enhanced face PAD solution that leverages the deformable convolutional layer within the MobileNetV2 architecture to improve detection accuracy. By replacing the standard convolution layer with a Deformable ConvNets V2, the proposed model adapts dynamically to spatial distortions, capturing more detailed and robust features for effective face PAD. Extensive experiments on the Replay-Attack, Replay-Mobile, ROSE-Youtu, OULU-NPU, and SiW-Mv2 datasets validate the superiority of the proposed approach. The method achieves a half total error rate (HTER) of 0.0% on both the Replay-Attack and Replay-Mobile datasets, 1.26% on ROSE-Youtu, 4.88% on SiW-Mv2, and an ACER of 0.208% on OULU-NPU, outperforming several existing methods. These results highlight the robustness and effectiveness of our approach in safeguarding face recognition systems against presentation attacks.",,,IEEE Access,10.1109/access.2025.3541546,https://pure.kfupm.edu.sa/en/publications/971fa5c2-4707-4ebe-9ecf-50307a954d6f,KFUPM Pure (OAI-PMH)
KFUPM_c2c67ef2-87db-499d-949b-3367fed0a1e5,King Fahd University of Petroleum and Minerals,"URLLC for DRL-RIS-AIDED SAGINs: New Mentalities, Trends and Preliminary Solutions",Min Wu; Kefeng Guo; Xingwang Li; Muhammad Asif; Congzheng Han; Khaled M. Rabie,2025,,"Future communication networks will seamlessly integrate satellite, aerial platforms, terrestrial and mar-itime communications systems to support ultra-re-liable and low-latency communication (URLLC) services. The next generation of wireless communication is trending towards green, efficient and real-time, hence the recent emergency of reconfigurable intelligent surface (RIS) has been recognized as a pathway to accelerate the realisation of ubiqui-tous connectivity. This is because RIS can bring the advantages of high energy efficiency, low latency and no additional decoding compared to traditional relay solutions. Motivated by this innovative technology, firstly, this article comprehensively discusses new mentalities and trends in RIS-assisted space-ae-rial-ground integrated networks (SAGINs). Then, we identify potential challenges in meeting connectivity requirements and examine key techniques for optimising network performance by using deep rein-forcement learning (DRL). In addition, we present some representative cases of the possibility of inte-grating RIS into SAGINs URLLC system using various multiple access (MA) techniques. Furthermore, sev-eral simulation results are provided to demonstrate the advantages of the proposed DRL-enabled proximal policy optimization (PPO) algorithm in terms of system performance improvement.",SDG 7 - Affordable and Clean Energy,,IEEE Communications Magazine,10.1109/mcomstd.0001.2400004,https://pure.kfupm.edu.sa/en/publications/c2c67ef2-87db-499d-949b-3367fed0a1e5,KFUPM Pure (OAI-PMH)
KFUPM_65929942-cafa-471e-b977-6534360f84cd,King Fahd University of Petroleum and Minerals,Lightweight and Efficient Post Quantum Key Encapsulation Mechanism Based on Q-Problem,Mostefa Kara; Konstantinos Karampidis; Spyros Panagiotakis; Mohammad Hammoudeh; Muhamad Felemban; Giorgos Papadourakis,2025,,"The Q-problem is a new lightweight and hard mathematical problem that resists quantum attacks. It depends on putting one known value and two unknown values per equation; whatever the operator, the Q-problem defines certain conditions between equations. This paper presents a new key exchange protocol based on the Q-problem. To protect secure end-to-end communication over a public transmission channel, the proposed mechanism consists of two rounds of exchanging totally random numbers, which ensure a shared secret key between two parties at the end. Security analysis proves the robustness of the proposal and experiments prove its lightness during implementation, making it a promising protocol of hybrid solutions and an assistive technique for the transition to the quantum era.",,,Electronics (Switzerland),10.3390/electronics14040728,https://pure.kfupm.edu.sa/en/publications/65929942-cafa-471e-b977-6534360f84cd,KFUPM Pure (OAI-PMH)
KFUPM_005a0866-5d1e-44aa-8d82-6844b1ff9d28,King Fahd University of Petroleum and Minerals,Enhanced hippopotamus optimization algorithm and artificial neural network for mechanical component design,Pranav Mehta; Sadiq M. Sait; Betül Sultan Yildiz; Ali Riza Yildiz,2025,2025-04-01,"Metaheuristics have evolved as a strong family of optimization algorithms capable of handling complicated real-world problems that are frequently non-linear, non-convex, and multidimensional in character. These algorithms efficiently explore and take advantage of search areas by imitating natural processes. In addition to introducing a unique modified hippopotamus optimization algorithm (MHOA) in conjunction with artificial neural networks (ANN), this research examines the most recent developments in metaheuristics. By utilizing ANN's adaptive learning processes, MHOA improves on the original hippopotamus optimization algorithm (HOA) in terms of convergence and solution quality. The study uses MHOA to solve a number of engineering design optimization issues, such as gearbox weight reduction, robot gripper design, structural optimization, and piston lever design. When compared to more conventional algorithms, MHOA performs better in terms of accuracy, robustness, and convergence time.",,,Materialpruefung/Materials Testing,10.1515/mt-2024-0514,https://pure.kfupm.edu.sa/en/publications/005a0866-5d1e-44aa-8d82-6844b1ff9d28,KFUPM Pure (OAI-PMH)
KFUPM_1933b238-3cc0-4cd6-a0ae-93c2fb994b1e,King Fahd University of Petroleum and Minerals,Intelligent QV2X Routing for Traffic Management in Consumer IoV Using STGNN and Reinforcement Learning,Syed Saqib Jamal; Afaq Muhammad; Wang Cheol Song,2025,,"In the Consumer Internet of Vehicles (CIoV), reliable and timely data communication is essential for enhancing driver experience and safety. This paper introduces an innovative QV2X routing strategy that uses Spatio-Temporal Graph Neural Networks (STGNN) and Q-learning to optimize packet traffic in CIoV. By predicting network conditions and adapting to real-time data flows, our approach directly addresses consumer needs for efficient data transmission, reduced communication delays, and improved infotainment access. The integration of predictive models with adaptive learning mechanisms not only optimizes packet delivery but also minimizes latency and packet loss, critical for consumer applications like real-time navigation assistance and hazard warnings. Our key contribution is a dynamic packet traffic management system designed for consumer use, enhancing network reliability and efficiency for everyday vehicle users. Experimental results validate that our model surpasses existing benchmarks by improving packet delivery ratios by up to 15% and reducing end-to-end delays by up to 20% in urban traffic scenarios. This advancement demonstrates our strategy’s effectiveness in enriching consumer experiences and safety in vehicular communications.",SDG 11 - Sustainable Cities and Communities,,IEEE Transactions on Consumer Electronics,10.1109/tce.2025.3544833,https://pure.kfupm.edu.sa/en/publications/1933b238-3cc0-4cd6-a0ae-93c2fb994b1e,KFUPM Pure (OAI-PMH)
KFUPM_c9a12062-c942-4f70-8637-a60ec61b55d7,King Fahd University of Petroleum and Minerals,Multi-Armed Bandits for Resource Allocation in UAV-Assisted LoRa Networks,Manar M. Salah; Reham S. Saad; Rokaia M. Zaki; Khaled Rabie; Basem M. Elhalawany,2025,,"This work taps into the power of Reinforcement Learning (RL) and drone technology to improve the performance of Long Range Wide Area Network (LoRaWAN) networks with potential use in different domains including the Internet of Things and military applications. An Unmanned Aerial Vehicle (UAV)-assisted LoRa network is investigated, where the UAV hovers above a considered area to work as a LoRa Gateway (GW) for collecting information from ground LoRa end nodes. Three efficient Multi-Armed Bandits (MAB)-based resource allocation (RA) algorithms are exploited to grant end nodes (ENs) the autonomy to fine-tune their transmission parameters independently. The simulation results show improvement compared with traditional fixed GW deployment scenarios in terms of average Packet Delivery Ratio (PDR).",,,IEEE Internet of Things Magazine,10.1109/iotm.001.2400088,https://pure.kfupm.edu.sa/en/publications/c9a12062-c942-4f70-8637-a60ec61b55d7,KFUPM Pure (OAI-PMH)
KFUPM_8bd8cabb-ffc6-4c70-b600-6e26676a0ad7,King Fahd University of Petroleum and Minerals,Improved material generation algorithm by opposition-based learning and laplacian crossover for global optimization and advances in real-world engineering problems,Pranav Mehta; Sumit Kumar; Sadiq M. Sait; Betül S. Yildiz; Ali Riza Yildiz,2025,2025-04-01,"The current study aims to utilize a unique hybrid optimizer called oppositional-based learning and laplacian crossover augmented material generation algorithm (MGA-OBL-LP) to solve engineering design problems. The oppositional-based learning and laplacian crossover approaches are used to address the local optima trap weakness of a recently discovered MGA algorithm that has been added to the fundamental MGA structure. The proposed hybridization strategy aimed to make it easier to improve the exploration-exploitation behavior of the MGA algorithm. The performance of the proposed hybridized algorithm was compared with other notable metaheuristics collected from the literature for four constrained engineering design problems in order to determine whether it would be practical in real-world applications. A comparison analysis is undertaken to confirm the MGA-OBL-LP algorithm's competence in terms of solution quality and stability, and it is discovered to be robust in addressing difficult practical problems.",,,Materialpruefung/Materials Testing,10.1515/mt-2024-0515,https://pure.kfupm.edu.sa/en/publications/8bd8cabb-ffc6-4c70-b600-6e26676a0ad7,KFUPM Pure (OAI-PMH)
KFUPM_eecce8ce-7d9a-45ef-af05-e1e30cfd75e1,King Fahd University of Petroleum and Minerals,A Novel Beam Tracking Scheme in RIS for Wideband THz Communication Systems,Abdulrahman S. Dughri; Taissir Y. Elganimi; Khaled M. Rabie,2025,,"Terahertz (THz) massive multiple-input multiple-output (mMIMO) has recently gained significant attention because of its ability to deliver a high data rate and offer a high capacity. In this letter, a novel sub-surface of sub-arrays (SSoSA)-based beam tracking scheme is proposed to track mobile users in reconfigurable intelligent surface (RIS)-aided wideband THz mMIMO systems. By considering the sub-connected phase-delay-phase architecture, the proposed scheme can simultaneously track the physical directions of users, unlike traditional schemes that generate one frequency-independent beam in each time slot. Simulation results show that the proposed scheme offers near-optimal achievable rate performance with low training overhead.",,,IEEE Communications Letters,10.1109/lcomm.2025.3547435,https://pure.kfupm.edu.sa/en/publications/eecce8ce-7d9a-45ef-af05-e1e30cfd75e1,KFUPM Pure (OAI-PMH)
KFUPM_0cf24dd6-8dcf-44df-9f99-83f85901b2fd,King Fahd University of Petroleum and Minerals,An encrypted and signed plaintext symmetric cryptosystem,Mostefa Kara; Mohammad Hammoudeh; Muhamad Felemban; Konstantinos Karampidis,2025,,"Traditionally, encryption and digital signatures are handled as separate processes, resulting in distinct ciphertexts. This article investigates a novel approach to integrating encryption and digital signatures within a symmetric cryptosystem to meet the dual requirements of confidentiality, integrity, and authenticity in secure communications. Our research proposes a method that combines encryption and signature functionality within a probabilistic symmetric cryptosystem, reducing operational complexity and minimizing overhead. We introduce a protocol that employs a shared secret key for both encrypting plaintext and generating a verifiable signature within a single ciphertext. By modifying the encryption process, we enable certain variables to function as an implicit signature. The security and performance implications of this protocol are rigorously evaluated through theoretical analysis and experimental testing. Results show that the proposed scheme maintains robust security while significantly improving message-handling efficiency, it achieves four layers of security against quantum computer attacks and five against classical computers, compared to only one, two, or three layers in previous techniques in literature. To the best of our knowledge, this is the first protocol to merge encryption and digital signature creation into a single process and ciphertext, offering an enhanced solution for secure communications.",,,Computers and Electrical Engineering,10.1016/j.compeleceng.2025.110244,https://pure.kfupm.edu.sa/en/publications/0cf24dd6-8dcf-44df-9f99-83f85901b2fd,KFUPM Pure (OAI-PMH)
KFUPM_a2ea5397-7a44-4956-a8f5-1efd9cbf2866,King Fahd University of Petroleum and Minerals,Deep learning frameworks for MRI-based diagnosis of neurological disorders: a systematic review and meta-analysis,Syed Saad Azhar Ali; Khuhed Memon; Norashikin Yahya; Shujaat Khan,2025,,"The automatic diagnosis of neurological disorders using Magnetic Resonance Imaging (MRI) is a widely researched problem. MRI is a non-invasive and highly informative imaging modality, which is one of the most widely accepted and used neuroimaging modalities for visualizing the human brain. The advent of tremendous processing capabilities, multi-modal data, and deep-learning techniques has enabled researchers to develop intelligent, sufficiently accurate classification methods. A comprehensive literature review has revealed extensive research on the automatic diagnosis of neurological disorders. However, despite numerous studies, a systematically developed framework is lacking, that relies on a sufficiently robust dataset or ensures reliable accuracy. To date, no consolidated framework has been established to classify multiple diseases and their subtypes effectively based on various types and their planes of orientation in structural and functional MR images. This systematic review provides a detailed and comprehensive analysis of research reported from 2000 to 2023. Systems developed in prior art have been categorized according to their disease diagnosis capabilities. The datasets employed and the tools developed are also summarized to assist researchers to conduct further studies in this crucial domain. The contributions of this research include facilitating the design of a unified framework for multiple neurological disease diagnoses, resulting in the development of a generic assistive tool for hospitals and neurologists to diagnose disorders precisely and swiftly thus potentially saving lives, in addition to increasing the quality of life of patients suffering from neurodegenerative disorders.",,,Artificial Intelligence Review,10.1007/s10462-025-11146-5,https://pure.kfupm.edu.sa/en/publications/a2ea5397-7a44-4956-a8f5-1efd9cbf2866,KFUPM Pure (OAI-PMH)
KFUPM_57505090-39d8-4f01-939c-2e6a2c99dbe7,King Fahd University of Petroleum and Minerals,A Systematic Survey of Distributed Decision Support Systems in Healthcare,Basem Almadani; Hunain Kaisar; Irfan Rashid Thoker; Farouq Aliyu,2025,,"The global Internet of Medical Things (IoMT) market is growing at a Compound Annual Growth Rate (CAGR) of 17.8%, a testament to the increasing demand for IoMT in the health sector. However, more IoMT devices mean an increase in the volume and velocity of data received by healthcare decision-makers, leading many to develop Distributed Decision Support Systems (DDSSs) to help them make accurate and timely decisions. This research is a systematic review of DDSSs in healthcare using the Preferred Reporting Items for Systematic Reviews and Meta-Analyses (PRISMA) framework. The study explores how advanced technologies such as Artificial Intelligence (AI), IoMT, and blockchain enhance clinical decision-making processes. It highlights key innovations in DDSSs, including hybrid imaging techniques for comprehensive disease characterization. It also examines the role of Case-Based Reasoning (CBR) frameworks in improving personalized treatment strategies for chronic diseases like diabetes mellitus. It also presents challenges of applying DDSSs in the healthcare sector, such as security and privacy, system integration, and interoperability issues. Finally, it discusses open issues as future research directions in the field of DDSSs in the healthcare sector, including data structure standardization, alert fatigue for healthcare workers using DDSSs, and the lack of adherence of emerging technologies like blockchain to medical regulations.",SDG 3 - Good Health and Well-being,,Systems,10.3390/systems13030157,https://pure.kfupm.edu.sa/en/publications/57505090-39d8-4f01-939c-2e6a2c99dbe7,KFUPM Pure (OAI-PMH)
KFUPM_46efad0e-6a89-4c9b-9c80-27b865d48795,King Fahd University of Petroleum and Minerals,Serendipity and LLM-based Recommender System for Smart Transportation,Ahmad Hassan Afridi; Ansar Ul Haque Yasar; Tarek R. Sheltami,2025,,"Serendipity-oriented recommender system facilitates surprise encounters to the users. In the field of smart transportation. It's therefore important to investigate how recent developments in large language models (LLM) when integrated in smart transportation can help commuters use serendipity of recommendation to their advantage. This study involves user study of a recommendations experience of large language models and understands the serendipity facilitating aspects of large language models. The study collected feedback from 48 users of LLM-based chatbot. The study revealed the potential and useful applications of LLM, facilitating serendipity to commuters in the context of smart transportation. LLM's aspect of facilitating serendipity and recommending items to users. It also revealed that LLM based sysetm have serendipity facilitating potential will not only benefit commuters but to a large audience of smart transportation users. Therefore, its recommended to develop LLM based serendipity facilitating recommender systems for smart transportation.",,,Transportation Research Procedia,10.1016/j.trpro.2025.03.070,https://pure.kfupm.edu.sa/en/publications/46efad0e-6a89-4c9b-9c80-27b865d48795,KFUPM Pure (OAI-PMH)
KFUPM_60949da6-e103-49d5-9e9e-258425440101,King Fahd University of Petroleum and Minerals,"Survey of Multimodal Federated Learning: Exploring Data Integration, Challenges, and Future Directions",Mumin Adam; Abdullatif Albaseer; Uthman Baroudi; Mohamed Abdallah,2025,,"The rapidly expanding demand for intelligent wireless applications and the Internet of Things (IoT) requires advanced system designs to handle multimodal data effectively while ensuring user privacy and data security. Traditional machine learning (ML) models rely on centralized architectures, which, while powerful, often present significant privacy risks due to the centralization of sensitive data. Federated Learning (FL) is a promising decentralized alternative for addressing these issues. However, FL predominantly handles unimodal data, which limits its applicability in environments where devices collect and process various data types such as text, images, and sensor output. To address this limitation, Multimodal FL (MMFL) integrates multiple data modalities, enabling a richer and more holistic understanding of data. In this survey, we explore the challenges and advancements in MMFL, including data representation, fusion techniques, and cross-modal learning strategies. We present a comprehensive taxonomy of MMFL, outlining critical challenges such as modality imbalance, fusion complexity, and security concerns. Additionally, we highlight the role of transformers in MMFL by leveraging their powerful attention mechanisms to process multimodal data in a federated setting. Finally, we discuss various applications of MMFL, including healthcare, human activity recognition, and emotion recognition, and propose future research directions for improving the scalability and robustness of MMFL systems in real-world scenarios.",,,IEEE Open Journal of the Communications Society,10.1109/ojcoms.2025.3554537,https://pure.kfupm.edu.sa/en/publications/60949da6-e103-49d5-9e9e-258425440101,KFUPM Pure (OAI-PMH)
KFUPM_b59ff19d-6f69-4269-9f93-214fd91118b4,King Fahd University of Petroleum and Minerals,"A Review of Last-Mile Delivery Optimization: Strategies, Technologies, Drone Integration, and Future Trends",Abdullahi Sani Shuaibu; Ashraf Sharif Mahmoud; Tarek Rahil Sheltami,2025,,"Last-mile delivery (LMD) is an important aspect of contemporary logistics that directly affects operational cost, efficiency, and customer satisfaction. In this paper, we provide a review of the optimization techniques of LMD, focusing on Artificial Intelligence (AI) driven decision-making, IoT-supported real-time monitoring, and hybrid delivery networks. The combination of AI and IoT improves predictive analytics, dynamic routing, and fleet management, but scalability and regulatory issues are still major concerns. Hybrid frameworks that integrate drones or Unmanned Aerial Vehicles (UAVs), ground robots, and conventional vehicles reduce energy expenditure and increase delivery range, especially in urban contexts. Furthermore, sustainable logistics approaches, including electric vehicle fleets and shared delivery infrastructures, provide promise for minimizing environmental impact. However, economic viability, legal frameworks, and infrastructure readiness still influence the feasibility of large-scale adoption. This review offers a perspective on the changing patterns in LMD, calling for regulatory evolution, technological advancement, as well as interdisciplinary approaches toward cost-effective, durable, and environmentally friendly logistics systems.",SDG 7 - Affordable and Clean Energy; SDG 8 - Decent Work and Economic Growth; SDG 11 - Sustainable Cities and Communities; SDG 17 - Partnerships for the Goals,,Drones,10.3390/drones9030158,https://pure.kfupm.edu.sa/en/publications/b59ff19d-6f69-4269-9f93-214fd91118b4,KFUPM Pure (OAI-PMH)
KFUPM_6185d062-24c1-448b-a6f6-66270b789fc7,King Fahd University of Petroleum and Minerals,Predictive modeling of MXene-based solar absorbers using a deep neural network,Waleed Iqbal Waseer; Muhammad Abuzar Baqir; Muhammad Saqlain; Muhammad Junaid Mughal; Shujaat Khan,2025,2025-04-01,"Nanophotonic structures, such as photonic crystals, plasmonic nanostructures, and metamaterials, present transformative potential in advancing optical devices through innovative design capabilities. Among these, metamaterials—specifically metal–insulator–metal (MIM)-based absorbers—stand out for their ability to achieve high electromagnetic wave absorption across designated frequencies, proving valuable in applications ranging from solar cells to sensors. This study focuses on designing a high-efficiency MXene–SiO2–silver MIM metasurface absorber, leveraging deep learning techniques to streamline and enhance the simulation process traditionally reliant on finite-difference time-domain (FDTD) or finite-element methods (FEMs). By utilizing a deformable convolutional neural network (CNN), the proposed model predicts absorption spectra from metasurface geometries with superior accuracy and reduced computational demand while achieving dynamic spatial transformation handling. The model’s accuracy is further elucidated through Gradient-weighted Class Activation Mapping (Grad-CAM), which provides insights into the absorber’s most influential regions, supporting targeted optimization for specific applications. This deep learning approach demonstrates significant advantages over conventional methods in efficiency and adaptability, advancing the development of high-performance nanophotonic devices.",SDG 7 - Affordable and Clean Energy,,Journal of the Optical Society of America B: Optical Physics,10.1364/josab.550317,https://pure.kfupm.edu.sa/en/publications/6185d062-24c1-448b-a6f6-66270b789fc7,KFUPM Pure (OAI-PMH)
KFUPM_269cb8d1-04ee-45d1-98fe-00af0dffdfb1,King Fahd University of Petroleum and Minerals,A Simulation-Based Study on the Integration of Vehicular Communication in Reducing Secondary Crashes in Congested Freeways,Siham Farrag; Tarek R. Sheltami; Ansar Ul Haque Yasar,2025,,"A considerable percentage of accidents on the highway occur as a result of traffic congestion induced by driver distraction triggered by the sight of a prior incident. Secondary crashes are defined as crashes that occur because of an original crash, either at the crash scene or inside the traffic queue or backup in either direction. Highway agencies are highly interested in establishing safety measures to reduce these types of incidents. Enabling the flow of information among vehicles allows motorists to proactively take precautions and approach traffic queues and accident sites more cautiously. Emerging technologies, including connected and autonomous vehicle technologies, can improve safety during incidents by facilitating communication between vehicles over an ad-hoc wireless vehicular network. Therefore, the objective of this study is to assess the potential impact of vehicular communication technology in mitigating the likelihood of further crashes during an incident on a heavily traffic highway. Our research was conducted based on the developed simulation modelling framework. Since crashes cannot be directly estimated from micro-simulation, we proposed a combination of the micro-simulation model VISSIM and the Surrogate Safety Assessment Model (SSAM) to capture vehicular conflicts. This approach allows us to measure vehicular conflicts as an indicator of the likelihood of secondary crashes. The results suggest that using connected vehicles (CVs) can be an effective method to reduce the probability of further accidents.",SDG 3 - Good Health and Well-being,,Transportation Research Procedia,10.1016/j.trpro.2025.03.074,https://pure.kfupm.edu.sa/en/publications/269cb8d1-04ee-45d1-98fe-00af0dffdfb1,KFUPM Pure (OAI-PMH)
KFUPM_79979532-df7b-49a6-9a13-105d44656daa,King Fahd University of Petroleum and Minerals,Thermally induced cilia flow of Prandtl nanofluid under the influence of electroosmotic effects with boundary slip,Sadiq M. Sait; Arshad Riaz; Sobia Shaheen; Rahamat Ellahi; Safia Akram,2025,,"In current study, the non-Newtonian Prandtl fluid (blood) with exposure of Titanium dioxide nanoparticles is used as a base fluid. The symplectic metachoronal wave technique is employed. The lubrication theory and Debye–Huckel linearization method are utilized to simplify the governing equations. For explicit solution, Adomian decomposition method (ADM) is chosen. Graphical results for various scenarios are presented to illustrate the critical findings. It is revealed that the flow rate is accelerated by a Helmholtz-Smoluchowski velocity parameter, Hartmann number, and the slip parameter, while the electrokinetic factor deaccelerates it. Thermal conveyance quantity of nano-fluid is considerably boost up with higher values of the Hartmann, Helmholtz-Smoluchowski velocity, Prandtl fluid parameters, and Brinkmann numbers. It is noted that the effects of magnetic field and electroosmosis with convective boundary slip help for proper functioning of ciliated epithelial cells.",,,Journal of Taibah University for Science,10.1080/16583655.2025.2484877,https://pure.kfupm.edu.sa/en/publications/79979532-df7b-49a6-9a13-105d44656daa,KFUPM Pure (OAI-PMH)
KFUPM_b14ea778-f136-4c1c-9342-200978762099,King Fahd University of Petroleum and Minerals,Unbounded Depth ElGamal-Based Asymmetric Updatable Encryption Technique,Mostefa Kara; Ammar Boukrara; Mohammad Hammoudeh; Muhamad Felemban; Samir Guediri,2025,,"This article introduces an ElGamal-based asymmetric updatable encryption scheme, tailored to address the challenges of secure key rotation in cryptographic systems. The proposed solution enables ciphertexts encrypted under an old key to be efficiently and securely updated to a new key without decryption, ensuring data confidentiality and integrity. By leveraging ElGamal's inherent mathematical properties, the scheme provides unbounded depth for key updates, asymmetric encryption capabilities, and independence from specific ciphertext structures. Lightweight pseudorandom generators (PRGs) are used to facilitate secure and efficient management of the random values required for encryption and re-encryption processes. The proposed approach demonstrates robust forward and backward security, ensuring resilience against information leakage even in the event of key compromise. Comprehensive performance evaluations highlight its efficiency, with minimal computational and communication overhead, making it suitable for large-scale systems and resource-constrained environments. Comparative analysis further confirms its superiority over existing techniques in encryption speed, ciphertext update time, and scalability. This work provides a practical and secure framework for managing frequent key updates in diverse applications, including cloud storage, the Internet of Things, and secure communication networks.",,,IEEE Open Journal of the Computer Society,10.1109/ojcs.2025.3551877,https://pure.kfupm.edu.sa/en/publications/b14ea778-f136-4c1c-9342-200978762099,KFUPM Pure (OAI-PMH)
KFUPM_8fd2f6f4-eb4d-44d0-a6fa-f439b0fd1571,King Fahd University of Petroleum and Minerals,Last-Mile Delivery Optimization: Recent Approaches and Advances,Abdullahi Sani Shuaibu; Ashraf Sharif Mahmoud; Tarek Rahil Sheltami,2025,,"There are numerous challenges in the last mile of urban logistics operations related to efficiency, resource allocation, environmental sustainability, and delivery operations. Technological innovation in recent years is trying to fill these loopholes and bring out efficient, reliable, and sustainable last-mile delivery. This paper provides a summary of the current optimization approaches in last-mile delivery, covering traditional Linear Programming methods, sophisticated algorithmic techniques known as metaheuristic methods, Artificial Intelligence (AI) based approaches, experience-based methodologies, and energy conservation techniques. These sets of optimization techniques - derived from optimization theory and computational algorithms - are diverse in their strategies for route planning, resource allocation, and energy management and tailored to the complex nature of urban delivery networks. In this regard, promising future technologies have also been discussed to re-orient last-mile delivery. Autonomous delivery by drones is one such game-changing solution that can enable rapid and eco-friendly delivery capabilities. Smart delivery acceptance systems through extensive use of advanced sensor technologies and data analytics help simplify parcel reception processes and make them much more efficient and safer. In the context of changing customer preferences and the emergence of e-commerce, the optimization of the last mile is critical in satisfying increasing demand while ensuring environmental sustainability and operational efficiency. Such innovative technologies and optimization strategies will enable delivery providers to better manage urban logistics challenges to deliver better customer experience and achieve sustainable growth in the last mile of delivery.",SDG 8 - Decent Work and Economic Growth; SDG 11 - Sustainable Cities and Communities,,Transportation Research Procedia,10.1016/j.trpro.2025.03.076,https://pure.kfupm.edu.sa/en/publications/8fd2f6f4-eb4d-44d0-a6fa-f439b0fd1571,KFUPM Pure (OAI-PMH)
KFUPM_02b0665c-82c5-4182-8662-13e1ddb9ff59,King Fahd University of Petroleum and Minerals,Monocular vision navigation system for UAV autonomous mission: a real-time window-based obstacle avoidance approach,Abdulrahman Javaid; Mustafa Alnaser; Uthman Baroudi; Amjad Alfaraj,2025,,"The need for autonomous unmanned aerial vehicles (UAVs) is rapidly increasing for various industrial applications today. However, the realization of UAV autonomy requires a careful mix of Artificial Intelligence (AI) and computer vision (CV) techniques to be implemented to address end-user challenges and satisfy field requirements. This study aims to develop an intelligent system for UAV to achieve autonomy with standard low-cost hardware components. We have infused state-of-the-art AI and CV technologies into our developed system architecture to improve autonomous navigational capabilities of UAVs. The proposed architecture has been implemented and tested on the DJI Tello UAV equipped only with a monocular camera on-board and an inertial measurement unit (IMU). We focused on solving multiple practical technical problems that have arisen during this study due to the hardware limitations of the UAV. The study investigated methods for representing obstacles within an environmental map, which are crucial for effective avoidance and path planning, such as their edges, width, and shape, to ensure accurate detection and navigation. The experiments were carried out in an environment that included dynamic obstacles that were not considered in the map. The experimental results showed outstanding performance in terms of successful autonomous navigation for a wide range of light intensity. These results show that the proposed approach has a high potential to achieve autonomous UAV operation in the field with low hardware and energy requirements.",SDG 3 - Good Health and Well-being,,Neural Computing and Applications,10.1007/s00521-025-11093-w,https://pure.kfupm.edu.sa/en/publications/02b0665c-82c5-4182-8662-13e1ddb9ff59,KFUPM Pure (OAI-PMH)
KFUPM_ed04f7a7-6a08-4ca5-a9fd-d4bace6a631d,King Fahd University of Petroleum and Minerals,TF-BiFPN Improves YOLOv5: Enhancing Small-Scale Multiclass Drone Detection in Dark,Maham Misbah; Farooq Alam Orakazi; Laiba Tanveer; Zeeshan Kaleem; Chau Yuen,2025,,"Detecting drones at night with complex backgrounds poses a considerable challenge. To address this issue, we propose an enhanced variant of the YOLOv5 model, termed as the tiny feature and bidirectional feature pyramid network (BiFPN). This method incorporates efficient residual bottleneck (ERB) and efficient multireceptive pooling (EMRP) layers along with convolutional block attention module (CBAM). Utilizing ERB, the network achieves enhanced feature extraction through residual connections, whereas the EMRP layers incorporate multiple receptive fields, enabling the model to better understand and process varied spatial hierarchies within the data. Bi-FPN is added within the model's head to enhance feature representation and capture multiple features at various scales. To optimize model efficiency, cross-convolution replaces simple convolution, leading to a notable reduction in parameters. Furthermore, auto-anchor and auto-batch mechanisms are introduced to ensure efficient GPU utilization. Experimental evaluations conducted on a custom multiclass dataset illustrate a significant enhancement over baseline and state-of-the-art algorithms.",,,IEEE Transactions on Aerospace and Electronic Systems,10.1109/taes.2024.3464548,https://pure.kfupm.edu.sa/en/publications/ed04f7a7-6a08-4ca5-a9fd-d4bace6a631d,KFUPM Pure (OAI-PMH)
KFUPM_1228e10f-e9c5-4b2f-86c3-a526bd98ce6d,King Fahd University of Petroleum and Minerals,Lightweight and Computationally Efficient YOLO for Rogue UAV Detection in Complex Backgrounds,Zeeshan Kaleem,2025,,"The growing popularity of unmanned air vehicles (UAVs) for services, such as traffic monitoring, emergency communication, and deliveries, has raised security and privacy concerns due to unauthorized drone use. To address the need for fast, efficient, and precise UAV detection under various conditions, a Lightweight and Computationally Efficient You Only Look Once (LCE-YOLO) architecture is proposed. LCE-YOLO is an enhanced version of YOLOv5s to focus on small and overlooked features critical for robust UAV detection. It is classified to have three variants, each optimized for specific feature maps, reducing computational costs while maintaining accuracy. LCE-YOLO, particularly LCE-YOLO-M, demonstrates significant performance improvements, achieving a precision of 96.8%, recall of 89.2%, mean average precision of 95.9%, and IoU of 50.2% in UAV detection, outperforming state-of-the-art in addressing computational complexity issues.",,,IEEE Transactions on Aerospace and Electronic Systems,10.1109/taes.2024.3464579,https://pure.kfupm.edu.sa/en/publications/1228e10f-e9c5-4b2f-86c3-a526bd98ce6d,KFUPM Pure (OAI-PMH)
KFUPM_ba4df61a-281e-4870-b457-49005a591433,King Fahd University of Petroleum and Minerals,A new neural network-assisted hybrid chaotic hiking optimization algorithm for optimal design of engineering components,Ahmet Remzi Özcan; Pranav Mehta; Sadiq M. Sait; Dildar Gürses; Ali Riza Yildiz,2025,2025-06-01,"In the era of artificial intelligence (AI), optimization and parametric studies of engineering and structural systems have become feasible tasks. AI and ML (machine learning) offer advantages over classical optimization techniques, which often face challenges such as slower convergence, difficulty handling multiobjective functions, and high computational time. Modern AI and ML techniques may not effectively address all critical design engineering problems despite these advancements. Nature-inspired algorithms based on physical phenomena in nature, human behavior, swarm intelligence, and evolutionary principles present a viable alternative for multidisciplinary design optimization challenges. This article explores the optimization of various engineering problems using a newly developed modified hiking optimization algorithm (HOA). The algorithm is inspired by human hiking techniques, such as hill climbing and hiker speed. The advantages of the modified HOA are compared with those of several famous algorithms from the literature, demonstrating superior results in terms of statistical measures.",,,Materialpruefung/Materials Testing,10.1515/mt-2024-0519,https://pure.kfupm.edu.sa/en/publications/ba4df61a-281e-4870-b457-49005a591433,KFUPM Pure (OAI-PMH)
KFUPM_90a70606-3ea9-486b-bc88-73e6d4ed4984,King Fahd University of Petroleum and Minerals,Enhanced Greylag Goose optimizer for solving constrained engineering design problems,Dildar Gürses; Pranav Mehta; Sadiq M. Sait; Ali Riza Yildiz,2025,2025-05-01,"This paper introduces an improved optimization algorithm based on migration patterns of greylag geese, known for their efficient flying formations. The Modified Greylag Goose Optimization Algorithm (MGGOA) is modified by augmenting the levy flight mechanism and artificial neural network (ANN) strategies. The algorithm is detailed, presenting mathematical formulations for both phases. Subsequently, the paper applies the MGGOA to various engineering optimization problems, including heat exchanger design, car side impact design, spring design optimization, disc clutch brake optimization, and structural optimization of an automobile component. Statistical comparisons with benchmark algorithms demonstrate the efficacy of MGGOA in finding optimal solutions for these design engineering problems.",,,Materialpruefung/Materials Testing,10.1515/mt-2024-0516,https://pure.kfupm.edu.sa/en/publications/90a70606-3ea9-486b-bc88-73e6d4ed4984,KFUPM Pure (OAI-PMH)
KFUPM_7ace9079-d8ce-4991-b997-2d9438039f45,King Fahd University of Petroleum and Minerals,Runtime Norms Regulation Framework for Drones’ Smart Cities Applications,Hana Gharrad; Nafaâ Jabeur; Tarek Rahil Sheltami; Ansar Ul Haque Yasar; Alexander Kocian; Paolo Milazzo; Ana Lúcia Henriques Martins; Mirco Nanni; Luca Pappalardo,2025,,"Norms establish safety standards and operational guidelines that ensure drones operate in a manner that minimizes risks to people and properties and with respect of privacy protection guidelines based on defined legislation. Today, the widespread use of drones in smart cities applications and in the urban environment requires the establishment of adaptive norms to address various operational, safety, and regulatory challenges. In this paper we suggest a runtime norms regulation framework for drones. The objective of this framework is (i) To design a system where different organizations have different access norms using a cloud of norms. (ii) To keep drones informed about the state of the norms they are interested in during their mission (iii) To allow the update of norms tolerance based on emergency situations.",SDG 11 - Sustainable Cities and Communities,,"Intelligent Transport Systems - 8th International Conference, INTSYS 2024, Revised Selected Papers",10.1007/978-3-031-86370-7_17,https://pure.kfupm.edu.sa/en/publications/7ace9079-d8ce-4991-b997-2d9438039f45,KFUPM Pure (OAI-PMH)
KFUPM_8b2d1f46-3766-4e09-a2a6-f32906cb0bf8,King Fahd University of Petroleum and Minerals,Electroosmotic slip flow in peristaltic transport of non-Newtonian third-grade MHD fluid: RSM-based sensitivity analysis,R. Ellahi; A. Zeeshan; Samar Shafique; Sadiq M. Sait; Amad ur Rehman,2025,2025-09-01,"An innovative model of electroosmotic peristaltic motion produced by a third-grade non-Newtonian magnetohydrodynamics fluid within a symmetric conduit is proposed. Three nonlinear coupled partial differential equations govern the flow problem are reduced to a system of nonlinear coupled ordinary differential equations by using the approximations of long wave length and low Reynolds number. Response Surface Methodology based Central Composite Design is utilized to predict refined empirical model. The adequacy of the fitted model is assessed using an analysis of variance. The influence of the Hartman number, Deborah number, and electroosmotic parameter on pressure rise per wavelength and frictional forces is prognosticated graphically. It is observed that the axial velocity increases by increasing the values of electroosmotic parameter, however, quite a reverse behaviour in axial velocity is noted for higher values of the Helmholtz-Smoluchowski parameter, slip parameter and Hartmann number. A sensitivity analysis of physical parameters is presented. It is reveals that the Deborah number has a substantial impact on pressure rise per wavelength and frictional forces in the electroosmotic flow system.",,,International Journal of Heat and Mass Transfer,10.1016/j.ijheatmasstransfer.2025.127121,https://pure.kfupm.edu.sa/en/publications/8b2d1f46-3766-4e09-a2a6-f32906cb0bf8,KFUPM Pure (OAI-PMH)
KFUPM_657a4734-2f1a-436b-a563-5e05f77f5039,King Fahd University of Petroleum and Minerals,Optimization of network device hardening in a multivendor environment,Ali Bello Imoukhuede; Tarek Rahil Sheltami; Asharf Hasan Mahmoud; Abdulaziz Yagoub Barnawi,2025,,"This paper presents a Python-based Nornir framework for automating network device hardening in multi-vendor environments, addressing critical gaps in scalability and interoperability. Unlike existing single-vendor solutions, our method enforces CIS benchmarks across Cisco, Juniper, and Fortinet devices, achieving an 82.18% reduction in hardening time compared to prior automation tools and a 99.99% improvement over manual techniques. By leveraging Nornir’s multi-threading and vendor-agnostic inventory management, the framework ensures consistent security policies while eliminating configuration errors. Experimental results across 18 heterogeneous devices demonstrate its efficiency, with full hardening completed in 44 s (95% CI [43.8, 44.1]). This work provides enterprises with a scalable solution to rapidly secure complex networks against evolving threats, bridging the gap between compliance standards and real-world deployment.",,,Scientific Reports,10.1038/s41598-025-97894-4,https://pure.kfupm.edu.sa/en/publications/657a4734-2f1a-436b-a563-5e05f77f5039,KFUPM Pure (OAI-PMH)
KFUPM_909c27d3-61ac-4bdb-9e91-4b5f9f68435d,King Fahd University of Petroleum and Minerals,YOLO-RAW: Advancing UAV Detection With Robustness to Adverse Weather Conditions,Adnan Munir; Abdul Jabbar Siddiqui; M. Shamim Hossain; Aiman El-Maleh,2025,,"With the widespread adoption of unmanned aerial vehicles (UAVs) in various applications (e.g., aerial transportation, traffic monitoring), there have been apprehensions regarding the associated risks of employing UAVs in both civilian and military contexts, including concerns about privacy infringement, safety issues, and security threats. Although several methods have been proposed to detect UAVs, a pressing open challenge is posed by varying adverse weather conditions that could degrade the performance of many existing methods. To address these limitations, this work proposes a YOLO-based (You Only Look Once) novel model, YOLO-RAW that exhibits improved performance in adverse weather conditions and considers different scales of UAVs. Furthermore, to facilitate a more comprehensive evaluation of the proposed model’s effectiveness in UAV detection, we have curated a complex background dataset and introduced three distinct test sets affected by adverse weather conditions. These three test sets comprise the Rainy Test Set (RTS), the AWGN (Additive White Gaussian Noise) Test Set (ATS), and the Motion Blurred Test Set (MBTS). The comprehensive experiments demonstrate the effectiveness of the proposed YOLO-RAW model over its counterparts in detecting UAVs under adverse conditions.",,,IEEE Transactions on Intelligent Transportation Systems,10.1109/tits.2025.3560792,https://pure.kfupm.edu.sa/en/publications/909c27d3-61ac-4bdb-9e91-4b5f9f68435d,KFUPM Pure (OAI-PMH)
KFUPM_7ab56e61-8a27-4dec-b578-436a2ef0ca27,King Fahd University of Petroleum and Minerals,Heat transfer flow of non-Newtonian eyring-powell fluid with mixed convection heterogeneous and homogeneous reactions using linear regression based machine learning approach,R. Ellahi; N. Khalid; A. Zeeshan; Sadiq M. Sait; M. I. Khan,2025,,"This research examines the heat transfer and flow behavior of non-Newtonian Eyring-Powell fluids under mixed convection and reactive conditions employing a supervised machine learning-based linear regression methodology. The most appropriate transformations are utilized to convert non-linear coupled partial differential equations into an ordinary differential equations. The model predicts thermal behavior on velocity, energy, and concentration boundary layers for four scenarios. To validate the reliability and accuracy of the supervised machine learning model, a comparison and performance evaluation are conducted by using Mean Squared Error (MSE), error histograms, and fitness curves. The average squared difference (MSE) between the observed and predicted values is calculated for the training, validation, and test sets. An error histogram displays the distribution of prediction errors across different sets to aid in identifying biases or inconsistent model performance. It is seen that the higher model performance appears by lower MSE values. It is also observed that the differences in predictions between machine learning and MATLAB methods indicate that machine learning (ML) can better handle a large variety of complex data. It is also concluded that the machine learning method surpass traditional computational techniques, especially in accuracy and efficiency.",,,Machine Learning,10.1007/s10994-025-06774-5,https://pure.kfupm.edu.sa/en/publications/7ab56e61-8a27-4dec-b578-436a2ef0ca27,KFUPM Pure (OAI-PMH)
KFUPM_6ce4c542-1775-4b0b-890f-b9cab6eec9d5,King Fahd University of Petroleum and Minerals,Effects of thermal radiation on MHD bioconvection flow of non-Newtonian fluids using linear regression based machine learning and artificial neural networks,Sadiq M. Sait; R. Ellahi; N. Khalid; T. Taha; A. Zeeshan,2025,2025-06-09,"Purpose: This paper aims to investigate the effects of thermal radiation on magnetohydrodynamics (MHD) bioconvection nonlinear complex structure flow of non-Newtonian fluids such as Casson, Williamson and Sisko fluids. Design/methodology/approach: The nonlinear coupled fundamental equations governing the steady, incompressible combined with Casson–Williamson–Sisko fluids flow over an exponential sheet are reduced to ordinary differential equations using appropriate transformations. Open-source platforms such as Google Colab and Python are used. Results, performance, accuracy and correlation are examined with neural networking, Levenberg-Marquardt, machine learning, artificial intelligence (AI) algorithms and linear regression. Findings: Numerical and graphical results are presented to observe the impact of physical parameters. The prospect of AI tools, particularly Levenberg-Marquardt, increases the accuracy of developed complex fluid dynamics models. Besides, the further scope of machine learning in the hybrid nature of fluids is also presented. It is concluded that Levenberg-Marquardt algorithm is the most suitable for the simulation of boundary layer flow with high accuracy, smooth regression curves and the minimum rate of error. It is observed that the range of 10−8 for mean squared error shows the good fit of the model. It is noted that by increasing the Casson and Williamson fluids’ parameters, the velocity profile decreases. Both concentration and motile density decrease with an increasing values of Schmidt and Peclet numbers. Originality/value: The existing literature lacks a comparative analysis of neural networks and machine learning in predicting boundary layer flow using AI-based approaches, linear regression algorithm for bioconvection MHD flow of Casson–Williamson–Sisko fluids with thermal radiation in existing literature. This effort is devoted to fill the said gap.",,,International Journal of Numerical Methods for Heat and Fluid Flow,10.1108/hff-01-2025-0010,https://pure.kfupm.edu.sa/en/publications/6ce4c542-1775-4b0b-890f-b9cab6eec9d5,KFUPM Pure (OAI-PMH)
KFUPM_63499edb-1192-4b8b-b2b4-54f99d92c81f,King Fahd University of Petroleum and Minerals,Accelerating zero-touch automation and optimization of beyond 5G services: deep learning and intent-based networking fusion,Talha Ahmed Khan; Khizar Abbas; Muhammad Afaq; Wang Cheol Song,2025,,"The advent of 5G induced complex circumstances for operators to manage the network operations. The traditional manual configuration approaches to configure networks are inadequate to handle the vastly distributed infrastructure, diverse services with flexible requirements, and dynamic changes. To this end, intent-based networking (IBN) paves the way toward automatic handling of network service orchestration. It governs the network operations using the high-level, human-understandable, simplified interpretation of requirements. Administrators only determine what is required and don’t require configuring how to achieve the goals. In addition to the abstraction of hectic configuration requirements, it follows two-way intelligence-driven closed-loop operations to handle dynamic changes and assurance of services automatically. This work empowers automated 5G service orchestration with guaranteed quality of service (QoS) on vastly distributed multi-domain infrastructure through IBN and deep learning. It implements the long-short term memory (LSTM) model for virtual network function, achieving 0.1213 RMSE for resource prediction and management. It explored the RouteNet model with 0.025 RMSE for service path and routing control to optimize the key performance indicators. This results in machine learning (ML)-driven optimized resource scaling and the best path routing.",,,Journal of Supercomputing,10.1007/s11227-025-07260-4,https://pure.kfupm.edu.sa/en/publications/63499edb-1192-4b8b-b2b4-54f99d92c81f,KFUPM Pure (OAI-PMH)
KFUPM_7abe122c-b713-4c74-be7f-c561f1fa1077,King Fahd University of Petroleum and Minerals,Malicious Reconfigurable Intelligent Surfaces: Security Threats in 6G Networks,Waqas Khalid; Trinh Van Chien; Wali Ullah Khan; Zeeshan Kaleem; Yousaf Bin Zikria; Taejoon Kim; Heejung Yu,2025,,"Reconfigurable intelligent surfaces (RISs) are emerging as a transformative technology for sixth-generation (6G) wireless networks. They enable dynamic manipulation of the propagation environment to enhance signal coverage, mitigate interference, and improve spectral and energy efficiencies. However, this flexibility introduces significant security vulnerabilities when RISs are maliciously controlled. This study explores the threats posed by such RISs, focusing on their potential to compromise the security and integrity of 6G networks. From an adversarial perspective, we analyze key attack vectors, including sophisticated jamming attacks that disrupt communication, eavesdropping attacks that intercept communications, and pilot contamination attacks that impair channel estimation accuracy, all contributing to severe performance degradation. For each attack, we detail the underlying mechanisms and adversarial optimization strategies designed to maximize impact. A case study quantifies the practical effects of these malicious RIS-based attacks in a simulated 6G network scenario. This research emphasizes the critical need for robust defense mechanisms and proposes essential research directions to address the evolving threats from malicious RISs, ensuring the security of 6G networks.",SDG 7 - Affordable and Clean Energy,,IEEE Internet of Things Journal,10.1109/jiot.2025.3570544,https://pure.kfupm.edu.sa/en/publications/7abe122c-b713-4c74-be7f-c561f1fa1077,KFUPM Pure (OAI-PMH)
KFUPM_65939b46-9684-491b-b18c-946d65b8bc15,King Fahd University of Petroleum and Minerals,Generating Anticancer Peptides Sequences Using Seq2Seq Modeling and Machine Learning Methods,Muhammad Sohail Ibrahim; Saheed Ademola Bello; Yunsang Kwak; Minseok Kim; Shujaat Khan,2025,,"Cancer remains a major health threat with rising incidence and mortality rates. Despite the efficacy of chemotherapy, its lack of selectivity and associated severe side effects highlight the need for new, targeted anticancer therapies. Anticancer peptides (ACPs) have emerged as a promising alternative due to their biocompatibility, broad-spectrum anticancer activity, and unique mechanisms of action. This study presents a novel computational approach to design and identify ACPs using a multi-tier filtration system. Our method begins with peptide sequence generation via a recurrent neural network (RNN) trained on the acp740 dataset. The generated sequences undergo rigorous filtration: Tier-1 employs three deep learning-based classifiers (ACP-DL, ACP-MHCNN, ACP-LSE) to identify potential ACPs; Tier-2 uses a nearest centroid classifier to filter out statistically less relevant sequences; Tier-3 involves a final filtration using unsupervised nearest neighbor learning based on fused feature encoding schemes (CKSAAP, k-Mer, and BPF). Experimental results demonstrate a significant improvement in identifying viable ACP candidates, with the proposed method showing a 2.21-fold higher hit-rate compared to random sequence generation. Further analysis using t-SNE, PCA, and antimicrobial peptide (AMP) prediction tools confirms the robustness and effectiveness of the selected ACPs. Furthermore, performance comparisons using the proposed sequence filtering technique reveal that it surpasses the baseline LSTM and RNN-based sequence generation models by 2.95% and 14.11%, respectively. Complementary reverse analyses further validate the robustness and effectiveness of proposed sequence generation framework. The proposed computational approach offers a streamlined and economical alternative to traditional experimental methods, expediting the discovery of new ACPs and enhancing the accuracy of anticancer peptide predictions. The relevant models, codes, and results are also available on the authors github page at (https://github.com/mhdshl/ACP-Seq2Seq).",SDG 3 - Good Health and Well-being,,IEEE Access,10.1109/access.2025.3569255,https://pure.kfupm.edu.sa/en/publications/65939b46-9684-491b-b18c-946d65b8bc15,KFUPM Pure (OAI-PMH)
KFUPM_bf5b387e-8fa2-4a29-a451-c2ddcf4978fe,King Fahd University of Petroleum and Minerals,"Outdoor Free Space Optical Systems: Motivations, Challenges, Contributions in Environmental Conditions, and Future Directions-A Systematic Survey",Amjaad T. Altakhaineh; Sarah A. Alsarayreh; Rula Alrawashdeh; Ahed Aleid; Fatima Alsharari; Rowida Alodat; Amal Alhasanat; Abdullah Alhasanat; Moath Alsafasfeh; Mohanad Alhasanat; Kaled Rabie; Mustapha Benjillali,2025,,"This paper presents a new systematic survey of the free-space optical (FSO) system, highlighting its operations and applications in outdoor optical communication underlying its interaction with the environment. As the application portfolio of FSO technology grows, so does the need for a clear classification for FSO link configurations. Most existing surveys and classifications are single-level classifications using traditional survey methods, and thus not inclusive enough to accommodate recent and emerging changes and developments of different FSO link configurations and systems. To that end, this paper adopts a novel methodology based on statistical analysis using a natural language processing approach (NLP) to analyze, visualize, and interpret the researchers' trends of 5075 relevant literature published documents (journal papers, conference papers, books, etc.) from 2017 to Feb-2024. The process of summarizing and analyzing is encompassed by adopting hierarchal multi-level classifications for the key performance evaluations, motivations, challenges, and contributions related to FSO systems. The survey is started by understanding the key performance of FSO such as matrices models and mathematical models. Then, the survey process is followed by investigating the outdoor FSO applications (urban, satellite, smart city, military, healthcare, disasters, and sensing applications). We have relied on listing and dividing the outdoor FSO networks into sub-networks based on the FSO's architectural structures (point-To-multipoint, mobile network, long-range transmission and heterogeneous). In turn, outdoor impairments are classified into two categories: 1) environmental factors (weather and atmospheric conditions) and 2) component systems (source types and mechanical issues). We demonstrate the impact of these impairments in terms of the optical phenomena (effects), such as scattering, reflection, refraction, absorption, shadowing, and consequences (outcomes), such as pointing error, misalignments, beam divergence, etc. Finally, multi-Technical solutions are listed and analyzed based on the researchers' contributions, such as modulation, detection techniques, relay, array, and retroflectors. This paper is the first paper that adopts the statistical analysis approach for studying the FSO in outdoor applications, making this approach a good choice for future researchers to prioritize their decisions about future trends and target their improvements.INDEX TERMS Statistical analysis, free space optics (FSO), mobility, outdoor optical communication, point-To-multipoint coverage, subnetwork, weather conditions.",SDG 11 - Sustainable Cities and Communities,,IEEE Access,10.1109/access.2025.3549776,https://pure.kfupm.edu.sa/en/publications/bf5b387e-8fa2-4a29-a451-c2ddcf4978fe,KFUPM Pure (OAI-PMH)
KFUPM_6293571d-f3df-48d6-8013-1f51e5924c65,King Fahd University of Petroleum and Minerals,Mitigation of oxide growth on aluminum thin films: The role of self-assembled monolayers in superconducting quantum circuits,Omar A. Saleh; Saleem G. Rao; Khan Alam; Muhamad Felemban,2025,2025-06-01,"The native oxide layer formed on aluminum (Al) surfaces in superconducting quantum circuits is a significant source of two-level system defects, which couple with electric fields and degrade quantum coherence. Recent research has explored etching, encapsulation, and other surface treatments as potential strategies to mitigate the formation of oxides at air interfaces in these circuits. This study demonstrates a novel approach to passivate the Al-air interface using a molecular self-assembled monolayer (SAM). Freshly prepared Al thin films were passivated with SAMs by immersing the Al-coated silicon substrates in SAM solutions. X-ray photoelectron spectroscopy (XPS) confirms the successful binding of the SAM and the absence of further aluminum oxide growth. Moreover, the passivation remains stable after aging for 15 days in ambient conditions, as evidenced by XPS and contact angle measurements. Scanning electron microscopy analyses further support the binding of the SAM to the Al surface and mitigation of oxide growth. These findings suggest that SAM-based passivation offers a promising method for reducing microwave loss and improving the performance of Al-based superconducting quantum circuits.",,,AVS Quantum Science,10.1116/5.0261446,https://pure.kfupm.edu.sa/en/publications/6293571d-f3df-48d6-8013-1f51e5924c65,KFUPM Pure (OAI-PMH)
KFUPM_bc57e3cc-dad4-41df-a763-da85bf925d45,King Fahd University of Petroleum and Minerals,Monocular based 3D depth estimation and SLAM integration,Yasser E. El-Alfy; Uthman Baroudi,2025,,"In various practical scenarios, autonomous vehicles must navigate through unfamiliar areas to reach their destinations. This navigation is facilitated by two-dimensional (2D) and three-dimensional (3D) maps. Simultaneous localization and mapping (SLAM) systems enable autonomous vehicles to map their surroundings while in motion. Traditionally, SLAM systems rely on physical sensors like LiDAR to measure distances. However, these sensors are costly and consume significant power, particu-larly when used with drones. Consequently, the use of monocular cameras for depth estimation of surrounding objects has gained considerable interest from both academia and industry. In this study, we integrate a recently developed deep learning monocular depth estimation model into the ORB-SLAM2 system. The integrated system has been tested by estimating trajec-tories and constructing 3D point cloud maps of unknown areas. In addition, preliminary experiments were conducted using a live drone. These experiments demonstrated the ability of the proposed system to produce more accurate point-cloud maps which improve the trajectory errors by 34-54% compared to contemporary approaches.",,,Drone Systems and Applications,10.1139/dsa-2024-0025,https://pure.kfupm.edu.sa/en/publications/bc57e3cc-dad4-41df-a763-da85bf925d45,KFUPM Pure (OAI-PMH)
KFUPM_b6837243-fd5a-4ee3-85b4-4d56d454cbae,King Fahd University of Petroleum and Minerals,Dynamic spectrum sharing in heterogeneous wireless networks using deep reinforcement learning,Sulaimon Oyeniyi Adebayo; Abdulaziz Barnawi; Tarek Sheltami; Muhammad Felemban,2025,,"The rapid expansion of wireless networks demands efficient spectrum allocation. Dynamic Spectrum Sharing (DSS) is a technology that allows multiple wireless networks to share the same frequency spectrum dynamically. It is an effective technique for optimizing spectrum use, particularly in heterogeneous environments where multiple wireless technologies with diverse spectrum access requirements coexist, often leading to interference challenges and increased spectrum competition. This research proposes an enhanced DSS technique based on Deep Reinforcement Learning (DRL). The proposed method enables an effective sharing of the available spectrum between two access technologies, namely Long Term Evolution (LTE) and Narrowband IoT (NB-IoT). The study optimizes throughput through DRL methods, including Deep Q-Networks (DQN), conducting experiments in three phases: LTE-DRL coexistence, NB-IoT-DRL coexistence, and LTE-NB-IoT coexistence. Results show that deep learning enhances the LTE-DRL system's convergence rate and throughput, achieving over 85% throughput with convergence times as low as 24 milliseconds (ms). The study highlights the trade-offs between parameters such as probabilities (arrival, successful transmission, and retransmission), packet expiry duration, learning rate, discount factor, fairness index, and the neural network architecture as well as the parameters’ impact on the overall system throughput. NB-IoT coexistence with DRL shows similar results with a slight decrement in throughput and negligibly longer convergence rate, while the coexistence of LTE and NB-IoT results in throughput of around 70% for each of the LTE and NB-IoT systems due to increased spectrum competition and increased complexity of the operating environment. This work offers insights into optimizing spectrum sharing using DRL and underscores the balance between various parameters for efficient spectrum management.",,,Internet of Things (The Netherlands),10.1016/j.iot.2025.101635,https://pure.kfupm.edu.sa/en/publications/b6837243-fd5a-4ee3-85b4-4d56d454cbae,KFUPM Pure (OAI-PMH)
KFUPM_03034b5b-5f88-4a7a-ba0c-3b2a9290a051,King Fahd University of Petroleum and Minerals,Numerical investigation of magnetized nanofluid flow in a non-Darcian medium with convective heating conditions across a rotating disk,Muhammad Mubashir Bhatti; R. Ellahi; Sadiq M. Sait,2025,2025-06-09,"Purpose: A novel approach of Buongiorno and Arrhenius energy models is proposed to examine magnetized nanofluid flow saturated in a non-Darcian medium with convective boundary conditions over a rotating disk. The proposed work has substantial applications in the domain of Heat Transfer within industrial operations, including power plants, electronic devices and nuclear reactors. It also pertains to the design of energy-efficient systems, rotating machinery and equipment such as centrifugal pumps, turbines and rotating heat exchangers. It is also pertinent to environmental engineering, which deals with fluid filtration and thermal management, and biomedical engineering, which includes drug delivery systems and the treatment of hyperthermia. It also discusses applications of magnetic fields, such as magnetorheological fluids, magnetic refrigeration and magnetic cooling systems. Design/methodology/approach: The Von Karman’s methodology is used to develop a mathematical formulation. The resulting series of nonlinear differential equations are solved by generalized differential quadrature (GDQ) technique. The Newton–Raphson iterative method is used to get numerical solutions. Findings: Effects of evolving parameters such as radial velocity, azimuthal velocity, transverse velocity, thermal and concentration patterns are examined through graphs and tables. The outcomes of skin friction coefficient, Nusselt number, Sherwood number and residual error are also presented. A comparison with the existing literature has been made as a special case for the validation of results. Originality/value: A blend framework of Buongiorno and Arrhenius energy models for magnetized nanofluid flow across a uniformly rotating disk inside a non-Darcian structure with convective boundary conditions is presented.","SDG 7 - Affordable and Clean Energy; SDG 9 - Industry, Innovation, and Infrastructure",,International Journal of Numerical Methods for Heat and Fluid Flow,10.1108/hff-03-2025-0135,https://pure.kfupm.edu.sa/en/publications/03034b5b-5f88-4a7a-ba0c-3b2a9290a051,KFUPM Pure (OAI-PMH)
KFUPM_c74d83e4-eef1-437a-af56-476b376df523,King Fahd University of Petroleum and Minerals,Multiple-Input Floating-Point Adders: A Comprehensive Review,Sami Ul Haq; Aiman H. El-Maleh; Ali Alsuwaiyan,2025,,"Floating-point addition is pivotal in various computational applications, including scientific computing, machine learning, and graphics processing. Traditional two-input floating-point adders (FPADD2) are widely used but become bottlenecks in scenarios requiring efficient multi-operand summation. The growing demand for high-performance computing has spurred interest in multiple-input floating-point adders (FPADDn), which simultaneously handle multiple operands to enhance throughput and reduce latency. This paper provides a comprehensive review of FPADDn architectures, exploring key design principles, implementation techniques, and challenges such as precision, hardware complexity, and rounding errors. Modern approaches leveraging hierarchical tree structures, parallelism, and pipelining are discussed, highlighting their advantages and trade-offs.",,,IEEE Access,10.1109/access.2025.3572430,https://pure.kfupm.edu.sa/en/publications/c74d83e4-eef1-437a-af56-476b376df523,KFUPM Pure (OAI-PMH)
KFUPM_ddf9f5d3-6bb5-433f-a98f-c8e21f35b426,King Fahd University of Petroleum and Minerals,A Systematic Literature Review of DDS Middleware in Robotic Systems,Muhammad Liman Gambo; Abubakar Danasabe; Basem Almadani; Farouq Aliyu; Abdulrahman Aliyu; Esam Al-Nahari,2025,,"The increasing demand for automation has led to the complexity of the design and operation of robotic systems. This paper presents a systematic literature review (SLR) focused on the applications and challenges of Data Distribution Service (DDS)-based middleware in robotics from 2006 to 2024. We explore the pivotal role of DDS in facilitating efficient communication across heterogeneous robotic systems, enabling seamless integration of actuators, sensors, and computational elements. Our review identifies key applications of DDS in various robotic domains, including multi-robot coordination, real-time data processing, and cloud–edge–end fusion architectures, which collectively enhance the performance and scalability of robotic operations. Furthermore, we identify several challenges associated with implementing DDS in robotic systems, such as security vulnerabilities, performance and scalability requirements, and the complexities of real-time data transmission. By analyzing recent advancements and case studies, we provide insights into the potential of DDS to overcome these challenges while ensuring robust and reliable communication in dynamic environments. This paper aims to contribute to the transformative impact of DDS-based middleware in robotics, offering a comprehensive overview of its benefits, applications, and security implications. Our findings underscore the necessity for continued research and development in this area, paving the way for more resilient and intelligent robotic systems that operate effectively in real-world scenarios. This review not only fills existing gaps in the literature but also serves as a foundational resource for researchers and practitioners seeking to leverage DDS in the design and implementation of next-generation robotic solutions.",,,Robotics,10.3390/robotics14050063,https://pure.kfupm.edu.sa/en/publications/ddf9f5d3-6bb5-433f-a98f-c8e21f35b426,KFUPM Pure (OAI-PMH)
KFUPM_768a675c-c60b-45ff-a198-5b68d28b73a7,King Fahd University of Petroleum and Minerals,Tag Replication and Status Bits Encoding for Enhancing Cache Metadata Reliability,Abdulaziz Tabbakh,2025,,"On-chip caches occupy a significant portion of modern processors, making them increasingly vulnerable to soft errors as technology scales. While data arrays often receive robust protection via error-correcting codes (ECCs), metadata elements such as tag fields and status bits remain inadequately protected despite their critical role in ensuring memory integrity. This paper proposes two lightweight techniques to enhance cache metadata reliability: (1) a robust three-bit encoding scheme for status bits that tolerates single-bit flips without data corruption and (2) a selective tag replication scheme for dirty cache blocks, enabling reliable recovery from single-bit errors in tag arrays. Simulation results on SPEC 2006 benchmarks show that our approach recovers 97.3% of injected soft errors in cache metadata, outperforming conventional SECDED protection (93.8%) with significantly lower overhead. The proposed design incurs only 0.50% area and 1.67% dynamic power overhead on a data L1 cache. Moreover, the proposed techniques can be extended to support common cache coherence protocols in multicore systems with minimal modification.",,,Journal of Electrical and Computer Engineering,10.1155/jece/5008986,https://pure.kfupm.edu.sa/en/publications/768a675c-c60b-45ff-a198-5b68d28b73a7,KFUPM Pure (OAI-PMH)
KFUPM_06e6a066-2f05-499f-b2af-1198806b6cd5,King Fahd University of Petroleum and Minerals,Multi-Layer Network Formation Through HAPS Base Station and Transmissive RIS-Equipped UAV,Faical Khennoufa; Khelil Abdellatif; Halim Yanikomeroglu; Metin Ozturk; Taissir Elganimi; Ferdi Kara; Khaled Rabie,2025,,"In order to bolster future wireless networks, there has been a great deal of interest in non-terrestrial networks, especially aerial platforms including high-altitude platform stations (HAPS) and uncrewed aerial vehicles (UAVs). These platforms can integrate advanced technologies such as reconfigurable intelligent surfaces (RIS) and non-orthogonal multiple access (NOMA). In this regard, this paper proposes a multi-layer network architecture consisting of HAPS and UAV, where the former acts as a HAPS super macro base station (HAPS-SMBS), while the latter serves as a relay node for the ground Internet of Things (IoT) devices. The UAV is equipped with active transmissive RIS, which is a novel technology with promising benefits. We also utilize multiple-input single-output (MISO) technology, i.e., multiple antennas at the HAPS-SMBS and a single antenna at the IoT devices. Additionally, we consider NOMA as the multiple access technology as well as the existence of hardware impairments as a practical limitation. We compare the proposed system model with various scenarios, all involving the HAPS-SMBS and RIS-equipped UAV relay combination, but with different types of RIS, antenna configurations, and access technologies. Sum rate and energy efficiency are used as performance metrics, and the findings demonstrate that, in comparison to all benchmarks, the proposed system yields significant performance gains. Moreover, hardware impairment limits the system performance at high transmit power levels.",SDG 7 - Affordable and Clean Energy,,"2025 IEEE Wireless Communications and Networking Conference, WCNC 2025",10.1109/wcnc61545.2025.10978385,https://pure.kfupm.edu.sa/en/publications/06e6a066-2f05-499f-b2af-1198806b6cd5,KFUPM Pure (OAI-PMH)
KFUPM_a841d6c0-b0bf-4307-9c53-267d9a2f4bee,King Fahd University of Petroleum and Minerals,AttCDCNet: Attention-Enhanced Chest Disease Classification Using X-Ray Images,Omar H. Khater; Abdullahi S. Shuaibu; Sami Ul Haq; Abdul Jabbar Siddiqui,2025,,"Chest X-rays (X-ray images) have been proven to be effective for the diagnosis of chest diseases, including Pneumonia, Lung Opacity, and COVID-19. However, relying on traditional medical methods for diagnosis from X-ray images is prone to delays and inaccuracies because the medical personnel who evaluate the X-ray images may have preconceived biases. For this reason, researchers have proposed the use of deep learning-based techniques to facilitate the diagnosis process. The preeminent method is the use of sophisticated Convolutional Neural Networks (CNNs). In this work, we introduce an innovative detection model named AttCDCNet for the task of X-ray image diagnosis, enhancing the popular DenseNet121 model by adding an attention block to help the model focus on the most relevant regions, utilizing the focal loss as a loss function to overcome the imbalance of the dataset problem, and utilizing depth-wise convolution to make the model lighter by reducing the parameters. The proposed model demonstrates novelty by effectively integrating these enhancements to address critical challenges in medical image classification, including dataset imbalance and computational efficiency. Through extensive experimental evaluations, the proposed model demonstrates exceptional performance, surpassing the original DenseNet121 and other state-of-the-art models. The proposed model achieved an accuracy, precision and recall of 94.94%, 95.14% and 94.53%, respectively, on the COVID-19 Radiography Dataset. Underscoring its potential to improve diagnostic accuracy and efficiency in real-world medical applications.",SDG 3 - Good Health and Well-being,,"22nd IEEE International Multi-Conference on Systems, Signals and Devices, SSD 2025",10.1109/ssd64182.2025.10989974,https://pure.kfupm.edu.sa/en/publications/a841d6c0-b0bf-4307-9c53-267d9a2f4bee,KFUPM Pure (OAI-PMH)
KFUPM_66e39c90-ddd9-4f52-a2a1-cf80b401a2d8,King Fahd University of Petroleum and Minerals,Pothole Detection under Various Weather Conditions Using YOLOv9,Yasser El-Alfy; Subhan Aliyev; Abdul Jabbar Siddiqui; Uthman Baroudi,2025,,"Potholes pose significant dangers on roads, leading to substantial damage to vehicles, causing accidents, and increasing maintenance costs for authorities. Accurate and timely detection of potholes is crucial for effective road maintenance and repair. However, this task is challenging, especially under varying weather conditions. Rain, snow, and fog can obscure sensors and cameras, making it difficult to capture clear images of the road surface. Additionally, nighttime and shadows can further reduce the visibility of potholes. In this paper, we propose a pothole detection system that operates effectively under diverse weather conditions using YOLOv9, a real-time object detection algorithm. Our approach was trained and evaluated on a dataset of images generated under different weather scenarios. The resulting model achieved a precision of 0.807, a recall of 0.759, a mAP50 of 0.829, and a mAP50-95 of 0.551.",,,"22nd IEEE International Multi-Conference on Systems, Signals and Devices, SSD 2025",10.1109/ssd64182.2025.10989851,https://pure.kfupm.edu.sa/en/publications/66e39c90-ddd9-4f52-a2a1-cf80b401a2d8,KFUPM Pure (OAI-PMH)
KFUPM_ac9ca355-4149-4385-9c3b-99713aecd68b,King Fahd University of Petroleum and Minerals,PNet-IDS: A Lightweight and Generalizable Convolutional Neural Network for Intrusion Detection in Internet of Things,Auwal Sani Iliyasu; Abdul Jabbar Siddiqui; Houbing Song; Fahad Jibrin Abdu,2025,,"Network Intrusion Detection Systems (NIDS) play a crucial role in IoT security. In recent years, deep learning-based intrusion detection systems have demonstrated excellent performance. However, the high computational and storage requirements make these impractical for most IoT devices. To address this pressing issue, we propose PNet-IDS, a novel lightweight convolutional neural network (CNN)- based method to reduce computational complexity and optimize on-device resource usage for real-time intrusion detection. The key contribution of the proposed method is the reduced number of floating point operations (FLOPs) and effective utilization of on-device computational resources at high accuracies and precision, making PNet-IDS lightweight and efficient for real-time next generation IoT intrusion detection. Moreover, PNet-IDS’ robustness against distribution shifts in network traffic is enhanced by through a knowledge distillation framework. Comprehensive experimental evaluations using the popular BoT-IoT and CIC-IDS2017 benchmark datasets prove the superiority of the proposed PNet-IDS over competitive related methods in terms of reduced parameters count, reduced FLOPs, reduced model size while maintaining high accuracy and precision. By combining PNet-IDS’ efficiency with knowledge distillation’s adaptability, the proposed method offers a scalable and resilient solution for IoT intrusion detection.",,,IEEE Access,10.1109/access.2025.3575705,https://pure.kfupm.edu.sa/en/publications/ac9ca355-4149-4385-9c3b-99713aecd68b,KFUPM Pure (OAI-PMH)
KFUPM_b341c494-f536-476e-9c56-32dc06a9a1ae,King Fahd University of Petroleum and Minerals,Explainable AI for Lightweight Network Traffic Classification Using Depthwise Separable Convolutions,Mustafa Ghaleb; Mosab Hamdan; Abdulaziz Y. Barnawi; Muhammad Gambo; Abubakar Danasabe; Saheed Bello; Aliyu Habib,2025,,"With the rapid growth of internet usage and the increasing number of connected devices, there is a critical need for advanced Network Traffic Classification (NTC) solutions to ensure optimal performance and robust security. Traditional NTC methods, such as port-based analysis and deep packet inspection, struggle to cope with modern network complexities, particularly dynamic port allocation and encrypted traffic. Recently, Convolutional Neural Networks (CNN) and Recurrent Neural Networks (RNN) have been employed to develop classification models to accomplish this task. Existing models for NTC often require significant computational resources due to their large number of parameters, leading to slower inference times and higher memory consumption. To overcome these limitations, we introduce a lightweight NTC model based on Depthwise Separable Convolutions and compare its performance against CNN, RNN, and state-of-the-art models. In terms of computational efficiency, our proposed lightweight CNN exhibits a markedly reduced computational footprint. It utilizes only 30,611 parameters and 0.627 MFLOPS, achieving inference times of 1.49 seconds on the CPU and 0.43 seconds on the GPU. This corresponds to roughly 4× fewer FLOPS than the RNN baseline and 16× fewer than the CNN baseline, while also offering an ultracompact design compared to state-of-the-art models. Such efficiency makes it exceptionally well-suited for real-time applications in resource-constrained environments. In addition, we have integrated eXplainable Artificial Intelligence techniques, specifically LIME and SHAP, to provide valuable insights into model predictions. LIME and SHAP help interpret the contribution of each feature in decision-making, enhancing the transparency and trust in the model’s predictions, without compromising its lightweight nature. To support reproducibility and foster collaborative development, all associated code and resources have been made publicly available.",,,IEEE Open Journal of the Computer Society,10.1109/ojcs.2025.3576495,https://pure.kfupm.edu.sa/en/publications/b341c494-f536-476e-9c56-32dc06a9a1ae,KFUPM Pure (OAI-PMH)
KFUPM_2ee974a1-ece3-4f2e-a8d3-a085340947fb,King Fahd University of Petroleum and Minerals,Bridging Connectivity Gaps: HAP-Based Network With Parallel FSO-RF Transmission for Ubiquitous Internet Access,Ramy Samy; Fayez Gebali; Hong Chuan Yang; Fang Xu; Khaled M. Rabie; Basem M. ElHalawany,2025,,"High-altitude platform (HAP)-based networks can be a flexible and cost-effective alternative to satellite systems for future connectivity. This paper proposes a reliable HAP-based solution for providing ubiquitous Internet coverage over wide areas. We combine free-space optical (FSO) and radio frequency (RF) links to exploit their complementary properties. The proposed network uses a primary HAP (P-HAP) for dedicated FSO and RF transmissions and a backup HAP (B-HAP) to provide extra access when the primary FSO suffers outages. The FSO links support high-data-rate transmissions to access points in densely populated regions. Meanwhile, the RF link ensures ubiquitous coverage, enabling connectivity for dispersed users who would otherwise be challenging and costly to reach. Due to the low altitude of HAPs, these users can access the Internet using conventional mobile phones without requiring additional terrestrial infrastructure. We develop an analytical model for packet transmission over the FSO and RF links via P-HAP and B-HAP. Important performance metrics are derived, such as throughput, loss probability, resource utilization, packet error rate, and goodput. Extensive Monte Carlo simulations are presented to verify the analytical results.","SDG 9 - Industry, Innovation, and Infrastructure",,IEEE Open Journal of the Communications Society,10.1109/ojcoms.2025.3578883,https://pure.kfupm.edu.sa/en/publications/2ee974a1-ece3-4f2e-a8d3-a085340947fb,KFUPM Pure (OAI-PMH)
KFUPM_ce26e467-318c-4adf-ad7a-7233fd9909ea,King Fahd University of Petroleum and Minerals,Reflection of Harmonic Waves in a Nonlocal Rotating Micropolar Medium with Constant Magnetic Field under Three-phase-lag Theory with Temperature Dependent Elastic Model,Ambreen A. Khan; Sadiq M. Sait; R. Ellahi,2025,,"The reflection of harmonic waves, like sound or light, has diverse applications, including sonar for object location, understanding seismic waves in geophysics, and even in the human eye's ability to see. The reflection of plane waves with constant material properties is available in existing literature, but very little attention has been given to the temperature-dependent modulus of elasticity. A novel model is proposed to study the propagation of harmonic plane waves through a nonlocal micropolar medium with temperature-dependent material properties. The influence of nonlocality, rotation effects, and the constant magnetic field is also taken into account. The precise formulations of the field quantities are presented and examined using the normal mode approach. The phase lag (TPL) theory is applied to model and solve the governing equations. The effects of rotation, temperature-dependent constants, and the nonlocality parameter on the different physical quantities have been examined and displayed graphically. Energy ratios are also computed by using the amplitude ratios. It is concluded that in a nonlocal, rotating, micropolar medium, reflection of harmonic waves provides four coupled quasi-waves, namely, quasi-transverse, quasi-longitudinal, quasi-micro rotational, and quasi-thermal, with different speeds, and the energy ratios and reflection coefficients are affected by nonlocal parameters, rotation, and micropolarity.",,,Journal of Computational Applied Mechanics,10.22059/jcamech.2025.395439.1478,https://pure.kfupm.edu.sa/en/publications/ce26e467-318c-4adf-ad7a-7233fd9909ea,KFUPM Pure (OAI-PMH)
KFUPM_3adb44d3-9165-40bb-9e4b-0f18287b1dbe,King Fahd University of Petroleum and Minerals,A Multi-Layer Non-Terrestrial Networks Architecture for 6G and Beyond Under Realistic Conditions and With Practical Limitations,Faical Khennoufa; Khelil Abdellatif; Halim Yanikomeroglu; Metin Ozturk; Taissir Elganimi; Ferdi Kara; Khaled Rabie,2025,,"In order to bolster the next generation of wireless networks, there has been a great deal of interest in non-terrestrial networks (NTN), including satellites, high altitude platform stations (HAPS), and uncrewed aerial vehicles (UAV). To unlock their full potential, these platforms can integrate advanced technologies such as reconfigurable intelligent surfaces (RIS) and next-generation multiple access (NGMA). However, in practical applications, transceivers often suffer from radio frequency (RF) impairments, which limit system performance. In this regard, this paper explores the potential of multi-layer NTN architecture to mitigate path propagation loss and improve network performance under hardware impairment limitations. First, we present current research activities in the NTN framework, including RIS, multiple access technologies, and hardware impairments. Next, we introduce a multi-layer NTN architecture with hardware limitations. This architecture includes HAPS super-macro base stations (HAPS-SMBS), UAVs–equipped with passive or active transmissive RIS–, and NGMA techniques, like non-orthogonal multiple access (NOMA), as the multiple access techniques to serve terrestrial devices. Additionally, we present and discuss potential use cases of the proposed multi-layer architecture considering hardware impairments. The multi-layer NTN architecture combined with advanced technologies, such as RIS and NGMA, demonstrates promising results; however, the performance degradation is attributed to RF impairments. Finally, we identify future research directions, including RF impairment mitigation, UAV power management, and antenna designs.",,,IEEE Internet of Things Magazine,10.1109/miot.2025.3575923,https://pure.kfupm.edu.sa/en/publications/3adb44d3-9165-40bb-9e4b-0f18287b1dbe,KFUPM Pure (OAI-PMH)
KFUPM_db3a26f4-3cf7-40be-b1e9-f55326cc3dc7,King Fahd University of Petroleum and Minerals,Publish/Subscribe-Middleware-Based Intelligent Transportation Systems: Applications and Challenges,Basem Almadani; Ekhlas Hashem; Raneem R. Attar; Farouq Aliyu; Esam Al-Nahari,2025,,"Countries are embracing intelligent transportation systems (ITSs), the application of information and communication technologies to transportation, to address growing challenges in urban mobility, congestion, safety, and sustainability. Architecture Reference for Cooperative and Intelligent Transportation (ARC-IT) is a notable ITS framework comprising Enterprise, Functional, Physical, and Communications Views (or layers). This review focuses on the Communications View, examining how publish/subscribe middleware enhances ITS through the communication layer. It identified application areas across ITS infrastructure, transportation modes, and communication technologies, and highlights key challenges. In the infrastructure domain, publish/subscribe middleware enhances responsiveness and real-time processing in systems such as traffic surveillance, VANETs, and road sensor networks, especially when replacing legacy infrastructure is cost-prohibitive. Moreover, the middleware supports scalable, low-latency communication in land, air, and marine modes, enabling public transport coordination, cooperative driving, and UAV integration. At the communications layer, publish/subscribe systems facilitate interoperable, delay-tolerant data dissemination over heterogeneous platforms, including 4G/5G, ICN, and peer-to-peer networks. However, integrating publish/subscribe middleware in ITS has several challenges, including privacy risks, real-time data constraints, fault tolerance, bandwidth limitations, and security vulnerabilities. This paper provides a domain-informed foundation for researchers and practitioners developing resilient, scalable, and interoperable communication systems in next-generation ITSs.","SDG 9 - Industry, Innovation, and Infrastructure; SDG 11 - Sustainable Cities and Communities; SDG 17 - Partnerships for the Goals",,Applied Sciences (Switzerland),10.3390/app15126449,https://pure.kfupm.edu.sa/en/publications/db3a26f4-3cf7-40be-b1e9-f55326cc3dc7,KFUPM Pure (OAI-PMH)
KFUPM_de8c4ff2-8efc-4582-bddb-a349b53ced0a,King Fahd University of Petroleum and Minerals,IBN-ZTSA: AI-IBN for Zero Touch Service Automation of B5G Terrestrial and Non-Terrestrial Networks,Khizar Abbas; Yeongpil Cho; Muhammad Afaq; Ali Nauman; Jae Hyoung Yoo; James Won Ki Hong; Wang Cheol Song,2025,,"Accommodating novel and diverse services with different quality of service requirements (QoS), including Web 3.0, metaverse, AR/VR, smart industries, smart hospitals, etc., is very challenging for Beyond 5G (B5G) networks. These services require high-speed, lowlatency, and seamless connectivity. Conversely, network slicing in B5G networks is the best candidate to support these services by providing dedicated resources. However, automatically orchestrating and managing network slicing for these services is challenging. Therefore, this article presents a closed-loop and zero-touch Intent-Based Networking (IBN) architecture named IBN-ZTSA for network slice design and orchestration over multidomain infrastructure terrestrial and non- terrestrial networks (NTN). IBN-ZTSA automatically performs commissioning, activating, monitoring, and decommissioning end-to-end (e2e) slices. Moreover, we have integrated an Artificial Intelligence (AI) empowered network data analytics mechanism with IBN to enable network intelligence for proactive management and control. Finally, we performed several experiments by creating end-to-end (e2e) slices through the IBN-ZTSA mechanism, which shows satisfactory performance in automated service provisioning, resource allocation, and resource management.","SDG 9 - Industry, Innovation, and Infrastructure",,IEEE Communications Standards Magazine,10.1109/mcomstd.2025.3568906,https://pure.kfupm.edu.sa/en/publications/de8c4ff2-8efc-4582-bddb-a349b53ced0a,KFUPM Pure (OAI-PMH)
KFUPM_9739229b-aee5-44b6-8deb-599e0f1e95eb,King Fahd University of Petroleum and Minerals,Behavioral and Propagation-Based Analysis of APT Attacks for Effective Attack Attribution,Mohammed Rauf Ali Khan; Ahmad Almulhem,2025,,"Various advanced persistent threat (APT) groups are emerging with different tactics, techniques, and procedures (TTPs) for targeting enterprises and organizations. Traditional methods that use either static or dynamic analysis might struggle to detect polymorphic and packed zero-day attacks. In this paper, we propose an approach that allows mal ware analysts to consider all aspects of an attack, including not just sample analysis but also a view into TTP-based attack vectors. By correlating observed TTPs with known threat intelligence, our approach facilitates attack attribution, helping analysts identify the threat actor behind an attack campaign. We applied our approach to a recent APT attack by the Black Basta group on Keytronics, which utilized unique delivery mechanisms for initial access. This paper then describes the entire attack vector, explaining how email bombing was used to deliver payloads like SystemBC and Black Basta ransomware. We also list the indicators of compromise, command and control traffic, persistence mechanisms, detection rules, and other unique identifiers from this attack campaign. By integrating sample-based analysis with TTP-based attack vector examination, our approach enhances existing attribution methods, providing a more comprehensive perspective on APT attack strategies.",,,ISDFS 2025 - 13th International Symposium on Digital Forensics and Security,10.1109/isdfs65363.2025.11012042,https://pure.kfupm.edu.sa/en/publications/9739229b-aee5-44b6-8deb-599e0f1e95eb,KFUPM Pure (OAI-PMH)
KFUPM_0182e14e-3458-431a-8bb9-f117c3000a3d,King Fahd University of Petroleum and Minerals,Rainfall Prediction Using Integrated Machine Learning Models With K-Means Clustering: A Representative Case Study of Harirud Murghab Basin-Afghanistan,Ziaul Haq Haq Doost; Ali Alsuwaiyan; Abdulazeez Abdulraheem; Nabil M. Al-Areeq; Zaher Mundher Yaseen,2025,,"Accurate rainfall prediction was essential for effective water resource management and disaster preparedness, especially in regions with limited observational data such as Afghanistan. This study objective was to develop a reliable rainfall prediction machine learning (ML) model by integrating satellite-derived meteorological data with ground-based observational rainfall data. Four ML models including Gradient Boosting Regressor (GBR), Hist Gradient Boosting Regressor (HGBR), Random Forest Regressor (RFR), and Xtreme Gradient Boosting Regressor (XGBR) were used. The models were evaluated at three stations (Nazdik-i Herat, Shinya, and Torghundi) using coefficient of determination (R2), mean squared error (MSE), root mean squared error (RMSE), Mean absolute error (MAE), and median absolute error (MedAE) as evaluation metrics. Results showed at Nazdik-i Herat station, HGBR model achieved R2 of 0.90 for training phase and 0.83 for testing phase, RMSE of 7.35 and 10.25, and MAE of 5.41 and 6.45 for training and testing phases respectively. At Shinya station, HGBR model obtained an R2 of 0.76 and 0.76, RMSE of 10.91 and 9.51, and MAE of 6.25 and 7.44 for training and testing phases respectively. At Torghundi station, this model recorded R2 of 0.92 and 0.80, RMSE of 5.51 and 8.54, and MAE of 3.97 and 5.97 for training and testing phases respectively. While other models showed good performance, HGBR was the only model that consistently maintained high accuracy and low error across both training and testing phases at all stations. Making it the best performing model for monthly rainfall prediction in the region. This study contributed scientifically by showing the effectiveness of satellite data and advanced ML models in monthly rainfall prediction for data-limited regions. Practically, it enables a cost-effective alternative to physical rain gauge installations by offering a reliable method to estimate monthly rainfall in order to support irrigation planning, water resource management, and disaster preparedness in climate-vulnerable regions.",SDG 6 - Clean Water and Sanitation; SDG 13 - Climate Action,,IEEE Access,10.1109/access.2025.3581921,https://pure.kfupm.edu.sa/en/publications/0182e14e-3458-431a-8bb9-f117c3000a3d,KFUPM Pure (OAI-PMH)
KFUPM_c4f4b424-51a5-45ce-8857-4b5f832be73e,King Fahd University of Petroleum and Minerals,AdvSpoofGuard: Optimal transport driven robust face presentation attack detection system,Taha Hasan Masood Siddique; Shujaat Khan; Zeyu Wang; Kejie Huang,2025,2025-09-27,"The increasing demand for face recognition systems across various domains underscores the critical need for secure and reliable face anti-spoofing systems. Common spoofing attacks include the use of printed photographs, videos, 3D masks, paper masks, partial tattoos/glasses, and makeup. Designing face anti-spoofing or face presentation attack detection (face PAD) systems involves utilizing multiple datasets, where all images that are not real must be considered fake. However, generating a large and diverse presentation attack dataset is costly. To improve model security, we present a novel robust face anti-spoofing system called AdvSpoofGuard, which aims at mitigating presentation attacks generated by deep generative models. Our proposed method leverages adversarial meta-training to enhance overall robustness. We conducted extensive experiments to evaluate the performance of our method on various face anti-spoofing datasets. The results demonstrate that our optimal transport (OT)-driven CycleGAN-based adversarial meta-learning approach improves classification across different domains and types of attacks, outperforming state-of-the-art methods in performance gain and defense against adversarial attacks.",,,Knowledge-Based Systems,10.1016/j.knosys.2025.113759,https://pure.kfupm.edu.sa/en/publications/c4f4b424-51a5-45ce-8857-4b5f832be73e,KFUPM Pure (OAI-PMH)
KFUPM_2bdf3907-57a5-42fe-a4db-89cd8772ebcc,King Fahd University of Petroleum and Minerals,DDoS Attack Detection in IoT: A Comparative Resource and Performance Analysis of Deep Learning and Machine Learning Models,Amer Abulhassan; Irfan Rashid; Muhammad Imam; Farid Binbeshr,2025,,"The proliferation of Internet of Things (IoT) devices has increased susceptibility to Distributed Denial of Service (DDoS) attacks, exposing the limitations of traditional security mechanisms such as firewalls and rule-based intrusion detection systems (IDS), which often fail due to static rules and limited adaptability in resource-constrained environments. To address these challenges, this study introduces a lightweight IDS leveraging advanced deep learning techniques, including lightweight convolutional neural networks (CNNs) such as MobileNetV3, EfficientNetB0, and other models like CNN and Xception. The proposed IDS employs different lightweight deep learning models on image representations of network traffic data and machine learning models on tabular CSV representations of the same data. The primary challenge stems from the balance of high detection accuracy with the computational efficiency required for real-time IDS deployment in constrained IoT environments. This study proposes a dual-format comparative approach to assess how data representation image-based for deep learning and tabular for traditional machine learning influences detection performance and resource utilization. The evaluation is conducted using the CIC-DDoS2019 dataset, measuring detection metrics including accuracy, precision, recall, and AUC, as well as resource efficiency metrics such as inference time, memory usage, and CPU consumption. The results demonstrate that although lightweight deep learning models like MobileNetV3 and EfficientNetB0 deliver near-perfect AUC scores, their inference times are still too high for real-time applications. Conversely, traditional machine learning models such as Random Forest and SVM provide significantly faster inference with minimal resource consumption, making them better suited for real-time IDS deployment.",SDG 12 - Responsible Consumption and Production,,IEEE Access,10.1109/access.2025.3583855,https://pure.kfupm.edu.sa/en/publications/2bdf3907-57a5-42fe-a4db-89cd8772ebcc,KFUPM Pure (OAI-PMH)
KFUPM_b9aa1574-7191-499e-af5b-5cacacbb45b0,King Fahd University of Petroleum and Minerals,Heat transfer analysis on peristaltically driven motion of particle-fluid suspension in Newtonian fluid using curvilinear coordinates bounded by slip boundary: Applications in drug delivery through blood vessels,Ambreen A. Khan; S. Z. Satti; R. Ellahi; S. M. Sait,2025,,"The heat transfer analysis of peristaltic flow with particle-fluid suspension of Newtonian fluid is carried out. The fluid is passing through the curved channel, and the walls of the channel exhibit wavy features for fluid passage. Furthermore, this study incorporates the slip effects on boundary conditions. To make the system steady, the unsteady coordinates are transformed into wave frame coordinates. The supposition of long wavelength along with low Reynolds number is used to obtain analytical solutions for the velocity and the thermal distribution of both phases, the mean flow rates, and the pressure gradient. The pressure rise is evaluated using a numerical approach. The graphs for various parameters are drawn to analyze their impact on velocity and temperature of both phases. It is observed that temperature significantly affects biofluid dynamics, primarily by influencing the viscosity of fluids like blood and other biological fluids. Higher temperatures generally reduce viscosity, leading to increased flow rates. This is because increased thermal energy allows molecules to move more freely, reducing the resistance to flow. This investigation also provides a deeper understanding of the interaction between fluid and solid particles, offering advancements in both theoretical modeling and practical pharmaceutical systems, with direct applications in drug delivery through blood vessels.",,,International Communications in Heat and Mass Transfer,10.1016/j.icheatmasstransfer.2025.109362,https://pure.kfupm.edu.sa/en/publications/b9aa1574-7191-499e-af5b-5cacacbb45b0,KFUPM Pure (OAI-PMH)
KFUPM_83033e70-8b65-44d3-b068-5cc77d463800,King Fahd University of Petroleum and Minerals,Edge-Based Detection of Label Flipping Attacks in Federated Learning Using Explainable AI,Nourah Saad Alotaibi; Muhamad Felemban; Sajjad Mahmood,2025,,"Federated Learning (FL) is a decentralized machine learning approach that enables collaborative training among distributed clients while preserving data privacy, making it increasingly popular for privacy-sensitive applications over traditional centralized models. However, it introduces new security vulnerabilities that challenge conventional approaches to software vulnerability management. Among these, label flipping attacks (LFAs) - where malicious clients intentionally mislabel data - pose a unique threat to the integrity of FL models. This study presents an AI-driven, edge-based vulnerability detection technique, leveraging explainable AI (XAI) techniques to enhance edge-based security within FL environments. Our method combines Grad-CAM visualizations with DBSCAN clustering to analyze class-specific behavior across clients. By detecting anomalies in Grad-CAM activation patterns, we identify malicious clients with flipped class labels, exploiting patterns in their Grad-CAM heatmaps. This approach is particularly robust against LFAs, examining each class independently and capturing patterns without relying on global model behavior. Empirical results on benchmark datasets such as MNIST and FashionMNIST demonstrate that our method accurately detects LFAs, even when malicious clients constitute a substantial portion of the network. This class-specific, XAI-driven approach contributes to the security of FL by offering an explainable, and scalable solution for managing vulnerabilities in distributed AI systems.",,,"Proceedings - 2025 IEEE/ACM 3rd International Workshop on Software Vulnerability Management, SVM 2025",10.1109/svm66695.2025.00005,https://pure.kfupm.edu.sa/en/publications/83033e70-8b65-44d3-b068-5cc77d463800,KFUPM Pure (OAI-PMH)
KFUPM_fa13eb04-d56d-4edb-9aac-a29d470edb8a,King Fahd University of Petroleum and Minerals,A Mini-Review of Methods for Forecasting Post Routing Congestion from Placement in FPGA Physical Design,Umair F. Siddiqi; Sadiq M. Sait,2025,,"Placement and routing are two time-consuming steps in the FPGA physical design flow and can take hours or even days. The placement steps map the logic elements of the netlist onto the computational resources of the FPGA, and the routing step is responsible for finding paths to connect the logic blocks through the FPGA routing fabric. The routing resources have a fixed capacity; using them beyond their capacity results in congestion. Congestion can cause routing failures and make it difficult to achieve timing closure and the placement algorithms should produce solutions that do not generate congestion in routing. Researchers have employed many approaches, from elementary ways (e.g., counting the number of pins) to accurate artificial intelligence-driven methods. This article categorizes congestion estimation methods developed over the last 25 years, providing an overview and survey of methods belonging to each category. To aid in understanding, simple experiments are included to illustrate each method's application. Finally, the article concludes by outlining potential future research directions in the field.",,,"2025 6th International Conference on Artificial Intelligence, Robotics, and Control, AIRC 2025",10.1109/airc64931.2025.11077527,https://pure.kfupm.edu.sa/en/publications/fa13eb04-d56d-4edb-9aac-a29d470edb8a,KFUPM Pure (OAI-PMH)
KFUPM_e70ea49d-c438-4db0-938f-c72615894c7c,King Fahd University of Petroleum and Minerals,Aircraft wing rib component optimization using artificial neural network-assisted superb fairy-wren algorithm,Pranav Mehta; Sadiq M. Sait; Dildar Gürses; Ali Rlza Ylldlz,2025,2025-09-01,"Optimization techniques are crucial in industrial engineering, particularly in addressing complex design and operational challenges. Traditional optimization methods often struggle with high computational costs, poor convergence rates, and multimodal fitness functions. To overcome these limitations, nature-inspired metaheuristic algorithms have gained popularity. This study introduces a modified artificial neural network-assisted superb fairy-wren optimization algorithm (MSFWOA) to enhance the search and exploitation capabilities of the standard superb fairy-wren optimizer. The algorithm integrates artificial neural networks (ANNs) to improve solution accuracy and convergence efficiency. The effectiveness of MSFWOA is demonstrated through its application to industrial optimization problems, including heat exchanger cost minimization, reinforced concrete beam structural optimization, piston lever volumetric optimization, pressure vessel design, and aircraft wing rib component structural optimization. Comparative analysis with existing metaheuristic algorithms highlights the superior performance of MSFWOA in achieving optimal solutions with reduced computational cost and higher precision.",,,Materialpruefung/Materials Testing,10.1515/mt-2025-0135,https://pure.kfupm.edu.sa/en/publications/e70ea49d-c438-4db0-938f-c72615894c7c,KFUPM Pure (OAI-PMH)
KFUPM_59e1cd45-bedd-46e2-9f6c-492553c55525,King Fahd University of Petroleum and Minerals,A Lightweight Deep Learning Model for Retinopathy of Prematurity Classification in eHealth Applications,Neazmul Mowla; Md Najmul Mowla; Khaled Rabie; Belal Alsinglawi,2025,,"Retinopathy of Prematurity (ROP) is a vision-threatening condition in premature infants requiring timely and accurate diagnosis to prevent blindness. While electronic health (eHealth) technologies promise to improve neonatal care, automating ROP diagnosis faces challenges such as limited labeled datasets, architectural complexity, and high computational demands. This study introduces LightEyeNet, a lightweight deep-learning architecture optimized for eHealth applications in ROP severity classification. By integrating DenseNet121 and a channel-wise residual attention network block, LightEyeNet enhances diagnostic accuracy and efficiency. Explainable AI techniques, including Grad-CAM and LIME, further improve transparency and clinical interpretability. LightEyeNet achieves 96.28% testing accuracy, outperforming state-of-the-art pre-trained networks, including DenseNet201 (95.78%, + 0.5%), Inception-V3 (93.80%, + 2.48%), Xception (94.54%, + 1.74%), and EfficientDense (87.10%, + 9.18%). Furthermore, LightEyeNet is the most compact architecture among these, with a size of 2.45 MB, compared to Efficient-Dense (6.88 MB), Inception-V3 (3.56 MB), Xception (21.48 MB), and DenseNet201 (5.05 MB). With a specificity of 0.99, a sensitivity of 0.95, and an AUC score of 0.99 across five ROP severity classes, LightEyeNet demonstrates a balance of superior performance and efficiency.",SDG 3 - Good Health and Well-being,,"21st International Wireless Communications and Mobile Computing Conference, IWCMC 2025",10.1109/iwcmc65282.2025.11059591,https://pure.kfupm.edu.sa/en/publications/59e1cd45-bedd-46e2-9f6c-492553c55525,KFUPM Pure (OAI-PMH)
KFUPM_f62e410c-a49a-4afb-b505-6a225a4570e6,King Fahd University of Petroleum and Minerals,Optimal Clustering and Mobile BS Deployment Through Improved PSO,Gamil Ahmed; Farid Binbeshr; Maged S. Al-Quraishi; Ahmed Eltayeb; Nezar M. Alyazidi; Mahmoud S. AbouOmar; Tarek Sheltami,2025,,"With the rapid advancement of technology, wireless sensor networks (WSNs) have become a prominent focus of research and development, playing a vital role in a wide range of modern sensing applications. However, their performance is often constrained by the limited energy resources of sensor nodes (SNs), significantly affecting network lifetime, particularly when the base station (BS) is located far from the sensing area. This excessive energy demand significantly reduces the overall network lifetime. Unmanned aerial vehicles (UAVs) have emerged as a promising solution to address the limitations of fixed base stations in WSNs by serving as aerial base stations. To tackle the aforementioned challenges, this paper formulates the problem as two sub-problems: clustering optimization and the strategic deployment of UAVs as aerial base stations. These problems are known to be NP-hard and cannot be solved utilizing a deterministic approach. Thus, we propose applying improved particle swarm optimization (IPSO) to tackle clustering and deployment issues, minimizing energy consumption and prolonging the sensor network’s lifespan. The simulation results of optimal clustering show significant improvement in network life time and energy consumption. Results of comparison demonstrate that the proposed algorithm outperforms the PSO, LEACH_GA algorithms in terms of the lifespan of the network and the remaining energy consumption, reaching 33.5% and 17.4% for the first node to die. Moreover, the results of UAV-assisted demonstrate a significant improvement in remaining energy consumption and network lifetime reaching 54.3% and 87.3453%, respectively. A one-way ANOVA test and 95% confidence intervals validate the statistical significance of the proposed approach performance.",,,Arabian Journal for Science and Engineering,10.1007/s13369-025-10379-4,https://pure.kfupm.edu.sa/en/publications/f62e410c-a49a-4afb-b505-6a225a4570e6,KFUPM Pure (OAI-PMH)
KFUPM_407c8dfb-83e7-486a-b884-c9cfea34b8f3,King Fahd University of Petroleum and Minerals,THERMAL ANALYSIS OF TWO-PHASE MHD FLOW DUE TO CILIARY MOVEMENT WITH VISCOUS DISSIPATION IN THE PRESENCE OF HEAT SOURCE/SINK,Ambreen Afsar Khan; Sabah Noor; Rahmat Ellahi; Sadiq M. Sait,2025,,"In this article, heat transfer analysis of two-layered incompressible fluid flow caused by the ciliary movement through a channel is carried out. The first layer is of Jeffrey fluid, whereas the second layer is of viscous fluid. A mathematical model under the effects of heat source, magnetic field, and viscous dissipation is formed. The system of nonlinear partially coupled differential equations is tackled by using lubrication assumptions. The exact solutions for temperature and velocity profiles for each fluid flow are obtained. It is seen that the velocity in both layers decreases with a rise in the magnetic field. The temperature rises for Brinkman number and declines for Prandtl number. Antiplectic and symplectic wave patterns for varying magnetic field and fluid parameters are also examined. It is also observed that antiplectic waves are more adept at transporting fluid than symplectic waves.",,,Journal of Enhanced Heat Transfer,10.1615/jenhheattransf.2025057351,https://pure.kfupm.edu.sa/en/publications/407c8dfb-83e7-486a-b884-c9cfea34b8f3,KFUPM Pure (OAI-PMH)
KFUPM_d475173d-eda0-489e-b78a-5070375475fc,King Fahd University of Petroleum and Minerals,Artificial neural network-infused polar fox algorithm for optimal design of vehicle suspension components,Sadiq M. Sait; Pranav Mehta; Betül Sultan Ylldlz; Ali Rlza Ylldlz,2025,2025-08-01,"Optimizing real-world engineering design challenges is inherently complex and difficult, especially when optimal solutions are expected. To this end, the creation of new and efficient optimization algorithms is not an option but a necessity. This paper presents an improved version of the recently developed Polar fox optimization technique. The addition of dynamic adversarial learning improves the dynamic adversarial learning Polar fox optimization algorithm by improving the performance of the algorithm to optimize real-world optimization problems not only very quickly but also accurately. Using test problems from the field of engineering disciplines, such as car crash test, welded beam structure, three-bar truss, and cantilever beam problem, the new optimizer known as the modified Polar fox optimization algorithm (MPROA) was validated before being used to optimize an automobile suspension arm. MPROA achieved superior results in achieving the goal quickly and accurately and proved its potential to solve complex engineering problems. Moreover, the comparison will also reveal the power of the MPROA developed in this work to tackle multiple issues that constrained the reach of a globally optimal solution.",SDG 3 - Good Health and Well-being,,Materialpruefung/Materials Testing,10.1515/mt-2025-0043,https://pure.kfupm.edu.sa/en/publications/d475173d-eda0-489e-b78a-5070375475fc,KFUPM Pure (OAI-PMH)
KFUPM_69a8dbae-0e90-4fbb-a2a6-b459ffc3476c,King Fahd University of Petroleum and Minerals,An Effective MIMO Antenna Design for 5G and Beyond,A. F.M. Shahen Shah; Dunya Jassim Al Bu Mohammed; Al Sakib Khan Pathan; Khaled Rabie,2025,,"The development of sustainable and resilient networking and communication technologies, artificial intelligence, dispersed computing, and beyond 5th Generation (5G) are expected to play a crucial role in the realization of Industry 5.0. More specifically, antennas are recognized as a vital technology to support the continuously growing demand for 5G/6G connectivity and data rates. In the development of wireless communication systems, an effective antenna design is critical. In this work, we present the design and modeling of a hexagonal microstrip antenna for using in ultra-wide band applications such as 5G mobile networks. The hexagonal geometry is selected over conventional rectangular or circular designs due to its superior harmonic suppression, enhanced bandwidth scalability, and symmetric radiation patterns, which mitigate cross-polarization and improve multi-band performance. The suggested antenna has a frequency range of 3.3 GHz to 4.5 GHz with percentage bandwidth of 36.36%, dimensions of 20 mm × 14 mm, and is built on an FR-4 substrate, with a relative permittivity of 4.3, and of 1.6 mm in height. The printed antenna size is of 18.9mm × 2.3mm which represents the dipole and hexagon shape heights times the dipole width. It is expected that this antenna will operate in two notched bands with resonance frequencies of 3.3 GHz and 4.5 GHz and a Voltage Standing Wave Ratio (VSWR) of less than 2. The proposed antenna, which has been expanded to be a Multiple-Input Multiple-Output (MIMO) antenna, was created and modeled using Computer Simulation Technology (CST) Microwave Studio. The comparison against the recent works shows the efficiency of the proposed design. Overall, the proposed antenna has bandwidth of 1.2 GHz with gain of 3.5.","SDG 9 - Industry, Innovation, and Infrastructure",,Journal of Communications,10.12720/jcm.20.4.403-414,https://pure.kfupm.edu.sa/en/publications/69a8dbae-0e90-4fbb-a2a6-b459ffc3476c,KFUPM Pure (OAI-PMH)
KFUPM_37819259-0139-40e3-a764-f275ecb365cf,King Fahd University of Petroleum and Minerals,Battery box design of electric vehicles using artificial neural network-assisted catch fish optimization algorithm,Dildar Gürses; Pranav Mehta; Sadiq M. Sait; Ali Rlza Ylldlz,2025,2025-09-01,"In engineering and other fields, metaheuristic algorithms are increasingly used to solve challenging optimization problems. High-dimensional and multimodal issues are complex for traditional optimization techniques, which has led to the development of hybrid metaheuristics that are improved by artificial neural networks (ANNs). To improve search efficiency and solution accuracy, this work presents an ANN-assisted Catch Fish Optimization Algorithm (MCFOA), which draws inspiration from conventional fishing methods. Numerous engineering applications, such as the optimal design of the side profile of an electric vehicle battery box, shell and tube heat exchanger, industrial gear optimization, and welded beam cost minimization, show off the efficacy of MCFOA. For the novel battery case problems, the modified optimizer realized a 20% improvement in the design compared to the initial design, as well as a 4.5% improvement compared to the Starfish optimizer. Moreover, for the engineering design problems, the modified optimizer realized 4-10% better results in terms of the best values of the fitness function. This shows the applicability and implementation of the proposed optimizer for the optimization of real-world engineering problems.",SDG 7 - Affordable and Clean Energy,,Materialpruefung/Materials Testing,10.1515/mt-2025-0075,https://pure.kfupm.edu.sa/en/publications/37819259-0139-40e3-a764-f275ecb365cf,KFUPM Pure (OAI-PMH)
KFUPM_e208e6bf-8b3d-4701-8399-306154d4f24b,King Fahd University of Petroleum and Minerals,Artificial neural network-assisted supercell thunderstorm algorithm for optimization of real-world engineering problems,Sadiq M. Sait; Pranav Mehta; Dildar Gürses; Ali Riza Yildiz,2025,2025-09-01,"This study presents an artificial neural network (ANN)-assisted modified supercell thunderstorm optimizer (MSTO) for solving complex industrial component optimization problems. Inspired by the natural phenomena of spiral motion, tornado formation, and jet streams within supercell thunderstorms, the STO algorithm is enhanced with ANN integration to improve exploration, exploitation, and convergence rates. The algorithm is validated across five constrained engineering problems: cantilever beam optimization, industrial grinding cost optimization, tubular column design, diaphragm spring weight minimization, and fin and tube heat exchanger (FTHE) cost optimization. These results confirm MSTO's superior performance over recent metaheuristics, highlighting its potential for high-precision, stable, and efficient solutions across structural, thermal, and mechanical design domains.",,,Materialpruefung/Materials Testing,10.1515/mt-2025-0182,https://pure.kfupm.edu.sa/en/publications/e208e6bf-8b3d-4701-8399-306154d4f24b,KFUPM Pure (OAI-PMH)
KFUPM_5e85b131-4dfd-4747-883e-03a09d377055,King Fahd University of Petroleum and Minerals,EcoWeedNet: A Lightweight and Automated Weed Detection Method for Sustainable Next-Generation Agricultural Consumer Electronics,Omar H. Khater; Abdul Jabbar Siddiqui; M. Shamim Hossain; Aiman El-Maleh,2025,,"Sustainable agriculture plays a crucial role in ensuring world food security for consumers. A critical challenge faced by sustainable precision agriculture is weed growth, as weeds compete for essential resources with crops, such as water, soil nutrients, and sunlight, which notably affect crop yields. The adoption of automated computer vision technologies and ground agricultural consumer electronic vehicles in precision agriculture offers sustainable, low-carbon solutions. However, prior works suffer from issues such as low accuracy and precision, as well as high computational expense. This work proposes EcoWeedNet, a novel model that enhances weed detection performance without introducing significant computational complexity, aligning with the goals of low-carbon agricultural practices. The effectiveness of the proposed model is demonstrated through comprehensive experiments on the CottonWeedDet12 benchmark dataset, which reflects real-world scenarios. EcoWeedNet achieves performance comparable to that of large models (mAP@0.5 = 95.2%), yet with significantly fewer parameters (approximately 4.21% of the parameters of YOLOv4), lower computational complexity and better computational efficiency (6.59% of the GFLOPs of YOLOv4). These key findings indicate EcoWeedNet’s deployability on low-power consumer hardware, lower energy consumption, and hence reduced carbon footprint, thereby emphasizing the application prospects of EcoWeedNet in next-generation sustainable agriculture. These findings provide the way forward for increased application of environmentally-friendly agricultural consumer technologies.",SDG 2 - Zero Hunger; SDG 8 - Decent Work and Economic Growth; SDG 12 - Responsible Consumption and Production; SDG 13 - Climate Action,,IEEE Transactions on Consumer Electronics,10.1109/tce.2025.3601605,https://pure.kfupm.edu.sa/en/publications/5e85b131-4dfd-4747-883e-03a09d377055,KFUPM Pure (OAI-PMH)
KFUPM_d780b112-2994-49f5-9603-a1d0e6f28a44,King Fahd University of Petroleum and Minerals,Artificial neural network based computational evaluation of bioconvective gyrotactic microorganisms wedge flow of MHD Garreau fluid with thermal radiations,A. Zeeshan; R. Ellahi; Muhammad Imran Khan; Sayyad Tariq; Sadiq M. Sait,2025,,"Purpose An innovative model is proposed to analyze the boundary layer flow of a Carreau fluid, including bioconvection effects from gyrotactic microorganisms, and thermal radiation, specifically focusing on a wedge geometry. This paper aims to understand the complex interplay of these factors on fluid dynamics and heat transfer. Design/methodology/approach Artificial neural networks (ANNs)-based technique, specifically backpropagation neural networks, are being used to analyze the bioconvective wedge flow. These techniques are used to understand the intricate thermal and momentum interactions within the flow. To train the ANN, the MATLAB built-in function bvp4c solver is used to generate a reference solution. Findings Artificial Intelligence-based neural networks are indeed powerful tools for enhancing simulation accuracy, particularly in complex flow scenarios, by learning intricate patterns from data and offering more efficient solutions than traditional methods. The training of these networks involves iterating through epochs, where each epoch represents a full pass of the training data, allowing the model to adjust its parameters (weights and biases). The optimal number of epochs is determined by monitoring performance metrics, such as accuracy and error, as the network trains. In the specific context of nanoparticle movement due to thermophoresis, neural networks can be trained to predict this behavior, and their performance is evaluated through metrics like linear regression and fitness. Validation is achieved by comparing the results with existing literature, treating the special cases as a validation method. Originality/value The simultaneous effects of bioconvection, gyrotactic microorganisms, magnetohydrodynamics, Carreau fluid, wedge flow, thermal radiation and the application of ANN with regression analysis in a single study appear to be a novel research area, as it is not explicitly documented in the existing literature.",,,International Journal of Numerical Methods for Heat and Fluid Flow,10.1108/hff-06-2025-0387,https://pure.kfupm.edu.sa/en/publications/d780b112-2994-49f5-9603-a1d0e6f28a44,KFUPM Pure (OAI-PMH)
KFUPM_80743e58-83c8-4d6e-93e3-644b7093205a,King Fahd University of Petroleum and Minerals,STAR-RISs Versus Full-Duplex Decode-and-Forward Relaying: Which is Better?,Taissir Y. Elganimi; Khaled M. Rabie; Mahmoud Aldababsa; Xingwang Li; Mohamed Slim Alouini,2025,,"Simultaneous transmitting and reflecting reconfigurable intelligent surfaces (STAR-RISs) technology was recently proposed to address the issue of the limited coverage area of RISs. This technology is capable of providing reflection and refraction for signals towards both sides of the surface. This letter compares STAR-RIS, conventional RIS and traditional half-duplex (HD) and full-duplex (FD) decode-and-forward (DF) relaying in terms of the rate and energy efficiency (EE). The simulation results showed that large surfaces and very high rates are needed in STAR-RISs to outperform the HD- and FD-DF relaying, where the EE is maximized by minimizing the total power.",SDG 7 - Affordable and Clean Energy,,IEEE Communications Letters,10.1109/lcomm.2025.3602930,https://pure.kfupm.edu.sa/en/publications/80743e58-83c8-4d6e-93e3-644b7093205a,KFUPM Pure (OAI-PMH)
KFUPM_81ee0e22-8918-46f1-8267-ce8cd1be159c,King Fahd University of Petroleum and Minerals,Knowledge distillation with predicted depth for robust and lightweight face presentation attack detection,Muhammad Shahid Jabbar; Taha Hasan Masood Siddique; Kejie Huang; Shujaat Khan,2025,2025-11-04,"Face Presentation Attack Detection (FacePAD) is critical for safeguarding face recognition systems against spoofing attempts, including printed photos, video replays, and 3D masks. However, many existing approaches struggle with generalization across diverse attack types and real-world conditions. In this study, we propose a dual-branch deep learning framework that leverages both RGB images and synthetically predicted depth maps to improve anti-spoofing robustness and accuracy. A monocular depth estimation network is used to generate depth cues from a single RGB image, which are then processed in parallel with the original image through two distinct branches of a convolutional neural network. The extracted features-texture-based from RGB and structure-aware from depth-are fused via concatenation to facilitate more discriminative spoof detection. Extensive experiments on four benchmark datasets demonstrate that our method achieves state-of-the-art performance, reducing HTER to 0 % on Replay-Attack and Replay-Mobile, and 1.023 % on ROSE-Youtu. Similarly, an ACER of 0.56 % is achieved on OULU-NPU, while maintaining computational efficiency. Furthermore, we introduce a knowledge distillation scheme to compress the dual-branch model into a lightweight single-branch variant suitable for real-time deployment in mobile authentication, surveillance, and biometric access control scenarios.",,,Knowledge-Based Systems,10.1016/j.knosys.2025.114325,https://pure.kfupm.edu.sa/en/publications/81ee0e22-8918-46f1-8267-ce8cd1be159c,KFUPM Pure (OAI-PMH)
KFUPM_cb6eaf38-a542-4f11-a249-ebf6633e3530,King Fahd University of Petroleum and Minerals,Joint Optimization of IRS and THz Resource Allocation in 6G IoT Networks: An Adaptive Online MADDPG Approach,Iqra Batool; Mostafa M. Fouda; Muhammad Ismail; Mohamed I. Ibrahem; Khaled Rabie; Shikhar Verma; Zubair Md Fadlullah,2025,,"The convergence of intelligent reflecting surfaces (IRS) and Terahertz (THz) communications represents a transformative advancement for sixth-generation (6G) wireless networks, yet presents unprecedented challenges in system optimization. This article addresses the critical challenge of joint optimization between IRS phase shifts and THz resource allocation in dynamic Internet of Things (IoT) environments, focusing on real-time adaptation to rapidly changing channel conditions. We propose a novel adaptive online multiagent deep deterministic policy gradient (MADDPG) framework that leverages dynamic experience weighting to automatically adjust learning based on detected environmental changes. Our approach incorporates a multiresolution buffer structure that balances recent observations with historical patterns, enabling both rapid adaptation and long-term optimization while considering the unique characteristics of THz-band propagation and IRS reflection patterns. The framework employs explicit coordination protocols between IRS controllers and resource managers, significantly improving convergence in nonstationary environments. Comprehensive simulations using realistic THz channel models and practical IRS configurations demonstrate that our proposed framework achieves a 45% improvement in system throughput, a 38% reduction in end-to-end latency, and a 30% enhancement in energy efficiency compared to conventional optimization approaches. More significantly, our solution demonstrates unprecedented adaptation capabilities, recovering 90% of optimal performance within 5 ms after abrupt environmental changes a critical requirement for future 6G networks. The framework maintains robust performance under diverse conditions, including high user mobility scenarios and adverse atmospheric conditions, while exhibiting linear computational scaling with increasing IRS elements (tested up to 512 elements). These results establish the viability of adaptive online MADDPG-based joint IRS-THz optimization for practical 6G deployments, particularly in dynamic IoT environments where traditional communication approaches face significant limitations.",SDG 7 - Affordable and Clean Energy,,IEEE Internet of Things Journal,10.1109/jiot.2025.3602389,https://pure.kfupm.edu.sa/en/publications/cb6eaf38-a542-4f11-a249-ebf6633e3530,KFUPM Pure (OAI-PMH)
KFUPM_1a38d44e-c158-4837-881d-d4ce5fd6033d,King Fahd University of Petroleum and Minerals,Global positioning of underwater nodes using airborne-formed visual light beams,Jaeed Bin Saif; Mohamed Younis; Fow Sen Choa; Akram Ahmed,2025,,"The global coordinates of underwater nodes are determined by measuring their relative location to anchors with known GPS (Global Positioning System) positions. These anchors are conventionally provisioned through the deployment of either tethered or floating devices that communicate with the underwater nodes. However, such deployment imposes tardiness and logistical complications and does not suit emerging and covert application scenarios. This paper fills the gap by introducing a novel framework for Global Underwater Localization using Airborne light Beams (GULAB). GULAB utilizes Visible Light Communication (VLC) beams from an airborne unit. By projecting airborne light beams onto a gridded surface area and encoding each beam with location metadata, GULAB forms virtual anchors with known GPS coordinates. Upon receiving an airborne VLC transmission, an underwater node assesses its proximity to the virtual anchor through the received light intensity and depth sensing. The underwater node then applies multilateration to accurately estimate its global coordinate based on all received VLC transmissions. GULAB utilizes both normal and tilted light beams to boost underwater coverage. The simulation results confirm the effectiveness of GULAB in terms of localization accuracy and coverage for both stationary and mobile underwater nodes.",,,Optics Communications,10.1016/j.optcom.2025.132348,https://pure.kfupm.edu.sa/en/publications/1a38d44e-c158-4837-881d-d4ce5fd6033d,KFUPM Pure (OAI-PMH)
KFUPM_cb1b96ba-61ce-4ba1-a0cb-1860141ac6f5,King Fahd University of Petroleum and Minerals,Optimal path recommendation in dynamic traffic networks using the hybrid Tabu-A* algorithm,Gamil Ahmed; Tarek Sheltami; Ansar Yasar,2025,,"Recommended routes serve as the cornerstone of intelligent transportation systems, enabling efficient navigation in dynamic traffic environments. Traditional methods model the problem as a route-finding problem on dynamic graphs; however, they often suffer from heuristic inaccuracies and a tendency to become trapped in local optima. To address this challenge, this paper introduces Tabu-A*, a hybrid algorithm that integrates A*’s heuristic cost estimation with Tabu Search's global optimization capabilities. Within this framework, search efficiency is improved while incorporating the best route from each iteration accelerates convergence. Real-world distance and time data enhance adaptability to traffic variations. The algorithm achieves up to a 78.77 % reduction in travel time compared to the shortest-path route and improves route duration efficiency by 65.77 % over benchmark methods such as A*, Dijkstra, and Bellman-Ford. These results validate the effectiveness of the proposed approach in delivering time-efficient and congestion-aware route recommendations in dynamic environments.",SDG 11 - Sustainable Cities and Communities,,Transportation Research Part E: Logistics and Transportation Review,10.1016/j.tre.2025.104414,https://pure.kfupm.edu.sa/en/publications/cb1b96ba-61ce-4ba1-a0cb-1860141ac6f5,KFUPM Pure (OAI-PMH)
KFUPM_d5c2a431-a040-4707-a188-51fe5dbbcc73,King Fahd University of Petroleum and Minerals,From Features to Qubits: A Hybrid Learning Approach for Predicting SDN Link States,Muhammad Afaq,2025,,"Software-Defined Networks (SDNs) significantly enhance network management through centralized control, programmability, and agility. However, accurate link prediction remains challenging due to the complexity and dynamic topology of SDNs. Classical machine learning techniques achieve high accuracy but can struggle to model subtle, nonlinear relationships in rapidly evolving networks. Quantum Machine Learning (QML) techniques exploit quantum phenomena to capture these complex patterns, yet current quantum hardware limitations restrict their standalone applicability. To address these challenges, this paper proposes a hybrid classical-quantum machine learning framework for SDN link prediction. Classical preprocessing, including normalization and feature selection, prepares high-quality input for quantum processing. The selected features are then mapped into quantum states using the ZZFeatureMap, enabling the Quantum Support Vector Machine (QSVM) to detect complex patterns through quantum-enhanced kernels. Rigorous experimentation using synthetic SDN datasets demonstrates that the hybrid QSVM achieves an area under the ROC curve (AUC) of 0.84, an average precision (AP) of 0.74, and an accuracy of 0.84 - closely matching classical SVM and approaching the performance of Random Forest (AUC = 0.86, AP = 0.78, Accuracy = 0.88). The QSVM and classical SVM also demonstrate significantly lower training time ( 0.04s) compared to Random Forest ( 0.29s), highlighting the hybrid model's efficiency. These results provide strong evidence that quantum-enhanced techniques can effectively complement classical models, offering improved robustness and scalability for intelligent network systems.",,,"2025 IEEE International Mediterranean Conference on Communications and Networking, MeditCom 2025",10.1109/meditcom64437.2025.11104468,https://pure.kfupm.edu.sa/en/publications/d5c2a431-a040-4707-a188-51fe5dbbcc73,KFUPM Pure (OAI-PMH)
KFUPM_608b2b40-6bf5-4d99-9e6d-ef6e74f997bf,King Fahd University of Petroleum and Minerals,Challenge-response PIN authentication system to withstand shoulder surfing and recording attacks,Farid Binbeshr; Lip Yee Por; Muhammad Imam; M. L.Mat Kiah; Mohammad Hammoudeh,2025,,"Personal Identification Number (PIN) authentication remains widely used despite its vulnerability to shoulder surfing and recording attacks, due to the repeated exposure of static PINs in traditional systems. To address this, we propose a novel visual challenge-response PIN authentication system that generates a one-time PIN (OTP) for each session using a lightweight addition modulo 10 operation. Unlike prior approaches, our system requires no extra hardware, completes authentication in a single round, and maintains compatibility with regular PIN entry. We evaluate two design variants, TablePIN and RegularPIN, in a controlled user study with 30 participants. The results show 100% resistance to shoulder surfing attacks and over 80% resistance to recording attacks for hard PINs, with usability metrics including average login times under 15 s and success rates above 90%. User feedback indicates a strong preference for using the system in high-security contexts. We also introduce a PIN strength checker, which complements the system by helping prevent the use of weak, easily guessable PINs. Overall, the proposed system achieves a strong balance between usability and enhanced security, making it a viable alternative to traditional PIN authentication methods.",,,Array,10.1016/j.array.2025.100505,https://pure.kfupm.edu.sa/en/publications/608b2b40-6bf5-4d99-9e6d-ef6e74f997bf,KFUPM Pure (OAI-PMH)
KFUPM_d8e79018-a76c-4b1f-83ef-e9ab4b2093f1,King Fahd University of Petroleum and Minerals,Optimal design of automobile seat components using chaotic enzyme action optimization algorithm,Ali Riza Yildiz; Sadiq M. Sait; Pranav Mehta; Dildar Gürses,2025,2025-10-01,"An enhanced version of the recently released enzyme action optimizer (EAO), the chaotic enzyme action optimizer (CEAO), is presented in this paper. It was created to solve challenging constrained engineering optimization problems. The algorithm improves exploration–exploitation balance, convergence speed, and robustness by incorporating chaotic maps like sine, cosine, and logistic functions. Five real-world mechanical design problems were used to thoroughly validate CEAO’s performance. CEAO outperformed POA and PKO in rolling element bearing design, achieving the best objective value. It confirmed accuracy and stability by minimizing the weight for Belleville spring optimization, with an exceptionally low standard deviation. CEAO outperformed other competing algorithms in the multiple disc clutch brake problem, yielding the lowest fitness value. It outperformed nine cutting-edge metaheuristics and produced the best result in the cost minimization of shell-and-tube heat exchangers. Lastly, CEAO outperformed manual and algorithmic counterparts for an automotive bracket design by reducing component weight under a maximum stress constraint. The superiority of CEAO in terms of convergence, stability, and solution quality was confirmed. These results show that CEAO is a robust and highly competitive metaheuristic for resolving optimization problems at the industrial scale.",,,Materialpruefung/Materials Testing,10.1515/mt-2025-0181,https://pure.kfupm.edu.sa/en/publications/d8e79018-a76c-4b1f-83ef-e9ab4b2093f1,KFUPM Pure (OAI-PMH)
KFUPM_d1f5bc0b-d12c-47a8-b000-000055c1fba9,King Fahd University of Petroleum and Minerals,Enhancing monocular depth estimation with an advanced encoder-decoder architecture,Yasser El-Alfy; Uthman Baroudi; Hamzah Luqman,2025,,"Significant technological advancements have been made in autonomous navigation, impacting various fields such as robotics, autonomous vehicles, and unmanned aerial vehicles. These systems typically use the distances of surrounding objects as input. Monocular depth estimation, which involves estimating depths from a single RGB image, plays a crucial role in this context. In this study, we proposed an encoder-decoder model for monocular depth estimation. Additionally, we introduced a weighted loss function designed to minimize depth image reconstruction errors and penalize distortions in the scene domain of the depth map. The proposed model was evaluated using the NYU Depth V2 dataset, and the results surpassed those of state-of-the-art models on the same dataset. Specifically, our model achieved a validation accuracy of 0.9823, an average relative error (rel) of 0.04713 and a root mean square error (RMSE) of 0.2372, representing significant reductions of 60% and 49%, respectively, compared to contemporary techniques, even with a small training dataset.",,,Neural Computing and Applications,10.1007/s00521-025-11566-y,https://pure.kfupm.edu.sa/en/publications/d1f5bc0b-d12c-47a8-b000-000055c1fba9,KFUPM Pure (OAI-PMH)
KFUPM_6e57be83-71d4-4e5b-8b1f-74f6bf017fc9,King Fahd University of Petroleum and Minerals,DAP-MFL: Distributed AP-Assisted Multilayer Federated Learning for Resource-Constrained IoT Networks With RAW-Slot Management,Mumin Adam; Uthman Baroudi,2025,,"This paper introduces DAP-MFL, a novel Distributed Access Point-Assisted Multilayer Federated Learning framework tailored for resource-constrained IoT systems. Recognizing the limitations of traditional 4G/5G-based FL deployments in terms of energy consumption and scalability, DAP-MFL strategically leverages an energy-efficient IEEE 802.11ah network protocol to enable more sustainable federated learning implementations. The framework introduces a client–edge–fog–cloud architecture that systematically distributes the aggregation process across multiple network layers, thereby optimizing both computational and communication resources while maintaining the integrity of the learning process. At the core of DAP-MFL are three specialized slot management methods developed to address the unique channel access constraints of IEEE 802.11ah networks: (1) Strict Slot Assignment with Dropping (SSAD), which introduces a strict dropping policy for latency-sensitive scenarios, maximizing efficiency by removing stragglers instantly; (2) Selective Replacement with Gradual Inclusion (SRGI), which prioritizes stability via a unique phased-replacement strategy, gradually integrating nonparticipant stations without disrupting training; and (3) Round Robin (RR), which provides fairness in resource allocation. Extensive evaluations using real-world IoT datasets (AQC and WISDMM) and the benchmark MNIST dataset demonstrate that SSAD achieves the highest latency reduction of up to 97% and energy savings of up to 95% compared to the baseline methods, while SRGI simultaneously offers significant latency reduction of up to 70% and energy efficiency improvements of up to 78% along with enhanced stability and long-term learning without compromising the accuracy compared to the baseline methods. These results validate the efficacy of our framework, showcasing SSAD’s superior efficiency of SSAD and SRGI’s balanced performance of SRGI, making it well-suited for large-scale IoT deployments in smart cities and beyond.",SDG 7 - Affordable and Clean Energy; SDG 11 - Sustainable Cities and Communities,,IEEE Open Journal of the Communications Society,10.1109/ojcoms.2025.3611093,https://pure.kfupm.edu.sa/en/publications/6e57be83-71d4-4e5b-8b1f-74f6bf017fc9,KFUPM Pure (OAI-PMH)
KFUPM_762f590f-efac-4ac7-9f3c-39df1bb2cdcc,King Fahd University of Petroleum and Minerals,Robust priority aware multi-criterion offloading in digital twin UAVs networks,Muhammad Yahya; Muhammad Naeem; Zeeshan Kaleem; Waleed Ejaz,2025,,"Unmanned Aerial Vehicles (UAVs) play a critical role in replenishing the energy of power-constrained Internet of Things (IoT) devices, particularly in public safety operations, thereby maintaining continuous system functionality. Integrating Mobile Edge Computing (MEC) into UAV platforms enables offloading computational tasks to aerial nodes, optimizing resource utilization. Efficient orchestration of communication, computation, caching, and energy resources is imperative to maximize the benefits of UAV-assisted MEC networks. Additionally, ensuring high situational awareness is essential for supporting priority-based latency-sensitive applications. Digital twin technology can be instrumental in minimizing latency by generating a real-time digital representation of the physical infrastructure, enabling enhanced system monitoring and optimization. Accordingly, we have formulated an optimization problem to maximize the number of IoT devices UAVs can support while adhering to predefined constraints. The formulated problem is a mixed integer non-linear programming model. Additionally, the dynamic management of tasks with varying priorities and computational demands introduces a significant resource allocation and scheduling challenge. Our proposed approach entails an efficient task offloading and priority-based scheduling strategy that prioritizes tasks, allocating computational resources to those with higher priority. The approach encompasses a multi-stage offloading strategy combining an interior-point method with a learning algorithm to address the inherent complexity and provide a viable solution. Simulation results validate the effectiveness of the proposed approach, outperforming conventional methods. Specifically, the Penalty Function Method Heuristic combined with the Interior Point Method achieves superior user connectivity compared to the Simple Relaxation Heuristic strategy.",,,Internet of Things (The Netherlands),10.1016/j.iot.2025.101763,https://pure.kfupm.edu.sa/en/publications/762f590f-efac-4ac7-9f3c-39df1bb2cdcc,KFUPM Pure (OAI-PMH)
KFUPM_cec0868a-b33a-4d69-8edc-0cff5767ee05,King Fahd University of Petroleum and Minerals,Memory Pooling for Enhanced Data Loading in GPU-Accelerated Environments,Ayaz H. Khan; Hamed Al-Mehdhar,2025,,"The RAPIDS Memory Manager (RMM) is developed by NVIDIA as a package that would enable developers to customize GPU memory allocation. RMM enables the use of pool allocation which could improve the performance greatly. This paper proposes a systematic profiling and evaluation framework that leverages NVIDIA’s RMM to optimize and understand data loading performance of the cudf.read_csv operation in GPU accelerated environments. It examines RMM’s impact from multiple aspects, by measuring the execution time required to complete the operation, the memory consumption effect, and by profiling the operation with and without utilizing RMM across various dataset sizes. The finding demonstrates that RMM can have significant speedup of up to 24% by improving the memory management strategy of cuDF. As for other time series data preprocessing operations were overall improved by 14% when utilizing RMM. It could also improve the scalability of cuDF by utilizing managed memory to overcome the limited GPU memory constrains, allowing cuDF to handle datasets that exceeds the GPU memory while maintaining ~10x faster execution than the CPU based Pandas DataFrame. The effect of RMM on GPU memory consumption is also highlighted indicating a trade-off between faster execution and increased memory consumption.",,,IEEE Access,10.1109/access.2025.3570500,https://pure.kfupm.edu.sa/en/publications/cec0868a-b33a-4d69-8edc-0cff5767ee05,KFUPM Pure (OAI-PMH)
KFUPM_af352e50-bb78-412a-8939-d87bc4bb7364,King Fahd University of Petroleum and Minerals,Robust Energy-Efficient DRL-Based Optimization in UAV-Mounted RIS Systems With Jitter,Mahmoud M. Salim; Khaled M. Rabie; Ali H. Muqaibel,2025,,"In this letter, we propose an energy-efficient design for an unmanned aerial vehicle (UAV)-mounted reconfigurable intelligent surface (RIS) communication system with nonlinear energy harvesting (EH) and UAV jitter. A joint optimization problem is formulated to maximize the EH efficiency of the UAV-mounted RIS by controlling the user powers, RIS phase shifts, and time-switching factor, subject to quality of service and practical EH constraints. The problem is nonconvex and time-coupled due to UAV angular jitter and nonlinear EH dynamics, making it intractable for conventional optimization methods. To address this, we reformulate the problem as a deep reinforcement learning (DRL) environment and develop a smoothed softmax dual deep deterministic policy gradient algorithm. The proposed method incorporates action clipping, entropy regularization, and softmax-weighted Q-value estimation to improve learning stability and exploration. Simulation results show that the proposed algorithm converges reliably under various UAV jitter levels and achieves an average EH efficiency of 45.07%, approaching the 53.09% upper bound of exhaustive search, and outperforming other DRL baselines.",SDG 7 - Affordable and Clean Energy,,IEEE Communications Letters,10.1109/lcomm.2025.3612448,https://pure.kfupm.edu.sa/en/publications/af352e50-bb78-412a-8939-d87bc4bb7364,KFUPM Pure (OAI-PMH)
KFUPM_1f5a2510-442b-4a0d-934f-5a8f76526ce1,King Fahd University of Petroleum and Minerals,Deep Auto-Encoder Based Intelligent and Secure Time Synchronization Protocol (iSTSP) for Security-Critical Time-Sensitive WSNs,Ramadan Abdul-Rashid; Mohd Amiruddin Abd Rahman; Abdulaziz Yagoub Barnawi,2025,,"Accurate time synchronization is fundamental to the correct and efficient operation of Wireless Sensor Networks (WSNs), especially in security-critical, time-sensitive applications. However, most existing protocols degrade substantially under malicious interference. We introduce iSTSP, an Intelligent and Secure Time Synchronization Protocol that implements a four-stage defense pipeline to ensure robust, precise synchronization even in hostile environments: (1) trust preprocessing that filters node participation using behavioral trust scoring; (2) anomaly isolation employing a lightweight autoencoder to detect and excise malicious nodes in real time; (3) reliability-weighted consensus that prioritizes high-trust nodes during time aggregation; and (4) convergence-optimized synchronization that dynamically adjusts parameters using theoretical stability bounds. We provide rigorous convergence analysis including a closed-form expression for convergence time, and validate the protocol through both simulations and real-world experiments on a controlled 16-node testbed. Under Sybil attacks with five malicious nodes within this testbed, iSTSP maintains synchronization error increases under 12% and achieves a rapid convergence. Compared to state-of-the-art protocols like TPSN, SE-FTSP, and MMAR-CTS, iSTSP offers 60% faster detection, broader threat coverage, and more than 7 times lower synchronization error, with a modest 9.3% energy overhead over 8 h. We argue this is an acceptable trade-off for mission-critical deployments requiring guaranteed security. These findings demonstrate iSTSP’s potential as a reliable solution for secure WSN synchronization and motivate future work on large-scale IoT deployments and integration with energy-efficient communication protocols.",SDG 7 - Affordable and Clean Energy,,CMES - Computer Modeling in Engineering and Sciences,10.32604/cmes.2025.066589,https://pure.kfupm.edu.sa/en/publications/1f5a2510-442b-4a0d-934f-5a8f76526ce1,KFUPM Pure (OAI-PMH)
KFUPM_f0a347cd-cae6-4659-b0e4-3fb84658795e,King Fahd University of Petroleum and Minerals,AMM-RF: Adaptive Multi-Modal Meta-Ensemble Learning for Robust RF-Based Drone Detection in Noisy Environments,Zeeshan Kaleem,2025,,"In this paper, we propose the adaptive multi-model (AMM)- radio frequency (RF) classification model, that significantly enhances drone classification accuracy compared to existing solutions. The model integrates a dual-stream ensemble approach, combining temporal features from long short term model (LSTM)-convolutional neural network (CNN) models and frequency-domain features from Wavelet Packet Transforms (WPT). Simulation results show notable improvements in accuracy, recall, and F1-score, especially under low-SNR conditions. For example, the recall for AR Drone improves from 58.8% to 9 5.2%, and for Phantom, it improves from 8 7.6% to 93.1%. These improvements are attributed to the meta-learner's ability to dynamically adjust the contributions of each base model, enhancing the system's adaptability to varying environmental conditions, including noise, as compared to the baseline algorithm.",,,ICUFN 2025 - 16th International Conference on Ubiquitous and Future Networks,10.1109/icufn65838.2025.11169853,https://pure.kfupm.edu.sa/en/publications/f0a347cd-cae6-4659-b0e4-3fb84658795e,KFUPM Pure (OAI-PMH)
KFUPM_780f6538-43d6-468a-add5-59a82f521669,King Fahd University of Petroleum and Minerals,Energy-Efficient Irregular RIS-Aided UAV-Assisted Optimization: A Deep Reinforcement Learning Approach,Mahmoud M. Salim; Khaled M. Rabie; Ali H. Muqaibel,2025,,"Reconfigurable intelligent surfaces (RISs) enhance unmanned aerial vehicle (UAV)-assisted communication by extending coverage, improving efficiency, and enabling adaptive beamforming. This article investigates a multiple-input–single-output (MISO) system where a base station (BS) communicates with multiple single-antenna users through a UAV-assisted RIS, dynamically adapting to user mobility to maintain seamless connectivity. To extend UAV-RIS operational time, we propose a hybrid energy harvesting resource allocation (HERA) strategy that leverages the irregular RIS on/off capability while adapting to BS-RIS and RIS-user channels. The HERA strategy dynamically allocates resources by integrating nonlinear radio frequency (RF) energy harvesting (EH) based on the time-switching (TS) approach and renewable energy (RE) as a complementary source. A nonconvex mixed-integer nonlinear programming (MINLP) problem is formulated to maximize EH efficiency while satisfying quality of service (QoS), power, and energy constraints under channel state information (CSI) and hardware impairments (HIs). The optimization jointly considers BS transmit power, RIS phase shifts, TS factor, UAV trajectory, and RIS element selection as decision variables. To solve this problem, we introduce the energy-efficient deep deterministic policy gradient (EE-DDPG) algorithm. This deep reinforcement learning (DRL)based approach integrates action clipping and Softmax-weighted Q value estimation to mitigate estimation errors. Simulation results demonstrate that the proposed HERA method significantly improves EH efficiency, reaching up to 85.8% and 69.8% in single-user (SU) and multiuser (MU) scenarios, respectively, contributing to extended UAV operational time. Additionally, the proposed EE-DDPG model outperforms existing DRL algorithms while maintaining practical computational complexity.",SDG 7 - Affordable and Clean Energy; SDG 13 - Climate Action,,IEEE Internet of Things Journal,10.1109/jiot.2025.3623306,https://pure.kfupm.edu.sa/en/publications/780f6538-43d6-468a-add5-59a82f521669,KFUPM Pure (OAI-PMH)
KFUPM_c4a28144-e9c0-4e5e-bf6e-2fa176c966b0,King Fahd University of Petroleum and Minerals,"Contemporary smart hydroponics systems: Taxonomy, enabling technologies, and challenges",Abeer Ahmed; Rawan Alnawasrah; Basem Almadani; Farouq Aliyu; Mustafa Ghaleb,2025,,"Hydroponic farming is a sustainable agricultural technique that enables plant cultivation without soil. Hydroponics has evolved into a variety of configurations that integrate smart technologies to improve its efficiency and productivity. This paper reviews 40 publications to investigate the contemporary technologies, advantages, and challenges associated with modern hydroponic and aquaponic systems. Recent studies emphasize the role of middleware, Artificial Intelligence (AI), the Internet of Things (IoT), and the Industrial Internet of Things (IIoT) in enhancing system functionality. Middleware plays a critical role in facilitating seamless communication between system components. It also enables real-time capabilities through various communication protocols with a focus on quality of service (QoS). IoT and IIoT technologies enable data collection and environmental control, while AI contributes to automation, predictive analytics, and decision support. Together, these technologies help reduce resource consumption, such as nutrients, water, and energy. It also enables scalable, adaptive, and sustainable farming practices. Some of the challenges associated with hydroponic systems include initial development costs, security and privacy concerns, and the complexity of integrating advanced middleware.","SDG 2 - Zero Hunger; SDG 8 - Decent Work and Economic Growth; SDG 9 - Industry, Innovation, and Infrastructure; SDG 12 - Responsible Consumption and Production",,Internet of Things (The Netherlands),10.1016/j.iot.2025.101794,https://pure.kfupm.edu.sa/en/publications/c4a28144-e9c0-4e5e-bf6e-2fa176c966b0,KFUPM Pure (OAI-PMH)
KFUPM_9f5d8811-afb3-4456-b7ce-6f88115429ee,King Fahd University of Petroleum and Minerals,"Enhancing base station anonymity in WSNs: a security framework using ring routing, fake packet injection, and dynamic coverage",Farouq Aliyu; Uthman Baroudi; Mohammed Younis,2025,,"Wireless Sensor Networks (WSNs) represent a computing network model where devices with limited resources are deployed for detailed, remote sensing tasks. Within a WSN, the Base Station (BS) plays a pivotal role in orchestrating and facilitating the communication between sensor nodes (SNs) and external platforms for data processing and application. Due to this central role, the BS becomes a key target for attacks. Attackers can deduce the BS’s physical position using Traffic Volume Analysis (TVA) or Packet Tracing Analysis (PTA). TVA is based on the concept that the BS has the highest traffic, as it acts as the main data aggregation point, whereas PTA capitalizes on the fact that the BS is the endpoint for WSN packets. Consequently, a TVA attacker (TVAA) seeks out the node with the most traffic, while a PTA attacker (PTAA) identifies the packet’s endpoint to pinpoint the BS location. In this study, we introduce a security framework designed to obscure the BS’s physical location from both TVAA and PTAA. Our approach integrates the ring routing method with Fake Packet Injection (FPI) to hide the BS. Additionally, it dynamically controls the SNs’ coverage by putting high-traffic clusters into sleep mode, thus conserving energy, while maintaining acceptable coverage. This system effectively conceals the BS from both attack methods, outperforming adding standalone techniques against PTA and TVA. Nonetheless, it results in an energy consumption increase of 78.95% (primarily due to FPI) compared to a non-secure network, but achieves up to 85.42% energy savings relative to systems using ring routing and FPI without dynamic coverage.",,,Cluster Computing,10.1007/s10586-025-05732-z,https://pure.kfupm.edu.sa/en/publications/9f5d8811-afb3-4456-b7ce-6f88115429ee,KFUPM Pure (OAI-PMH)
KFUPM_8f820361-a0b0-40ee-81d2-e059a272da59,King Fahd University of Petroleum and Minerals,Full-Duplex Energy-Harvesting in Energy-Constrained Networks Over α-Lomax Fading Channels,Khaled M. Rabie,2025,,"Simultaneous wireless information and power transfer (SWIPT) is a promising technology to prolong the lifetime of energy-constrained networks by enabling wireless nodes to harvest man-made RF signals. Unlike all studies in the open literature, this paper investigates the performance of a dual-hop full-duplex decode-and-forward relay network over α-Lomax fading channels. The relay node is energy-constrained and relies entirely on harvesting energy from the signal transmitted by the source. The system performance is evaluated in terms of ergodic outage probability. In this regard, the cumulative distribution function of the product of two α-Lomax random variables (RVs) is derived. This was then employed to derive a closed-form analytical expression for the ergodic outage probability. Monte-Carlo simulations are also provided throughout to verify the accuracy of the analysis. The derived expression is used to investigate the impact of various system parameters on the performance. The results indicated that a good selection of the energy harvesting time is crucial to minimize the ergodic outage probability.",,,"2025 IEEE 101st Vehicular Technology Conference, VTC 2025-Spring 2025 - Proceedings",10.1109/vtc2025-spring65109.2025.11174890,https://pure.kfupm.edu.sa/en/publications/8f820361-a0b0-40ee-81d2-e059a272da59,KFUPM Pure (OAI-PMH)
KFUPM_6d55aa71-588c-44b8-b13d-86d81fd53427,King Fahd University of Petroleum and Minerals,Energy-Efficient UAV-Mounted RIS for IoT: A Hybrid Energy Harvesting and DRL Approach,Mahmoud M. Salim; Khaled M. Rabie; Ali H. Muqaibel,2025,,"Many future Internet of Things (IoT) applications are expected to rely on reconfigurable intelligent surface (RIS)-aided unmanned aerial vehicles (UAVs). However, their endurance is constrained by limited onboard energy, where frequent recharging or battery replacements disrupt continuous operation and may be impractical in disaster scenarios. To address this, we explore a dual energy harvesting (EH) framework that integrates time-switching (TS), power-splitting (PS), and element-splitting (ES) EH protocols for radio frequency energy, along with solar energy as a renewable source. We first present the system architecture and EH operating protocols, introducing a hybrid ES-TS-PS strategy to extend UAV-mounted RIS endurance. We then outline key application scenarios and design challenges. A deep reinforcement learning-based framework is proposed to maximize EH efficiency by jointly optimizing UAV trajectory, RIS phase shifts, and EH strategies. The framework accounts for dual EH, hardware impairments, and channel state information imperfections to reflect real-world deployment. The optimization problem is modeled as a Markov decision process and solved using an enhanced deep deterministic policy gradient algorithm with clipped double Q-learning and softmax-based Q-value estimation for improved stability and efficiency. Results demonstrate significant performance gains over baseline approaches. Finally, future challenges and research directions are discussed, highlighting the transformative potential of energy-efficient UAV-mounted RIS networks for IoT.",SDG 7 - Affordable and Clean Energy,,IEEE Communications Standards Magazine,10.1109/mcomstd.2025.3620005,https://pure.kfupm.edu.sa/en/publications/6d55aa71-588c-44b8-b13d-86d81fd53427,KFUPM Pure (OAI-PMH)
KFUPM_344f0dd6-094d-45f7-aa87-8a6f9bae2a8b,King Fahd University of Petroleum and Minerals,AI-Enhanced Intrusion Detection for UAV Systems: A Taxonomy and Comparative Review,MD Sakibul Islam; Ashraf Sharif Mahmoud; Tarek Rahil Sheltami,2025,,"The diverse usage of Unmanned Aerial Vehicles (UAVs) across commercial, military, and civil domains has significantly heightened the need for robust cybersecurity mechanisms. Given their reliance on wireless communications, real-time control systems, and sensor integration, UAVs are highly susceptible to cyber intrusions that can disrupt missions, compromise data integrity, or cause physical harm. This paper presents a comprehensive literature review of Intrusion Detection Systems (IDSs) that leverage artificial intelligence (AI) to enhance the security of UAV and UAV swarm environments. Through rigorous analysis of recent peer-reviewed publications, we have examined the studies in terms of AI model algorithm, dataset origin, deployment mode: centralized, distributed or federated. The classification also includes the detection strategy: online versus offline. Results show a dominant preference for centralized, supervised learning using standard datasets such as CICIDS2017, NSL-KDD, and KDDCup99, limiting applicability to real UAV operations. Deep learning (DL) methods, particularly Convolutional Neural Networks (CNNs), Long Short-term Memory (LSTM), and Autoencoders (AEs), demonstrate strong detection accuracy, but often under ideal conditions, lacking resilience to zero-day attacks and real-time constraints. Notably, emerging trends point to lightweight IDS models and federated learning frameworks for scalable, privacy-preserving solutions in UAV swarms. This review underscores key research gaps, including the scarcity of real UAV datasets, the absence of standardized benchmarks, and minimal exploration of lightweight detection schemes, offering a foundation for advancing secure UAV systems.",,,Drones,10.3390/drones9100682,https://pure.kfupm.edu.sa/en/publications/344f0dd6-094d-45f7-aa87-8a6f9bae2a8b,KFUPM Pure (OAI-PMH)
KFUPM_749c5adb-d80a-4e18-a5f9-038181f52999,King Fahd University of Petroleum and Minerals,Solving Computational Fluid Dynamic Problems Using Quantum Computing,S. A. Al-Ogbi; M. Felemban,2025,,"High-performance computing (HPC) refers to the use of advanced computational models and technologies to significantly enhance the performance of processing highly complex problems. HPC has evolved dramatically since the first supercomputer was commissioned in the 1960s. Nowadays, HPC is characterized by the pursuit of exascale computing, i.e., the ability to perform 1018 calculations per second. In November 2024, Lawrence Livermore National Laboratory, California announced the new El Capitan System as the most powerful exascale supercomputer, capable of performing over 1.742 exaFlops. Over the past few years, HPC platforms have evolved from CPU-centric architecture to GPU-accelerated systems. Such computing capability empowers researchers to tackle a diverse array of scientific applications across numerous domains, including stock market prediction, task scheduling, weather forecasting, gene sequencing, drug discovery, and Computational Fluid Dynamics (CFD) (Netto et al., 2018; Jamshed, 2015). CFD is an applied science field that is concerned with the simulation and analysis of the physics of fluid flow using computational models and technologies. CFD finds extensive applications in diverse industries and scientific disciplines, including aircraft design optimization to facilitate the analysis of aerodynamic performance, drag reduction, and fuel efficiency enhancement (Moin and Apte, 2006). In addition, CFD plays a crucial role in oil reservoir simulation and recovery (Britto et al. 2020). Overall, CFD serves as a powerful tool for understanding and predicting fluid flow phenomena, enabling engineers and scientists to make informed decisions, optimize designs, and improve the performance of various systems and processes. Recently, Quantum Computing has emerged as a new computing approach that leverages quantum physics phenomena such as superposition and entanglement to provide computational speedup over classical computers. With the rapid progress of quantum computing, it is projected that future HPC platforms are venturing into Quantum Processing Unit (QPU)-based systems to tackle previously unsolvable problems. Several researchers have studied the potential use of quantum computing in solving complex CFD problems (Gaitan, 2020; Jaksch et al. 2023). Quantum computing can offer several advantages in CFD applications. First, quantum computing can address the exponential growth of computational complexity associated with high-resolution and turbulent flow simulations. Accordingly, more accurate and detailed simulations can be performed. For example, Berry et al. (2014) presented quantum algorithms that can effectively handle large-scale linear algebraic calculations, such as solving sparse matrix equations and eigenvalue problems, which are fundamental in CFD. Furthermore, quantum computers have the potential to accelerate optimization algorithms that facilitate faster design and optimization of fluid systems (Preskill, 2018). While quantum computing is still in its nascent stage, ongoing research in quantum hardware and algorithms demonstrates huge potential for future applications in solving complex CFD problems.",,,"Society of Petroleum Engineers - Middle East Oil, Gas and Geosciences Show, MEOS 2025",10.2118/227721-ms,https://pure.kfupm.edu.sa/en/publications/749c5adb-d80a-4e18-a5f9-038181f52999,KFUPM Pure (OAI-PMH)
KFUPM_8c4b1dc1-7995-4917-a97d-9a356da1bf76,King Fahd University of Petroleum and Minerals,DeepWave: A Wavelet-Based Technique for Compressing In-Field Sensors Data,Naveed Iqbal; Muhammad Khalid; Ajmal Khan; Zeeshan Kaleem; Adil H. Khan,2025,,"The real-time use of wireless sensor networks has become increasingly popular due to their attractive features. However, energy management becomes a critical factor in these networks, especially during deployment, because each sensor node has limited battery capacity. While wireless sensors offer advantages, transmitting massive volumes from numerous sensors to a central data center wirelessly presents a significant hurdle. In this work, the focus is on the seismic sensor (geophone), and the challenge lies in transmitting hundreds of recordings per geophone through narrowband channels without overloading the data center or the sensors themselves. This motivates our proposed method, DeepWave, a lightweight and standalone compressive sensing approach designed specifically for in-field data acquisition. This study presents an effective method for compressing seismic data in the field, followed by the utilization of the wavelet transform and integration with a convolutional neural network (CNN) for recovery at a later stage. The sparsity-aware schematic, DeepWave, is proposed for compressed data recovery and compared with benchmarking techniques. A key strength of this method is that it is general and works with any underlying data statistics, allowing it to adapt to a wide range of exploration and sensing scenarios. Our findings indicate that this CNN-based approach achieves an effective balance between data compression (93.75% compression percentage) and signal fidelity ( dB normalized mean-square error) on the evaluated dataset.",,,IEEE Sensors Letters,10.1109/lsens.2025.3622198,https://pure.kfupm.edu.sa/en/publications/8c4b1dc1-7995-4917-a97d-9a356da1bf76,KFUPM Pure (OAI-PMH)
KFUPM_f55d54a9-b09e-45c0-b17e-79e0f39676f8,King Fahd University of Petroleum and Minerals,An Efficient Framework for Automated Cyber Threat Intelligence Sharing,Muhammad Dikko Gambo; Ayaz H. Khan; Ahmad Almulhem; Basem Almadani,2025,,"As cyberattacks grow increasingly sophisticated, the timely exchange of Cyber Threat Intelligence (CTI) has become essential to enhancing situational awareness and enabling proactive defense. Several challenges exist in CTI sharing, including the timely dissemination of threat information, the need for privacy and confidentiality, and the accessibility of data even in unstable network conditions. In addition to security and privacy, latency and throughput are critical performance metrics when selecting a suitable platform for CTI sharing. Substantial efforts have been devoted to developing effective solutions for CTI sharing. Several existing CTI sharing systems adopt either centralized or blockchain-based architectures. However, centralized models suffer from scalability bottlenecks and single points of failure, while the slow and limited transactions of blockchain make it unsuitable for real-time and reliable CTI sharing. To address these challenges, we propose a DDS-based framework that automates data sanitization, STIX-compliant structuring, and real-time dissemination of CTI. Our prototype evaluation demonstrates low latency, linear throughput scaling at configured send rates up to 125 messages per second, with 100% delivery success across all scenarios, while sustaining low CPU and memory overheads. The findings of this study highlight the unique ability of DDS to overcome the timeliness, security, automation, and reliability challenges of CTI sharing.",,,Electronics (Switzerland),10.3390/electronics14204045,https://pure.kfupm.edu.sa/en/publications/f55d54a9-b09e-45c0-b17e-79e0f39676f8,KFUPM Pure (OAI-PMH)
KFUPM_0d6595d5-c7c3-448f-86c9-8b6c521a5292,King Fahd University of Petroleum and Minerals,CEFEEL: Communication-Efficient FEderated Learning for Personal Assistant Applications,Abdulmumin Sa'ad; Muhamad Felemban; Abdulaziz Tabbakh,2025,,"Smartphones have rapidly become ubiquitous with more than five billion users worldwide. Equipped with advanced sensors such as GPS, cameras, and microphones, they generate large amounts of diverse data. Much of this data, including locations, call logs, images, and online activities, is private. A suitable model training architecture is required to enhance usability through intelligent applications while preserving data privacy and security. In this article, we develop a communication-efficient federated learning (CEFEEL) framework for smartphone personal assistant applications to protect data privacy and maintain user experience with low communication and computational overhead. The proposed framework identifies parameters that have converged early in the training phase and hence can be frozen or communicated intermittently, reducing communication overhead without compromising model accuracy. Extensive experiments demonstrate the robustness of our approach against unbalanced and non-IID data distributions. The experiments show that our developed framework, named FedFreeze and FedFreeze+ techniques, outperforms state-of-the-art FL algorithms like FedAvg in reducing communication and computational costs, preserving privacy, and maintaining training efficiency with comparable accuracy.",,,IEEE Open Journal of the Computer Society,10.1109/ojcs.2025.3624806,https://pure.kfupm.edu.sa/en/publications/0d6595d5-c7c3-448f-86c9-8b6c521a5292,KFUPM Pure (OAI-PMH)
KFUPM_f51e1d52-7809-45a4-868f-839942b380fd,King Fahd University of Petroleum and Minerals,Clutter Suppression in 3D in-vivo Medical Ultrasound Using In-Face Extended Frank-Wolfe Method,Shujaat Khan; Jaeyoung Huh; Lamia Al Saikhan; Jong Chul Ye,2025,,"3D echocardiography provides enhanced spatial visualization and improved diagnostic potential compared to 2D echocardiography, but its clinical application is limited by clutter artifacts, low temporal resolution, and reduced signal-to-noise ratio (SNR) due to transducer limitations. Existing 2D clutter suppression methods relying on high frame rates are ineffective for 3D scans. To address this, we propose a novel spatiotemporal clutter suppression technique that uses the In-Face Extended Frank-Wolfe Method (IFXFWM) to perform low-rank approximation on 3D spatio-temporal data. Our method forms Casorati matrices from 3D sub-cubes derived from multiple time frames and applies IFXFWM to extract clutter-free reconstructions. Evaluation on 3D echocardiographic scans acquired under simulated attenuation conditions demonstrates significant improvement over conventional methods such as RAPID, especially in preserving anatomical structures.",,,"2025 IEEE International Ultrasonics Symposium, IUS 2025",10.1109/ius62464.2025.11201661,https://pure.kfupm.edu.sa/en/publications/f51e1d52-7809-45a4-868f-839942b380fd,KFUPM Pure (OAI-PMH)
KFUPM_c9d333f4-8ec4-42dc-b6c5-5e76f931ae5e,King Fahd University of Petroleum and Minerals,Exaggeration-based Fake Cybersecurity News Detection,Abdullah Felemban; Mustafa Ghaleb; Muhamad Felemban; Simon S. Woo; Shahroz Tariq; Sharif Abuadbba; Kristen Moore; Tim Walita; Mario Fritz; Bimal Viswanath,2025,2025-10-12,"We address the challenge of detecting exaggeration in cybersecurity tweets on X, where misinformation spreads rapidly. Our novel framework uses local Large Language Models (LLMs) and Retrieval Augmented Generation (RAG) to gather evidence and assess tweets' rhetorical intensity, offering graded exaggeration scores. Validated through a human study and a pilot that matches LLM results with human labels, this work lays the groundwork for improved misinformation detection tools.",,,"3D-Sec 2025 - Proceedings of the 1st ACM Workshop on Deepfake, Deception and Disinformation Security",10.1145/3733813.3764365,https://pure.kfupm.edu.sa/en/publications/c9d333f4-8ec4-42dc-b6c5-5e76f931ae5e,KFUPM Pure (OAI-PMH)
KFUPM_51583b04-6cab-49c7-8fd0-d8b94be9c4a1,King Fahd University of Petroleum and Minerals,Dynamic random walk-based sled dog optimization algorithm and artificial neural network for optimizing design engineering problems,Sadiq M. Sait; Pranav Mehta; Dildar Gürses; Ali Riza Yildiz,2025,2025-11-01,"This research presents a modified version of the sled dog optimizer (SDO) to enhance optimization performance across various benchmark functions and real-world applications. The proposed modification introduces adaptive mechanisms to balance exploration and exploitation, thereby improving convergence speed and solution accuracy. Experimental results demonstrate that the modified SDO outperforms the standard SDO and other contemporary metaheuristic algorithms in terms of optimization efficiency and robustness. Comparative analysis of standard test functions and engineering design problems confirms the superiority of the proposed approach.",,,Materialpruefung/Materials Testing,10.1515/mt-2025-0172,https://pure.kfupm.edu.sa/en/publications/51583b04-6cab-49c7-8fd0-d8b94be9c4a1,KFUPM Pure (OAI-PMH)
KFUPM_c7e9f0ba-14f2-41c4-9b5e-f65d5054feec,King Fahd University of Petroleum and Minerals,Hybrid Classical–Quantum Kernel Learning for Scalable and Secure Link State Prediction in Software-Defined Networks,Muhammad Afaq,2025,,"Software-Defined Networks (SDNs) with their centralized control system and enhanced programmability requires a sophisticated approach to predict link states in complex network topologies. While predictive performance of traditional machine learning (ML) models remains high on static data, they struggle under dynamic and imbalanced network behavior. Although Quantum Machine Learning (QML) offers a promising solution by leveraging quantum-enhanced kernels to discover non-linear patterns, current quantum hardware constraints limit its standalone applicability. This paper presents an extended hybrid classical-quantum learning framework for SDN link state prediction under both benign (stable) and attack (compromised) conditions, integrating classical preprocessing with quantum kernel embedding via the ZZFeatureMap. A tunable parameter α ϵ [0,1] enables dynamic interpolation between classical Radial Basis Function (RBF) and quantum kernels. On a stratified 5,000-sample subset of the InSDN dataset, which contains both normal and attack traffic flows, the hybrid Quantum Support Vector Machine (QSVM) achieves 85% accuracy, 0.92 ROC–AUC, and 0.73 Average Precision (AP). Scalability experiments on 20,000 samples confirm stable performance using Nyström-approximated kernels. Comparative evaluations with existing core classical, gradient boosting, and deep learning approaches highlight hybrid QSVM’s tunable expressivity, controlled computational scaling, and robustness to data distribution shifts, demonstrating its potential for future quantum-enabled SDN analytics.",,,IEEE Open Journal of the Communications Society,10.1109/ojcoms.2025.3639435,https://pure.kfupm.edu.sa/en/publications/c7e9f0ba-14f2-41c4-9b5e-f65d5054feec,KFUPM Pure (OAI-PMH)
KFUPM_d062fb7f-6a52-4b30-9b47-c404a4291650,King Fahd University of Petroleum and Minerals,Depth-Aware Image and Video Orientation Estimation,Muhammad Zeshan Alam; Larry Stetsiuk; M. Umair Mukati; Zeeshan Kaleem,2025,,"This paper introduces a novel approach for image and video orientation estimation by leveraging depth distribution in natural images. The proposed method estimates the orientation based on the depth distribution across different quadrants of the image, providing a robust framework for orientation estimation suited for applications such as virtual reality (VR), augmented reality (AR), autonomous navigation, and interactive surveillance systems. To further enhance fine-scale perceptual alignment, we incorporate depth gradient consistency (DGC) and horizontal symmetry analysis (HSA), enabling precise orientation correction. This hybrid strategy effectively exploits depth cues to support spatial coherence and perceptual stability in immersive visual content. Qualitative and quantitative evaluations demonstrate the robustness and accuracy of the proposed approach, outperforming existing techniques across diverse scenarios.",,,IEEE Access,10.1109/access.2025.3634802,https://pure.kfupm.edu.sa/en/publications/d062fb7f-6a52-4b30-9b47-c404a4291650,KFUPM Pure (OAI-PMH)
KFUPM_e124792b-5f29-44c5-8c71-57a5475e22e7,King Fahd University of Petroleum and Minerals,Numerical evaluation of blood flow of MHD Non-Newtonian bingham fluid with heat transfer in a vertical artery with atherosclerosis,A. Zeeshan; R. Ellahi; Majid Hussain Shah; Sadiq M. Sait,2025,,"Purpose – Understanding blood flow in stenosed arteries is essential for predicting cardiovascular risks and improving therapeutic strategies in bioengineering. Despite remarkable medical advances, cardiovascular diseases remain the primary cause of mortality worldwide, with atherosclerosis – caused by the accumulation of low-density lipoproteins and macrophages – being a major contributor to arterial narrowing. This study aims to present a numerical investigation of unsteady, incompressible, pulsatile blood flow through a vertical stenosed artery modeled as a Bingham fluid under the influence of a transverse magnetic field. Design/methodology/approach – The governing equations in cylindrical coordinates are discretized using an explicit finite difference scheme, and simulations are conducted for various hemodynamic and physical parameters. Findings – The results reveal that higher Bingham numbers enhance the fluid’s capacity to overcome yield stress, promoting stable and accelerated flow through the constricted region. Magnetic fields (higher Hartmann numbers) exert a damping effect, reducing velocity and flow rate while increasing impedance, whereas thermal effects (higher Grashof numbers and radiation parameters) enhance velocity and wall shear stress, particularly in smooth stenoses. These findings provide insight into hemodynamic behavior under pathological conditions and may aid in the design of biomedical devices and the optimization of magnetic or thermal therapies for cardiovascular disorders. Originality/value – The objective of this research is to simulate and analyze the blood circulation and heat transfer using the Bingham fluid model in a vertical artery with atherosclerosis.",SDG 3 - Good Health and Well-being,,International Journal of Numerical Methods for Heat and Fluid Flow,10.1108/hff-08-2025-0564,https://pure.kfupm.edu.sa/en/publications/e124792b-5f29-44c5-8c71-57a5475e22e7,KFUPM Pure (OAI-PMH)
KFUPM_4e99ad0e-7b6d-47a6-a4ae-6cf2d6b79904,King Fahd University of Petroleum and Minerals,Distributed Deep Learning for Medical Image Denoising with Data Obfuscation,Sulaimon Adebayo; Ayaz Ul Hassan Khan,2025,,,,,2025 IEEE 25th International Conference on Bioinformatics and Bioengineering (BIBE),10.1109/bibe66822.2025.00021,https://pure.kfupm.edu.sa/en/publications/4e99ad0e-7b6d-47a6-a4ae-6cf2d6b79904,KFUPM Pure (OAI-PMH)
KFUPM_91e7e5db-d9c6-497b-bfb4-42a767487300,King Fahd University of Petroleum and Minerals,Predicting Actual Temperature of an Autoclave for Composite Materials Using Balanced-ElasticNet,Farman Hassan; Ayaz H. Khan,2025,,"The production of high-performance rigid and lightweight composite materials is a top priority in automotive, defence, and aerospace industries. Therefore, it is crucial to introduce technologies related to Industry 4.0 to innovate the industrial production process. In the recent era, the use of an Artificial intelligence (AI) technology has exponentially grown and obtained significance as a powerful tool for simulating and modelling complex physical systems. Specifically, the autoclaving process facilitates the curing of composite materials of high-performance aerospace, automotive, and ships to get the desired strength and rigidness of the final product. The composite materials are subjected to high pressure and temperature to get durable, lightweight, and rigid products. Therefore, it is necessary to predict the actual temperature of an autoclave to obtain the desired strength and rigid products. In this work, we employed different machine learning (ML) approaches, namely, random forest, decision tree, gradient boosting, linear, multilayer perceptron, ridge, and balanced-ElasticNet regression for the prediction of the actual temperature of an autoclave. The elastic Net regression combines the penalties of both lasso and ridge regression and addresses the limitations of both. However, we introduced a balanced-ElasticNet by equalling both penalties to get the regularization and to handle the multicollinearity. The approach based on balanced-ElasticNet performs better compared to other ML approaches. Furthermore, we evaluated the performance using the historical data of 13 different batches and it obtained mean absolute error, root mean square error, R-2 squared error, and temperature relative error of 1.95, 5.71, 0.90, and 0.05, respectively. We also made a comparative analysis using different machine-learning approaches to check the reliability of approaches for accurate prediction of the actual temperature of an autoclave. However, the comparative analysis confirms the reliability of the balanced-ElasticNet-based approach for accurate prediction of an autoclave's temperature. Furthermore, the proposed approach can assess, monitor, and improve the curing production processes of Dallara, which can lead to the production of the safest and most reliable lightweight and rigid products in the world.","SDG 9 - Industry, Innovation, and Infrastructure",,Transportation Research Procedia,10.1016/j.trpro.2025.03.063,https://pure.kfupm.edu.sa/en/publications/91e7e5db-d9c6-497b-bfb4-42a767487300,KFUPM Pure (OAI-PMH)
KFUPM_c6a6be77-18e9-42ae-857d-5a82618e5850,King Fahd University of Petroleum and Minerals,A DoS Attack Against 5G-Based IIoT Networks Utilizing Standard Network Slicing Mechanisms,Abrar Al-Qahtani; Muhammad E.S. Elrabaa,2025,,"5G networks promise to integrate several new technologies including cloud-based virtualization of physical resources and network functions, as well as the separation of the control plane from the data plane. Network slicing-the ability to have multiple virtual networks simultaneously share the same physical infrastructure-plays a central role in these technologies. Network slicing, however, opens the door to new attacks from malicious network tenants. In this work, we show how a side-channel that leaks information about one network tenant to another can be created and used to launch a Denial of Service Attack (DoS). The attack involves three main steps: a reconnaissance phase to obtain the victim network’s traffic patterns over time by exploiting a side channel based on standard 5G network slicing mechanisms; training a Long Short-Term Memory (LSTM) model to be able to predict the victim network’s peak traffic times; and launching the DoS attack during those peak periods, again via standard 5G network slicing mechanisms. A successful attack on a typical Industrial IoT (IIoT) smart manufacturing application was demonstrated using OMNeT++ simulations and real IoT-23 traffic traces.","SDG 9 - Industry, Innovation, and Infrastructure",,IEEE Access,10.1109/access.2025.3642117,https://pure.kfupm.edu.sa/en/publications/c6a6be77-18e9-42ae-857d-5a82618e5850,KFUPM Pure (OAI-PMH)
KFUPM_c3acbdd5-ca53-4f98-b7d0-9ca3f64f599b,King Fahd University of Petroleum and Minerals,Exploring Efficient FPGA Acceleration of High-Order 3D Iterative Stencil Loops on Large Data Grids,Alhussain Ibrahim; Muhammad E.S. Elrabaa; Saleh Alsaleh; Aiman H. El-Maleh; Thierry Tonellot,2025,,"An efficient methodology for FPGA acceleration of high-order 3D iterative stencil loops over large 3D-grids was developed. Spatial (tiling) and temporal (combined iterations) blocking are used to circumvent the FPGAs’ limitations and maximize throughput. Implemented as a fully asynchronous SW-HW pipeline, it can compute high-order stencils on 3D grid without any limitations on the grid size or the number of iterations. An 8th-order, 25-point 3D stencil was used to demonstrate the methodology and possible optimizations of performance, resource utilization, and power efficiency. Results show that throughput is only limited by the FPGA off-chip memory bandwidth. Comparisons with published results for the same stencil showed that the developed methodology can achieve a throughput equivalent to ~ 43-Haswell cores (22 nm technology) or ~ 13 Milan-x cores (7 nm technology) running at 2.3 and 2.45 GHz, respectively. Compared to an A100 NVIDIA GPU implementation of the same stencil, it achieved ~ 41% better power efficiency (Watts per GB/s). The methodology was extended to support multiple FPGAs. With two FPGA boards, the total latency was reduced by ~ 27%.",,,Arabian Journal for Science and Engineering,10.1007/s13369-025-10919-y,https://pure.kfupm.edu.sa/en/publications/c3acbdd5-ca53-4f98-b7d0-9ca3f64f599b,KFUPM Pure (OAI-PMH)
KFUPM_39ae78ee-3844-43a0-9db6-703d93c98399,King Fahd University of Petroleum and Minerals,Lightweight Quantized XGBoost for Botnet Detection in Resource-Constrained IoT Networks,Mohammed Rauf Ali Khan; Abdulaziz Y. Barnawi; Adnan Munir; Zainab Alsalman; Dario Marcelo Satan Sanunga,2025,,"The rapid expansion of IoT devices has introduced significant security challenges, with malware authors constantly evolving their techniques to exploit vulnerabilities in IoT networks. Despite this growing threat, progress in developing effective detection solutions remains limited. In this study, we present an ML-based framework for detecting and classifying network threats targeting IoT environments. Using the CTU-IoT-Malware-Capture 2023 dataset and the UNSW Bot-IoT dataset, we transformed the task into a structured multi-class classification problem to better reflect real-world detection challenges. Our primary contribution lies in demonstrating the effectiveness of post-training quantization on gradient-boosted models, specifically a Quantized XGB variant enhanced with histogram-based quantization. This approach significantly reduces model size and inference time without sacrificing accuracy. The proposed model achieved high classification accuracies of 99.93% and 99.99% on the two datasets, while the quantization step led to 1.42× and 3× improvements in inference speed, and reductions in model size by 3.61× and 2.71×, respectively, making it well-suited for deployment in resource-constrained IoT settings. This work demonstrates not only the effectiveness of gradient boosting in handling complex traffic data but also introduces an efficient optimization strategy for real-time IoT threat detection.",,,Internet of Things,10.3390/iot6040070,https://pure.kfupm.edu.sa/en/publications/39ae78ee-3844-43a0-9db6-703d93c98399,KFUPM Pure (OAI-PMH)
KFUPM_440c0218-5c0a-460d-9ee7-f41ad19722dc,King Fahd University of Petroleum and Minerals,Learning to Navigate in Mixed Human–Robot Crowds via an Attention-Driven Deep Reinforcement Learning Framework,Ibrahim K. Kabir; Muhammad F. Mysorewala; Yahya I. Osais; Ali Nasir,2025,,"The rapid growth of technology has introduced robots into daily life, necessitating navigation frameworks that enable safe, human-friendly movement while accounting for social aspects. Such methods must also scale to situations with multiple humans and robots moving simultaneously. Recent advances in Deep Reinforcement Learning (DRL) have enabled policies that incorporate these norms into navigation. This work presents a socially aware navigation framework for mobile robots operating in environments shared with humans and other robots. The approach, based on single-agent DRL, models all interaction types between the ego robot, humans, and other robots. Training uses a reward function balancing task completion, collision avoidance, and maintaining comfortable distances from humans. An attention mechanism enables the framework to extract knowledge about the relative importance of surrounding agents, guiding safer and more efficient navigation. Our approach is tested in both dynamic and static obstacle environments. To improve training efficiency and promote socially appropriate behaviors, Imitation Learning is employed. Comparative evaluations with state-of-the-art methods highlight the advantages of our approach, especially in enhancing safety by reducing collisions and preserving comfort distances. Results confirm the effectiveness of our learned policy and its ability to extract socially relevant knowledge in human–robot environments where social compliance is essential for deployment.",SDG 3 - Good Health and Well-being,,Machine Learning and Knowledge Extraction,10.3390/make7040145,https://pure.kfupm.edu.sa/en/publications/440c0218-5c0a-460d-9ee7-f41ad19722dc,KFUPM Pure (OAI-PMH)
KFUPM_42dc9163-538f-44ec-9836-1e8219aedd32,King Fahd University of Petroleum and Minerals,On the Homomorphic Properties of Kyber and McEliece with Application to Post-Quantum Private Set Intersection,Anas A. Abudaqa; Khaled Alshehri; Muhamad Felemban,2025,,"Crystals-Kyber and Classic-McEliece are two prominent post-quantum key encapsulation mechanisms (KEMs) designed to address the challenges posed by quantum computing to classical cryptographic schemes. While the former has been standardized by the National Institute of Standards and Technology (NIST), the latter is well-known for its exceptional robustness and as one of the finalists of the fourth round of post-quantum cryptography standardization. Private set intersection (PSI) is a privacy-preserving technique that enables two parties, each possessing a dataset, to compute the intersection of their sets without revealing anything else. This can be achieved thanks to homomorphic encryption (HE), which allows computations on encrypted data. In this paper, firstly, we study Kyber and McEliece, apart from being KEMs, as post-quantum public key encryption (PKE), and examine their homomorphic properties. Secondly, we design two different two-party PSI protocols that utilize the homomorphic capabilities of Kyber and McEliece. Thirdly, a practical performance evaluation under NIST’s security levels 1, 3, and 5 is conducted, focusing on three key metrics: storage overhead, communication overhead, and computation cost. Insights indicate that the Kyber-based PSI Protocol, which utilizes the multiplicative homomorphic property, is secure but less efficient. In contrast, the McEliece-based PSI protocol, while efficient in practice, raises concerns regarding its security as a homomorphic encryption scheme.",,,Cryptography,10.3390/cryptography9040066,https://pure.kfupm.edu.sa/en/publications/42dc9163-538f-44ec-9836-1e8219aedd32,KFUPM Pure (OAI-PMH)
KFUPM_fd48879a-22f4-4804-94f6-76bbbc317ee4,King Fahd University of Petroleum and Minerals,"Comparative Analysis of AI-Driven Security Approaches in DevSecOps: Challenges, Solutions, and Future Directions",Farid Binbeshr; Muhammad Imam; Muhammad Ali Babar; Ayse Tosun; Stefan Wagner; Viktoria Stray,2025,2025-12-23,"DevSecOps, which integrates security practices into every phase of DevOps, is increasingly adopted to balance rapid delivery with security needs. Artificial Intelligence (AI) and Machine Learning (ML) techniques are frequently applied in DevSecOps pipelines to automate security checks, improve threat detection, and enforce compliance. Yet, most existing research examines these techniques in isolation without comparing approaches. To address that gap, we performed a systematic literature review (SLR) of AI-driven security solutions in DevSecOps. We evaluated each approach's technical capabilities, implementation challenges, and operational impact. Our review found notable shortcomings in current approaches - particularly in real-world validation, scalability, and seamless integration of AI into development pipelines. We also highlight best practices observed in the literature, identify open research questions, and suggest directions for future work in order to advance AI-enabled DevSecOps.",,,"Proceedings of the 29th International Conference on Evaluation and Assessment in Software Engineering , EASE, 2025 edition, EASE Companion 2025",10.1145/3727967.3756841,https://pure.kfupm.edu.sa/en/publications/fd48879a-22f4-4804-94f6-76bbbc317ee4,KFUPM Pure (OAI-PMH)
KFUPM_b5910d57-183a-4c14-b924-0cc34c66da92,King Fahd University of Petroleum and Minerals,On Optimizing Energy Efficiency in SDN Networks Through ML-Driven Configuration,Jose Gomez-Delahiz; Manuel Jimenez-Lazaro; Juan Luis Herrera; Mohamed Faten Zhani; Jaime Galan-Jimenez; Doug Zuckerman; Mehmet Ulema; Noura Limam; Young-Tak Kim; Lisandro Zambenedetti Granville; Vinicius Fulber-Garcia,2025,,"The rapid evolution of 5G and 6G technologies, coupled with growing environmental concerns, underscores the critical need for energy-efficient computer networks. To this end, a key challenge would be to minimize energy consumption by dynamically adjusting the number of active network devices based on the traffic demand and matrix. This requires an efficient mapping of the traffic matrix, which represents the amount of data traffic exchanged between different nodes over a given period, onto the network to ensure a minimal number of active while meeting performance requirements. Traditional approaches, based on Integer Linear Programming and heuristic algorithms, face significant limitations in scalability and computational efficiency, particularly for large-scale networks. To address these challenges, this work proposes a Machine Learning (ML)-based algorithm that leverages clustering techniques to identify near-optimal mappings of traffic matrices in Software-Defined Networks. Simulations on realistic network topologies demonstrate that our solution achieves substantial energy savings, up to 53 %, outperforms heuristic methods in execution time by orders of magnitude, and delivers near-optimal performance. These results highlight the potential of ML-driven approaches to enable scalable and energy-efficient network management.",SDG 7 - Affordable and Clean Energy,,"Proceedings of IEEE/IFIP Network Operations and Management Symposium 2025, NOMS 2025",10.1109/noms57970.2025.11073657,https://pure.kfupm.edu.sa/en/publications/b5910d57-183a-4c14-b924-0cc34c66da92,KFUPM Pure (OAI-PMH)
KFUPM_34aad069-fdd2-4152-91de-e90a0836b84b,King Fahd University of Petroleum and Minerals,Towards Programmable Low-End Networking: Research Challenges and Lessons Learned,Vinicius Boff Alves; Marcelo Basso; Laura Becker Ramos; Julien Guillemot; Andre Riker; Antonio Abelem; Luciano Gaspary; Mohamed Faten Zhani; Jaime Galan-Jimenez; Juliano Araujo Wickboldt; Weverton Cordeiro; Doug Zuckerman; Mehmet Ulema; Noura Limam; Young-Tak Kim; Lisandro Zambenedetti Granville; Vinicius Fulber-Garcia,2025,,"The research agenda on programmable data planes has been primarily focused on high-end networking devices, driven by technical requirements derived from operations & management needs of large scale datacenters and cloud providers. In this paper, we argue in favor of a yet incipient but equally paramount and challenging topic in this agenda: research on programmable low-end devices, like Low-power wide-area network (LPWAN). One main motivation is 'unlocking' LPWAN, enabling one to freely redefine how they parse and process packets by means of Domain-specific languages such as P4. In addition to reducing capital expenditure by allowing interoperability between devices from multiple vendors, programmability would open LPWAN to an entire novel class of use cases, like providing inclusive internet access to technologically marginalized populations (such as rural communities). To contribute to this emerging research agenda, we propose a conceptual architecture and demonstrate the technical feasibility of a Programmable LPWAN by means of a proof-of-concept prototype, built using off-the-shelf hardware. More importantly, we present and discuss valuable lessons towards the design of such devices, maintaining their popular characteristics (like low power, low cost, long rage) yet freely (re)programmable for a broader class of novel use cases.","SDG 9 - Industry, Innovation, and Infrastructure",,"Proceedings of IEEE/IFIP Network Operations and Management Symposium 2025, NOMS 2025",10.1109/noms57970.2025.11073665,https://pure.kfupm.edu.sa/en/publications/34aad069-fdd2-4152-91de-e90a0836b84b,KFUPM Pure (OAI-PMH)
KFUPM_f0b3e6b0-717d-476d-b493-9a3f1da6e3e3,King Fahd University of Petroleum and Minerals,Bringing Programmable Low-End Networks to Life: A Field Study with an Off-the-Shelf Prototype,Marcelo Basso; Vinicius B. Alves; Laura B. Ramos; Julien Guillemot; Andre Riker; Antonio Abelem; Luciano Gaspary; Mohamed Faten Zhani; Jaime Galan-Jimenez; Juliano Wickboldt; Weverton Cordeiro; Doug Zuckerman; Mehmet Ulema; Noura Limam; Young-Tak Kim; Lisandro Zambenedetti Granville; Vinicius Fulber-Garcia,2025,,"We present a prototype that could open the doors to mitigate digital exclusion in technologically underserved pop-ulations. By converging software-defined networks (SDN) with programmable data planes (PDP), our approach enables one to customize low-cost hardware to fit the network behavior. We integrate low-power wide-area networks (LPWANs), known for their scalability and efficiency, with PDPs to propose a flexible solution for changing requirements, such as distance and terrain configurations, validated through real-world test scenarios.",,,"Proceedings of IEEE/IFIP Network Operations and Management Symposium 2025, NOMS 2025",10.1109/noms57970.2025.11073634,https://pure.kfupm.edu.sa/en/publications/f0b3e6b0-717d-476d-b493-9a3f1da6e3e3,KFUPM Pure (OAI-PMH)
KFUPM_0534e369-f0ed-4d1c-a79a-8fb87e5b2bcc,King Fahd University of Petroleum and Minerals,Transport Assistants to Enhance TCP Connections: Investigating the Placement Problem,Jaime Galán-Jiménez; Mohamed Faten Zhani; José Gómez-delaHiz; John Kaippallimalil,2025,2025-03-01,"As of today, transport control protocol (TCP) remains the de-facto transport protocol in the Internet. However, TCP may incur high delays, especially when retransmitting lost packets as they have to be retransmitted only by the source and after a timeout that is roughly equal to a round trip time. To reduce such delay, recent work proposed to deploy a special network function, called transport assistant (TA), that is able to detect and retransmit lost TCP packets from inside the network rather than the source and thereby reduces retransmission delays. Unfortunately, there is no study on the impact of the placement of the TA on its performance benefits in terms of packet delivery delay. In this paper, we focus on the TA placement problem. We discuss the trade-offs and parameters to be considered to select the best placement for the TA. We first mathematically model the TCP packet delivery delay, that is, the time needed to deliver TCP packets, when the TA is deployed. We also formulate, as an integer linear program (ILP), the problem of placing multiple TAs in order to reduce TCP packet delivery delays while minimizing their deployment costs. We consider use-cases, one where a TA could handle a single flow and another where a TA could handle multiple flows. We then propose two heuristics to solve the problem with minimal execution time. Through experiments, we demonstrated that the deployment of TAs could reduce TCP packet delivery delays by up to 30% and could be leveraged to guide routing and load balancing. Moreover, we show that using the proposed heuristics for placing TAs could lead to performance that is close to the optimal solutions obtained with the ILP but with lower execution time.",,,International Journal of Network Management,10.1002/nem.70006,https://pure.kfupm.edu.sa/en/publications/0534e369-f0ed-4d1c-a79a-8fb87e5b2bcc,KFUPM Pure (OAI-PMH)
KFUPM_3d49660c-0f44-47ac-969b-131c29b646c5,King Fahd University of Petroleum and Minerals,Deployable Ultrasound Segmentation Via Deformable Attention-Enhanced UNet,Adnan Munir; Shujaat Khan,2025,,"In medical ultrasound, segmentation of the pubic symphysis and fetal head is critical for automating fetal and maternal assessments, yet it remains challenging due to anatomical variability, low contrast, and imaging artifacts. In this work, we present DAUNet, an efficient and lightweight segmentation model designed for compute efficient clinical use in ultrasound workflows. The architecture builds upon the UNet backbone and introduces two key innovations: Deformable V2 Convolutions for capturing non-rigid anatomical boundaries, and SimAM-an attention mechanism that enhances spatial saliency without adding parameters. We validate DAUNet on the FHPS dataset, which involves the simultaneous detection of fetal head and pubic symphysis in transperineal ultrasound images. The model achieves competitive segmentation accuracy compared to state-of-the-art methods while maintaining a substantially smaller parameter footprint. Robustness experiments further demonstrate that DAUNet retains high performance under partial visibility, highlighting its potential for deployment in edge-based ultrasound systems. The proposed approach supports the broader goal of enabling efficient, and accessible AI for maternal-fetal healthcare.",,,"Proceedings - 2025 IEEE 25th International Conference on Bioinformatics and Bioengineering, BIBE 2025",10.1109/bibe66822.2025.00044,https://pure.kfupm.edu.sa/en/publications/3d49660c-0f44-47ac-969b-131c29b646c5,KFUPM Pure (OAI-PMH)
KFUPM_7009cd9a-1a6b-4d66-8949-5e0bb1128097,King Fahd University of Petroleum and Minerals,Energy-Efficient Multi-Agent UAV Path Planning for Green IoT Systems,Md Najmul Mowla; Davood Asadi; Khaled Rabie; Xingwang Li,2025,,"Efficient UAV navigation in large-scale six-generation (6G)-enabled green internet of things (GIoT) systems presents significant challenges due to stringent energy constraints, dynamic network conditions, and the need for robust connectivity and high coverage. Existing methods often neglect critical factors such as real-time adaptability to network variations, scalable multi-agent coordination, and integrated communication-energy optimization. To address these gaps, this paper proposes a novel multi-agent UAV path-planning framework based on the proximal policy optimization (PPO) algorithm, explicitly designed for connectivity-aware navigation. The approach integrates simultaneous wireless information and power transfer (SWIPT)-based energy harvesting, dynamic obstacle avoidance, and communication-driven reward shaping to enable sustainable, efficient UAV operations. Extensive simulations in a custom Gymnasium environment, modeled on precision agriculture, validate the framework. Experimental results with three UAV agents demonstrate 100% mission success, up to 0.0096 J/bit energy efficiency, average communication latency below 11 ms, and improved coverage with zero collisions for two agents. Compared to classical planners (A*, Dijkstra) and baseline PPO methods, the proposed model achieves a 15% higher cumulative reward and superior energy-latency trade-offs. Fully decentralized decision-making further enables scalable, practical deployment. This framework enables real-time UAV coordination by integrating 6G communication, energy, and dynamic environment adaptation for Green IoT.",SDG 2 - Zero Hunger; SDG 7 - Affordable and Clean Energy; SDG 17 - Partnerships for the Goals,,"2025 IEEE 36th International Symposium on Personal, Indoor and Mobile Radio Communications, PIMRC 2025",10.1109/pimrc62392.2025.11275529,https://pure.kfupm.edu.sa/en/publications/7009cd9a-1a6b-4d66-8949-5e0bb1128097,KFUPM Pure (OAI-PMH)
KFUPM_acf3a434-0cc8-4a80-a6ab-f4212a65a78d,King Fahd University of Petroleum and Minerals,Dynamic Real-time Learning of Electromagnetic Interference Parameters for Drone Crashing Attack,Yasser El-Alfy; Ehab Al-Shaer; Uthman Baroudi; Umar Johar,2025,,"Drones are increasingly used in mission-critical environments such as border surveillance, military logistics, and infrastructure inspection. However, their flexibility also introduces cybersecurity risks, as adversaries can exploit them for malicious purposes. A promising defense technique involves using electromagnetic interference to selectively neutralize rogue drones - provided their communication parameters can be precisely identified.In this work, we propose a reinforcement learning agent based on Proximal Policy Optimization (PPO) to autonomously identify the frequency-power pair susceptible to interference for an unknown drone-controller system. The agent operates in a large search space, guided by an environment modeled with dynamic hot zones. It is designed to minimize probing steps and energy consumption, making it suitable for time- and resource-constrained defensive scenarios. Experimental results in a simulated environment show that the agent achieves 90% accuracy in identifying effective jamming parameters, demonstrating its potential as a real-time, adaptive cybersecurity countermeasure for drone-based threats.",,,"2025 IEEE 36th International Symposium on Personal, Indoor and Mobile Radio Communications, PIMRC 2025",10.1109/pimrc62392.2025.11275486,https://pure.kfupm.edu.sa/en/publications/acf3a434-0cc8-4a80-a6ab-f4212a65a78d,KFUPM Pure (OAI-PMH)
KFUPM_a612fb2d-4fd9-4ee8-a1a5-d2221aa76aa0,King Fahd University of Petroleum and Minerals,A General I- Function Performance Analysis Framework for THz-based 6G Communications,Oussama Ihnib; Mustapha Benjillali; Khaled Rabie; Osamah S. Badarneh; Faissal El Bouanani; Fouad Ayoub,2025,,"In this paper, we propose a comprehensive performance analysis framework for the general case of multi-path fading channels modeled with a distribution of the form of a generalized I- function that encompasses all other known distributions as special cases. After obtaining the statistics of the received signal's envelope and the signal-to-noise ratio (SNR), we derive closed-form expressions for different performance metrics such as the outage probability, the average bit error probability, and the ergodic capacity. Then, from a practical engineering perspective, we apply our derivations to the case of THz links which are currently under consideration for adoption in the upcoming 6G networks. Revisiting the modeling of these links to align it with the I- function based representation, and taking into consideration other operational and environmental issues such as misalignment and fog, we obtain the expressions of the performance metrics of interest, and we assess the correctness of our derivations by comparison with Monte-Carlo simulation results in two different special cases; namely the classical Nakagami-m fading and the well-adopted α-μ model of the THz channels. The obtained numerical results show perfect match between our analytical framework derivation and the simulations, and provide insights on the impact of many system and environmental parameters, which will be of use to the engineering of THz-based 6G communication systems.",,,"8th International Conference on Advanced Communication Technologies and Networking, CommNet 2025 - Proceedings",10.1109/commnet68224.2025.11288919,https://pure.kfupm.edu.sa/en/publications/a612fb2d-4fd9-4ee8-a1a5-d2221aa76aa0,KFUPM Pure (OAI-PMH)
KFUPM_15b19935-378b-41ff-91b1-a980d9fc805f,King Fahd University of Petroleum and Minerals,Real-Time On-Device Vision-Based Road Anomaly Detection with Frame Span Interval (FSI) Event Counting,Ali Almakhluk; Uthman Baroudi; Yasser El-Alfy,2025,,"This study aims to improve transportation safety by addressing a persistent source of road accidents: pavement anomalies such as potholes and cracks. We develop a comprehensive system that detects potholes and multiple crack types (e.g., alligator, transverse, longitudinal), estimates their size/severity, and is architected to transmit evidence and metadata to a cloud service to support timely action by authorities. Central to our approach is the Frame Span Interval (FSI), which imposes a temporal window (with spatial tolerance) so that consecutive detections of the same physical anomaly at a specific location are consolidated into a single event-preventing duplicate counts, enabling accurate real-time tallying, and stabilizing downstream tracking metrics. The prototype, built with a Raspberry Pi, camera module, and CNN-based model with a laptop host, demonstrates on-device inference and local logging; backend integration and notifications are future work. This integrated approach targets the mitigation of accident risk arising from roadway damage and supports safer road conditions for the broader community.",SDG 3 - Good Health and Well-being; SDG 11 - Sustainable Cities and Communities,,"2025 IEEE/ACS 22nd International Conference on Computer Systems and Applications, AICCSA 2025 - Proceedings",10.1109/aiccsa66935.2025.11315341,https://pure.kfupm.edu.sa/en/publications/15b19935-378b-41ff-91b1-a980d9fc805f,KFUPM Pure (OAI-PMH)
KFUPM_221e715c-6743-4531-9ef8-2fcd43956012,King Fahd University of Petroleum and Minerals,AI Enhanced Malware Threat Detection on Internet of Healthcare Things (IoHT),Md Siddiqur Rahman Tanveer; Md Sakibul Islam; F. M. Jahiduzzaman; Farid Bin Beshr; Muhammad Imam,2025,,"A significant shift has been brought about by the Internet of Healthcare Things (IoHT), which connects medical equipment online. In addition to improving real-time analysis, it has enhanced patient interaction both electronically and emotionally. The IoHT is vulnerable to serious flaws because of its scalable and resource-constrained design. Malware attacks that interfere with the security trinity of availability, confidentiality, and integrity are the most frequent vulnerabilities. Sensitive data is placed at risk by malicious malware attacks, which cause firms to disregard security regulations such as GDPR or HIPAA. Cybersecurity researchers and practitioners face a significant challenge in detecting zero-day malware attacks in IoHT systems. Artificial intelligence (AI)-based methods for protecting IoHT environments against malware threats have gained popularity. This work proposes a high-accuracy ensemble method for malware detection based on AI. For IoHT platforms, this paper presents a high-accuracy ensemble approach based on AI for malware detection utilizing Windows PE file headers. After evaluating eleven supervised machine learning models, we ultimately proposed an ensemble-based malware detection method that achieved a 99% accuracy rate with an inference time of 1.0351 seconds.",SDG 10 - Reduced Inequalities,,"2025 IEEE International Conference on Emerging Trends in Engineering and Computing, ETECOM 2025",10.1109/etecom66111.2025.11319001,https://pure.kfupm.edu.sa/en/publications/221e715c-6743-4531-9ef8-2fcd43956012,KFUPM Pure (OAI-PMH)
KFUPM_10d3310c-5792-48d2-a126-a4c5872db015,King Fahd University of Petroleum and Minerals,"A Lightweight, Bandwidth-Aware Framework for Collaborative Inference in Medical Diagnostics",Md Sakibul Islam; Mohammed Rauf Ali Khan; Anas Khalid Saeed; Khaled M. Rabie,2025,,"The rapid rise of AI-assisted diagnostics in medical Internet-of-Things (IoT) environments has created a strong need for fast, accurate, and privacy-preserving deep learning models. While cloud-based models offer high performance, they incur latency and transmission overhead; edge-only models suffer from resource constraints. Collaborative inference-splitting deep neural networks (DNNs) between edge and cloud-offers a promising solution, but traditional architectures are inefficient in transmitting intermediate representations (IRs) under bandwidth constraints. We propose a bandwidth-aware inference framework that enhances the Naturally Aggregated Intermediate Representation (NAIR) method by integrating model fusion techniques. Our approach employs L1-norm-based channel importance to prune IRs and applies convolution-batch normalization fusion to reduce model size and memory overhead in the tail model. Evaluated on two diagnostic scenarios, brain tumor classification from Brain MRI and multi-sensor health monitoring data, our proposed framework preserves high diagnostic accuracy, reduces model size by up to 48.6%, and cuts inference latency by 2.37%, all without retraining the base model. This enabled rapid deployment of existing convolutional neural network (CNN) architectures across edge-cloud platforms. The proposed system is also durable to transmission degradation and adaptable to fluctuating network conditions, showing strong potential for real-time, intelligent healthcare in bandwidth-constrained medical IoT settings.",,,"2025 IEEE International Conference on E-health Networking, Application and Services, Healthcom 2025",10.1109/healthcom60686.2025.11343621,https://pure.kfupm.edu.sa/en/publications/10d3310c-5792-48d2-a126-a4c5872db015,KFUPM Pure (OAI-PMH)
KFUPM_f222e19d-6fc0-4749-a293-58a1d2706320,King Fahd University of Petroleum and Minerals,A Comprehensive Review of Public Datasets for Machine Learning-Based Intrusion Detection in IoT and OT Networks,Muhammad Afaq; Jaafer Rahmani; Axel Sikora,2025,,"The rapid growth of networks for Operational Technology (OT) and the Internet of Things (IoT) has increased their susceptibility to cyberattacks. Since many years, traditional intrusion detection systems (IDS) are in place. However, they are falling short, as they are insufficient against dynamic threats. However, ML-based models are only as good as their training datasets, so these datasets are of paramount importance. Consequently, this paper reviews publicly accessible datasets for anomalies in OT- and IoTnetworks and evaluates their applicability to ML-based IDS. It discusses the strengths and weaknesses of the datasets, including data imbalance, oversimplified attack scenarios, and restrictions on protocol diversity. In order to increase the effectiveness of ML-based IDS and strengthen cybersecurity in OT and IoT environments, the paper suggests increasing dataset complexity and realism.",,,Proceedings of the 13th IEEE International Conference on Intelligent Data Acquisition and Advanced Computing Systems,10.1109/idaacs68557.2025.11321996,https://pure.kfupm.edu.sa/en/publications/f222e19d-6fc0-4749-a293-58a1d2706320,KFUPM Pure (OAI-PMH)
KFUPM_078a627d-9fdc-485a-90d7-9b2a4532b14a,King Fahd University of Petroleum and Minerals,Advanced Stress Classification and Vital Signs Forecasting for IoT-Health Monitoring,Abubakar Danasabe; Md Moazzem Hossain; F. M. Jahiduzzaman; Khaled M. Rabie,2025,,"As wearable sensors and IoT technologies evolve, the demand for real-time health monitoring systems increases, particularly in stress detection and vital signs forecasting. This paper presents an ensemble-based approach for stress classification using CatBoost, LightGBM, AdaBoost, and HGBM, supported by explainability tools SHAP. It also introduces a hybrid forecasting system for oxygen saturation (SpO2) and pulse using GRU, LSTM, ARIMA, and AR. The system is validated on realworld datasets and deployed on ESP32 with a MAX30102 sensor for real-time use. Results show that classification accuracies of 97.59% and 97% can be achieved for Non-EEG dataset and for WESAD dataset, respectively. It is also demonstrated that 0.33 and 0.25 MAE for pulse and SpO2 are attained, respectively.",,,"2025 IEEE International Conference on E-health Networking, Application and Services, Healthcom 2025",10.1109/healthcom60686.2025.11342957,https://pure.kfupm.edu.sa/en/publications/078a627d-9fdc-485a-90d7-9b2a4532b14a,KFUPM Pure (OAI-PMH)
KFUPM_29f11d88-419c-480e-9edc-223071ce90f8,King Fahd University of Petroleum and Minerals,Few-Shot Prototypical Networks for IoMT Intrusion Detection with Adaptive Temperature Scaling and Prototype Spread Regularization,Md Sakibul Islam; F. M. Jahiduzzaman; Md Siddiqur Rahman Tanveer; Md Mahbub Murshid; Ashraf Sharif Mahmoud; Sadia Salma,2025,,"The rise of the Internet of Medical Things (IoMT) has introduced an unprecedented volume of networked medical devices, which in turn has raised serious cybersecurity concerns. Intrusion Detection Systems (IDS) are crucial for safeguarding patient data and device functionality in these environments. However, most existing IoMT IDS solutions rely on conventional Machine learning (ML) or Deep learning (DL) models that demand extensive training data and computational resources. These heavy approaches are often trained to specific network protocols and evaluated on generic or outdated datasets, such as KDD, NSL-KDD, that do not reflect modern IoMT traffic. In this paper, we propose a resource-efficient Few-Shot Learning (FSL) framework for IoMT intrusion detection. Our model integrates a Cosine Prototypical Network with Adaptive Temperature Scaling (ATS) and a Prototype Spread Regularizer (PSR) to enable rapid adaptation to new attack patterns using minimal data. We leverage a new multi-protocol IoMT security dataset (CICIoMT2024) that contains realistic network traffic from healthcare devices under various cyberattacks. that our approach achieves 99.05% binary detection accuracy and in comparsion to other baseline models performance under similar conditions, our model requires 28 × less training data and consumes 13 × less peak memory (1.3 MB) than standard baselines, while outperforming CNN and TabNet architectures. These results establish our proposed few-shot framework as a feasible, lightweight solution for adaptable security monitoring in critical healthcare networks.",,,"2025 7th International Conference on Electrical Information and Communication Technology, EICT 2025",10.1109/eict68394.2025.11355622,https://pure.kfupm.edu.sa/en/publications/29f11d88-419c-480e-9edc-223071ce90f8,KFUPM Pure (OAI-PMH)
KFUPM_77b04105-1cca-4e5e-943a-7783f75a4cf3,King Fahd University of Petroleum and Minerals,FalconAI: Cloud-based Automatic Execution of AI Workflows,Mahmoud Ellouh; Radwan Jalali; Muhamad Felemban; Kai Erenli; Christian Guetl; Yaser Jararweh; Jim Jansen,2025,,"In this paper, we introduce FalconAI, a cloud-based web application platform for automating the deployment of Artificial Intelligence (AI) workflows. Each workflow consists of one or more Machine Learning (ML) models. FalconAI consists of two components: front-end and back-end. The back-end uses virtualization, containerization, and container orchestration to support elastic resources upon the deployment of the workflows. We demonstrate the ability of FalconAI to run multiple AI models on multiple workflows, each of them in a separate pod. In our proof-of-concept implementation, FalconAI can support three pods simultaneously before the scheduling policy takes over to execute each pod sequentially one at a time.",,,"2025 3rd International Conference on Foundation and Large Language Models, FLLM 2025",10.1109/fllm67465.2025.11391001,https://pure.kfupm.edu.sa/en/publications/77b04105-1cca-4e5e-943a-7783f75a4cf3,KFUPM Pure (OAI-PMH)
KFUPM_fb37748c-4ab2-47ae-960f-a75f6f8f6f38,King Fahd University of Petroleum and Minerals,Enhancing Last-Mile Delivery Efficiency in Urban Environments Through Clustering and MILP-Based Route Optimization,Shihab Hasan; Tarek Sheltami; Ashraf Mahmoud; Ansar Yasar,2025,,"Last-mile delivery in dense urban areas demands routes that are both time-efficient and operationally realistic. We address this need with a two-stage framework coupling road-network-aware spatial clustering with an exact Mixed-Integer Linear Programming (MILP) solution to the Traveling Salesman Problem (TSP). Delivery points are first grouped via k-means using shortest-path distances on an OpenStreetMap-derived graph; centroids are snapped to valid road nodes, and the cluster count is automatically increased until every stop lies within a user-defined distance threshold. The depot and these centroids form a reduced TSP that is solved optimally. A case study for Al Khobar, Saudi Arabia, condenses 100 synthetic delivery locations into eight clusters and produces an optimal vehicle tour of 26.2 km in roughly one second on commodity hardware. Experiments over 50 random instances and five cluster sizes confirm that the proposed MILP route is consistently shortest, reducing total distance compared to heuristic and metaheuristic methods, while remaining tractable (<5 s) even at 25 clusters. These results demonstrate that embedding realistic road geometry in the clustering stage enables exact optimization to scale to real-world problem sizes, providing a reproducible blueprint for efficient, high-quality last-mile delivery planning in understudied regions.",SDG 11 - Sustainable Cities and Communities,,"IEEE Intelligent Transportation Systems Conference, ITSC 2025",10.1109/itsc60802.2025.11423664,https://pure.kfupm.edu.sa/en/publications/fb37748c-4ab2-47ae-960f-a75f6f8f6f38,KFUPM Pure (OAI-PMH)
KFUPM_2b271a5e-c926-46f2-a6bb-0d34ff6e3145,King Fahd University of Petroleum and Minerals,Lightweight Deep Learning Models for Real-Time Edge Intrusion Detection,Md Sakibul Islam; Sidratul Muntaha; Sadia Salma; Ashraf Sharif Mahmoud; Tarek Rahil Sheltami,2025,,"The increasing use of edge devices in critical domains such as healthcare, industry, and smart infrastructure is making them an attractive target for cyber attackers. To prevent cyberattacks, Intrusion Detection Systems (IDS) based on Machine Learning (ML) have been widely studied but they often face challenges in scalability, adaptability, and generalization to complex attack patterns. Deep Learning (DL) models solve many of these issues with higher accuracy, but they are difficult to deploy in resource-constrained edge devices. Thus, this work aims to investigate optimized DL models that can be deployed on edge devices. We benchmark four representative architectures: DNN, CNN, LSTM, and GRU, using the CICIoT2023 dataset across binary, 8-class, and 34-class classification scenarios. We evaluate accuracy, precision, recall, F1-score, inference time, CPU/RAM usage, and model size for each of them. Our results show that pruning and quantization compress models by a factor of 4 to 10 and reduce inference latency by up to 14 times while maintaining accuracy above 98% for binary classification and giving competitive performance in multi-class settings. These findings demonstrate that optimized DL models can enable real-time, energy-efficient IDS on edge devices without compromising effectiveness. We argue for a shift from conventional DL toward optimized DL for edge security, ensuring scalable and practical protection in resource-constrained environments.","SDG 7 - Affordable and Clean Energy; SDG 9 - Industry, Innovation, and Infrastructure",,"2025 28th International Conference on Computer and Information Technology, ICCIT 2025",10.1109/iccit68739.2025.11490486,https://pure.kfupm.edu.sa/en/publications/2b271a5e-c926-46f2-a6bb-0d34ff6e3145,KFUPM Pure (OAI-PMH)
KFUPM_e4d12343-9d22-48f0-ae94-940870e265f4,King Fahd University of Petroleum and Minerals,A Fog-Enabled Architecture for Securing Hierarchical Federated Learning from Data Poisoning,Mumin Adam; Uthman Baroudi,2025,,"Federated Learning (FL) enables distributed model training across multiple clients without requiring the exchange of raw data, thereby enhancing data privacy. However, FL remains vulnerable to data poisoning attacks from malicious clients. In this paper, we propose an enhanced four-layer hierarchical federated learning (HFL) architecture that integrates fog nodes between the edge and cloud layers to provide a robust, multi-tier defense against adversarial manipulation. Our approach introduces a two-layer outlier detection mechanism: (1) hard filtering at the edge using a median-based strategy to exclude malicious client updates, and (2) soft reweighting at the fog layer to attenuate the influence of suspicious edge aggregates. We formally define the system and threat models, present our defense algorithm, and provide theoretical and empirical analysis of its security advantages. Experiments on the MNIST dataset demonstrate that the proposed framework significantly improves resilience to label-flipping and data poisoning attacks. Even with 60% of clients behaving maliciously, our approach maintains an accuracy of 88%, compared to only 71% for standard HFL. Across a range of attack scenarios, the dual-layer defense consistently outperforms the baseline HFL, effectively detecting and mitigating both overt and subtle adversarial behaviors and ensuring a more stable and reliable model convergence.",,,"IEEE Globecom Workshops, GC Wkshps",10.1109/gcwkshps68340.2025.11591145,https://pure.kfupm.edu.sa/en/publications/e4d12343-9d22-48f0-ae94-940870e265f4,KFUPM Pure (OAI-PMH)
KFUPM_9cdc69b1-dc0e-4309-8a7a-33a179228613,King Fahd University of Petroleum and Minerals,G-CSL: A GNN-based Client-Server-Link Prediction for Video Streaming in SDN,Syed M.A.H. Bukhari; Muhammad Afaq; Wang Cheol Song,2025,,"Video streaming has become one of the primary contributors to global Internet traffic, posing significant challenges to network infrastructures. Software-defined networking (SDN) offers a promising solution for managing such dynamic and bandwidth intensive services by enabling centralized control and realtime adaptability. However, decoupled decision making fails to account for the interplay between server workload and link congestion, often leading to suboptimal resource allocation. To address this issue, this paper presents a graph neural network (GNN)-based client-server-link (G-CSL) prediction model designed to optimize video streaming performance in SDN environments. G-CSL utilizes a machine learning model in conjunction with a GNN-based link estimation model. The machine learning predicts the video streaming server CPU utilization, which serves as input to the GNN model as node embeddings for link estimation between the client and server. For load forecasting, two machine learning and two deep learning models are evaluated, with random forest (RF) outperforming its counterpart. For the link estimation task, both traditional and GNN-based models are considered. GraphSAGE outperforms its counterparts by accurately estimating the existence of a link between the client and the video streaming server. A lightweight neighbor score heuristic then assigns each request to the least loaded server over the highest confidence path, maximizing a composite utility of computational headroom and bandwidth. An ablation study of the GraphSAGE model is presented highlighting the importance of architectural components, including batch normalization, bilinear decoders, temporal features, and threshold-based edge masking, in enhancing model robustness. The proposed model is evaluated under realistic video streaming scenarios involving 10, 000 requests and compared with baselines. Experimental results show that G-CSL has achieved a 61% reduction in request drop rate, maintains an average delay of 22 ms per request, and improves system utility by 23%, demonstrating its effectiveness in balancing computational and bandwidth resources.",,,Journal of Communications and Networks,10.23919/jcn.2025.000057,https://pure.kfupm.edu.sa/en/publications/9cdc69b1-dc0e-4309-8a7a-33a179228613,KFUPM Pure (OAI-PMH)
KFUPM_3a6f14ab-a337-475d-bf2b-2b483ed03090,King Fahd University of Petroleum and Minerals,Performance Evaluation of OpenFn: A Cloud-based Middleware for Nonprofit Organizations,Sufian Salah Ghitas; Basem Almadani; Farouq Aliyu,2025,,"The growing complexity of data ecosystems demands middleware platforms that can efficiently automate workflows and integrate heterogeneous systems. This paper presents a performance evaluation of OpenFn, an open-source, cloud-based middleware platform tailored for nonprofit organizations, governmental agencies, and enterprises. OpenFn features a low-code/no-code interface, robust data transformation tools, real-time and batch processing capabilities, and a vast library of pre-built adaptors, enabling scalable and secure system interoperability. We evaluate the performance of OpenFn under varying load sizes and hardware configurations, measuring metrics such as latency, CPU utilization, dropped frames, and memory usage. Results indicate that system performance is significantly influenced by hardware capacity and network quality, with higher computational resources and stable connections yielding lower latency and fewer dropped frames. Although our findings indicate that OpenFn has scalability and resource optimization potential, they also reveal performance bottlenecks under high loads. Thus, we recommend incorporating parallel processing, batch optimization, and caching techniques.",,,IEEE International Conference on Innovate for Humanitarian,10.1109/icih67754.2025.11609187,https://pure.kfupm.edu.sa/en/publications/3a6f14ab-a337-475d-bf2b-2b483ed03090,KFUPM Pure (OAI-PMH)
KFUPM_8b6c5aca-6ce3-43dd-a444-13637be3180e,King Fahd University of Petroleum and Minerals,RetailEye: Supervised Contrastive Learning with Compliance Matching for Retail Shelf Monitoring,Mamoun Alghaslan; Khaled Almutairy; El Sayed El-Alfy; Abdul Jabbar Siddiqui; Mufti Mahmud; Maryam Doborjeh; Zohreh Doborjeh; Kevin Wong; Andrew Chi Sing Leung; M. Tanveer,2026,,"By harnessing technological advancements in computer vision and artificial intelligence, retail entrepreneurs can not only meet their objectives but also position themselves for sustainable growth in a competitive marketplace. A critical area of focus is inventory management, particularly monitoring grocery products on shelves and identifying misplaced or out-of-stock items. However, automatically detecting and recognizing products in real-time retail environments presents significant challenges, including factors such as varied visual representations, unpredictable poses, partial or full occlusions, and variations of lighting reflections on glossy packaging, and a lack of unified resources. In this paper, we propose and evaluate a two-stage approach, termed RetailEye, which employs supervised contrastive learning with compliance matching and leverages the latest developments in deep learning. After evaluating different models for object detection and recognition, we designed our system based on YOLOv8s in the first stage and EfficientNetV2-S and ResNet18 in the second stage. The proposed model outperformed the one-stage approach with high detection and recognition accuracy. Additionally, we unveil a custom dataset specifically curated for this research, aimed at advancing the field of inventory management.",SDG 8 - Decent Work and Economic Growth,,"Neural Information Processing - 31st International Conference, ICONIP 2024, Proceedings",10.1007/978-981-96-7036-9_17,https://pure.kfupm.edu.sa/en/publications/8b6c5aca-6ce3-43dd-a444-13637be3180e,KFUPM Pure (OAI-PMH)
KFUPM_ce2064ae-762f-4cde-bfdd-1c721d13799d,King Fahd University of Petroleum and Minerals,Smart Metering Meets AI: Real-Time Appliance Monitoring and Anomaly Detection Over DDS Middleware,Abdullahi Sani Shuaibu; Sami Ul Haq; Basem Almadani; Farouq Aliyu; Esam Gunaid Al-Nahari,2026,,"This paper presents a modular and intelligent smart energy metering system that integrates real-time sensing, decentralized communication, and deep learning-based analytics. The proposed architecture captures high-resolution electrical parameters and transmits them to a remote server using eProsima Fast Data Distribution Service (Fast DDS), a broker-less, low-latency middleware based on a publish-subscribe communication model. On the server side, a multi-task neural network is employed to simultaneously classify appliance types and detect operational anomalies using short time-series windows of power data. The system achieves over 93% accuracy in appliance classification and more than 99% in anomaly detection. Communication performance evaluation demonstrates stable throughput and an average latency of 25.44 ms, confirming the system’s suitability for real-time applications. The complete pipeline from data acquisition to semantic inference has been validated on real-world datasets and lab measurements, demonstrating its effectiveness for edge-level monitoring and intelligent energy management in smart grid environments.",SDG 7 - Affordable and Clean Energy,,IEEE Transactions on Industry Applications,10.1109/tia.2025.3608687,https://pure.kfupm.edu.sa/en/publications/ce2064ae-762f-4cde-bfdd-1c721d13799d,KFUPM Pure (OAI-PMH)
KFUPM_92191b97-5039-4ffc-bb15-f9405d7e4110,King Fahd University of Petroleum and Minerals,SWIPT-Aided NOMA for Next-Generation Consumer IoT Networks in Compound Fading Channels,Khaled M. Rabie,2026,2026-07-01,"The surge in consumer Internet of Things (IoT) devices can potentially introduce significant challenges for future wireless communication systems, particularly around increased energy consumption and spectrum scarcity. The advent of 6G wireless communication is expected to accelerate the evolution of consumer IoT networks, ensuring the sustainable and efficient deployment of such networks. In this regard, nonorthogonal multiple access (NOMA) is a promising 6G technology that can improve the experience of consumer IoT network users in terms of spectral efficiency, medium access fairness, and delay. Motivated by this, this article studies the performance of a simultaneous wireless information and power transfer (SWIPT)-aided cooperative relaying NOMA (CR-NOMA) system over compound fading channels, namely, the a -Lomax fading model, in terms of ergodic sum rate (ESR). The results indicate that the performance of the optimized SWIPT-aided CR-NOMA system is more superior than that of the SWIPT-aided CR-orthogonal multiple access system. Increasing the values of a and/or m of the a -Lomax model can enhance the ESR performance.",,,IEEE Consumer Electronics Magazine,10.1109/mce.2025.3610976,https://pure.kfupm.edu.sa/en/publications/92191b97-5039-4ffc-bb15-f9405d7e4110,KFUPM Pure (OAI-PMH)
KFUPM_ca95943d-03ab-4866-acb7-46b3d456bd84,King Fahd University of Petroleum and Minerals,Flow anomaly detection in harsh industrial environments: A data analytics & machine learning approach,Abdallah Moubayed,2026,2026-01-30,"Monitoring flow conditions has garnered increased attention with the corresponding increase in pipeline usage and deployment, particularly in industrial settings. More specifically, detecting liquid flow anomalies and disturbances has become a pressing challenge to both governmental and industrial stakeholders due to the associated financial losses and safety concerns it causes. This issue is further highlighted in industrial and manufacturing environments. For example, a fluid flow disturbance in an industrial facility can cause a significant explosion that would threaten both the facility and its operators. One promising approach to adopt is the use of data analysis (DA) and machine learning (ML) algorithms due to their effectiveness in illustrating the behavior of flow anomalies and detecting them in environments such as water transportation systems and underground pipelines. This work proposes a DA and ML-based approached to better understand the characteristics and detect flow anomalies in industrial-installed pipelines. As such, this work first proposes the use of Short-Time Fourier Transform to visualize the variation of the transmitted signal power measured for different frequency components over time. Then, representative and relevant features are extracted, normalized, and fed as input to four different supervised ML classification algorithms for flow anomaly detection. To evaluate the performance of the proposed framework, a real-word dataset collected through an industrial partner representing different working conditions is used. Experimental results show that the proposed ML-based flow anomaly detection framework achieves high accuracy, precision, and recall values. This illustrates the framework's effectiveness in detecting anomalies in such harsh industrial environments.","SDG 9 - Industry, Innovation, and Infrastructure",,Measurement: Journal of the International Measurement Confederation,10.1016/j.measurement.2025.119043,https://pure.kfupm.edu.sa/en/publications/ca95943d-03ab-4866-acb7-46b3d456bd84,KFUPM Pure (OAI-PMH)
KFUPM_500a57e7-e351-4c4d-883c-faaf45afc42e,King Fahd University of Petroleum and Minerals,UAV-assisted specular reflection-aware automated digital meter measurements,Muhammad Adel Yusuf; Fethi Ouerdane; Abdul Jabbar Siddiqui; Sami El-Ferik,2026,,"Measurement devices such as digital meters are used in many engineering applications to provide valuable data for analysis, control, and optimization. However, the current manual techniques and automated reading algorithms have limitations in achieving accurate and robust reading recognition under challenging situations such as light reflections on the target device’s screen that occlude the reading information. In this work, a novel framework is proposed to enhance digital meters inspection and reading based on specular reflection-aware human–machine interaction. The proposed method involves a remotely controlled unmanned aerial vehicle (UAV), convolutional neural network-based model for automated digital meter detection, light reflections, and specular-highlight-aware human–machine interaction strategy to capture better quality images for inspection and data extraction. The experimental results based on a custom dataset of 560 augmented digital meter images (640 × 640) and a separate test set collected from various publicly available resources on the internet to consider diverse visual conditions reveal that the proposed approach enables detecting the digital meter with an average precision of 0.943, very high recall scores, and with the a short detection time, which is only 0.564s compared with other related works.",,,Arabian Journal for Science and Engineering,10.1007/s13369-025-10723-8,https://pure.kfupm.edu.sa/en/publications/500a57e7-e351-4c4d-883c-faaf45afc42e,KFUPM Pure (OAI-PMH)
KFUPM_280fdeaf-2cce-4721-9cf3-0015c10a0346,King Fahd University of Petroleum and Minerals,IoT-Enabled Real-Time UAV Path Planning for Dynamic Disaster Response,Md Najmul Mowla; Davood Asadi; Khaled Rabie,2026,2026-07-01,"Autonomous UAVs are vital in post-disaster search and rescue missions, where rapid and intelligent path planning is critical. However, traditional algorithms and standard reinforcement learning (RL) approaches struggle with dynamic hazards and often violate UAV kinematic constraints. We propose PPO + KinOpt, a hybrid framework that combines proximal policy optimization with a curvature-aware optimization layer to enable real-time, physically feasible path planning in dynamic environments. Tested in an IoT-informed disaster simulation environment, our method achieves a compact 34.5 m trajectory, 0.903 path efficiency, and maintains curvature within UAV maneuverability limits, significantly outperforming both classical and RL-only baselines. The approach ensures kinematic feasibility, adaptability, and real-time responsiveness, making it well-suited for IoT-driven aerial disaster response.",,,IEEE Internet of Things Magazine,10.1109/miot.2025.3609184,https://pure.kfupm.edu.sa/en/publications/280fdeaf-2cce-4721-9cf3-0015c10a0346,KFUPM Pure (OAI-PMH)
KFUPM_bf3babe2-f0e1-41c5-bd64-19de023d5530,King Fahd University of Petroleum and Minerals,From Lab to Field Trials: Real-Time Multimodel Drone Detection in Low-SNR Environments,Laiba Tanveer; Maham Misbah; Ayaz Ahmad; Ajmal Khan; Naveed Iqbal; Zeeshan Kaleem,2026,,"Uncrewed aerial vehicles have numerous applications across various industries, including surveillance and communication services. However, concerns about their potential misuse have led to the development of counter-drone technologies. In this article, we proposed LowSNR_DroneRF, a novel drone radio frequency (RF) dataset gathered in low signal-to-noise ratio (SNR) environments. This dataset involves capturing and analyzing RF signals in both indoor (lab) and outdoor (field) environments across various drone modes (armed, off, on, connected, and flying). We propose fine-tuned and lightweight convolutional neural networks, artificial neural networks, and random forest (FTLW-RF) models that significantly reduce the number of model parameters on the custom RF dataset. The extracted features are further classified using the proposed multimodel binary classification approach. Our results show that the FTLW-RF classifier outperforms other models, achieving a 27.41% improvement in accuracy over state-of-the-art models for real-time drone detection and classification while maintaining a small number of parameters. The proposed models are also tested in the field under significant interference from other signals at low-SNR levels, where the proposed model outperforms the conventional models.",,,IEEE Aerospace and Electronic Systems Magazine,10.1109/maes.2025.3624717,https://pure.kfupm.edu.sa/en/publications/bf3babe2-f0e1-41c5-bd64-19de023d5530,KFUPM Pure (OAI-PMH)
KFUPM_3ffb9749-952a-433c-8cef-d620cedf9021,King Fahd University of Petroleum and Minerals,Q-Learning-Based Multi-channel ALOHA MAC for LoRaWAN,Mohamed Osman Omar; Louai Al-Awami; Uthman Baroudi; Akram Fadhl Ahmed,2026,,"LoRaWAN is a popular IoT wireless access technology that is characterized by low power and long range. This paper proposes a new decentralized access scheme that utilizes Reinforcement Learning to enhance the capacity of the multichannel ALOHA used by LoRaWAN. The performance of the proposed scheme is evaluated via extensive simulations and compared to the standard multichannel ALOHA in LoRaWAN. The simulation results demonstrate that the new scheme can achieve a throughput of compared to by the conventional multi-channel ALOHA scheme with. Moreover, collision rate and power consumption are both reduced substantially.",,,Journal of Network and Systems Management,10.1007/s10922-025-09997-y,https://pure.kfupm.edu.sa/en/publications/3ffb9749-952a-433c-8cef-d620cedf9021,KFUPM Pure (OAI-PMH)
KFUPM_7c2f6c9a-9df7-4913-803d-eb6edd5f95fa,King Fahd University of Petroleum and Minerals,Navigating the Cyber Landscape: Saudi Arabia’s Cybersecurity Standards and Implementation Barriers,Muhammad Liman Gambo; Abubakar Danasabe; Farid Binbeshr; Muhammad Imam; M. Waleed Shinwari; Ashraf Mahmoud,2026,,"As technological advancements transform modern society, cybersecurity has emerged as a critical concern for governments and industries worldwide. In Saudi Arabia, the rapid pace of digital transformation driven by Vision 2030 has intensified the need for robust cybersecurity governance. However, there remains a lack of consolidated insight into the frameworks adopted within the Kingdom and the challenges surrounding their implementation. To address this gap, we conducted a systematic literature review focused specifically on Saudi Arabia’s cybersecurity standards and compliance landscape: synthesizing the findings from 37 peer-reviewed publications and official reports, categorizing the national and international frameworks in use (such as NCA ECC, SAMA CSF, ISO/IEC 27001, NIST CSF), and identifying key barriers such as regulatory fragmentation, skill shortages, and limited evaluation mechanisms. The review adheres to the PRISMA methodology and includes a critical quality assessment using the CASP tool. Our findings offer a comprehensive baseline for policy refinement and strategic planning and highlight the need for unified regulatory alignment and workforce development to improve cybersecurity resilience in Saudi Arabia.",,,Arabian Journal for Science and Engineering,10.1007/s13369-025-10765-y,https://pure.kfupm.edu.sa/en/publications/7c2f6c9a-9df7-4913-803d-eb6edd5f95fa,KFUPM Pure (OAI-PMH)
KFUPM_700f0216-a920-4e04-9d10-569af7852df6,King Fahd University of Petroleum and Minerals,Energy Efficient Resource Allocation in Downlink MC-NOMA Networks With Finite Alphabet Inputs,Bushra Rashid; Ayaz Ahmad; Zeeshan Kaleem; Chau Yuen,2026,,"Resource allocation in multi-carrier non-orthogonal multiple access (MC-NOMA) systems typically assumes Gaussian signaling inputs. However, practical communication systems employ finite alphabet inputs, rendering Gaussian-based resource allocation suboptimal. Motivated by this practical limitation, we propose an energy-efficient power and subchannel allocation strategy specifically tailored for MC-NOMA networks with finite alphabet inputs. The resulting optimization problem is inherently non-convex; hence, we approach it by decomposing it into two sequential subproblems, enabling us to propose an efficient algorithm that first allocates subchannels and subsequently optimizes the power allocation for each user. The power allocation subproblem is transformed into convex form through the application of Jensen’s inequality, successive pseudo-concave approximation, and Dinkelbach’s algorithm. Simulation results demonstrate that the proposed approach significantly improves energy efficiency, providing a more accurate representation of practical system performance compared to traditional Gaussian input-based resource allocation schemes.",SDG 7 - Affordable and Clean Energy,,IEEE Wireless Communications Letters,10.1109/lwc.2025.3627415,https://pure.kfupm.edu.sa/en/publications/700f0216-a920-4e04-9d10-569af7852df6,KFUPM Pure (OAI-PMH)
KFUPM_697c3438-cb7b-4fed-a702-1a090d790870,King Fahd University of Petroleum and Minerals,Zero Trust Architecture: A Systematic Literature Review,Muhammad Liman Gambo; Ahmad Almulhem,2026,,"The increasing complexity of digital ecosystems and evolving cybersecurity threats have highlighted the limitations of traditional perimeter-based security models, leading to the growing adoption of Zero Trust Architecture (ZTA). ZTA operates on the principle of “never trust, always verify,” enforcing continuous authentication, conditional access, dynamic trust evaluation, and the principle of least privilege to enhance security across diverse domains. This study applies the PRISMA framework to analyze 10 years of research (2016–2025) on ZTA, presenting a systematic literature review that synthesizes its applications, enabling technologies, and associated challenges. It provides a detailed taxonomy that organizes application domains of ZTA, together with the emerging technologies that facilitate its implementation, and critically examines the barriers to ZTA adoption. Additionally, the study traces the historical evolution of ZTA alongside notable events and publications trends, while highlighting some potential factors for the surge over the past few years. It also shows how ZTA principles can be strategically utilized to enforce granular access controls, continuously monitor system behavior, and streamline security management across complex, distributed networks. This comprehensive analysis serves as a practical guide for researchers and practitioners seeking to leverage ZTA for stronger, more adaptive security frameworks in a rapidly shifting threat landscape.",,,Journal of Network and Systems Management,10.1007/s10922-025-09998-x,https://pure.kfupm.edu.sa/en/publications/697c3438-cb7b-4fed-a702-1a090d790870,KFUPM Pure (OAI-PMH)
KFUPM_7dc6f27e-6718-40b3-81d5-0119ba26623d,King Fahd University of Petroleum and Minerals,RL-Based Adaptive Task-Offloading in Mobile-Edge Computing for IoT Networks,Ziad Qais Al-Abbasi; Khaled M. Rabie; Xingwang Li; Wali Ullah Khan; Asma Abu Samah,2026,2026-07-01,"The Internet of Things (IoT) has been increasingly used in our daily lives and in industry. However, due to limitations in computing and power capabilities, IoT devices that need to send their respective tasks to the cloud service stations, which are usually located at far distances. Having to transmit data over long distances presents challenges for services that require low latency, such as industrial control in factories, as well as autonomous driving assisted by artificial intelligence. To solve this issue, mobile edge computing (MEC) is deployed at the network's edge to reduce transmission time. This study proposes a new offloading scheme for MEC-assisted ultra-dense cellular networks using reinforcement learning (RL) techniques. The RL algorithm learns from the historical data of the network and adapts the offloading decisions to optimize the overall performance of the network. Non-orthogonal multiple access is also adopted to improve resource utilization among IoT devices. The simulation results demonstrate that the proposed scheme outperforms other state-of-the-art offloading algorithms in terms of energy efficiency, network throughput, and user satisfaction.","SDG 7 - Affordable and Clean Energy; SDG 9 - Industry, Innovation, and Infrastructure",,IEEE Internet of Things Magazine,10.1109/miot.2025.3623451,https://pure.kfupm.edu.sa/en/publications/7dc6f27e-6718-40b3-81d5-0119ba26623d,KFUPM Pure (OAI-PMH)
KFUPM_8f130086-422f-4295-b2f7-6b0daf790f22,King Fahd University of Petroleum and Minerals,AMADRL: Privacy-Aware Attention-Based Multiagent Deep Reinforcement Learning for Optimizing Spectral Allocation in 6G Vehicular Networks,Iqra Batool; Mostafa M. Fouda; Muhammad Ismail; Khaled Rabie; Shikhar Verma; Zubair Md Fadlullah,2026,,"The emergence of 6G-enabled vehicle-to-everything (V2X) networks has created unprecedented demand for ultrareliable, low-latency spectrum allocation across heterogeneous entities, including vehicles, Internet of Things (IoT) devices, and industrial systems. Current spectrum allocation methods suffer from exponential computational complexity, extensive information sharing requirements, and poor scalability in dense networks. This article proposes attention-based multiagent deep reinforcement learning (AMADRL), a novel framework employing dual critic networks with multihead self-attention mechanisms for intelligent spectrum allocation. The dual critic architecture resolves individual-collective optimization conflicts through local critics for independent entity optimization and a global critic with attention-based coordination. Our approach significantly reduces information sharing requirements while handling heterogeneous quality of service (QoS) demands across diverse entity types. Comprehensive experimental evaluation comparing AMADRL against state-of-the-art baselines, including MADDPG, MAAC, QMIX, attention-based methods (A-DDPG and MHA-DQN), and game-theoretic approaches, reveals that AMADRL achieves superior performance across multiple metrics, including spectrum utilization efficiency, interference mitigation, and network scalability while preserving user privacy and satisfying strict latency constraints required by safety-critical and industrial use cases.","SDG 9 - Industry, Innovation, and Infrastructure",,IEEE Internet of Things Journal,10.1109/jiot.2025.3637515,https://pure.kfupm.edu.sa/en/publications/8f130086-422f-4295-b2f7-6b0daf790f22,KFUPM Pure (OAI-PMH)
KFUPM_ebe02987-cb95-42fd-8ac8-07dd9c8b3348,King Fahd University of Petroleum and Minerals,Effect of Phase Shift Errors on the Security of UAV-Assisted STAR-RIS IoT Networks,Mustafa Gusaibat; Mohammed Hnaish; Abdelhamid Salem; Khaled M. Rabie; Zubair Md Fadlullah; Wali Ullah Khan; Mohamad A. Alawad; Yazeed Alkhrijah,2026,,"Unmanned aerial vehicles (UAVs)-mounted simultaneous transmitting and reflecting reconfigurable intelligent surface (STAR-RIS) systems can provide full-dimensional coverage and flexible deployment opportunities in future 6G-enabled IoT networks. However, practical imperfections such as jittering and airflow of the UAV could affect the phase shift of STAR-RIS, and consequently degrade network security. In this respect, this article investigates the impact of phase shift errors on the secrecy performance of UAV-mounted STAR-RIS-assisted IoT systems. More specifically, we consider a UAV-mounted STAR-RIS-assisted nonorthogonal multiple access (NOMA) system where IoT devices are grouped into two groups: one group on each side of the STAR-RIS. The nodes in each group are considered as potential Malicious nodes for the ones on the other side. By modeling phase estimation errors using a von Mises distribution, an analytical closed-form expressions for the ergodic secrecy rates under imperfect phase adjustment are derived. An optimization problem to maximize the weighted sum secrecy rate (WSSR) by optimizing the UAV placement is formulated and is then solved using a linear grid-based algorithm. Monte Carlo simulations are provided to validate the analytical derivations. The impact of phase estimation errors on the system’s secrecy performance is analyzed, providing critical insights for the practical realization of STAR-RIS deployments for secure UAV-enabled IoT networks.",,,IEEE Internet of Things Journal,10.1109/jiot.2025.3641979,https://pure.kfupm.edu.sa/en/publications/ebe02987-cb95-42fd-8ac8-07dd9c8b3348,KFUPM Pure (OAI-PMH)
KFUPM_278fecf6-059e-4584-af84-fe9ff4db7ede,King Fahd University of Petroleum and Minerals,Adversarial Learning-Based Approach for Detecting Malicious DLLs,Mohammed Rauf Ali Khan; Ahmad Almulhem,2026,,"Several malware families have been deployed as dynamic link libraries (DLLs) due to the difficulty in analyzing and verifying their presence in a victim’s computer. Although various file metadata-based detection mechanisms can detect such DLLs easily with machine learning and deep learning, malware authors have recently crafted adversarial file metadata to evade detection models. This paper aims to build a dataset containing labeled DLL metadata and proposes a generic detection mechanism for enhancing malicious DLL detection by adopting an adversarial learning approach. We used the fast gradient sign method, binary iterative method, and projected gradient descent to create perturbations in our data for adversarial learning. Our results proved that the random forest algorithm provides the best performance, achieving an accuracy of 99.826% (95% CI: ±0.03%) in the feature-space domain. We also validated our model using anomalies from our data that were not used to train the model and achieved a detection rate of 100% in the problem-space domain validation using random forest.",,,Arabian Journal for Science and Engineering,10.1007/s13369-025-10932-1,https://pure.kfupm.edu.sa/en/publications/278fecf6-059e-4584-af84-fe9ff4db7ede,KFUPM Pure (OAI-PMH)
KFUPM_236ec023-9fd5-427b-9e13-3284cc3599c1,King Fahd University of Petroleum and Minerals,UAV Path Planning and Trajectory Optimization: A Comprehensive Survey,Tarek Sheltami; Gamil Ahmed; Mustafa Ghaleb; Ashraf Mahmoud,2026,,"Unmanned aerial vehicles (UAVs) have rapidly proliferated across diverse real-world applications, ranging from emergency response and surveillance to logistics and healthcare delivery. A primary challenge inherent in these applications is the task of UAV path planning, which involves determining feasible and optimal flight trajectories that minimize path length and energy consumption while adhering to various constraints. Despite extensive research having been conducted in the field of UAV trajectory planning and optimization, there is still no comprehensive survey that thoroughly explores the intersection of algorithmic trajectory planning methodologies, energy efficiency considerations, and practical deployment constraints across various application domains. This survey addresses this gap by reviewing more than 130 recent papers and proposing a novel taxonomy that bridges algorithmic approaches and application-specific requirements. We present a structured taxonomy covering application domains, algorithmic approaches, and optimization objectives, along with tables comparing strengths, limitations, and solutions. This is complemented by a quantitative synthesis for easily measurable evidence of key findings. We categorize UAV path planning according to applications, techniques, and objective criteria. Path planning techniques are further categorized into classical methods, meta-heuristic approaches, machine learning-based strategies, and hybrid methodologies. This classification highlights the way each approach balances the objectives of energy and distance. We also classify real-world UAV applications into four domains: emergency response, security and surveillance, environmental monitoring, and delivery and logistics. We analyze how domain-specific constraints drive different path planning priorities. An extensive comparison of the evaluation metrics and benchmarks used in the literature is presented, highlighting the necessity for standardized performance evaluation. The algorithmic approaches are distributed roughly as approximately 30% of the surveyed approaches are classical, 29% are meta-heuristic, 18% are AI-based, and 23% are hybrid approaches. Only 18% of studies report real-world experiments; most results are simulation only, emphasizing the lack of real-world experiment validation. We identify key technical challenges such as real-time computation, adaptation to dynamic environments, and coordination among multiple UAVs. Furthermore, we identify practical limitations that include battery endurance, communication barriers, and regulatory constraints. We also note evaluation gaps, such as the absence of standardized datasets and metrics. Finally, we present prospective avenues for further research, such as the integration of advanced AI and edge computing for smarter path planning, the creation of standardized testbeds, and the exploration of novel multi-domain applications. Additionally, we pose open research questions designed to steer the academic community’s efforts. This survey aims to serve as a definitive reference for researchers and practitioners seeking to design energy-efficient and distance-optimal UAV trajectories in real-world scenarios.",SDG 7 - Affordable and Clean Energy,,Arabian Journal for Science and Engineering,10.1007/s13369-025-10971-8,https://pure.kfupm.edu.sa/en/publications/236ec023-9fd5-427b-9e13-3284cc3599c1,KFUPM Pure (OAI-PMH)
KFUPM_04f15c52-fd2c-46f8-953d-eaf97119f8c6,King Fahd University of Petroleum and Minerals,Reconfigurable Intelligent Surface-Enabled Vehicular Networks: A Physical Layer Security Perspective,Abubakar Makarfi; Khaled M. Rabie; Asim Ihsan; Omprakash Kaiwartya; Kabita Adhikari; Xingwang Li; Marcela Quiroz-Castellanos; Rupak Kharel,2026,,"This study focuses on the physical layer security (PLS) performance of a reconfigurable intelligent surface (RIS)-aided vehicular communication network. Motivated by the great potential of RIS-based transmission, we analyze the PLS performance of two scenarios of vehicular networks (both of which have an eavesdropper present): i) vehicle-to-vehicle (V2V) communication when the source employs a RIS-based access point and ii) vehicular adhoc network (VANET) where a RIS-based relay mounted on a building. The performance of the proposed systems are evaluated in terms of the average secrecy capacity (ASC) and the secrecy outage probability (SOP). We present accurate analytical expressions for the two performance metrics and study the impact of various system parameters on the overall performance of the two considered system configurations. In order to validate the analysis, we provide Monte-Carlo simulations throughout the paper. The results demonstrate that the system performance is impacted by various parameters such as the number of RIS elements as well as the location of the RIS-relay. Moreover, up to an order magnitude gain could be achieved within certain regions when the number of RIS cells are doubled, clearly indicating the benefit of employing a RIS configuration.",,,IEEE Open Journal of the Communications Society,10.1109/ojcoms.2025.3642889,https://pure.kfupm.edu.sa/en/publications/04f15c52-fd2c-46f8-953d-eaf97119f8c6,KFUPM Pure (OAI-PMH)
KFUPM_af16207d-967b-4730-8426-42a608b208ee,King Fahd University of Petroleum and Minerals,MeL-RF: Meta-Learning Assisted Hierarchical Ensemble Framework for RF-Based Drone Classification,Zeeshan Kaleem,2026,,"In this article, we propose a meta-learning assisted hierarchical ensemble framework for radio frequency (RF)-based drone detection referred to as MeL-RF. The proposed MeL-RF framework adopted long short-term memory (LSTM)-based deep neural network (DNN) as a base model, independently trained for each drone class (Background, Bebop, AR Drone, and Phantom) to extract distinct temporal features from drone RF signatures. Then, these base models predictions are fused through a lightweight meta-learner, which intelligently weighs their outputs to produce the final classification. Unlike prior stacking and averaging ensembles, MeL-RF introduces a class-specialized hierarchical training mechanism in which each LSTM-DNN is optimized as a binary detector for a single drone type, and a shallow meta-learner learns interclass reliability to fuse their outputs. This design results in improve accuracy. Moreover, it also balanced recall across confusable classes (e.g., AR Drone versus Phantom) while keeping the meta stage extremely lightweight, which facilitates real-time and edge deployment. The framework is evaluated using a public RF drone dataset comprising drone activity across various flight modes, including off, connected, armed, and hovering. Simulation results reveal that the proposed MeL-RF framework achieves consistent gains across all performance metrics, including precision, recall, and F1-scores, with substantial improvements for difficult and easily confusable classes, such as AR Drone and Phantom. Unlike the conventional single-model classifier, which suffers from severe recall degradation on these classes, the ensemble delivers balanced and reliable detection performance across all drone types, thereby demonstrating a clear system-level advantage beyond overall accuracy improvement.",,,IEEE Transactions on Aerospace and Electronic Systems,10.1109/taes.2026.3653907,https://pure.kfupm.edu.sa/en/publications/af16207d-967b-4730-8426-42a608b208ee,KFUPM Pure (OAI-PMH)
KFUPM_81898788-cfe4-48dc-a1d5-400e24197609,King Fahd University of Petroleum and Minerals,HQC2NN: Hybrid Quantum-Classical Drone Detection for Low-SNR Conditions in Low-Altitude Economy Networks,Laiba Tanveer; Zeeshan Kaleem; Aiman H. El-Maleh; Muhammad Afaq; Abdulaziz Barnawi; Huseyin Arslan,2026,,"Recently, shortage of ground-based communication, transportation, and surveillance services has prompted the exploration of low-altitude airspace, that leads to Low-altitude economy (LAE) networks. Unlike traditional uncrewed aerial vehicle (UAV) systems, LAE envisions dense networks of flying platforms that serve both as mobile base stations and service nodes. However, the malicious deployment of UAVs in LAE networks can result in serious disasters. Therefore, robust and real-time UAV threat detection capabilities are required, particularly for low-signal-to-noise ratio (SNR) conditions. To address these challenges within LAE networks, we propose a Hybrid Quantum-Classical Convolutional Neural Network (HQC2) for low-SNR RF drone signal classification. The model fuses classical feature extraction with quantum variational circuits to leverage quantum superposition and entanglement for improved representation learning. By providing an efficient and noise-resilient RF sensing mechanism, the proposed HQC2NN directly supports the sensing plane of LAE architectures, enabling reliable situational awareness in dense, interference-prone environments. Simulations demonstrate a classification accuracy of 97.3%, outperforming classical counterparts under noisy conditions. The results underscore the potential of quantum-enhanced deep learning models for robust RF signal analysis and real-time drone detection.",,,IEEE Open Journal of the Communications Society,10.1109/ojcoms.2026.3653312,https://pure.kfupm.edu.sa/en/publications/81898788-cfe4-48dc-a1d5-400e24197609,KFUPM Pure (OAI-PMH)
KFUPM_bda4f890-21b7-4788-8c9b-3c3d5a131438,King Fahd University of Petroleum and Minerals,Diffusion-Augmented Industrial Anomaly Detection Leveraging Attention-Empowered Multi-CNN Transformer Fusion,Mahinur M. Alam; Abdulaziz Yagoub Barnawi; Mohtasin Golam; Kanita Jerin Tanha; Taesoo Jun,2026,,"Deep learning models have demonstrated remarkable performance in anomaly detection tasks, particularly when large datasets with sufficient anomalous samples are available. However, in industrial settings, collecting an adequate number of defective images for training remains a significant challenge. Additionally, the complexity and diversity of anomaly patterns in industrial environments often make it challenging for a single model to capture the entire range of features effectively. To address these challenges, this paper proposes the Versatile Attention Re-weighted Stable Diffusion (VARSDiffusion), a diffusion-based model for generating realistic defective samples. Furthermore, it introduces an Attention-Empowered Multi-CNN Transformer-Fused model architecture to extract diverse feature sets from anomaly images. A transformer-based meta-learner is employed to combine these features, enabling the model to detect both subtle and large-scale anomalies more effectively. The proposed approach addresses issues such as class imbalance, poor image variability, and the risk of overfitting by incorporating extensive data augmentation techniques, including the application of Gaussian noise, to improve model generalization. The model was evaluated on the MVTec LOCO AD and MVTec AD datasets, which present real-world challenges such as sparse data and imbalanced classes. The results demonstrate the robustness and reliability of the model, achieving AUROC scores of 98.15% and 97.56%, respectively, outperforming existing state-of-the-art approaches. This novel framework provides a robust and adaptable solution for industrial anomaly detection, even in environments with limited or imbalanced data.","SDG 9 - Industry, Innovation, and Infrastructure",,IEEE Access,10.1109/access.2026.3657141,https://pure.kfupm.edu.sa/en/publications/bda4f890-21b7-4788-8c9b-3c3d5a131438,KFUPM Pure (OAI-PMH)
KFUPM_974ada36-70e3-4f4b-ac5d-7547f6248455,King Fahd University of Petroleum and Minerals,PoseDefCycleGAN: Identity-preserving face frontalization with deformable convolutions and pose-aware supervision,Shakeel Muhammad Ibrahim; Shujaat Khan; Young Woong Ko; Jeong Gun Lee,2026,2026-03-25,"Face recognition systems have achieved impressive accuracy in controlled environments but continue to face challenges under extreme pose variations. To address this limitation, we propose a novel face frontalization framework, PoseDefCycleGAN, that combines the strengths of CycleGAN, deformable convolution, and pose-guided supervision. Our method leverages deformable convolution in the final layer of the generator to dynamically adapt the receptive field, enabling better reconstruction of complex facial geometries. Additionally, we incorporate a lightweight pose classification network to enforce pose-aware regularization, encouraging the generation of semantically consistent frontal images. The proposed model is trained using unpaired data and optimized with a combination of adversarial, cycle consistency, identity-preserving, and pose regularization losses. Extensive experiments on MultiPIE, AFW, and LFW datasets demonstrate that the method improves both visual fidelity and face recognition, particularly at extreme yaw angles: on MultiPIE we reduce FID to 15.90 (from 18.32 with CycleGAN) and achieve 98.9% rank-1 accuracy at ± 90∘; on LFW we obtain 90.20% accuracy with LPIPS=0.3052. Quantitative evaluations further validate the contribution of deformable convolutions and pose supervision. Our work presents a robust solution for pose-invariant face recognition and establishes a strong benchmark for identity-preserving face frontalization. Model implementation is available on the author's GitHub page https://github.com/Shak97/PoseDefCycleGAN.",,,Knowledge-Based Systems,10.1016/j.knosys.2026.115358,https://pure.kfupm.edu.sa/en/publications/974ada36-70e3-4f4b-ac5d-7547f6248455,KFUPM Pure (OAI-PMH)
KFUPM_205ea8bb-763f-4468-8fce-689215941635,King Fahd University of Petroleum and Minerals,Development of an Autonomous Robot for Precision Floor Marking,Fatimah Alahmed; Muhammad Hawwa; Uthman Baroudi,2026,,"The construction and facilities management sectors are increasingly adopting automation technologies to improve productivity and reduce manual labor. In parallel, decorative and informational floor-marking is widely used in indoor environments such as schools, exhibition halls, and public spaces to support organization, wayfinding, and visual communication. While robotic systems have been developed for floor and layout marking, many existing solutions rely on specialized infrastructure or offer limited flexibility in the range of patterns that can be produced. This paper presents the development of a prototype of a mobile, wheeled robot capable of autonomously executing diverse designs on surfaces such as fields and floors. The robot’s potential applications include use on indoor floors and exhibition halls. It marks the ground using a plotting pen while navigating and avoiding obstacles within its environment. Additionally, the robot can produce a range of drawings, including letters and signage, and its capabilities can be extended to create decorative patterns as well as marks for floor-based games. This robot was constructed entirely from cost-effective, commercially available components. Experimental evaluation demonstrates repeatable motion and drawing performance, with measured standard deviations of approximately 1.6 mm in forward motion and 3 mm in lateral motion during representative grid-based traversal. These results indicate that the proposed approach achieves a level of accuracy and consistency sufficient for decorative floor-marking and similar applications, without reliance on external localization infrastructure.",,,Robotics,10.3390/robotics15010007,https://pure.kfupm.edu.sa/en/publications/205ea8bb-763f-4468-8fce-689215941635,KFUPM Pure (OAI-PMH)
KFUPM_85f0b509-f772-4f8e-91fd-86d8d8aa8566,King Fahd University of Petroleum and Minerals,SMSAT: An Acoustic Dataset and Multi-Feature Deep Contrastive Learning Framework for Affective and Physiological Modeling of Spiritual Meditation,Ahmad Suleman; Yazeed Alkhrijah; Misha Urooj Khan; Hareem Khan; Muhammad Abdullah Husnain Ali Faiz; Mohamad A. Alawad; Zeeshan Kaleem; Guan Gui,2026,,"Auditory stimuli strongly shape emotional and physiological states, making them central to affective computing and mental health technologies.We present the study of three auditory conditions, spiritual meditation (SM), music (M), and natural silence (NS), using acoustic time-series signals. To support this, we introduce the Spiritual, Music, Silence Acoustic Time Series (SMSAT) dataset, a benchmark of controlled acoustic recordings with demographic diversity.We develop a contrastive learning-based SMSAT encoder that learns discriminative embeddings from ATS data, achieving 99% accuracy. In addition, we propose the Calmness Analysis Model (CAM), integrating multi-domain features for affective state classification, achieving a 99% accuracy in the three-stimulus classification task. Inter & intra-class feature space separability, calmness evaluation using Temporal Segmented Response Profiling (TSRP) confirm significant physiological differences across auditory conditions, with SM showing stronger effects on cardiac response characteristics (CRC).WaveGAN is used to generate additional dataset. Under subject-wise evaluation, CAM reached 98.4% accuracy, and the SMSAT Encoder achieved 96.5% accuracy. This work provides a validated dataset and scalable deep learning framework for stress monitoring, well-being, and therapeutic audio interventions.",,,IEEE Transactions on Affective Computing,10.1109/taffc.2026.3653301,https://pure.kfupm.edu.sa/en/publications/85f0b509-f772-4f8e-91fd-86d8d8aa8566,KFUPM Pure (OAI-PMH)
KFUPM_ef284776-915c-4aa4-a1b7-7ddf2a172da7,King Fahd University of Petroleum and Minerals,Quantum Skyshield: Quantum Key Distribution and Post-Quantum Authentication for Low-Altitude Wireless Networks in Adverse Skies,Zeeshan Kaleem; Misha Urooj Khan; Ahmad Suleman; Waqas Khalid; Kai Kit Wong; Chau Yuen,2026,2026-04-01,"Recently, low-altitude wireless networks (LAWNs) have emerged as a critical backbone for supporting the low-altitude economy, particularly with the densification of unmanned aerial vehicles (UAVs) and high-altitude platforms (HAPs). To meet growing data demands, some LAWN deployments incorporate free-space optical (FSO) links, which offer exceptional bandwidth and beam directivity. However, without strong security measures in place, both conventional radio frequency channels and FSO beams remain vulnerable to interception and spoofing, and FSO in particular can suffer from turbulence, misalignment, and weather-related attenuation. To address these challenges in the quantum era, a quantum-secure architecture called Quantum Skyshield is proposed to enable reliable communication between the base transceiver station (BTS) and LAWN. The proposed design integrates BB84 quantum key distribution (QKD) with post-quantum authentication mechanisms. Simulation results confirm the reliable generation of a 128-bit symmetric key when the quantum bit error rate (QBER) remains below the threshold of 11%. Authentication is enforced using Lamport one-time signatures and hash-based message authentication codes (HMAC) to ensure message integrity. A Grover-inspired threat detection mechanism identifies anomalies with up to 89% probability in a single iteration, enabling real-time trust evaluation. Lastly, future research challenges have also been identified and discussed to guide further development in this area.",,,IEEE Wireless Communications,10.1109/mwc.2025.3602373,https://pure.kfupm.edu.sa/en/publications/ef284776-915c-4aa4-a1b7-7ddf2a172da7,KFUPM Pure (OAI-PMH)
KFUPM_e8f02bc6-8535-4f62-b1ee-7600ec317f20,King Fahd University of Petroleum and Minerals,Langlois’ Recursive Approach to Non-Creeping Inertial Viscoelastic Corner Flow in Thin Films,Laraib Mehboob; Khadija Maqbool; R. Ellahi; Sadiq M. Sait,2026,,"Dip coating is a key technique in thin film fabrication, widely applied in protective coatings, and material surface engineering. The coating quality depends strongly on the fluid dynamics near substrate edges, where viscoelastic effects and inertial forces can lead to stress concentration and flow instabilities. A viscoelastic fluid model is formulated based on conservation of mass and momentum, with nonlinear governing equations solved using the Langlois recursive approach and the inverse method. Analytical solutions of the stream function provide insight into velocity fields, pressure distribution, and stress behavior near the substrate surface. Results show that stresses and pressure diverge near sharp substrate corners, which can compromise coating durability. Variations in the interface angle significantly alter stress distributions on both the substrate and free surface. Furthermore, inertial forces amplify fluid velocities in the corner region, directly influencing film thickness uniformity and mechanical performance of coated layers.",,,Journal of Computational Applied Mechanics,10.22059/jcamech.2026.410397.1772,https://pure.kfupm.edu.sa/en/publications/e8f02bc6-8535-4f62-b1ee-7600ec317f20,KFUPM Pure (OAI-PMH)
KFUPM_7a3e1a5c-f340-46e2-b883-63cb97cff901,King Fahd University of Petroleum and Minerals,Optimizing Interface Dielectric Loss in Superconducting Coplanar Waveguide Resonators for Improved Quantum Circuit Coherence,Omar A. Saleh; Saleem G. Rao; Mohammed Alghadeer; Ahmed A. Omar; Muhamad Felemban,2026,,"Superconducting quantum computing systems, including coplanar waveguide (CPW) resonators and qubits, are highly susceptible to energy dissipation from two-level systems (TLS) within bulk and interfacial dielectrics. CPW resonators serve as an ideal platform for characterizing these material losses at the single-photon excitation level. Building on recent experimental evidence that interface engineering can mitigate TLS losses, this study employs simulations to evaluate resonator quality factors across various interface modifications. Our results demonstrate that reducing losses at the substrate–air (SA) interface can increase the internal quality factor (Formula presented.) by up to three orders of magnitude. While etching the SA interface also enhances (Formula presented.), material loss remains the dominant dissipation mechanism. Furthermore, we find that other lossy interfaces have a significantly smaller impact on the quality factor compared to the SA interface. These simulation results align with established experimental findings, providing a robust framework for refining resonator design. This work offers precise guidelines for TLS mitigation, essential for enhancing coherence times and developing more reliable superconducting quantum processors.",,,Technologies,10.3390/technologies14020128,https://pure.kfupm.edu.sa/en/publications/7a3e1a5c-f340-46e2-b883-63cb97cff901,KFUPM Pure (OAI-PMH)
KFUPM_c6c832e1-c0a6-434b-87e6-81f0b581ac49,King Fahd University of Petroleum and Minerals,Real-time route optimization in smart cities via Bidirectional A* algorithm,Gamil Ahmed; Tarek Sheltami,2026,,"Efficient route planning is crucial to intelligent transportation systems, particularly in congested urban environments where the shortest-distance path may often overlook factors such as real-time congestion, which can lead to significant delays during peak hours. This paper presents an end-to-end, graph-based framework for low-latency route computation on urban road networks whose edge travel times change with traffic. Using a publicly available road network for Thessaloniki and historical speed measurements, we construct traffic-updated, time-sliced travel time graphs and support two operational objectives: (i) shortest-distance routing and (ii) fastest-time routing under a given traffic snapshot. As an algorithmic backbone, we employ Bidirectional A* (BiA*), a classical optimal search technique, and effectively deploy it in a traffic-updated setting through careful weight construction, admissible lower bounds for time weights, and a robust preprocessing pipeline that preserves intersection connectivity. Experiments across diverse origin–destination pairs and peak/off-peak periods show that the proposed framework saves time, reaching 82.52% in the peak period when selecting the recommended route. The BiA* also reduces query latency relative to Dijkstra and standard A*. Against additional baselines, Bellman–Ford and improved ACO, across seven scenarios and both objectives, BiA* achieves the lowest runtimes while improving the route length and travel-time of the trip under identical traffic snapshots. An ablation study on route direction shows that search direction can affect performance; nevertheless, BiA* consistently outperforms the mean of forward- and backward-only A*, reducing runtime by 23.6–66.2% for shortest-distance queries and 37.0–87.5% for minimum-travel-time queries, with the largest gains for time-weighted fastest-route searches.",SDG 11 - Sustainable Cities and Communities,,Intelligent Systems with Applications,10.1016/j.iswa.2026.200641,https://pure.kfupm.edu.sa/en/publications/c6c832e1-c0a6-434b-87e6-81f0b581ac49,KFUPM Pure (OAI-PMH)
KFUPM_13007818-042a-454b-947b-764c445723a5,King Fahd University of Petroleum and Minerals,Structural optimization of aircraft components using chaotic pangolin optimizer,Sadiq M. Sait; Pranav Mehta; Betül Sultan Ylldlz; Ali Rlza Ylldlz,2026,2026-06-01,"This study introduces an enhanced chaotic pangolin optimizer (MCPO), a nature-inspired metaheuristic algorithm integrated with chaotic maps to solve complex constrained and multimodal engineering design problems. The MCPO simulates the luring and predation behavior of the pangolin in a two-stage framework, enhanced with chaos-based dynamics to improve the balance between exploration and exploitation. Aircraft components and systems are designed and optimized to be lightweight and high-load-carrying. Accordingly, the aircraft component attached to the wing is optimized for stress-carrying capacity and weight. The stress distribution and volume reduction are studied to maintain the system's overall dynamics and balance. The MCPO achieved effective results in terms of the component's overall weight and cumulative stresses. The MCPO realized a 1997 g weight of the component, which was 8.6 %, 8.5 %, and 7.8 % lower than the Ship rescue algorithm, Hiking algorithm, and Starfish algorithm, respectively. Furthermore, the weight of 585 g (from 2,582 g to 1,997 g) is reduced compared to the initial design. These results affirm the algorithm's robustness, precision, and versatility across diverse real-world design domains.",,,Materialpruefung/Materials Testing,10.1515/mt-2025-0343,https://pure.kfupm.edu.sa/en/publications/13007818-042a-454b-947b-764c445723a5,KFUPM Pure (OAI-PMH)
KFUPM_5ca8fdb5-cc6f-4dfd-9d8f-78db427f9c3f,King Fahd University of Petroleum and Minerals,"IBN@Metaverse: Integrating Intent-Based Networking With the Metaverse-Approaches, Challenges, and Future Directions",Muhammad Afaq; Javier Jose Diaz Rivera; Khizar Abbas; Zeeshan Kaleem; Ali Abbas; Dusit Niyato; Wang Cheol Song,2026,,"The Metaverse demands a new class of networking solutions to meet its requirements for ultra-low latency, dynamic resource allocation, and real-time service delivery. Intent-Based Networking (IBN) emerges as a compelling approach by enabling automated, intent-driven network control that aligns with the Metaverse’s scale and complexity. In this paper, we explore latest IBN techniques including network slicing, QoS-aware resource management, service placement, intent abstraction using large language models, and blockchain-based trust. Moreover, we evaluate its effectiveness through empirical analysis. Results demonstrate that IBN significantly reduces packet loss, latency, and resource overhead across diverse traffic types, including AR/VR and streaming services. These improvements highlight IBN’s potential to enhance user experience and operational efficiency in immersive environments. The article concludes by outlining open research opportunities related to scalability, standardization, and trust, positioning IBN as a foundational technology for the next-generation Metaverse.",,,IEEE Wireless Communications,10.1109/mwc.2026.3658592,https://pure.kfupm.edu.sa/en/publications/5ca8fdb5-cc6f-4dfd-9d8f-78db427f9c3f,KFUPM Pure (OAI-PMH)
KFUPM_c86bfc73-1907-4774-adec-ae809b9678ca,King Fahd University of Petroleum and Minerals,CANNSkin: A Convolutional Autoencoder Neural Network-Based Model for Skin Cancer Classification,Abdul Jabbar Siddiqui; Saheed Ademola Bello; Muhammad Liman Gambo; Abdul Khader Jilani Saudagar; Mohamad A. Alawad; Amir Hussain,2026,,"Visual diagnosis of skin cancer is challenging due to subtle inter-class similarities, variations in skin texture, the presence of hair, and inconsistent illumination. Deep learning models have shown promise in assisting early detection, yet their performance is often limited by the severe class imbalance present in dermoscopic datasets. This paper proposes CANNSkin, a skin cancer classification framework that integrates a convolutional autoencoder with latent-space oversampling to address this imbalance. The autoencoder is trained to reconstruct lesion images, and its latent embeddings are used as features for classification. To enhance minority-class representation, the Synthetic Minority Oversampling Technique (SMOTE) is applied directly to the latent vectors before classifier training. The encoder and classifier are first trained independently and later fine-tuned end-to-end. On the HAM10000 dataset, CANNSkin achieves an accuracy of 93.01%, a macro-F1 of 88.54%, and an ROC–AUC of 98.44%, demonstrating strong robustness across ten test subsets. Evaluation on the more complex ISIC 2019 dataset further confirms the model’s effectiveness, where CANNSkin achieves 94.27% accuracy, 93.95% precision, 94.09% recall, and 99.02% F1-score, supported by high reconstruction fidelity (PSNR 35.03 dB, SSIM 0.86). These results demonstrate the effectiveness of our proposed latent-space balancing and fine-tuned representation learning as a new benchmark method for robust and accurate skin cancer classification across heterogeneous datasets.",SDG 3 - Good Health and Well-being,,CMES - Computer Modeling in Engineering and Sciences,10.32604/cmes.2026.074283,https://pure.kfupm.edu.sa/en/publications/c86bfc73-1907-4774-adec-ae809b9678ca,KFUPM Pure (OAI-PMH)
KFUPM_06eab29a-e175-4bba-b3af-025ad5eacc0f,King Fahd University of Petroleum and Minerals,Performance Analysis of Cooperative NOMA Networks Over Compound Fading Channels,Khaled Maaiuf Rabie,2026,,"The emergence of non-orthogonal multiple access (NOMA) technology has redefined traditional resource allocation in wireless networks with its capability to superimpose multiple user signals over the same transmission resources. In this respect, this paper studies the performance of cooperative relaying NOMA systems over a compound fading channel, namely, the α - Lomax fading model. Specifically, we consider a network with one base-station communicating with one far-user and one near-user with the latter acting also as a relay based on the decode-and-forward protocol. The channels associated with the two users are assumed to be statistically independent. Novel closed-form analytical expressions for the probability density function and cumulative distribution function of the minimum of two α -Lomax random variables were derived. These expressions were then used to derive an accurate ergodic sum rate (ESR) analytical expression for the cooperative NOMA system and its corresponding upper bound expression. To highlight the achievable performance gains, results for the cooperative orthogonal multiple access (OMA) system were also included. The derived expressions enabled us to examine the impact of various system parameters, including the power allocation factors, fading parameters and transmit power, on the system performance. Monte Carlo simulations were included to verify the correctness and accuracy of our analysis. The findings revealed that to achieve maximum ESR, the power allocation factors should be carefully optimized. It was also shown that the optimized cooperative NOMA system always outperforms the cooperative OMA approach in all considered scenarios. Furthermore, the results clearly indicated that increasing α and/or λ will enhance the system performance for both the cooperative NOMA and OMA schemes.",,,IEEE Access,10.1109/access.2026.3667646,https://pure.kfupm.edu.sa/en/publications/06eab29a-e175-4bba-b3af-025ad5eacc0f,KFUPM Pure (OAI-PMH)
KFUPM_ae40c584-d9f3-4eff-a051-84002e2fcd8b,King Fahd University of Petroleum and Minerals,Robust Swin Transformer for Vehicle Re-Identification with Dynamic Feature Fusion,Saifullah Tumrani; Abdul Jabbar Siddiqui,2026,,"Vehicle re-identification (ReID) is a challenging task in intelligent transportation, and urban surveillance systems due to its complications in camera viewpoints, vehicle scales, and environmental conditions. Recent transformer-based approaches have shown impressive performance by utilizing global dependencies, these models struggle with aspect ratio distortions and may overlook fine-grained local attributes crucial for distinguishing visually similar vehicles. We introduce a framework based on Swin Transformers that addresses these challenges by implementing three components. First, to improve feature robustness and maintain vehicle proportions, our Aspect Ratio-Aware Swin Transformer (AR-Swin) preserve the native ratio via letterbox, uses a non-square (16 × 8) patch-embedding stem, and keeps fixed 7 × 7 token windows. Second, we introduce a Dynamic Feature Fusion Network (DFFNet) that adaptively integrates global Swin features with local attribute embeddings; such as color and vehicle type enabling more discriminative representations. Third, our Regional Attention Blocks incorporate regional masks into the transformer’s windowed attention mechanism, effectively highlighting critical details like manufacturer logos or lights. On VeRi-776, we obtain 82.55 mAP, 97.26 Rank-1 and 99.23 Rank-5, and on VehicleID we obtain 91.8 Rank-1 and 97.75 Rank-5. The design is drop-in for Swin backbones and emphasizes robustness without increasing architectural complexity. Code: https://github.com/sft110/Swinvreid.",SDG 11 - Sustainable Cities and Communities,,"Computers, Materials and Continua",10.32604/cmc.2025.075152,https://pure.kfupm.edu.sa/en/publications/ae40c584-d9f3-4eff-a051-84002e2fcd8b,KFUPM Pure (OAI-PMH)
KFUPM_1a551cad-439e-4158-aaf4-42412ca67be6,King Fahd University of Petroleum and Minerals,Residual hybrid deep learning for high-accuracy wind forecasting in coastal and tropical climates,Omer A. Alawi; Haslinda Mohamed Kamar; Ahmed Adil Nafea; M. M. AlAni; Ali Alsuwaiyan; Golden Odey; Zaher Mundher Yaseen,2026,,"Accurate wind speed forecasting is essential for optimizing renewable energy systems, managing urban microclimates, and improving meteorological preparedness. This study assesses the prediction accuracy of four advanced deep learning (DL) models—Convolutional Neural Network (CNN) + Bidirectional Long Short-Term Memory (BiLSTM) + Attention, BiLSTM, CNN-Long Short-Term Memory (LSTM), and a Residual Hybrid framework—for forecasting the 10-meter wind speed range (WS10M_RANGE) across eight climatically diverse regions in Malaysia over 24 years (2001–2024). A comprehensive set of meteorological inputs was used, including solar irradiance, temperature data, humidity, pressure, wind direction, and time indicators. The Residual Hybrid model consistently outperformed CNN + BiLSTM + Attention, BiLSTM, and CNN–LSTM architectures, achieving about 57–60% reductions in root-mean-square error (RMSE) and lowering mean absolute percentage error (MAPE) from approximately 31–35% to as low as 10.6%. Taylor diagram analysis further confirmed its superior alignment with observed variability and temporal consistency, with correlation coefficients (R) over 0.97 and standard deviations closely matching. These results show the Residual Hybrid model's improved ability to learn both the main diurnal cycles and transient atmospheric variations, providing a strong, physically consistent tool for wind forecasting in tropical and coastal regions.",SDG 7 - Affordable and Clean Energy; SDG 11 - Sustainable Cities and Communities,,Applied Soft Computing,10.1016/j.asoc.2026.115019,https://pure.kfupm.edu.sa/en/publications/1a551cad-439e-4158-aaf4-42412ca67be6,KFUPM Pure (OAI-PMH)
KFUPM_d4d49042-cb18-4611-951b-5bfff54be2ea,King Fahd University of Petroleum and Minerals,Edge-based proactive and stable two-tier routing for IoV,Asif Mehmood; Muhammad Afaq; Faisal Mehmood; Wang Cheol Song,2026,,"The Internet of Vehicles (IoV) is an evolving domain fueled by advancements in vehicular communications and networking. To enhance vehicle coverage, integrating vehicle-to-everything (V2X) networks with cellular networks has become essential, though this integration places increased demand on cellular infrastructure. To address this, we propose a two-tier stable path routing algorithm designed to improve the stability and proactiveness of V2X networks. Our approach divides the coverage area into zones, further segmented into road segments based on road structure. The first tier manages routing within a road segment, while the second tier handles routing between vehicles in adjacent segments. This method improves road awareness, stabilizes topologies, adapts to dynamic changes, and reduces routing overhead. Additionally, the incorporation of Kalman filter-based prediction model further strengthens proactive routing. To validate the proposed approach, we conduct synthetic evaluations across varying vehicular densities with different mobility and traffic scenarios. We compare the traditional centralized routing strategy with the proposed distributed two-tier mechanism to assess execution cost, end-to-end latency, network resource consumption, data rates, packet flow, and packet loss. Quantified results demonstrate that our two-tier approach reduces the average execution cost from 438.61 to 230.48, lowers average latency from 232.34 ms to 129.03 ms, and minimizes average network consumption from 231.26 MB to 129.39 MB. The proposed approach continues to significantly enhance data rates, reduce packet flow processing, decrease packet loss across various routing strategies. Overall, the proposed solution enhances stability, responsiveness, and robustness of V2X communication, making it suitable for future large-scale IoV deployments.",,,Future Generation Computer Systems,10.1016/j.future.2026.108367,https://pure.kfupm.edu.sa/en/publications/d4d49042-cb18-4611-951b-5bfff54be2ea,KFUPM Pure (OAI-PMH)
KFUPM_1b7aad96-d27f-4630-94c0-c3fca35b3759,King Fahd University of Petroleum and Minerals,Fast and efficient real-time route discovery via modified bidirectional A* algorithm,Gamil Ahmed; Tarek Sheltami,2026,,"Urban mobility applications increasingly require fast and reliable route discovery under congestion and time-varying traffic conditions. This paper presents MBiA*, a modified bidirectional A* algorithm designed for low-latency routing on large urban road networks. MBiA* improves classical bidirectional heuristic search through: (i) an admissible early-termination criterion that avoids unnecessary expansions, (ii) direction-aware backward expansion to handle one-way streets correctly, and (iii) efficient open/closed-set management to reduce search overhead. The proposed framework integrates floating car data (FCD) and time-sliced traffic speeds to construct both distance-weighted and travel-time-weighted graphs, enabling computation of shortest-distance routes as well as fastest-time, recommended routes. We also provide a frontier-intersection correctness proof that rigorously justifies the early-termination criterion for admissible bidirectional heuristic search on directed road graphs. Experiments on the Thessaloniki urban road network across multiple scenarios and representative off-peak and peak conditions show that MBiA* consistently outperforms Dijkstra, classical A*, and standard bidirectional A* in query-time execution, achieving average runtime reductions of approximately 40-60% and reaching up to 81% (off-peak) and 91% (peak) in the best case. In addition, fastest-time routing reduces travel time by 8-31% during off-peak periods and by 50-90% during peak congestion compared with shortest-distance routing, demonstrating the benefit of traffic-aware route recommendation. Results indicate that MBiA* provides an efficient and practical routing backbone for real-time intelligent transportation and smart-city services operating on traffic-updated snapshots.",SDG 11 - Sustainable Cities and Communities,,Results in Engineering,10.1016/j.rineng.2026.110160,https://pure.kfupm.edu.sa/en/publications/1b7aad96-d27f-4630-94c0-c3fca35b3759,KFUPM Pure (OAI-PMH)
KFUPM_7a6356cc-2d5b-488f-b125-72653e42abd5,King Fahd University of Petroleum and Minerals,MELF-XFD: Trustworthy and Interpretable Multi-Expert Fusion for Safety-Critical Fault Diagnosis in Autonomous Underwater Vehicles,Misha Urooj Khan; Ahmad Suleman; Yazeed Alkhrijah; Zeeshan Kaleem,2026,,"Autonomous underwater vehicles (AUVs) operating in harsh, communication-limited underwater environments require robust fault diagnosis systems to ensure mission success and safety. Existing model-based approaches suffer from hydrodynamic modeling inaccuracies, while data-driven methods typically employ monolithic architectures that lack interpretability and real-time deployment awareness. This paper proposes Multi-Expert Lightweight Fusion Model with Ethical & Explainable Fault Diagnosis (MELF-XFD), a novel model-free framework that addresses these limitations through physically-grounded multi-domain signal decomposition. MELF-XFD performs explainable fault diagnosis by fusing temporal, spectral, and statistical representations of multivariate AUV time-series data using lightweight expert networks with adaptive weighting for real-time onboard deployment. Experimental results on a public AUV benchmark with five fault classes show that MELF-XFD outperforms existing methods, achieving a 95.7% macro-F1 score, 90.0% severe fault recall, and 39 ms inference latency. It attains the highest composite diagnostic criterion around 93.6%, balancing accuracy, safety-critical sensitivity, and computational efficiency. A low expected calibration error of 0.0880 ensures reliable confidence estimates for safety-critical deployment. Ablation studies confirm the critical role of temporal and frequency experts, while adaptive fusion enables interpretable fault attribution, establishing MELF-XFD as a practical and deployment-ready solution.",,,IEEE Open Journal of Vehicular Technology,10.1109/ojvt.2026.3669709,https://pure.kfupm.edu.sa/en/publications/7a6356cc-2d5b-488f-b125-72653e42abd5,KFUPM Pure (OAI-PMH)
KFUPM_8261e82b-5310-4504-951e-33ebbe48d36c,King Fahd University of Petroleum and Minerals,On Enhancing Delay SLAs in TCP Networks Through Joint Routing and Transport Assistant Deployment,José Gómez-delaHiz; Mohamed Faten Zhani; John Kaippallimalil; Jaime Galán-Jiménez,2026,,"The Transport Control Protocol has long been the primary transport protocol for applications requiring performance and reliability over the Internet. Unfortunately, due to its retransmission mechanism, TCP incurs high packet delivery delays when segments are lost. To address this issue, previous research proposed to use a novel network function, namely Transport Assistant, deployed within the network to cache and retransmit lost packets, thus reducing retransmission delays. In this paper, we propose to jointly route the flows and deploy TAs in order to minimize packet delivery delays in best-effort networks (scenario 1) or to satisfy delay-based Service Level Agreements in QoS-based networks (scenario 2). We hence formulate the joint routing and TA deployment problem as Integer Linear Program for the two scenarios and propose a heuristic solution for large-scale instances of the problem. Through extensive simulations, we demonstrate the benefits of performing joint routing flows and TA deployment in reducing packet delivery delays (up to 16.4%) while minimizing deployment costs (up to 60.98%).",,,Journal of Network and Systems Management,10.1007/s10922-026-10047-4,https://pure.kfupm.edu.sa/en/publications/8261e82b-5310-4504-951e-33ebbe48d36c,KFUPM Pure (OAI-PMH)
KFUPM_09deade2-c974-4c42-96a5-bc206d2fe73a,King Fahd University of Petroleum and Minerals,QATNet: A Lightweight Quantum-Classical Tabular Network for Low-Latency Intrusion Detection,Abubakar Danasabe; Muhammad Afaq; Aiman H. El-Maleh; Ajmal Khan; Sami El-Ferik; Zeeshan Kaleem,2026,,"Modern communication environments ranging from smart mobility infrastructures to digitally integrated health care systems demand adaptable and trustworthy network security. In this situation, software-defined networks (SDNs) play a vital role by providing programmable control and global visibility, enabling rapid policy updates and fine-grained traffic management. As a result, the need for efficient and interpretable intrusion detection becomes increasingly critical. To achieve this, SDN controllers require real-time intrusion detection system (IDS) models capable of adapting to evolving traffic behaviors while operating within strict latency and resource constraints. However, most of the existing deep learning and ensemble-based models rely on either heavy architectures or nontransparent optimization processes that increase inference delay, limiting their deployability in latency-sensitive SDN controllers. This article presents quantum amplitude tabular network (QATNet), a hybrid quantum-classical framework that integrates amplitude encoding, a shallow variational quantum circuit, and an attentive TabNet head for flow-based intrusion detection. Unlike conventional deep or ensemble methods, QATNet leverages quantum-inspired feature transformations to reshape the geometric structure of network flows, enhancing class separability while maintaining controller-side efficiency. Experiments on two modern benchmarks OD-IDS2022 and CIC-IDS2018 demonstrate that QATNet consistently outperforms classical PCA-TabNet and amplitude-only baselines in accuracy, macro-F1, and area under the receiver operating characteristic curve, achieving consistent accuracy and F1-score performance across different qubit budgets (Q{≤q 6). Noise-simulation studies using IBM's FakeNairobi and FakeJakarta backend confirm robustness under realistic quantum noise, while runtime analysis verifies that inference latency (0.012 ms/sample) satisfies SDN controller timing requirements. The results prove that lightweight hybrid encoders provide resource-aware and noise-tolerant intrusion detection advancing the practical integration of quantum-enhanced learning in next-generation SDN security analytics.",,,IEEE Transactions on Quantum Engineering,10.1109/tqe.2026.3674396,https://pure.kfupm.edu.sa/en/publications/09deade2-c974-4c42-96a5-bc206d2fe73a,KFUPM Pure (OAI-PMH)
KFUPM_df807ee7-20b4-4517-a432-e23d773ffb7b,King Fahd University of Petroleum and Minerals,Reinforcement Learning and Exact Optimization for Traffic-Weighted Hybrid Truck-Drone Last-Mile Delivery With Deadlines,Abdullahi Sani Shuaibu; Ashraf Sharif Mahmoud; Tarek Rahil Sheltami; Anis Elgabli,2026,2026-08-01,"We propose a Reinforcement Learning (RL) framework for hybrid truck-drone Last-Mile Delivery (LMD), where drones launch from a truck and either rendezvous with it or return to the depot after serving customers, subject to vehicle range limits and customer-defined deadlines. Deliveries completed after the latest allowable service time are treated as deadline violations (lateness) and are penalized in the objective. To provide an exact reference, a Mixed Integer Linear Programming (MILP) model is formulated. It serves both as a benchmark for evaluating the RL approach and as a practical method when the delivery set is small or when minimizing lateness is the primary objective, since the exact MILP solution is guaranteed to be optimal but become computationally expensive to solve as problem size grows due to the combinatorial increase in routing and coordination possibilities. The RL method is introduced as a scalable alternative for larger hybrid truck-drone deployments because it maintains practical computation times through iterative learning and avoids the exponential growth in solving effort associated with exact optimization. The RL framework employs an \epsilon -greedy policy with decay and a reward structure that mirrors the MILP objective. Traffic congestion is incorporated through a scaling matrix that adjusts truck travel times on road segments, while drones remain unaffected due to aerial operation. RL is further benchmarked against Genetic Algorithm (GA) and Particle Swarm Optimiztion (PSO), which are also formulated to align with the same MILP objective to ensure a consistent basis for comparison. Results show that the RL component scales more efficiently with increasing delivery size while maintaining competitive solution quality.",SDG 7 - Affordable and Clean Energy; SDG 11 - Sustainable Cities and Communities,,IEEE Transactions on Intelligent Transportation Systems,10.1109/tits.2026.3677411,https://pure.kfupm.edu.sa/en/publications/df807ee7-20b4-4517-a432-e23d773ffb7b,KFUPM Pure (OAI-PMH)
KFUPM_4a19c30c-a95d-40dc-89d1-ef5315646967,King Fahd University of Petroleum and Minerals,A Multi-Stage Learning Framework for Detecting Known and Novel Attacks in the Internet of Medical Things,Razan Alfageer; Mustafa Ghaleb; Walid Aljoby; Muhamad Felemban,2026,,"The Internet of Medical Things (IoMT) connects heterogeneous medical devices and enables continuous monitoring, but it also expands the attack surface and exposes healthcare networks to both known intrusions and zero-day behaviors. Many existing intrusion detection system (IDS) solutions assume closed-set classification, rely on legacy or non-IoMT datasets, and are sensitive to class imbalance and distribution shift, which can lead to overconfident errors and high false-alarm rates. We propose a multi-stage learning framework that combines fast anomaly screening with hierarchical attack attribution and an explicit reject option. A benign-trained Auto-Encoder flags anomalous flows using reconstruction error, enabling low-latency filtering. Flagged flows are then processed by supervised models in three stages: binary verification, coarse attack-category classification, and fine-grained multiclass identification using Random Forest, XGBoost, and a lightweight CNN. Oversampling and feature selection mitigate class imbalance and reduce redundancy. At the final stage, confidence-thresholding rejects low-confidence multiclass predictions as Unknown, providing practical open-set behavior for novelty detection. Experiments on CICIoMT2024 achieve 99.63% anomaly-detection accuracy, 99.89% binary accuracy, 99.95% categorical accuracy, and 99.77% multiclass accuracy. In online evaluation with held-out attacks, the framework rejects an unseen MQTT flooding attack as Unknown while showing lower rejection for unseen reconnaissance traffic due to feature overlap among reconnaissance subtypes, supporting gateway-level real-time IoMT monitoring.",SDG 11 - Sustainable Cities and Communities,,IEEE Access,10.1109/access.2026.3677553,https://pure.kfupm.edu.sa/en/publications/4a19c30c-a95d-40dc-89d1-ef5315646967,KFUPM Pure (OAI-PMH)
KFUPM_19148827-fc8f-4e61-809c-9f7ccd3a0e17,King Fahd University of Petroleum and Minerals,Reward-Augmented Reinforcement Learning for Continuous Control in Precision Autonomous Parking via Policy Optimization Methods,Ahmad Suleman; Misha Urooj Khan; Zeeshan Kaleem; Ali H. Alenezi; Iqra Shabbir; Sinem Coleri; Chau Yuen,2026,2026-08-01,"Autonomous parking (AP) represents a critical yet complex subset of intelligent vehicle automation, characterized by tight spatial constraints, frequent close-range obstacle interactions, and stringent safety margins. However, conventional rule-based and model-predictive methods often lack the adaptability and generalization needed to handle the nonlinear and environment-dependent complexities of AP. To address these limitations, we propose a reward-augmented learning framework for AP (RARLAP), that mitigates the inherent complexities of continuous-domain control by leveraging structured reward design to induce smooth and adaptable policy behavior, trained entirely within a high-fidelity Unity-based custom 3D simulation environment. We systematically design and assess three structured reward strategies: goal-only reward (GOR), dense proximity reward (DPR), and milestone-augmented reward (MAR), each integrated with both on-policy and off-policy optimization paradigms. Empirical evaluations demonstrate that the on-policy MAR achieves a 91% success rate, yielding smoother trajectories and more robust behavior, while GOR and DPR fail to guide effective learning. Convergence and trajectory analyses demonstrate that the proposed framework enhances policy adaptability, accelerates training, and improves safety in continuous control. Overall, RARLAP establishes that reward augmentation effectively addresses complex autonomous parking challenges, enabling scalable and efficient policy optimization with both on- and off-policy methods. To support reproducibility, the code accompanying this paper is publicly available.",,,IEEE Transactions on Vehicular Technology,10.1109/tvt.2026.3676611,https://pure.kfupm.edu.sa/en/publications/19148827-fc8f-4e61-809c-9f7ccd3a0e17,KFUPM Pure (OAI-PMH)
KFUPM_6df4f422-407a-41bf-b595-ea9286470a2b,King Fahd University of Petroleum and Minerals,Learning Framework for Underwater Optical Localization Using Airborne Light Beams,Jaeed Bin Saif; Mohamed Younis; Talal M. Alkharobi,2026,,"Underwater localization using airborne visible light beams offers a promising alternative to acoustic and radio-frequency methods, yet accurate modeling of light propagation through a dynamic air–water interface remains a major challenge. This paper introduces a physics-informed machine learning framework that combines geometric optics with neural network inference to localize submerged optical nodes under both flat and wavy surface conditions. The approach integrates ray-based light transmission modeling with a third-order Stokes wave formulation, enabling a realistic representation of nonlinear surface slopes and their effect on refraction. A multilayer perceptron (MLP) is trained on synthetic intensity–position datasets generated from this model, learning the complex mapping between received optical power (light intensity) and coordinates of the submerged receiver. The proposed method demonstrates high precision, stability, and adaptability across varying geometries and surface dynamics, offering a computationally efficient solution for optical localization in dynamic underwater environments.",,,Photonics,10.3390/photonics13020133,https://pure.kfupm.edu.sa/en/publications/6df4f422-407a-41bf-b595-ea9286470a2b,KFUPM Pure (OAI-PMH)
KFUPM_2a6f0be9-8ffb-49c1-9a16-a58ff0dd3278,King Fahd University of Petroleum and Minerals,"Unmanned aerial vehicles (UAVs) for smart agriculture with machine learning: A system-oriented review of methods, applications, and challenges",Md Najmul Mowla; Neazmul Mowla; Safat Rahman Chowdhury; Khaled M. Rabie; Thokozani Shongwe,2026,,"Rising food demand and climate variability are accelerating the adoption of smart agriculture (SA), where unmanned aerial vehicles (UAVs) coupled with machine learning (ML) provide on-demand, high-resolution information for agronomic decision-making. However, most existing reviews focus on UAV platforms, sensors, communication links, and ML algorithms in isolation, and rarely examine how these layers interact in operational agricultural settings. This study surveys ML-enabled UAV applications in agriculture published since 2020. It introduces a layered architecture that links UAV airframe and payload design, sensor configuration, navigation and positioning, and communication subsystems with an end-to-end ML pipeline for data acquisition, preprocessing, feature engineering, model training, validation, and deployment. The survey places particular emphasis on traditional ML methods that are well-suited to moderate-sized datasets, edge or near-edge deployment, and agronomic interpretability. Across major application areas, it critically assesses methodological robustness and transferability and clarifies how flight planning and sensing choices propagate to model reliability. Finally, the study identifies current challenges and provides actionable recommendations for integrating advanced UAV–ML technologies into future SA systems.",,,Smart Agricultural Technology,10.1016/j.atech.2026.101880,https://pure.kfupm.edu.sa/en/publications/2a6f0be9-8ffb-49c1-9a16-a58ff0dd3278,KFUPM Pure (OAI-PMH)
KFUPM_e89ffb01-abca-4971-889f-5aa16abdca0b,King Fahd University of Petroleum and Minerals,Sequence Learning over Behavioral Attack Patterns for Early Detection of Human-Operated Ransomware,Mohammed Rauf Ali Khan; Akram Algaolahi; Farid Binbeshr; Muhammad Imam,2026,,"Human-Operated Ransomware (HoR) is one of the most persistent and evolving threats in cybersecurity, as attackers use changing Tactics, Techniques, and Procedures (TTPs) to evade traditional detection. The lack of structured and publicly available TTP-level datasets has limited the development of models capable of identifying HoR behavior early. In this study, we construct a dataset of TTP sequences from 15 prominent ransomware families observed in 2023 and 2024, structured according to the MITRE ATT&CK framework. We evaluate a range of sequence modeling approaches, including Markov chains, n-gram analysis, LSTM, GRU, and RNN, to classify ransomware behavior based on the progression of observed TTPs. The RNN model achieved the highest accuracy of 82% and an AUC of 0.9694 (95% CI: 0.0087–0.0168), with an average false positive rate between 0.0087 and 0.0168 using 10-fold cross-validation. SMOTE was used to address class imbalance, improving model accuracy by 6% (from 76% to 82%). These results show that learning from ordered TTP patterns can support timely detection of ransomware activity, enabling earlier intervention in threat response workflows.",,,Digital Threats: Research and Practice,10.1145/3786772,https://pure.kfupm.edu.sa/en/publications/e89ffb01-abca-4971-889f-5aa16abdca0b,KFUPM Pure (OAI-PMH)
KFUPM_fe4106b4-913e-4806-80e8-809977c75ce4,King Fahd University of Petroleum and Minerals,NAS: AI-Driven Network Automation for Multi-vendor Environments,Hanin Alyahya; Tarek Sheltami,2026,,"The limitations of manual network management in a complex and diverse organizational environment are addressed in this study. Manual configuration and management result in inefficiencies, misconfigurations, and security risks with the evolution of network infrastructure. This paper proposes a modular Network Automation System (NAS) that integrates centralized orchestration, AI-based anomaly detection, and standardized configuration management (NETCONF/YANG) using a microservices architecture to mitigate these challenges. Python was employed to develop the system, and it was validated in a practical simulated environment developed using GNS3 installed on Ubuntu and VirtualBox. The limitations of manual network management in a complex and diverse organizational environment are addressed in this study. Manual configuration and management result in inefficiencies, misconfigurations, and security risks with the evolution of network infrastructure. This paper proposes a modular Network Automation System (NAS) that integrates centralized orchestration, AI-based anomaly detection, and standardized configuration management (NETCONF/YANG) using a microservices architecture to mitigate these challenges. Python was employed to develop the system, and it was validated in a practical simulated environment developed using GNS3 installed on Ubuntu and VirtualBox.",,,Arabian Journal for Science and Engineering,10.1007/s13369-026-11319-6,https://pure.kfupm.edu.sa/en/publications/fe4106b4-913e-4806-80e8-809977c75ce4,KFUPM Pure (OAI-PMH)
KFUPM_d1d0bc19-a99a-467f-90ac-0d519ad331aa,King Fahd University of Petroleum and Minerals,Smart city traffic optimization using IoD and IoT integration,Aminu Yusuf; Tarek R. Sheltami; Ashraf Mahmoud; Muhammad Imam,2026,,"Urban traffic congestion, along with the resulting fuel waste and pollution, poses increasing challenges as city populations grow. There is a critical need for techniques that mitigate these effects while maintaining traffic efficiency. This study proposes an integrated framework that combines the Internet of Things (IoT) infrastructure and the Internet of Drones (IoD) to enhance urban traffic management. IoT sensors monitor real-time traffic conditions, while Roadside Units (RSUs) collect and process data to deliver timely updates to vehicles. Drones dynamically extend communication coverage by acting as mobile relay nodes, accelerating traffic information dissemination across wider areas, particularly those with sparse connectivity. Drone placement was optimized for maximum coverage using the Particle Swarm Optimization (PSO) algorithm. Experiments conducted in two urban scenarios—Dammam (Saudi Arabia) and Doha (Qatar)—used the SUMO simulator, Traffic Control Interface (TraCI), and Python to implement communication protocols and adaptive rerouting mechanisms. The findings suggest that integrating IoT and drones can substantially reduce travel delays and vehicular emissions while maintaining real-time operational efficiency. In Dammam, emissions and travel times decreased by up to 40.99% and 32.05%, respectively, and in Doha by up to 48.78% and 43.92%. These results indicate that coordinated IoT–IoD systems can support sustainable urban mobility by improving traffic flow and contributing to cleaner air.",SDG 11 - Sustainable Cities and Communities,,Scientific Reports,10.1038/s41598-026-42334-0,https://pure.kfupm.edu.sa/en/publications/d1d0bc19-a99a-467f-90ac-0d519ad331aa,KFUPM Pure (OAI-PMH)
KFUPM_975d8ff9-18e8-41ca-8fa4-cf0b8b37fd3b,King Fahd University of Petroleum and Minerals,Robust Beamforming Optimization for STAR-RIS Empowered Multi-User RSMA Under Hardware Imperfections and Channel Uncertainty,Muhammad Asif; Asim Ihsan; Zhu Shoujin; Ali Ranjha; Xingwang Li; Khaled M. Rabie; Symeon Chatzinotas,2026,,"This study investigates the synergy between ratesplitting multiple access (RSMA) and simultaneous transmitting and reflecting reconfigurable intelligent surface (STAR-RIS) as a unified framework to realize ubiquitous, intelligent, and resilient connectivity in future sixth-generation networks, while enhancing both spectral and energy efficiency. Specifically, in the STAR-RIS-assisted multi-user RSMA network under consideration, we develop an intelligent optimization strategy that jointly designs the active beamforming at the transmitter, the allocated transmission rate for the common stream, and the passive beamforming vectors for both transmission and reflection regions of the STAR-RIS, while accounting for transceiver hardware impairments and imperfect channel state information (CSI). In addition, system robustness is ensured by incorporating a bounded channel estimation error model that rigorously reflects CSI imperfections and ensures resilience against worst-case estimation errors. To tackle the highly non-convex problem, we propose an intelligent optimization algorithm that decouples the original problem into two sub-problems, which are then solved iteratively. Firstly, the active beamforming vectors for both the common and private signals are obtained by reformulating the original non-convex problem into a tractable convex semi-definite programming (SDP) framework, leveraging successive convex approximation (SCA) and semi-definite relaxation (SDR) for enhanced computational efficiency. Secondly, the passive beamforming vectors for the transmission and reflection regions of the STAR-RIS are optimized through a convex SDP reformulation by exploiting SCA and SDR techniques. Additionally, when the resulting active or passive beamforming solutions are of higher rank, Gaussian randomization is employed to construct rank-one solutions. Finally, the effectiveness of the proposed optimization strategy is demonstrated through numerical simulations, which reveal significant performance gains over benchmark schemes and confirm rapid convergence.",SDG 7 - Affordable and Clean Energy,,IEEE Transactions on Communications,10.1109/tcomm.2026.3683815,https://pure.kfupm.edu.sa/en/publications/975d8ff9-18e8-41ca-8fa4-cf0b8b37fd3b,KFUPM Pure (OAI-PMH)
KFUPM_79f21b5f-7561-45a6-a9f7-8b19de828505,King Fahd University of Petroleum and Minerals,DAUNet: A Lightweight UNet Variant with Deformable Convolutions and Parameter-Free Attention for Medical Image Segmentation,Adnan Munir; Muhammad Shahid Jabbar; Shujaat Khan,2026,,"Medical image segmentation plays a pivotal role in automated diagnostic and treatment planning systems. In this work, we present DAUNet, a novel lightweight UNet variant that integrates Deformable V2 Convolutions and Parameter-Free Attention (SimAM) to improve spatial adaptability and context-aware feature fusion without increasing model complexity. DAUNet's bottleneck employs dynamic deformable kernels to handle geometric variations, while the decoder and skip pathways are enhanced using SimAM attention modules for saliency-aware refinement. Extensive evaluations on two challenging datasets, FH-PS-AoP (fetal head and pubic symphysis ultrasound) and FUMPE (CT-based pulmonary embolism detection), demonstrate that DAUNet outperforms state-of-the-art models in Dice score, HD95, and ASD, while maintaining superior parameter efficiency. Ablation studies highlight the individual contributions of deformable convolutions and SimAM attention. DAUNet's robustness to missing context and low-contrast regions establishes its suitability for deployment in real-time and resource-constrained clinical environments.",SDG 3 - Good Health and Well-being,,IEEE Journal of Biomedical and Health Informatics,10.1109/jbhi.2026.3683980,https://pure.kfupm.edu.sa/en/publications/79f21b5f-7561-45a6-a9f7-8b19de828505,KFUPM Pure (OAI-PMH)
KFUPM_672fbce5-17a3-47ed-88b5-42000da05062,King Fahd University of Petroleum and Minerals,Electro-thermal coupled MHD Jeffrey fluid modeling of cervical mucus: implications for thermal-sensitive drug delivery and sperm motility diagnostics,M. M. Bhatti; R. Ellahi; Sadiq M. Sait,2026,2026-07-14,"Purpose – This study aims to develop an electro-thermal magnetohydrodynamic (ET-MHD) model of sperm transport in the cervical canal, treating cervical mucus as a Jeffrey fluid to capture memory and relaxation effects. It also examines the influence of thermal effects, magnetic and electric fields and wall waviness on sperm motion, heat transfer, trapping and pumping in fertile and infertile mucus. Design/methodology/approach – The cervical canal is modeled as a two-dimensional wavy channel, and the swimming sperm as a deforming sheet. The mucus is considered an electrically conducting Jeffrey fluid. Under creeping-flow conditions, closed-form solutions are derived for velocity, temperature, pressure gradient, pressure rise, propulsive velocity and work done. Parametric effects of Hartmann number, Brinkman number, electric field, fluid relaxation and wave amplitude are studied for fertile and infertile mucus. Findings – Magnetic field and fluid memory reduce sperm-induced flow, propulsion and bolus trapping, with stronger suppression in infertile mucus. Fertile mucus shows higher flow and propulsion, especially without magnetic effects. Temperature increases due to Joule heating and viscous dissipation, while elasticity lowers it. Magnetic forces reduce trapped bolus size, electric field has little effect on trapping and stronger electromagnetic fields increase pressure demand. Pumping improves in the retrograde region but declines with increasing fluid elasticity. Originality/value – To the best of the authors’ knowledge, this study presents the first analytical ET-MHD Jeffrey fluid model for sperm transport in the cervical canal, offering useful insights for fertility assessment and thermally sensitive drug-delivery applications.",,,International Journal of Numerical Methods for Heat and Fluid Flow,10.1108/hff-02-2026-0123,https://pure.kfupm.edu.sa/en/publications/672fbce5-17a3-47ed-88b5-42000da05062,KFUPM Pure (OAI-PMH)
KFUPM_1b7a8c5f-26e5-4048-bca5-34719462c272,King Fahd University of Petroleum and Minerals,QoS-Aware Multichannel Resource Allocation in LoRaWAN Networks,Rana Bajafar; Louai Al-Awami,2026,,"The ALOHA uplink and best-effort service model as implemented by LoRaWAN is inherently ill-suited to realizing differentiated QoS as device populations and traffic heterogeneity increase. This paper proposes a QoS-aware resource-allocation framework based on multichannel parallelism in LoRaWAN networks. The key idea is to exploit the spreading factors' quasiorthogonality and the independence of frequency channels, which allow viewing the network as a pool of parallel transmission resources, and to dynamically distribute that pool across traffic classes. A proportional, priority-weighted policy allocates resources to classes based on their instantaneous weighted demand, and an efficiency-aware metric within each class biases nodes toward lower-airtime (faster) resources to improve utilization. The resulting design is still fully distributed, low-complexity, yet it consistently reduces latency and increases throughput for high-priority and high-reliability traffic without starving best-effort flows.",,,"2026 IEEE International Conference on Consumer Electronics, ICCE 2026",10.1109/icce67443.2026.11449854,https://pure.kfupm.edu.sa/en/publications/1b7a8c5f-26e5-4048-bca5-34719462c272,KFUPM Pure (OAI-PMH)
KFUPM_d0dc38c5-30a9-4eeb-bdf1-1ad58667d329,King Fahd University of Petroleum and Minerals,Stacking Ensemble-Based Framework for Intrusion Detection in Internet-of-Energy (IoE) Systems,Abdallah Moubayed,2026,,"Internet-of-Energy (IoE) development has been the result of the rapid growth of ICT coupled with the increase in demand for power systems. Such systems integrate IoT devices with ICTs which enable real-time energy management. Crucial components of IoE systems are Distributed energy resources (DERs) and battery energy storage systems (BESS). However, this makes IoE systems vulnerable to a variety of cyber attacks that can have dire consequences such as DDoS, SQL injection, and false data injection. Machine learning (ML) approaches have shown great promise in detecting attacks in networked environments, but may sometimes have bias/variance. To that end, this work proposes an ensemble-based framework that considers three different stacking ensemble approaches built using tree-dependent models. This choice aims to improve the overall performance and generalize well while simultaneously having reduced model bias/variance. Experimental results illustrate that the proposed stacking ensemble framework achieves better performance in terms of accuracy, precision, recall, and F1-score while having comparable training and prediction speeds. This demonstrates the framework's advantage from both a detection capability and computational/inference efficiency perspective.",,,"2026 IEEE International Conference on Consumer Electronics, ICCE 2026",10.1109/icce67443.2026.11449868,https://pure.kfupm.edu.sa/en/publications/d0dc38c5-30a9-4eeb-bdf1-1ad58667d329,KFUPM Pure (OAI-PMH)
KFUPM_dfb87a09-433c-448b-b92b-de872de91ffa,King Fahd University of Petroleum and Minerals,Dark by Default: Hardening Medical Device Paths with Software-Defined Perimeter,Riad Makhoul; Abdallah Moubayed; Ashraf Mahmoud,2026,,"Smart healthcare networks must preserve availability, confidentiality, and the integrity of safety-critical workflows in the presence of active adversaries. To that end, we examine the Software-Defined Perimeter (SDP) as a defensive architecture for clinical IoT by contrasting an SDP-protected micro-network with a functionally equivalent, traditionally reachable baseline. We implement a reproducible GNS3 testbed that mirrors a common clinical path (Lab → Controller → Gateway → Medical Device). Two representative adversarial scenarios are evaluated on both the SDP and non-SDP topologies: a volumetric flood targeting the medical device and unauthenticated reconnaissance using ICMP/TCP probing. For each topology, we collect stage-wise measurements (Before, During, After) from parsed CLI artifacts and aggregate round-trip time and packet-delivery outcomes. The qualitative outcome is consistent across trials: the SDP path maintains authorized reachability and preserves service continuity under load, while cloaking prevents reconnaissance from leaking information about protected services. By contrast, the non-SDP baseline exposes the medical device directly, allowing scans to terminate on the service and causing material degradation during flood. These results indicate that SDP's authenticate-then-connect model, coupled with fine-grained entitlements and default-deny enforcement, offers a pragmatic way to harden clinical micro-segments without relying on perimeter reachability or broad network trust. Rather than proposing a new SDP mechanism, this work provides a reproducible, applied evaluation of SDP's availability and cloaking properties in a healthcare-style micro-network under active adversarial conditions.",,,"2026 IEEE International Conference on Consumer Electronics, ICCE 2026",10.1109/icce67443.2026.11449604,https://pure.kfupm.edu.sa/en/publications/dfb87a09-433c-448b-b92b-de872de91ffa,KFUPM Pure (OAI-PMH)
KFUPM_3e067ff5-2e0a-4c10-ba01-f57f480e8d31,King Fahd University of Petroleum and Minerals,"No ML, Just Hashes: Code Similarity Distance for Detecting IoT Malware",Mohammed Rauf Ali Khan; Louai Al-Awami,2026,,"The steady rise of consumer Internet-of-Things (IoT) device usage has proportionally led to an increase in malware targeting embedded systems. Exact hash matching using MD5 or SHA-256 for malware detection is ineffective when small changes alter file hashes. In this paper, we present a lightweight approach based on similarity hashing for detecting Extensible and Linkable Format (ELF) IoT malware binaries. Eighteen datasets, each containing 1,284 malicious and 1,291 clean ELF samples, were collected for analysis. For every sample, three similarity hashes namely SSDEEP, Trend Micro Locality Sensitive Hash (TLSH), and Lempel-Ziv Jaccard Distance (LZJD) were computed under two hashing views. A static-feature view hashes extracted metadata and printable strings, while a file-structure view removes ELF headers and hashes only the executable payload. Using fixed thresholds, the approach avoids machine learning pipelines entirely. On a held-out validation set, SSDEEP (static view) achieved the best overall performance with an accuracy of 78.3% and precision of 0.84, while LZJD (payload view) maintained the highest precision of 0.93 across thresholds, demonstrating its strength in detecting content-level similarities among ELF malware samples. In terms of resource usage, memory profiling revealed that SSDEEP required around 2.4 KB per hash comparison, whereas TLSH and LZJD consumed approximately 0.27 KB on average, confirming the efficiency of their fixed-length hash representations. The proposed pipeline is computationally lightweight as it relies on single-pass hashing, compact hash comparisons, and minimal memory overhead, making it suitable for real-time malware detection in IoT gateways and edge devices.",,,"2026 IEEE International Conference on Consumer Electronics, ICCE 2026",10.1109/icce67443.2026.11449610,https://pure.kfupm.edu.sa/en/publications/3e067ff5-2e0a-4c10-ba01-f57f480e8d31,KFUPM Pure (OAI-PMH)
KFUPM_6bf28a14-e977-42c0-9111-fba3170fddcf,King Fahd University of Petroleum and Minerals,Deep Reinforcement Learning Based Medium Access Control Protocol for LoRa Networks,Norah Sumayli; Louai Al-Awami,2026,,"LoRa is a key enabling technology for large-scale Internet of Things (IoT) deployments due to its long-range and low-power capabilities. However, its pure ALOHA Medium Access Control (MAC) protocol suffers from high collision rates and poor scalability under dense network conditions. This paper proposes an intelligent MAC protocol based on Deep Q-learning (DQN) to enhance reliability and learning efficiency in multichannel LoRa networks. Where each node develops its own policy to select the optimal combination of channel, spread factor (SF), and transmission power (TxP), based on previous transmission outcomes, enabling distributed optimization without centralized coordination. The proposed DQN-based model is implemented using LoRaSim and compared against conventional Q-learning and ALOHA under identical network conditions. Simulation results demonstrate that intelligence-based MAC protocols maintained higher PDR than traditional ALOHA as the number of nodes increased. Moreover, DQN-based MAC achieved faster convergence, up to 40% fewer collisions compared to ALOHA, and about 25% compared to Q-learning across various network densities. These results confirm that Deep Reinforcement Learning(DRL) offers a scalable solution for intelligent MAC design in dynamic LoRa networks.",,,"2026 IEEE International Conference on Consumer Electronics, ICCE 2026",10.1109/icce67443.2026.11449758,https://pure.kfupm.edu.sa/en/publications/6bf28a14-e977-42c0-9111-fba3170fddcf,KFUPM Pure (OAI-PMH)
KFUPM_c720f791-248e-4096-b364-33453075203d,King Fahd University of Petroleum and Minerals,Behavioural Modelling of Automated Driving Logic for Advanced Driver Assistance Systems at Signalised Intersections Using Microsimulation,Fatma Outay; Siham Farrag; Tarek R. Sheltami; Ansar Ul Haque Yasar,2026,,"The rapid advancement of Advanced Driver Assistance Systems (ADAS) and Automated Vehicles (AVs) has increased global interest in understanding how automated driving logic influences traffic performance, safety, and environmental outputs. While most existing ADAS rely on kinetic thresholds such as headway or speed, empirical evidence indicates that drivers often adopt their behaviours (both positive and negative) when interacting with automated technologies. This study investigates the impact of different automated driving behavioural logics (Normal, Cautious, and Aggressive) on the traffic performance at an urban signalised intersection in the UAE through integrating behavioural adaptation theory with agent-based microsimulation using PTV VISSIM Software. A calibrated and validated simulation model based on real-word traffic data was developed to evaluate seven scenarios representing different levels of automated vehicle penetration and behavioural compositions. Automated driving logic was implemented using behavioural parameters derived from the CoEXit automated vehicle framework.The results indicate that the scenario with 100% normal automated vehicles and a high-penetration mixed AV configuration yields modest improvements in delay, queue length, and traffic flow stability. In contrast, caution and aggressive automated driving increase delay, emissions, and stop frequency. The findings highlight that uncoordinated automated vehicles penetration may not automatically yield improvements in traffic performance, safety, or environment under mixed-traffic conditions. Integrating behavioural modelling into ADAS and automated vehicle development is therefore essential for achieving safer and more efficient transitions towards automated mobility.",SDG 11 - Sustainable Cities and Communities,,Arabian Journal for Science and Engineering,10.1007/s13369-026-11330-x,https://pure.kfupm.edu.sa/en/publications/c720f791-248e-4096-b364-33453075203d,KFUPM Pure (OAI-PMH)
KFUPM_8f9c8e0c-94dc-42ce-b279-703d2a112a94,King Fahd University of Petroleum and Minerals,Secure Communication of UAV-Mounted STAR-RIS Under Phase Shift Errors,Aseel A. Qsibat; Abdelhamid Salem; Khaled M. Rabie; Habiba S. Akhleifa; Xingwang Li; Thokozani Shongwe; Mohamad A. Alawad; Yazeed Alkhrijah,2026,,"This paper investigates the secure communication capabilities of a non-orthogonal multiple access (NOMA) network supported by a STAR-RIS (simultaneously transmitting and reflecting reconfigurable intelligent surface) deployed on an unmanned aerial vehicle (UAV), in the presence of passive eavesdroppers. The STAR-RIS facilitates concurrent signal reflection and transmission, allowing multiple legitimate users - grouped via NOMA - to be served efficiently, thereby improving spectral utilization. Each user contends with an associated eavesdropper, creating a stringent security scenario. Under Nakagami fading conditions and accounting for phase shift inaccuracies in the STAR-RIS, closed-form expressions for the ergodic secrecy rates of users in both transmission and reflection paths are derived. An optimization framework is then developed to jointly adjust the UAV's positioning and the STAR-RIS power splitting coefficient, aiming to maximize the system's secrecy rate. The proposed approach enhances secure transmission in STAR-RIS-NOMA configurations under realistic hardware constraints and offers valuable guidance for the design of future 6G wireless networks.",,,IEEE Transactions on Communications,10.1109/tcomm.2026.3686602,https://pure.kfupm.edu.sa/en/publications/8f9c8e0c-94dc-42ce-b279-703d2a112a94,KFUPM Pure (OAI-PMH)
KFUPM_3cc51a7a-94cc-4e4f-959c-e2f7bf186645,King Fahd University of Petroleum and Minerals,Chaotic status-based algorithm for optimization of industrial components,Pranav Mehta; Sadiq M. Sait; Dildar Gürses; Ali Rlza Ylldlz,2026,2026-06-01,"To improve exploration capacity, convergence stability, and global search efficiency, this study suggests a Chaotic Status-Based Algorithm (CSBA) by incorporating several chaotic maps, such as sine, tent, cosine, logistic, Chebyshev, and Gauss, hybridized with the Status-Based Optimizer. Two real-world engineering design problems, such as robotic gripper arm optimization and automotive suspension lower control arm optimization, are used to assess the suggested CSBA. Compared with traditional metaheuristics, CSBA exhibited better convergence behavior for the robotic gripper, efficiently minimizing the difference between the maximum and minimum gripping forces across seven design variables and nine constraints. For CSBA, statistical performance metrics verified reduced variance, enhanced robustness, and quicker convergence. These findings show that the status-based framework's optimization performance is greatly improved by the proposed chaotic augmentation, making CSBA a dependable and competitive tool for lightweight, economical engineering design optimization.","SDG 9 - Industry, Innovation, and Infrastructure",,Materialpruefung/Materials Testing,10.1515/mt-2025-0340,https://pure.kfupm.edu.sa/en/publications/3cc51a7a-94cc-4e4f-959c-e2f7bf186645,KFUPM Pure (OAI-PMH)
KFUPM_e8ac7016-31aa-49cf-b8d5-823678724659,King Fahd University of Petroleum and Minerals,CARS: Container-Aware Resource Scheduling in Heterogeneous Fog Computing based on DRL,Fahim Ullah Khan; Ibrar Ali Shah; Abdulaziz Y. Barnawi; Shabir Ahmad,2026,,"Efficient container orchestration is a key challenge in fog and edge computing, where dynamic workloads and hardware heterogeneity demand adaptive scheduling beyond traditional static heuristics. This paper introduces CARS (Container-Aware Resource Scheduler), an intelligent reinforcement-learning-driven framework designed for container placement in heterogeneous fog environments. CARS is built on the Twin Delayed Deep Deterministic Policy Gradient (TD3) algorithm, enabling continuous learning of optimal scheduling policies under dynamic conditions. A multi-objective reward design jointly optimizes energy consumption, response latency, task-migration frequency, throughput, and Service Level Agreement (SLA) adherence. To handle discrete container-to-host mapping, CARS applies a Softmax-based probabilistic transformation followed by Argmax selection, ensuring scalable and precise host assignments across variable-sized clusters. Experimental evaluation using the COSCO simulation environment demonstrates that CARS reduces average response time by 53% and 40% compared with DDPG and standard TD3, respectively, achieves a 21.4% gain in energy efficiency over DRLMOTS, and lowers SLA violations up to 81%. These results confirm that CARS provides a robust and scalable solution for energy-aware, latency-sensitive fog-computing systems.",SDG 7 - Affordable and Clean Energy,,IEEE Open Journal of the Communications Society,10.1109/ojcoms.2026.3688021,https://pure.kfupm.edu.sa/en/publications/e8ac7016-31aa-49cf-b8d5-823678724659,KFUPM Pure (OAI-PMH)
KFUPM_62689ab9-6fbf-4a8a-9f32-f45e338dc51d,King Fahd University of Petroleum and Minerals,Outage-Constrained Max-Min Rate Optimization Design for STARS in Near-Field Communications,Zhichao Sheng; Zihan Song; Ali A. Nasir; Syed A. Hassan; Khaled Rabie; Daniel B. da Costa,2026,,"This letter investigates a near-field communication network assisted by simultaneously transmitting and reflecting surfaces (STARS), focusing on achieving rate fairness among users under both perfect and imperfect transmission designs. To maximize the worst user rate, we jointly optimize the programmable independent phase shifts of STARS and the transmit beamforming at the base station. The problem is ad dressed via an iterative algorithm combined with a penalty-based convex optimization procedure. We further extend the analysis from the perfect channel state information case to an outage constrained scenario, where user rates are defined based on outage probability. Numerical examples validate the effectiveness and feasibility of the proposed approach. The outage-constrained design successfully suppresses the average outage rate to the required level while also maximizing the worst-case transmission rate.",,,IEEE Transactions on Vehicular Technology,10.1109/tvt.2026.3689696,https://pure.kfupm.edu.sa/en/publications/62689ab9-6fbf-4a8a-9f32-f45e338dc51d,KFUPM Pure (OAI-PMH)
KFUPM_65de065b-357d-44b9-aec4-0000f28ea67c,King Fahd University of Petroleum and Minerals,Structural optimization of aircraft nose landing gear using modified Tianji's horse racing optimizer,Sadiq M. Sait; Pranav Mehta; Ali Riza Yildiz,2026,2026-07-01,"In this research paper, a Modified Tianji's Horse Optimization Algorithm (MTHOA) for constrained structural optimization of an aircraft nose landing gear fork is presented in this paper with the help of Dynamic Oppositional-Based Learning. Adaptive parameter control and dynamic oppositional learning are used to mathematically improve the exploration-exploitation balance and convergence stability of the original Tianji's Horse Racing Optimizer. The costly finite element-based objective function is approximated using a Kriging surrogate model. The objective function is to minimize the mass of the fork using the modified optimizer followed by topology optimization. The findings show that MTHOA outperformsWhale Optimization Algorithm (9,910 g) and Salp Swarm Optimization Algorithm (9,890 g) in achieving a minimum structural mass of 9,800 g while meeting all stress constraints. The suggested method produces a 17.4%mass reduction with better stress sustainability when compared to the provisional design (11,864 g). The results validate MTHOA's robustness, convergence efficiency, and suitability for challenging, nonlinear, multidisciplinary engineering optimization problems.",,,Materialpruefung/Materials Testing,10.1515/mt-2025-0346,https://pure.kfupm.edu.sa/en/publications/65de065b-357d-44b9-aec4-0000f28ea67c,KFUPM Pure (OAI-PMH)
KFUPM_808c7530-4562-4e87-a0af-619a5b04649d,King Fahd University of Petroleum and Minerals,Reflection Co-efficient Optimization for Sum-Rate Enhancement in RIS-Assisted UAV Communications,Maham Misbah; Zeeshan Kaleem,2026,,"Unmanned Aerial Vehicles (UAVs)Unmanned Aerial Vehicles (UAVs) have emerged as a potential solution for beyond 5G networks due to their flexibility and cost-effectiveness. Recently, UAVsUnmanned Aerial Vehicles (UAVs) have grabbed the attention of researchers due to their wide range of uses, including airborne inspection, drone photography, crop monitoring, delivery services, and wireless communication. In wireless communications, using UAVsUnmanned Aerial Vehicles (UAVs) in conjunction with ground stations can improve coverage, dependability, and energy efficiency of the network or they can also be deployed as the flying mobile terminals within cellular networks. However, UAVsUnmanned Aerial Vehicles (UAVs) face several deployment challenges such as optimal placement and height during operation. Another emerging technology, reconfigurable intelligent surface (RIS)Reconfigurable Intelligent Surface (RIS), is used along with UAVsUnmanned Aerial Vehicles (UAVs) to further enhance the network efficiency. These low-cost and passive RISsReconfigurable Intelligent Surface (RIS) are regarded as the cost-effective alternative for networks beyond 5G and 6G. To broaden their application, they can be deployed on any structure, rooftop, or even UAVsUnmanned Aerial Vehicles (UAVs). The RIS-aided UAV networking design has a lot of potential for improving wireless communications and dealing with the increasing complexity of the wireless channel, especially at higher frequencies. The appropriate positioning and elevation of the UAV-RIS are critical for efficient downlink connection between the base station and edge users. Improving the minimum rates of edge users is also an essential factor to consider while implementing this infrastructure. In this chapter, our primary aim is to enhance the overall system rates in an RIS-enhanced UAV network through strategic collaboration with an RISReconfigurable Intelligent Surface (RIS). The key focus lies in the joint optimization of both UAV altitudes and passive RISReconfigurable Intelligent Surface (RIS) elements. To achieve this, we introduce a novel optimization approach, combining Riemannian Gradient and particle swarm Optimization (RGO) techniques. Addressing the inherent complexity of the problem, we adopt an alternating optimization strategy, breaking it down into two interconnected sub-problems. Our experimental results validate the efficiency and superiority of the proposed scheme when compared to baseline strategies.",SDG 7 - Affordable and Clean Energy,,Unmanned System Technologies,10.1007/978-981-96-9662-8_3,https://pure.kfupm.edu.sa/en/publications/808c7530-4562-4e87-a0af-619a5b04649d,KFUPM Pure (OAI-PMH)
KFUPM_71ea7c72-3f4a-4ddc-951e-ad5912b789bc,King Fahd University of Petroleum and Minerals,Quantum-Driven State-Reduction for Reliable UAV Trajectory Optimization in Low-Altitude Networks,Zeeshan Kaleem; Muhammad Afaq; Chau Yuen; Octavia A. Dobre; John M. Cioffi,2026,,"This letter introduces a graph-condensed quantum-inspired placement (GC-QAP) framework for reliability-driven trajectory optimization in uncrewed aerial vehicle (UAV)-assisted low-altitude wireless networks. The dense waypoint graph is condensed using probabilistic quantum-annealing to preserve interference-aware centroids while reducing the control state space and maintaining link-quality. The resulting problem is formulated as a priority-aware Markov decision process and solved using ϵ-greedy off-policy Q-learning, considering UAV kinematic and flight corridor constraints. Unlike complex continuous-action reinforcement learning approaches, GC-QAP achieves stable convergence and low outage with substantially and lower computational cost compared to baseline schemes.",,,IEEE Wireless Communications Letters,10.1109/lwc.2026.3696718,https://pure.kfupm.edu.sa/en/publications/71ea7c72-3f4a-4ddc-951e-ad5912b789bc,KFUPM Pure (OAI-PMH)
KFUPM_1d2b1223-693b-40c5-91d2-44c7a278e25d,King Fahd University of Petroleum and Minerals,Quantum Computing for Computational Sciences,Saleh Almutairi; Asem Alenaizan; Abduljabar Al-Sayoud; Joakim Beck; Sheikha Lardhi; Shuroog Al-Ogbi; Muhamad Felemban,2026,,"This article presents a comprehensive survey of the current frontier in quantum computing for computational sciences, evaluating the technical requirements to translate theoretical asymptotic speedups into practical utility in the areas of chemistry, biochemistry, and materials science. We review foundational algorithms, including the quantum Fourier transform, quantum phase estimation, and the quantum linear-system solver, along with variational heuristics such as variational quantum eigensolver and quantum approximate optimization algorithm. Particular emphasis is placed on near-optimal Hamiltonian simulation frameworks, specifically qubitization and quantum signal processing. Furthermore, we shed light on the current advances in quantum error correction codes, quantum hardware, and quantum software platforms. We then provide a comprehensive review of the application of quantum algorithms in four computational science domains that collectively represent the most compelling near-term targets for quantum advantage. This article aims to provide a clear and balanced perspective on the current state of the field and its future potential for advancing computational science.",,,IEEE Transactions on Quantum Engineering,10.1109/tqe.2026.3697204,https://pure.kfupm.edu.sa/en/publications/1d2b1223-693b-40c5-91d2-44c7a278e25d,KFUPM Pure (OAI-PMH)
KFUPM_9b4d838a-262d-4dd1-939c-9fddbc02bdac,King Fahd University of Petroleum and Minerals,Modeling and performance evaluation of DTN-integrated publish–subscribe middleware for UAV-assisted IoT: MQTT vs DDS,Akram Mebarkia; Basem Almadani; Farouq Aliyu,2026,,"Unmanned Aerial Vehicle (UAV)-assisted Internet of Things (IoT) data collection faces fundamental challenges arising from intermittent connectivity, constrained energy budgets, and the degradation of publish–subscribe middleware performance due to opportunistic aerial communication patterns. This study presents a simulation-based performance evaluation of integrating Delay-Tolerant Networking (DTN) routing with two publish–subscribe protocol stacks, Message Queuing Telemetry Transport (MQTT) and the Data Distribution Service/Real-Time Publish–Subscribe (DDS/RTPS), for opportunistic aerial networks. We develop a discrete-event simulator that models UAV mobility, dual-tier ZigBee/Wi-Fi communications, link capacity estimation, per-bit energy accounting, and byte-accurate protocol overhead for both middleware stacks, including reliability overheads and DDS message batching. Across more than 1200 simulation runs spanning fleet sizes, sensor densities, and coverage areas, we observe that Spray and Focus DTN routing reduces end-to-end latency by 31% relative to baseline (non-DTN) protocols. A key finding is that enabling the DDS Batching quality of service (QoS) policy achieves 32% lower energy per delivered message than MQTT S&F, due to reduced protocol overhead. Fleet scalability analysis reveals that increasing the UAV count from 4 to 12 improves delivery ratio by 106% but increases per-message energy by up to an order of magnitude, exposing a critical reliability–energy trade-off. Our analysis further reveals that, within the evaluated mobility and density configurations, the Focus phase of the DTN mechanism is rarely invoked (<3% of forwarding events), suggesting potential for protocol simplification, which is confirmed through a direct comparison with a Spray and Wait variant that achieves equivalent PDR and latency while reducing communication energy by 13%–40% across the evaluated configurations.",SDG 7 - Affordable and Clean Energy,,Computer Networks,10.1016/j.comnet.2026.112428,https://pure.kfupm.edu.sa/en/publications/9b4d838a-262d-4dd1-939c-9fddbc02bdac,KFUPM Pure (OAI-PMH)
KFUPM_1cf677c6-0f29-4bab-af1f-ca03c2b64f05,King Fahd University of Petroleum and Minerals,Comparative machine learning for accurate EEG-based epileptic seizure state classification using sub-band analysis,Esraa Omran; Amro A. Nour; Kosai Dabbour; Mahmoud Elloud; Muhamad Felemban,2026,,"Timely identification of seizure-related EEG states can support clinical assessment and motivate future monitoring tools. This study investigates a comparative machine-learning framework for EEG-based epileptic seizure state classification using sub-band analysis of the Bonn University EEG dataset. The signals are decomposed into delta, theta, alpha, beta, and gamma bands with bandpass filtering, and a set of lightweight statistical descriptors is extracted from each band. Support Vector Machines, Random Forest, XGBoost, CatBoost, Multi-Layer Perceptron, k-Nearest Neighbours, and Logistic Regression are then evaluated using multi-class ROC analysis, confusion matrices, precision, recall, F1-score, and accuracy. The results show that tree-based models, particularly XGBoost, CatBoost, and Random Forest, provide the strongest overall performance on this benchmark. The manuscript is now framed as a three-state EEG classification study rather than prospective seizure forecasting, and the discussion highlights the limited size of the Bonn dataset, the need for validation on larger datasets such as CHB-MIT and Siena Scalp EEG, and the requirements for future real-time deployment.",,,Journal of Medical Engineering and Technology,10.1080/03091902.2026.2674650,https://pure.kfupm.edu.sa/en/publications/1cf677c6-0f29-4bab-af1f-ca03c2b64f05,KFUPM Pure (OAI-PMH)
KFUPM_135271b6-81e5-422d-bbe3-69f3dc598227,King Fahd University of Petroleum and Minerals,Hydrogen-Based Sustainable Mobility: A Review of Hydrogen as an Alternative Fuel for Transportation,Siham Farrag; Mohammed F.M. Abushammala; Tarek R. Sheltami; Ram Kishore,2026,,"Greenhouse gas emissions from the transportation sector account for approximately 24% of global energy-related emissions. The urgent need to decarbonise the transportation sector has intensified the search for sustainable alternative fuels. Hydrogen is recognised as a promising fuel alternative, characterised by zero tailpipe emissions. This study provides a significant contribution through a combined transport-focused synthesis of hydrogen research that bridges engineering, environmental, economic evaluation, and policy analysis. The Preferred Reporting Items for Systematic Reviews and Meta-Analyses (PRISMA) guidelines were applied to conduct a systematic review on the use of hydrogen in transportation systems from 2010 to 2025. From an initial 1247 records identified across popular databases, including Scopus, Web of Science, IEEE Xplore, ScienceDirect, and Springer, 120 studies were included in the final qualitative synthesis of which 70 are citated. This paper covers hydrogen transition pathways, technology readiness, infrastructure, safety, and environmental performance. Moreover, it discusses both opportunities and challenges in hydrogen deployment and a regional analysis of developments in the Middle East is provided. The study demonstrated that the growing global interest in hydrogen as an alternative sustainable energy source is reflected in large-scale projects and supportive policies and regulations. Despite the identified momentum, several challenges impede the mass adoption of hydrogen including high costs of production, especially green hydrogen, and storage, refuelling, and inconsistent regulatory requirements in various jurisdictions. The findings herein might also help transportation authorities and policymakers better understand the current situation and future trends in the global use of hydrogen as a clean sustainable fuel.","SDG 7 - Affordable and Clean Energy; SDG 8 - Decent Work and Economic Growth; SDG 9 - Industry, Innovation, and Infrastructure; SDG 13 - Climate Action; SDG 17 - Partnerships for the Goals",,Arabian Journal for Science and Engineering,10.1007/s13369-026-11392-x,https://pure.kfupm.edu.sa/en/publications/135271b6-81e5-422d-bbe3-69f3dc598227,KFUPM Pure (OAI-PMH)
KFUPM_f22f4229-3403-483d-b4e1-6cd118c03d52,King Fahd University of Petroleum and Minerals,A Context-Aware Fuzzy Logic Framework for Adaptive Multi-Factor Authentication,Riad Makhoul; Abdallah Moubayed; Nouh Alhindawi,2026,,"In the face of an increasingly complex cyber threat landscape, ensuring secure access to systems and data has become paramount. Multi-factor authentication (MFA) has emerged as a widely adopted approach. Although traditional MFA mechanisms strengthen defenses compared to single-factor systems, they are often based on rigid, binary decision models that lack the flexibility to adapt to contextual nuances or user behavior. This paper proposes a fuzzy logic-based framework for enhancing MFA, aiming to improve both security and user experience by incorporating a context-aware, adaptive trust evaluation model. Our approach fuses fingerprint confidence, geolocation distance, and device familiarity into a single trust score. Experimental results show that the proposed Fuzzy-MFA achieves an FAR of 0.52±0.03% and an FRR of 3.7±0.3%, outperforming other baseline models.",,,"2026 International Conference on Smart Multidomain Integrated Learning Environments, ICSMILE 2026",10.1109/icsmile69273.2026.11519238,https://pure.kfupm.edu.sa/en/publications/f22f4229-3403-483d-b4e1-6cd118c03d52,KFUPM Pure (OAI-PMH)
KFUPM_4be74953-5d88-473e-ae68-f4280ace81d4,King Fahd University of Petroleum and Minerals,Improving the Performance of Next-Generation Vehicular Safety Messages Communication With Relay-Assisted Protocol,A. F.M.Shahen Shah; Muhammet Ali Karabulut; Haci Ilhan; Md Baharul Islam; Khaled M. Rabie; Mohammed Atiquzzaman,2026,2026-06-01,"Vehicular ad hoc networks (VANETs) are becoming popular due to autonomy and intelligent transportation systems (ITSs), and they play a key role in enabling the broader concept of the Internet of Vehicles (IoV). Moreover, VANETs will have cutting-edge improvements with the emergence of 5G and 6G technologies. Recent research has concentrated on reducing delay and increasing throughput. To improve the performance of VANETs, a novel MIMO-OFDM-based cooperative vehicular safety message communication mechanism is proposed in this work. Optimal relay selection in cooperative communication is essential in maximizing system performance. This article presents an optimal relay selection mechanism based on the signal-to-noise ratio (SNR) and vehicle velocity for VANETs. First, an SNR-based relay selection mechanism is analyzed separately, and then an optimal relay selection mechanism is suggested based on vehicle velocity. To maximize the benefits of multiple-input–multiple-output (MIMO) and orthogonal frequency-division multiplexing (OFDM), both are combined, and a novel access mechanism is suggested to accommodate MIMO with OFDM. A Markov chain-based mathematical model is derived. Nakagami-m fading channels are considered in the analysis. The performance is evaluated in terms of successful transmission probability, outage probability, throughput, and delay terms. Simulation of urban mobility (SUMO) generates a microscopic mobility model for practical application. For the sake of comparison and to highlight the performance achievable gains, comparisons with existing mechanisms are presented, which reveal significant improvement in performance. The simulation results reveal that significant improvements can be obtained with the proposed system relative to other existing schemes.",SDG 11 - Sustainable Cities and Communities,,IEEE Canadian Journal of Electrical and Computer Engineering,10.1109/icjece.2026.3654427,https://pure.kfupm.edu.sa/en/publications/4be74953-5d88-473e-ae68-f4280ace81d4,KFUPM Pure (OAI-PMH)
KFUPM_58d1a2f2-5b69-461d-85bc-21fe7567f428,King Fahd University of Petroleum and Minerals,FedGB: A Generator-Based Federated Learning Against Reconstruction Attacks,Soha Sandouka; Muhamad Felemban,2026,,"Federated learning (FL) is a decentralized machine learning paradigm in which multiple clients train models locally without sharing private data. Although FL is designed to preserve privacy, recent studies have shown that shared model updates remain vulnerable to powerful inference attacks, where adversaries intercept gradients or parameters to recover sensitive information. A prominent example is the reconstruction attack. In this paper, we propose FedGB, a generator-based FL framework that leverages Conditional Generative Adversarial Networks (CGANs) to reduce the exposure of sensitive features. Unlike classical FL and prior GAN-based approaches, FedGB shares only the generator with the server, thereby avoiding leakage through classifiers or feature extractors. FedGB improves privacy by minimizing information exchanged with the server while maintaining competitive accuracy. Extensive experiments on FMNIST, CIFAR-10, and Digit5 demonstrate that FedGB achieves competitive accuracy–privacy trade-offs. In particular, FedGB reduces the image reconstruction quality, measured by PSNR, from 19.79 to 9.31 on CIFAR-10 and from 20.17 to 6.67 on Digit5.",,,IEEE Open Journal of the Computer Society,10.1109/ojcs.2026.3700901,https://pure.kfupm.edu.sa/en/publications/58d1a2f2-5b69-461d-85bc-21fe7567f428,KFUPM Pure (OAI-PMH)
KFUPM_d342e83d-3fec-49ef-b5f5-448b121e0d50,King Fahd University of Petroleum and Minerals,STAR-RIS-Aided Secure Communications: Analytical Insights and Performance Comparison,Taissir Y. Elganimi; Mahmoud Aldababsa; Ali Arshad Nasir; Thokozani Shongwe; Khaled M. Rabie,2026,2026-08-15,"Simultaneously transmitting and reflecting reconfigurable intelligent surfaces (STAR-RISs) have emerged as a promising technology for enabling full-space signal manipulation and enhancing wireless network coverage and capacity. In this article, we present a comprehensive analytical comparison of STAR-RIS-assisted systems with single-input single-output (SISO), conventional RISs, and decode-and-forward (DF) relaying schemes, including both half-duplex (HD) and full-duplex (FD) modes. Closed-form expressions are derived for the achievable secrecy rates of STAR-RIS-aided communications under both the absence and presence of eavesdroppers. Unlike most existing works, the direct source-destination link is incorporated in all considered schemes, and optimal transmit power allocation is investigated for HD- and FD-DF relaying. Furthermore, we provide the conditions under which STAR-RIS outperforms HD- and FD-DF relaying and quantify the minimum number of STAR-RIS elements required to achieve superior rates. The impacts of key system parameters - including transmit power, number of elements, reflection and transmission amplitude coefficients, element-splitting factor, and deployment positions - on both achievable and secrecy performance are investigated. The results reveal that STAR-RIS systems can achieve superior rates and secrecy rates compared to all benchmark schemes.",,,IEEE Internet of Things Journal,10.1109/jiot.2026.3697998,https://pure.kfupm.edu.sa/en/publications/d342e83d-3fec-49ef-b5f5-448b121e0d50,KFUPM Pure (OAI-PMH)
KFUPM_e4ffd37a-c415-4f57-aa61-80c13c45cd54,King Fahd University of Petroleum and Minerals,Detecting intrusions in Internet of Energy (IoE) systems using an automated machine learning framework,Abdallah Moubayed,2026,,"The rapid growth of ICT and the increasing demand for power systems led to the development of the Internet-of-Energy (IoE), which integrates IoT devices for digital control and ICTs for data transmission, enabling real-time energy management. Distributed energy resources (DERs) and battery energy storage systems (BESS) play a crucial role in enhancing grid stability and efficiency. However, the integration of these technologies makes IoE vulnerable to cyber threats like DDoS, SQL injection, and false data injection, which can have serious consequences. Machine learning (ML) has proven effective in detecting such attacks, but traditional ML methods often require extensive manual management. To address this, automated ML (AutoML) frameworks automate the entire ML pipeline, improving efficiency. This work proposes an AutoML-based framework for intrusion detection in IoE systems, specifically targeting BESSs. The framework uses the TVAE algorithm for data balancing, tree-based models for feature selection, Bayesian Optimization for tuning, and stacking-based ensembles for optimal performance. Experimental results show that the proposed AutoML framework outperforms existing models in accuracy, precision, recall, and F1-score. It also reduces training and prediction times, demonstrating its advantages in detection accuracy and computational/inference efficiency.",,,Energy and AI,10.1016/j.egyai.2026.100804,https://pure.kfupm.edu.sa/en/publications/e4ffd37a-c415-4f57-aa61-80c13c45cd54,KFUPM Pure (OAI-PMH)
KFUPM_a1330f1f-a00b-4f23-99af-50590b4d8064,King Fahd University of Petroleum and Minerals,Social Navigation Among Workers and Robots in Dynamic Industrial Environments with Deep Reinforcement Learning,Ibrahim K. Kabir; Muhammad F. Mysorewala; Yahya I. Osais; Ali Nasir,2026,,"The growing deployment of autonomous mobile robots in factories and warehouses creates a need for navigation systems that ensure both physical safety and socially acceptable behavior when operating alongside human workers and other robots. Traditional rule-based and trajectory-predictive approaches can encode proxemic constraints but often lack adaptability in dynamic industrial environments with mixed traffic and structured layouts. This paper evaluates an attention-driven, learning-based social navigation framework that combines Deep Reinforcement Learning with Imitation Learning initialization, uses attention-based interaction encoding to prioritize relevant neighbors, and applies asymmetric social awareness that penalizes human discomfort while treating non-ego robots through collision avoidance only. Using consistent test-time metrics, we assess the trained policy across three industrially representative scenarios: open floor, fixed-layout environments with static obstacles, and a warehouse cross-intersection, and benchmark against a classical ORCA baseline under identical test conditions. The evaluation shows near-parity with ORCA in open and obstacle-rich layouts (open space: 0.97 vs 1.00 success; fixed layout: 0.82 vs 0.83 success), while improving robustness in the warehouse cross-intersection (0.26 vs 0.15 success, and reduced collision and timeout rates). The framework’s baseline training configuration achieved 89% success with 0.15% collision. Overall, the results highlight how structured industrial layouts amplify interaction difficulty, and they motivate scenario-based evaluation of socially aware navigation policies intended for deployment in smart mobility and logistics environments.",SDG 3 - Good Health and Well-being,,Transportation Research Procedia,10.1016/j.trpro.2026.04.080,https://pure.kfupm.edu.sa/en/publications/a1330f1f-a00b-4f23-99af-50590b4d8064,KFUPM Pure (OAI-PMH)
KFUPM_2fef51f0-c423-46bb-a2cc-8182114ef76c,King Fahd University of Petroleum and Minerals,Edge-Aware Digital Twin for Real-Time Driver Behavior and Route Anomaly Prediction under 5G-V2X Constraints,Ajmal Khan; Misha Urooj Khan; Ahmad Suleman; Zeeshan Kaleem,2026,2026-09-01,"Connected vehicles operating under 5G NR-V2X require reliable anomaly detection that remains robust under latency variation, packet loss, and heterogeneous sensing conditions. This article presents an edge-aware vehicle-to-everything (V2X)-integrated digital twin (DT) framework for real-time driver behavior and route anomaly (DBRA24) prediction. The proposed architecture combines temporal vehicle dynamics modeling, communication-context encoding, probabilistic calibration, and adaptive execution orchestration. The model jointly reasons over motion, contextual, and link-layer features to produce calibrated anomaly probabilities while respecting edge latency and energy constraints. The framework is evaluated on three heterogeneous datasets: DBRA24, V2X-VANET cooperative driving dataset (V2X-CDD), and vehicle telemetry for driver behavior analysis (VT-DBA). Results show that the full architecture achieves PR-AUC of 0.989 on DBRA24, 0.985 on V2X-CDD, and 0.857 on VT-DBA, with calibration error (ECE) reduced to 0.012, 0.014, and 0.008, respectively. Ablation studies confirm that temporal modeling, communication-aware calibration, and orchestration collectively improve stability under distribution shifts and link variation. The proposed DT provides a practical solution for latency-aware anomaly reasoning in 5G-V2X-enabled intelligent transportation systems.",SDG 11 - Sustainable Cities and Communities,,IEEE Internet of Things Journal,10.1109/jiot.2026.3701088,https://pure.kfupm.edu.sa/en/publications/2fef51f0-c423-46bb-a2cc-8182114ef76c,KFUPM Pure (OAI-PMH)
KFUPM_dbdbcb62-e180-4eaf-a2c8-c15437d1a5b1,King Fahd University of Petroleum and Minerals,Exploring the Potential of Renewable Energy for Sustainable Mobility: A Simulation- Based study of Hydrogen Vehicle Penetration in Oman’s Road Network,Siham Farrag; Tarek R. Sheltami; Fatma Outay; Ansar Ul Haque Yasar,2026,,"Hydrogen fuel is gaining attention as a promising zero-emission energy source, aligning with global sustainability goals and supporting the transition to zero carbon emissions. This study examines the potential of using hydrogen as an alternative fuel for sustainable mobility in Muscat, Oman. We developed an integrated modelling framework that combines microscopic traffic simulation, energy demand modeling, refueling infrastructure station’ estimation, and well-to-wheel (WTW) emissions evaluation. A microscopic simulation software (SUMO) was applied to evaluate the penetration rate of hydrogen-powered vehicles (0%, 20%, 40%, 60%) with different hydrogen production pathways. Results indicate that with a 60% penetration of green hydrogen, total greenhouse gas (GHE) emissions can be reduced by nearly 95%. Blue hydrogen achieved intermediate benefits by about 60% reduction, whereas grey hydrogen increased total emissions due to fossil- based feedstock. Moreover, cumulative hydrogen consumption increases nonlinearly with the hydrogen vehicle penetration level. The required number of refuelling stations increases exponentially due to quantity and temporal demand. These findings provide decision-makers with quantitative perception into hydrogen adoption, infrastructure requirements, and emissions mitigation pathways.","SDG 7 - Affordable and Clean Energy; SDG 9 - Industry, Innovation, and Infrastructure; SDG 11 - Sustainable Cities and Communities; SDG 12 - Responsible Consumption and Production; SDG 13 - Climate Action; SDG 17 - Partnerships for the Goals",,Transportation Research Procedia,10.1016/j.trpro.2026.03.018,https://pure.kfupm.edu.sa/en/publications/dbdbcb62-e180-4eaf-a2c8-c15437d1a5b1,KFUPM Pure (OAI-PMH)
KFUPM_22ae380a-cde7-41a7-a502-23cf2c99816e,King Fahd University of Petroleum and Minerals,Reinforcement Learning for Adaptive Traffic Signal Control: An Overview,Aminu Yusuf; Tarek R. Sheltami; Ashraf Mahmoud,2026,,"Traffic signal control is central to urban mobility because it directly influences congestion, travel time, and emissions. Traditional methods, including fixed-time signal scheduling and actuated control strategies, can handle normal conditions but often fail when traffic changes suddenly. Reinforcement learning (RL) has gained attention as a data-driven approach which adapts policies by interacting with traffic environments. Recent studies have investigated both single-agent and multi-agent formulations, encompassing value-based, policy-based, and actor–critic learning paradigms. This paper reviews how RL has been adopted for traffic signal control, grouping the core approaches and highlighting their evaluation practices. The review shows that most studies still focus on efficiency measures such as delay and queue length, with safety and environmental factors less frequently addressed. Nearly all evaluations are done in simulation, with SUMO and CityFlow as the dominant platforms. Key challenges remain in handling multiple objectives, scaling to large networks, and addressing the challenge of transferring simulation-based results to real-world deployment. By outlining current methods, their strengths and weaknesses, and the gaps that persist, this review points to the directions needed for RL to move from research to practice.",SDG 11 - Sustainable Cities and Communities,,Transportation Research Procedia,10.1016/j.trpro.2026.03.020,https://pure.kfupm.edu.sa/en/publications/22ae380a-cde7-41a7-a502-23cf2c99816e,KFUPM Pure (OAI-PMH)
KFUPM_0f70c2cd-3b3e-4deb-ad75-322a04110c91,King Fahd University of Petroleum and Minerals,Extended Reality Interaction Modalities for Cognitive Human–Machine Teaming in Smart Mobility and Logistics,Md Asif Mahmod Tusher Siddique; Sakibul Islam; Mahbub Murshid; Nusrath Jahan Happy; Ashraf Sharif Mahmoud; Tarek Rahil Sheltami,2026,,"Extended Reality (XR) technologies, encompassing Virtual Reality (VR), Augmented Reality (AR), and Mixed Reality (MR), are reshaping human interaction with intelligent systems in mobility, logistics, and industry. However, current research lacks a unified framework for transferring interaction mechanics from mature domains to emerging smart mobility ecosystems. This study presents an overview of XR interaction modalities. Using a PRISMA-motivated technique, we analyze data from 34 research studies to standardize the mapping of vision-based overlays, gesture tracking, and haptic feedback to specific cognitive teaming requirements. We provide a Cognitive Mobility Interface framework that addresses significant usability and scalability challenges while accounting for domain-specific transferability in order to satisfy the required standards. The findings provide a strong foundation for developing context-aware interfaces to strengthen trust in human-autonomous machines collaboration and decision confidence.",,,Transportation Research Procedia,10.1016/j.trpro.2026.04.084,https://pure.kfupm.edu.sa/en/publications/0f70c2cd-3b3e-4deb-ad75-322a04110c91,KFUPM Pure (OAI-PMH)
KFUPM_5af59a94-630e-4eb7-a144-6a831732e4e2,King Fahd University of Petroleum and Minerals,Preface,Sami Elferik; Tarek Sheltami; Ashraf Mahmoud,2026,,,,,Transportation Research Procedia,10.1016/j.trpro.2026.03.001,https://pure.kfupm.edu.sa/en/publications/5af59a94-630e-4eb7-a144-6a831732e4e2,KFUPM Pure (OAI-PMH)
KFUPM_929f0b98-110f-4ca0-a65b-f23566e8e472,King Fahd University of Petroleum and Minerals,Edge-Enabled Detection for Adaptive Traffic Signal Control: A Comparative Study of YOLO-Based Models in Intelligent Transportation Networks,Abrar S. Alhazmi; Abdelbaset Hamza; Abdallah Moubayed,2026,,"Traffic congestion remains a major challenge in urban environments, requiring intelligent systems that can adapt to real-time conditions. Object detection is central to these systems, providing the vehicle and infrastructure data needed for effective traffic management. This paper compares five YOLO (You Only Look Once) models (v5, v8, v10, v11, v12) on real-world traffic video, evaluating inference time, detection accuracy, confidence scores, and memory usage. Results show clear trade-offs: YOLOv5 offers the fastest inference but with higher error rates, YOLOv8 maximizes sensitivity at the cost of more false positives, YOLOv10 delivers the strongest precision with fewest wrong guesses, and YOLOv11/12 provide stable predictions but slower speeds. These findings highlight that no single version dominates; instead, model selection should be guided by deployment needs, balancing speed, accuracy, and resource constraints in real-time traffic management.",SDG 11 - Sustainable Cities and Communities,,Transportation Research Procedia,10.1016/j.trpro.2026.03.008,https://pure.kfupm.edu.sa/en/publications/929f0b98-110f-4ca0-a65b-f23566e8e472,KFUPM Pure (OAI-PMH)
KFUPM_711edc3c-e17d-45e1-919c-1450d57a7e04,King Fahd University of Petroleum and Minerals,A Hierarchical Federated Learning Framework for Adaptive UAV Security in Smart Cities,MD Sakibul Islam; Md Moazzem Hossain; Ashraf Sharif Mahmoud; Tarek Rahil Sheltami,2026,,"Smart city mobility increasingly depends on fleets of autonomous and remotely piloted vehicles that support logistics, delivery, and emergency response. Their continuous connectivity through wireless control and sensing expands the attack surface and exposes every node to diverse, rapidly evolving cyber threats. A static detection model cannot remain effective across such heterogeneous and dynamic environments. At the same time, most aerial or ground vehicles operate under strict energy and computation limits, which prevent the use of heavy deep neural networks (DNNs). Intelligent decision-making is also required to coordinate local learning and global updates efficiently. To address these challenges, we design a hierarchical intrusion detection framework that performs federated training at a ground control station (GCS) using lightweight models and non-IID client updates, while UAVs participate as distributed learners without sharing raw traffic data. Each client trains a compact encoder with a scaled cosine classifier head using a hybrid objective that combines supervised learning with an episodic few-shot prototypical regularizer. A deep Q-network (DQN) controller on the ground decides whether to execute or skip a federated round to reduce unnecessary communication and computation once performance stabilizes. This architecture allows rapid local adaptation and global resilience without overloading airborne resources. Experiments on the UAVIDS-2025 dataset show that the proposed hybrid federated learner achieves about 98.5 % detection accuracy in the no-attack setting and about 94 % under byzantine conditions when defenses are enabled, while the DQN-based scheduler can skip selected rounds without changing the underlying training pipeline. These results demonstrate a practical path toward resource-aware federated intrusion detection for smart-city UAV operations.",SDG 11 - Sustainable Cities and Communities,,Transportation Research Procedia,10.1016/j.trpro.2026.04.074,https://pure.kfupm.edu.sa/en/publications/711edc3c-e17d-45e1-919c-1450d57a7e04,KFUPM Pure (OAI-PMH)
KFUPM_0709249e-7e22-4061-bc7d-ce80bb3e2b8f,King Fahd University of Petroleum and Minerals,From Detection to Policy: Calibrated and Explainable Closed-Loop DDoS Management in 5G/B5G Networks,Shihab Hasan; Tarek R. Sheltami; Ashraf S. Mahmoud,2026,,"Closed-loop Distributed Denial-of-Service (DDoS) mitigation in Fifth Generation (5G) networks must balance attack blocking with operational safety by minimizing collateral damage to benign users. Network operators using the Network Data Analytics Function (NWDAF) face a dilemma: existing Machine Learning (ML)-based security solutions provide binary classifications but lack a mechanism to translate model outputs into quantifiable, proportional, and automated mitigation actions. This paper proposes a two-stage management framework that maps network analytics to graduated mitigation decisions using a risk-calibrated decision gate and severity-based policy thresholds. First, Isotonic Regression calibrates model outputs and triggers mitigation only for high-confidence detections, reducing falsepositive harm. Second, for admitted threats, the Dynamic Mitigation Severity Score (DMSS) quantifies severity by aggregating normalized Shapley Additive exPlanations (SHAP) contributions of key 5G features. Thresholds optimized to minimize benign terminations select one of three actions: Terminate, Throttle, or Monitor. Experiments on a public 5G DDoS testbed show that, unlike deep learning baselines prone to severe collateral damage, the framework maintains high threat coverage while nearly eliminating benign terminations. Calibration further reduces Expected Calibration Error (ECE) and improves probability reliability. The DMSS ranks volumetric floods as the most severe attacks, and sensitivity analysis shows stable policy thresholds across operating points. The resulting 3rd Generation Partnership Project (3GPP)-aligned framework supports closed-loop mitigation and explicit control of the trade-off between security coverage and operational safety in 5G/Beyond 5G (B5G) networks.",,,IEEE Transactions on Network and Service Management,10.1109/tnsm.2026.3701638,https://pure.kfupm.edu.sa/en/publications/0709249e-7e22-4061-bc7d-ce80bb3e2b8f,KFUPM Pure (OAI-PMH)
KFUPM_a7575915-dd14-41ee-8e37-08aa06d94e56,King Fahd University of Petroleum and Minerals,Adaptive Deep Reinforcement Learning for Resilient Cybersecurity in Smart-Logistics V2X Networks,Sakibul Islam; F. M. Jahiduzzaman; Siyamul Islam; Siddiquir Rahman Tanveer; Ashraf Sharif Mahmoud; Tarek Rahil Sheltami,2026,,"Smart-city logistics increasingly depend on autonomous vehicles, unmanned aerial vehicles (UAVs), and roadside infrastructure that exchange safety beacons, sensor data, and control messages over vehicle-to-everything (V2X) links. These communications must satisfy strict latency and reliability constraints while remaining robust against evolving network behaviour and adaptive cyber-attacks. Conventional intrusion-detection or rule-based security mechanisms often degrade under concept drift and require frequent retraining. This paper proposes a lightweight, resource-aware cybersecurity framework for resilient logistics communication. A supervised CNN–BiLSTM encoder is trained offline on labeled traffic to learn temporal–spatial flow representations and then frozen to provide a stable 128-dimensional embedding space. On top of these embeddings, a contextual-bandit Deep Q-Network (DQN) acts as an adaptive policy head that classifies traffic efficiently using a cost-aware reward function. Warm-start imitation from the encoder’s soft outputs and an annealed auxiliary loss enable fast, stable convergence. Experiments on the UAVIDS-2025 dataset achieve a test accuracy of 99.14 %, precision of 99.33 %, recall of 99.58 %, and an AUC of 0.999. These results confirm that the proposed hybrid CNN–BiLSTM + DQN model delivers intelligent, resilient, and adaptive protection for secure autonomous-logistics communication in smart-city environments.",SDG 11 - Sustainable Cities and Communities,,Transportation Research Procedia,10.1016/j.trpro.2026.04.082,https://pure.kfupm.edu.sa/en/publications/a7575915-dd14-41ee-8e37-08aa06d94e56,KFUPM Pure (OAI-PMH)
KFUPM_8ab80ec6-47a7-41be-808d-fd42b440d6bf,King Fahd University of Petroleum and Minerals,Pothole detection and characterization: integrated segmentation and depth estimation in road anomaly systems,Uthman Baroudi; Alala Bahamid; Yasser Elalfy; Ziad Al Alami,2026,,"Road anomaly detection plays a crucial role in road maintenance and in enhancing the safety of both drivers and vehicles. Recent machine learning approaches for road anomaly detection have overcome the tedious and time-consuming process of manual analysis and anomaly counting; however, they often fall short in providing a complete characterization of road potholes. In this paper, we leverage transfer learning by adopting a pre-trained YOLOv8-seg model for the automatic characterization of potholes using digital images captured from a dashboard-mounted camera. Our work includes the creation of a novel dataset, comprising both images and their corresponding depth maps, collected from diverse road environments in Al-Khobar city and the KFUPM campus in Saudi Arabia. Our approach performs pothole detection and segmentation to precisely localize potholes and calculate their area. Subsequently, the segmented image is merged with its depth map to extract detailed depth information about the potholes. This integration of segmentation and depth data offers a more comprehensive characterization compared to previous deep learning-based road anomaly detection systems. Overall, this method not only has the potential to significantly enhance autonomous vehicle navigation by improving the detection and characterization of road hazards but also assists road maintenance authorities in responding more effectively to road damage.",,,Neural Computing and Applications,10.1007/s00521-026-12286-7,https://pure.kfupm.edu.sa/en/publications/8ab80ec6-47a7-41be-808d-fd42b440d6bf,KFUPM Pure (OAI-PMH)
KFUPM_eb7f665d-e13d-44f4-a931-a3dc471eb74e,King Fahd University of Petroleum and Minerals,Real-Time Route Recommendation Framework for Congested Urban Networks,Gamil Ahmed; Tarek Sheltami; Ashraf Mahmoud; Mustafa Ghaleb,2026,,"Efficient route guidance in congested cities requires optimizing travel time, because signal timing, localized bottlenecks, and time-varying congestion can make longer routes faster than the shortest path. This paper presents a real-time route recommendation framework for Thessaloniki that integrates road network topology with spatiotemporal traffic speeds to support both shortest-distance and fastest-time routing. The framework preprocesses urban road data to construct distance- and time-weighted graphs, enabling dynamic route selection under peak and off-peak conditions. Using real-world mobility and traffic datasets, the proposed approach consistently recommends congestion-aware routes that can be physically longer yet significantly faster during heavy traffic. Experimental results across multiple scenarios demonstrate travel-time reductions of up to 88% during peak periods, while maintaining route optimality with respect to the selected objective. A comparative evaluation of A∗and Dijkstra's algorithm shows that A∗achieves lower execution times, making it more suitable for real-time navigation in dense urban networks.",SDG 11 - Sustainable Cities and Communities,,Procedia Computer Science,10.1016/j.procs.2026.04.092,https://pure.kfupm.edu.sa/en/publications/eb7f665d-e13d-44f4-a931-a3dc471eb74e,KFUPM Pure (OAI-PMH)
KFUPM_269ca44c-e033-4ef2-8bcc-fb666f77ab42,King Fahd University of Petroleum and Minerals,Interpretable and robust intrusion detection: A hybrid CBAM-CNN model with XAI techniques,Saheed A. Bello; Farid Binbeshr; Khalid Ibrahimi; M. Waleed Shinwari; Muhammad Imam; Ashraf Mahmoud,2026,,"This paper presents an interpretable and robust intrusion detection system that integrates a lightweight Convolutional Block Attention Module (CBAM) within a 1D Convolutional Neural Network (CNN) and employs explainable AI (XAI) techniques for post-hoc interpretation. The model enhances feature discrimination through channel and spatial attention with limited computational overhead. Evaluated on CIC-IDS 2017 and CIC-IoT 2023, it achieves 99% and 85% detection rate (recall), respectively. The findings suggest a practical trade-off between interpretability, detection performance, and efficiency across conventional and IoT network environments. To explain the predictions, SHAP and LIME are applied to produce global and local attributions, and SHAP-based descriptive accuracy and sparsity metrics quantify explanation quality. Overall, the approach combines strong detection performance with actionable explanations, supporting transparent intrusion detection in ever-evolving cyber environments.",,,Computers and Electrical Engineering,10.1016/j.compeleceng.2026.111348,https://pure.kfupm.edu.sa/en/publications/269ca44c-e033-4ef2-8bcc-fb666f77ab42,KFUPM Pure (OAI-PMH)
KFUPM_806cfb5f-594c-4a4a-b056-28ae3b898fde,King Fahd University of Petroleum and Minerals,Void Effects on Plane Wave Propagation in a Nonlocal Microstretch Thermoelastic Medium with Initial Stress and Magnetic Field under Three Phase Lag Theory,Ambreen A. Khan; Noor R. Zoha; Ellahi; Sadiq M. Sait,2026,,"In this paper, the reflection of plane waves at a free surface of a nonlocal microstretch thermoelastic medium is investigated within the framework of the three-phase-lag (TPL) heat conduction theory. The model incorporates the combined effects of nonlocal elasticity, voids, magnetic field, and initial stress. The governing equations are formulated and solved to obtain analytical expressions for the amplitude ratios and energy ratios of reflected longitudinal and coupled transverse waves propagating with distinct phase velocities. Numerical computations are performed to examine the graphical influence of key physical parameters on wave characteristics. The results indicate that the void parameter generally reduces the amplitude ratios, whereas the nonlocal parameter significantly influences transverse wave components. The magnetic field predominantly affects longitudinal wave reflection, while initial stress produces contrasting variations in amplitude ratios. It is further observed that transverse wave amplitudes vanish at limiting angles of incidence, and the primary longitudinal wave remains dominant. Energy analysis confirms that the sum of energy ratios is unity for all angles of incidence, ensuring conservation of energy. The present study provides useful insights into wave propagation phenomena in complex thermoelastic materials with microstructural effects and external fields.",,,Journal of Computational Applied Mechanics,10.22059/jcamech.2026.412854.1806,https://pure.kfupm.edu.sa/en/publications/806cfb5f-594c-4a4a-b056-28ae3b898fde,KFUPM Pure (OAI-PMH)
KFUPM_b9265308-a017-4724-9d2a-322145da4e94,King Fahd University of Petroleum and Minerals,Fault Injection and Tolerance Techniques for Deep Learning Models Deployed on SRAM-Based FPGAs,Mehmoona Gul; Laiq Hasan; Ali Zahir; Anees Ullah,2026,2026-01-01,"As the complexity of deep learning models (DLMs) increases, particu-larly Large Language Models (LLMs), high-performance accelerators are required to improve computational efficiency. SRAM-based Field Programmable Gate Arrays (FPGAs) are the most common choice due to their adaptability, parallelism, and high performance per watt. However, their vulnerability to radiation-induced faults raises reliability issues, particularly in safety-critical applications such as aerospace, healthcare, and autonomous systems. Reliable operation in such environments neces-sitates the resilience of FPGA-accelerated DLMs to these faults. This chapter explores various fault injection (FI) techniques for evaluating the reliability of FPGA-based DLMs, as well as offering insights into advanced fault-tolerance (FT) tech-niques to improve the reliability and efficiency of deep learning applications based on FPGA.",,,Machine Learning Systems,10.1007/978-3-032-17948-7_3,https://pure.kfupm.edu.sa/en/publications/b9265308-a017-4724-9d2a-322145da4e94,KFUPM Pure (OAI-PMH)
KFUPM_cf7055d2-e4dc-4ccc-b21c-0ffa2dbd58b3,King Fahd University of Petroleum and Minerals,Flow Augmentation and Knowledge Distillation for Lightweight Face Presentation Attack Detection,Muhammad Shahid Jabbar; Muhammad Sohail Ibrahim; Taha Hasan Masood Siddique; Kejie Huang; Shujaat Khan,2026,,"Face presentation attack detection (FacePAD) remains challenging under diverse spoofing representation, including 2D print and replay, 3D mask-based spoofing, makeupinduced appearance manipulation, and physical occlusions, as well as under varying capture conditions. Motion cues are highly discriminative for FacePAD but typically require explicit optical flow estimation, which introduces substantial computational overhead and limits real-time deployment. In this work, we leverage optical flow to enhance motion representation during training while eliminating the need for flow computation at inference. We propose a dual-branch teacher model that fuses appearance cues from RGB frames with motion cues derived from colorwheel-encoded optical flow, enabling effective modeling of micro-motions and temporal consistency. To enable efficient deployment, we introduce a knowledge distillation framework that transfers motion-aware knowledge from the flow-augmented teacher to a lightweight RGB-only student via logit distillation. As a result, the student implicitly learns motion-sensitive representations without requiring explicit flow estimation or additional feature extraction blocks at inference. Extensive experiments demonstrate strong performance across multiple benchmarks, achieving 0.0% HTER on Replay-Attack and Replay-Mobile, 0.94 % HTER on ROSE-Youtu, 5.65% HTER on SiW-Mv2, and 0.42% ACER on OULU-NPU. The distilled student achieves performance comparable to or better than the teacher while significantly reducing parameters and FLOPs, achieving 52 FPS on an NVIDI®Jetson Orin Nano, indicating its suitability for real-time and resource-constrained FacePAD deployment.",,,FG 2026 - 20th IEEE International Conference on Automatic Face and Gesture Recognition,10.1109/fg67764.2026.11557065,https://pure.kfupm.edu.sa/en/publications/cf7055d2-e4dc-4ccc-b21c-0ffa2dbd58b3,KFUPM Pure (OAI-PMH)
KFUPM_8163e90f-ca40-4888-9a20-ed27d7e66a76,King Fahd University of Petroleum and Minerals,Hierarchical Multi-Objective EV Charging Placement with Discrete-Event Simulation,Ajmal Khan; Ahmad Suleman; Muhammed Bait-Suwailem; Abdul Jabbar Siddiqui; Shujaat Khan; Zeeshan Kaleem,2026,,"Planning public electric vehicle charging station (EVCS) infrastructure requires more than coverage-based placement. In practice, effective deployment must jointly account for spatial reach, accessibility, congestion, queuing, and charging feasibility under uncertain demand. However, existing methods either optimize these objectives in isolation or incur high computational cost when operational realism is introduced. We address this challenge through a simulation-oriented benchmarking platform and the proposed multi-objective Hierarchical Charging Operations and Placement (HCOP) optimization framework. The platform models the charging ecosystem end-to-end, including road-network structure, stochastic origin–destination demand, vehicle energy constraints, station service dynamics, user choice behavior, and discrete-event simulation of queuing processes. Building on this environment, HCOP integrates coverage seeding, access-time refinement, and failure-aware screening into a unified, interpretable decision pipeline. The central contribution is an integrated optimization–simulation framework in which candidate placements are evaluated using system-level performance measures rather than static spatial proxies. Experiments across diverse network topologies, planning budgets, and demand-stress regimes show that HCOP achieves improved balance across coverage, access time, waiting time, detour, failure rate, and utilization compared to representative baselines, while maintaining favorable computational scaling. These results demonstrate that HCOP provides a scalable, operationally grounded approach to EVCS planning under uncertainty.",SDG 7 - Affordable and Clean Energy; SDG 11 - Sustainable Cities and Communities,,IEEE Open Journal of Vehicular Technology,10.1109/ojvt.2026.3703811,https://pure.kfupm.edu.sa/en/publications/8163e90f-ca40-4888-9a20-ed27d7e66a76,KFUPM Pure (OAI-PMH)
KFUPM_915246d2-af7e-4a37-83a6-2c638dedf484,King Fahd University of Petroleum and Minerals,Traffic-Predictive Drone Scheduling: Day-Ahead Synchronization of Mobile Depots and Parallel Aerial Sorties in Urban Airspace,Shihab Hasan; Tarek Sheltami; Ashraf Mahmoud,2026,,"Urban Unmanned Aerial Vehicle (UAV) logistics operations are frequently constrained by the intersection of limited battery endurance and dynamic ground traffic. When mobile depots are delayed by congestion, onboard drone fleets experience extended idling periods, leading to constrained sortie generation and reduced asset utilization. To address this bottleneck, this paper introduces a traffic-predictive multi-UAV dispatch framework for deterministic day-ahead planning under modeled urban operating conditions. By coupling a count-derived macroscopic speed surrogate learned using XGBoost with a Particle Swarm Optimization (PSO)–Mixed-Integer Linear Programming (MILP) optimization architecture, the framework synchronizes mobile depot trajectories with forecasted low-congestion windows and pre-allocates endurance-feasible parallel aerial sorties. Controlled computational experiments across 30 synthetic routing instances demonstrate the potential value of this approach within the stated modeling assumptions. Compared to baseline clustered deployments, the traffic-aware framework raises mean fleet utilization from 0.43 to 0.63—a 46.2% relative improvement driven by temporal compression of the mission window rather than an absolute increase in flight hours. Furthermore, the proposed framework reduces total mission completion time by 69.87% relative to the conventional truck-only baseline, while achieving a 29.58% incremental gain over static speed drone deployments. These findings suggest that incorporating predictive ground traffic information into day-ahead UAV scheduling can improve modeled fleet efficiency; however, field validation with measured route-level speeds, real delivery demand, and operational constraints remains necessary before deployment-level claims can be made.",SDG 11 - Sustainable Cities and Communities,,Drones,10.3390/drones10060461,https://pure.kfupm.edu.sa/en/publications/915246d2-af7e-4a37-83a6-2c638dedf484,KFUPM Pure (OAI-PMH)
KFUPM_a6e9d6fd-1cec-49d4-854c-83b42f3da69b,King Fahd University of Petroleum and Minerals,Deep Reinforcement Learning-Based Joint Optimization for UAV-Mounted STAR-RIS Networks with Energy Harvesting,Anas Hussin; Mahmoud M. Salim; Khaled M. Rabie; Ali H. Muqaibel,2026,,"Reconfigurable intelligent surfaces (RIS) are increasingly recognized as an enabling component of sixthgeneration (6 G) wireless systems, as they allow controllable modification of the propagation environment to improve both sum-rate and energy efficiency. This work investigates a UAVmounted simultaneous transmitting and reflecting RIS (STARRIS) network, where an energy-harvesting-enabled aerial platform functions as a reconfigurable relay to support users located on both the reflection and transmission sides. A joint nonconvex optimization problem is formulated to optimize the UAV trajectory, base station beamforming, STAR-RIS reflection and transmission coefficients, and the energy harvesting powersplitting ratio. The objective is to maximize a weighted sum of energy efficiency and harvested energy while satisfying users' quality-of-service (QoS) requirements under practical mobility and transmit power constraints. To address this challenging control problem, deterministic policy-gradient-based deep reinforcement learning algorithms, namely deep deterministic policy gradient (DDPG) and twin delayed DDPG (TD3), are employed within a continuous-control environment that incorporates realistic Rician fading channels. Simulation results demonstrate that TD3 achieves more stable convergence behavior and superior energy efficiency compared to the baseline DDPG approach while effectively optimizing the weighted objective of energy efficiency and harvested energy.",SDG 7 - Affordable and Clean Energy,,"2026 IEEE Wireless Communications and Networking Conference Workshops, WCNCW 2026",10.1109/wcncw67598.2026.11555150,https://pure.kfupm.edu.sa/en/publications/a6e9d6fd-1cec-49d4-854c-83b42f3da69b,KFUPM Pure (OAI-PMH)
KFUPM_829aae9c-fcb9-4fc4-bd67-5a53d54aa5de,King Fahd University of Petroleum and Minerals,Explainable transformer with optimized attention for industrial oilseed groundnut leaf stress recognition,Md Najmul Mowla; Gökay Dişken; Davood Asadi; Khaled M. Rabie; Thokozani Shongwe,2026,,"Groundnut (Arachis hypogaea L.) is a crucial industrial oilseed for oil-based value chains. Foliar diseases and nutrient stress reduce pod yield, weaken plant growth, and make harvested seed lots less uniform. These effects can hinder oil supply and processing stability. In many fields, diagnosis still relies on visual inspection, which is slow, labor-intensive, subjective, and difficult to scale across large farms. To address these limitations, this study proposes ResmECAMViTNet, a lightweight deep learning model that integrates residual convolutional neural networks (CNNs), a modified efficient channel attention (mECA) module, and a mobile vision transformer (MViT). The proposed model was trained on two publicly available groundnut leaf stress datasets: Groundnut Plant Leaf Images (Dataset 1) and the Groundnut Leaf Dataset (Dataset 2), each containing 10,361 and 1720 images, respectively. The model accurately classifies six stress categories in Dataset 1 and five stress categories in Dataset 2. ResmECAMViTNet achieved 99.50% accuracy, 99.50% F1-score, and 0.999 specificity on Dataset 1, while on Dataset 2 it achieved 99.42% accuracy, 99.61% F1-score, and 0.998 specificity. Compared to the baseline ECA module, the proposed mECA improves F1-score and accuracy by 6.03% and 6.5%, respectively. With only 2.06 million parameters and a 7.86 MB memory footprint, the model outperforms five classical machine learning models, seven deep CNNs, five attention-based variants, and five transformer-based architectures. Ablation studies confirm the efficacy of mECA in enriching spatial and channel-wise feature representation. Integrated XAI methods (Grad-CAM, LIME) further elucidate model decisions. ResmECAMViTNet offers an accurate, efficient, and interpretable solution for real-time deployment on resource-constrained devices, including UAVs and smartphones. It enables early field-level stress monitoring for targeted crop management. This can help protect pod and seed biomass production, reduce oilseed feedstock variability, and support more predictable downstream oil processing and bio-based product development.",,,Industrial Crops and Products,10.1016/j.indcrop.2026.123828,https://pure.kfupm.edu.sa/en/publications/829aae9c-fcb9-4fc4-bd67-5a53d54aa5de,KFUPM Pure (OAI-PMH)
KFUPM_6a157e7e-7e6a-4f99-bd67-65273c13709e,King Fahd University of Petroleum and Minerals,Numerical investigation of electroosmotic-driven cilia-induced peristaltic flow of non-Newtonian Johnson–Segalman nanofluids with gyrotactic microorganisms,R. Ellahi; Junaid Mehboob; Sadiq M. Sait; Noreen Sher Akbar,2026,2026-06-09,"Purpose – This study aims to develop a comprehensive model for electroosmotically driven peristaltic transport of a non-Newtonian Johnson–Segalman fluid in a vertically oriented, ciliated microchannel with symmetric geometry. This study seeks to examine the combined influence of nanoparticle dispersion, shear-responsive microorganism motility and electroosmotic forces on fluid transport behavior relevant to advanced microfluidic systems. Design/methodology/approach – A mathematical model is formulated incorporating key physical parameters, including thermophoresis, Brownian motion, electric conductivity, Helmholtz–Smoluchowski velocity, viscosity, relaxation time and thermal conductivity. The governing coupled nonlinear differential equations are solved numerically using the finite element method under appropriate boundary conditions to analyze flow characteristics, particle distribution and microorganism dynamics. Findings – The results of this study reveal that stronger electroosmotic effects significantly enhance volumetric flow rates. Increased ciliary activity and higher nanoparticle concentrations reduce flow trapping and improve particle dispersion uniformity. Additionally, channel symmetry plays a crucial role in shaping streamline patterns and enhancing microorganism transport efficiency. Originality/value – This study proposes a previously unexplored coupling of electroosmotic peristaltic cilia flow with non-Newtonian Johnson–Segalman fluid, incorporating nanoparticles and motile microorganisms in a symmetric configuration.",,,International Journal of Numerical Methods for Heat and Fluid Flow,10.1108/hff-03-2026-0420,https://pure.kfupm.edu.sa/en/publications/6a157e7e-7e6a-4f99-bd67-65273c13709e,KFUPM Pure (OAI-PMH)
KFUPM_47f8298e-f8b6-4455-987f-58129ec44b24,King Fahd University of Petroleum and Minerals,DRL-Based Secrecy Rate Maximization for UAV-STAR-RIS Empowered 6G IoT Networks,Yaser Almasri; Khaled M. Rabie; Mahmoud M. Salim; Abdelhamid Salem,2026,,"The evolution toward Internet of Things (IoT)-enabled sixth-generation (6G) wireless networks is expected to support massive connectivity, ultra-low latency, enhanced reliability, and ubiquitous coverage for future smart environments. This work proposes a secure downlink architecture that integrates an unmanned aerial vehicle (UAV)-mounted simultaneously transmitting and reflecting reconfigurable intelligent surface (STAR-RIS) system with non-orthogonal multiple access (NOMA). The design serves IoT nodes in both the reflection and transmission regions in the presence of illegitimate nodes. By dynamically adapting the wireless environment, the proposed system enhances physical-layer security and limits information leakage to potential eavesdroppers in either region. To enable autonomous and adaptive operation, we jointly optimize the STAR-RIS configuration and UAV positioning to maximize the sum secrecy rate of IoT nodes under practical deployment constraints. To solve this problem, we adapt several deep reinforcement learning (DRL) algorithms such as deep deterministic policy gradient (DDPG), twin delayed deep deterministic policy gradient (TD3), and softmax deep deterministic policy gradient (SD3). For comparison, the performance of these algorithms is evaluated against the exhaustive-search baseline. The results demonstrate the value of learning-driven aerial STAR-RIS control for secure, reliable, and resilient IoT-enabled 6G connectivity.",,,IEEE Internet of Things Magazine,10.1109/miot.2026.3702615,https://pure.kfupm.edu.sa/en/publications/47f8298e-f8b6-4455-987f-58129ec44b24,KFUPM Pure (OAI-PMH)
KFUPM_1b40a9e4-3f21-436e-b9c2-f5d18279a3ca,King Fahd University of Petroleum and Minerals,SSL-FSL Framework for Detecting Unseen IoT Attacks under Limited Labeled Data,Amer A. Abualhassan; Louai Al-Awami; Mosab Hamdan,2026,,"Traditional intrusion detection system solutions and modern machine learning (ML) and deep learning (DL)-based approaches depend on large labeled datasets, which makes them less effective in detecting rare attacks in Internet of Things (IoT) networks. This paper addresses these limitations by proposing a self-supervised few-shot learning (SSL-FSL) intrusion detection framework that enables data-efficient learning and adaptive recognition of unseen attack types using only a small number of labeled samples. The model will be trained and tested on the Edge-IIoTset dataset as well as on unseen attack categories from the CICIoT2023 dataset. The traffic data will be represented as images to allow the model to learn spatial feature patterns rather than relying on class-specific characteristics. This representation, combined with self-supervised pre-training and prototype-based few-shot adaptation, enables the extraction of robust and transferable embeddings that capture intrinsic relationships within the data. Experimental results demonstrate that the proposed SSL-FSL framework achieves strong unseen attack detection performance and achieves an accuracy of 69.76% on the CICIoT2023 dataset without any fine-tuning, highlighting its ability to generalize to novel attack types. Overall, the proposed framework provides a practical, data-efficient, and generalizable solution for adaptive intrusion detection in heterogeneous IoT environments.",,,"2026 IFIP Networking Conference, IFIP Networking 2026",10.23919/ifipnetworking70592.2026.11578975,https://pure.kfupm.edu.sa/en/publications/1b40a9e4-3f21-436e-b9c2-f5d18279a3ca,KFUPM Pure (OAI-PMH)
KFUPM_28a28722-15a1-4e1e-a1b6-77bd080fc700,King Fahd University of Petroleum and Minerals,Attention-Based Spatio-Temporal Feature Fusion for Efficient RGB Face Presentation Attack Detection,Tazeen Khan; M. Shahid Jabbar; M. Sohail Ibrahim; Aiman Helmi El-Maleh; Shujaat Khan,2026,,"Face Presentation Attack Detection (FacePAD) is a critical safeguard for modern face recognition systems, particularly in mobile and embedded environments where hardware and computational resources are constrained. Although RGB-based deep learning approaches have achieved strong performance, many existing methods rely on frame-wise processing or uniform temporal aggregation, limiting their ability to effectively exploit motion dynamics present in video sequences. This paper proposes an attention-based spatio-temporal FacePAD framework that adaptively aggregates frame-level deep features using an attention mechanism inspired by Bahdanau temporal attention. A convolutional backbone extracts spatial embeddings from sampled video frames, which are then fused through learnable attention weights to emphasize informative temporal cues while suppressing less discriminative frames. The resulting video-level representation is passed to a compact classifier for final bonafide/spoof classification. By avoiding computationally intensive recurrent or 3D convolutional architectures, the proposed method provides an effective yet structurally simple approach to temporal modeling in RGB-only FacePAD. Extensive experiments on the Replay-Attack, Replay-Mobile, ROSE-Youtu, and OULU-NPU datasets demonstrate the effectiveness of the proposed approach, achieving HTERs of 0% on Replay-Attack, 0% on Replay-Mobile, and 0.53% on ROSE-Youtu, and an ACER of 0.069% on OULU-NPU.",,,"2026 International Wireless Communications and Mobile Computing Conference, IWCMC 2026",10.1109/iwcmc69287.2026.11579847,https://pure.kfupm.edu.sa/en/publications/28a28722-15a1-4e1e-a1b6-77bd080fc700,KFUPM Pure (OAI-PMH)
KFUPM_71b9f3f9-c090-4b1e-bc30-b84ea7ac5e5f,King Fahd University of Petroleum and Minerals,"Developing a Computer Engineering Relative-Unit Value System (CE-RUV) for Undergraduate Education: Framework, Validation, and Pilot Plan",Muhammad Y. Imam,2026,,"Traditional assessment methods of experiential learning in Computer Engineering (CE) education are often fraught with inconsistencies and subjectivity. This paper presents the adaptation of the Integrated Educational Relative-Unit Value (IE-RUV) system, initially proposed for dental education, to a Computer Engineering Relative-Unit Value (CE-RUV) system. The CE-RUV system defines a fundamental unit value as 30 minutes of effective, verifiable engineering work, supported by a scoring formula with multipliers for task complexity, quality, independence, and impact. Detailed task taxonomies are developed for capstone projects, design labs, research projects, and coop/internships. A multi-phase plan is outlined for validation that includes expert consensus and pilot testing. The implementation strategy incorporates anti-gaming controls and addresses alignment with ABET student outcomes. Thus, the CE-RUV system forms a structured, transparent, and scalable approach that enhances objectivity and granularity in the assessment of varied learning activities. This framework has been explicitly developed for use within Computer Engineering education; however, it can be adapted to other engineering disciplines and STEM areas if appropriate domain-specific task taxonomies are developed.",SDG 4 - Quality Education,,"EDUCON 2026 - IEEE Global Engineering Education Conference, Conference Proceedings",10.1109/educon67543.2026.11574268,https://pure.kfupm.edu.sa/en/publications/71b9f3f9-c090-4b1e-bc30-b84ea7ac5e5f,KFUPM Pure (OAI-PMH)
KFUPM_cb545de5-96b3-408c-a9f0-85855dbf85dd,King Fahd University of Petroleum and Minerals,Towards Efficient and Explainable Colorectal Histopathology Classification in IoT-Enabled eHealth via Compact Attention Fusion,Neazmul Mowla; Md Najmul Mowla; Khaled M. Rabie; Abdallah Moubayed,2026,,"Colorectal cancer (CRC) remains a leading cause of cancer-related mortality. This creates a strong need for accurate and efficient computer-aided diagnosis in Internet of Things (IoT)-enabled eHealth workflows, such as digital pathology and edge-assisted screening. Deep learning has improved histopathology image classification. However, many high-performing models are computationally demanding, and compact alternatives may miss fine-grained tissue patterns. We propose a compact attention-fusion framework for nine-class CRC histopathology patch classification that balances accuracy and efficiency for deployment on resource-constrained edge gateways. The model extends a DenseNet121 backbone by integrating window self-attention (WSA) and the convolutional block attention module (CBAM). Their outputs are fused adaptively. Separable convolutions then refine features to capture local morphology and global context while reducing redundancy. On the NCT-CRC-HE-100K dataset, the proposed method achieves 99.68% accuracy, 99.70% precision, 99.60% recall, and 99.65% F1-score, outperforming six CNN baselines. With only 0.75M parameters and a 2.87 MB footprint, it enables efficient on-site inference and reduced transmission requirements. Explainable AI visualizations are also provided to highlight tissue regions that drive model decisions.",SDG 3 - Good Health and Well-being,,"2026 International Wireless Communications and Mobile Computing Conference, IWCMC 2026",10.1109/iwcmc69287.2026.11580108,https://pure.kfupm.edu.sa/en/publications/cb545de5-96b3-408c-a9f0-85855dbf85dd,KFUPM Pure (OAI-PMH)
KFUPM_00f3d81a-b026-4dbc-978b-db70dbcfac6e,King Fahd University of Petroleum and Minerals,Edge Beats: An Edge-Computing Framework for Distributed Heart-Rate Monitoring with Low-Cost Smartwatches,Basem Almadani; Md Moazzem Hossain; Nafisa Tabassum; Farouq Aliyu,2026,,"Smartwatches are increasingly used in safety-critical scenarios, yet their optical heart-rate (HR) measurements often contain noise, artifacts, and missing data, undermining clinical trust. This paper presents Edge Beats, a data-curation layer and end-to-end architecture that enables the low-cost, open source PineTime smartwatch to function as a practical HR sensing node for distributed wearable systems. Heart-rate packets are streamed from PineTime to an ESP32 at the edge layer over Bluetooth Low Energy (BLE), then forwarded via an embedded Message Queuing Telemetry Transport (MQTT) broker to an edge server laptop for processing and visualization. A lightweight multi-stage algorithm cleans and smooths the HR stream using physiological boundary checks, a configurable data imputation technique, and exponential moving average (EMA) smoothing, all designed for real-time operation on resource-constrained hardware. We have evaluated the system over long monitoring sessions and compared the processed PineTime output against a commercial Huawei GT Pro 2 smartwatch. The system suppresses extreme spikes and short-term oscillations, yielding a more stable HR trace with qualitative agreement to the reference trends while keeping values in a physiologically plausible range. Network measurements show low latency (almost 3 ms one-way, 15 ms RTT) and stable throughput, and power measurements (100–450 mW for ESP32 and 3–70 mW for PineTime watch) confirm that continuous HR streaming over BLE and MQTT is feasible within the PineTime’s energy budget. These results imply that data stream processing combined with a modest publish–subscribe architecture improves the stability and usability of HR streams obtained from commodity wearable sensors, making PineTime a candidate as a complementary component for mission-critical health and safety systems.",,,Technologies,10.3390/technologies14060364,https://pure.kfupm.edu.sa/en/publications/00f3d81a-b026-4dbc-978b-db70dbcfac6e,KFUPM Pure (OAI-PMH)
KFUPM_6265591c-c2a2-47d6-9faa-ad1bdc4fe1fd,King Fahd University of Petroleum and Minerals,Performance Prediction of RPL-based Healthcare Monitoring System: A Machine Learning Approach,Amneh Al Abdi; Basem Almadani; Farouq Aliyu; Aliyu Musa Bade,2026,,"RPL is a routing protocol that is based on IPv6 and targeting Low-Power and Lossy Networks (LLNs). LLNs can be effectively applied in healthcare contexts. For example, in healthcare monitoring systems, when the network comprises heterogeneous (low-power) devices, which have low processing capabilities (e.g., wireless sensors) that gather the vital signs of patients. Latency must be kept as low as possible, and the Packet Delivery Ratio (PDR) should be maximized, since healthcare applications are critical systems. Such metrics can be predicted to improve network performance. The purpose of this paper is to predict both the latency and the PDR metrics of RPL-based LLN in healthcare monitoring settings using Linear Regression, Decision Tree, and Random Forest machine learning models. The results show the Random Forest model achieved the strongest performance with a Mean Squared Error (MSE) of 534.21 and Root Mean Squared Error (RMSE) of 23.11 for latency prediction, and an MSE of 0.0302 and an RMSE of 0.1739 for PDR. Metric prediction enhances network performance by making the routing protocol proactive and improving the quality of services provided.",,,"2026 International Conference on Frontiers of Engineering and Emerging Technologies, FET 2026",10.1109/fet68771.2026.11601294,https://pure.kfupm.edu.sa/en/publications/6265591c-c2a2-47d6-9faa-ad1bdc4fe1fd,KFUPM Pure (OAI-PMH)
KFUPM_60b9da88-27da-4aae-9198-a56069d5ee6b,King Fahd University of Petroleum and Minerals,An optimized latent-space classifier with Banzhaf-inspired probabilistic feature selection for ransomware detection in IoT edge environments,Yaser Almasri; MD Sakibul Islam; Mohammed Elnour; M. Waleed Shinwari; Farid Binbeshr; Ashraf Mahmoud; Muhammad Imam,2026,,"The increasing adoption of edge computing in Internet of Things (IoT) and Cyber-Physical Systems (CPS) environments has made these systems prime targets for ransomware attacks, as sensitive data is often processed at the edge. However, resource constraints of IoT nodes make traditional ransomware detection solutions unsuitable for real-time, on-device deployment. This paper presents a novel lightweight ransomware detection framework for IoT edge devices using an Optimized Latent Space Classifier (OLSC) enhanced with a Random Forest–Preference-Weighted Probabilistic Banzhaf Power Index (RF–PBPI) feature-selection method, which retains only the most influential features through probabilistic influence estimation under distribution-aware perturbations and negligible-influence (dummy)-feature pruning. Through the integration of quantization and pruning techniques, the proposed OLSC model achieves a compressed size of 18.754 KB. The model achieves an inference time of 0.941 ms and a power consumption of 0.14883 W at inference. The model is tested across three different datasets, demonstrating its robustness across diverse network scenarios. Compared to conventional CNN and DNN approaches, the framework offers significantly faster inference and lower energy usage, making it ideal for low-power devices such as the ESP32. This work delivers an efficient, real-time, and generalisable solution for ransomware detection at the IoT edge, combining high accuracy with minimal resource usage.",,,Results in Engineering,10.1016/j.rineng.2026.111989,https://pure.kfupm.edu.sa/en/publications/60b9da88-27da-4aae-9198-a56069d5ee6b,KFUPM Pure (OAI-PMH)
KFUPM_dcabb35f-c612-4ac6-ba05-eb655a3a1632,King Fahd University of Petroleum and Minerals,Bayesian inference based physics informed neural network approach for infectious disease forecasting,R. Ellahi; Zeeshan Shamshad; Ahmed Zeeshan; M. I. Khan; Sadiq M. Sait,2026,,"Accurate forecasting of infectious diseases is essential for effective public health planning and pandemic preparedness. In this study, we present a novel forecasting framework based on Physics-Informed Neural Networks (PINNs) to model infectious disease dynamics. The proposed approach integrates epidemiological differential equations directly into the neural network training process, enabling the model to learn from both theoretical disease transmission dynamics and observed data. This hybrid structure helps reduce overfitting, a common limitation in purely data-driven deep learning models. The model is evaluated using state-level COVID-19 data from Pakistan. A Bayesian PINN framework is employed to estimate hidden epidemiological compartments, correct for potential underreporting, and quantify uncertainty in key transmission parameters. The model also infers time-varying quantities such as transmission rates, detection probability, isolation effectiveness, and the average infectious period. In addition, the influence of different underreporting scenarios on parameter estimates and epidemic forecasts is examined. Results indicate that the Bayesian PINN approach provides reliable predictions even with limited or noisy data. Model simulations show that forecasts of cases, deaths, and hospitalizations are consistent with established benchmark methods while maintaining a simpler and more flexible modeling structure. Overall, the findings demonstrate that PINN-based models offer a promising computational tool for improving infectious disease forecasting and supporting data-driven public health decision-making.",SDG 3 - Good Health and Well-being,,Computers and Chemical Engineering,10.1016/j.compchemeng.2026.109832,https://pure.kfupm.edu.sa/en/publications/dcabb35f-c612-4ac6-ba05-eb655a3a1632,KFUPM Pure (OAI-PMH)
KFUPM_d10eaaf4-b8c6-4700-84f8-d7f74f2643e1,King Fahd University of Petroleum and Minerals,Hybrid deep learning approach for detecting and classifying space debris in low Earth orbit,Eman Mahmoud; Syed Saad Azhar Ali; Abdul Jabbar Siddiqui,2026,,"The growing concentration of debris in space poses dangers to the operation of satellites, spacecraft, and the sustainability of future space activity in general. Hypervelocity impacts by space debris may impair essential onboard mechanisms, damage costly infrastructure, and create new orbital debris. In response, this paper presents a novel deep learning-based system architecture for space debris detection and classification within the region of low-Earth orbit (LEO). As regards debris detection, both YOLOv8 and YOLOv12 models augmented with the Convolutional Block Attention Module (CBAM) were used in this study due to their capability of detecting tiny and occluded space debris objects. Our experiments demonstrate that YOLOv8 + CBAM yielded mAP@50 of 0.6718 and recall of 0.6707 on SPARK data, whereas YOLOv12 + CBAM had the best recall on the Space Debris dataset.For debris classification, this paper introduces DebriXNet, a lightweight convolutional neural network specifically designed for resource-constrained onboard environments. DebriXNet contains approximately 1.6 million parameters and achieved an average multi-class classification accuracy of 84.65% on the SPARK dataset while maintaining low inference latency suitable for real-time deployment on embedded spacecraft platforms. The proposed hybrid framework combines attention-enhanced debris detection with efficient lightweight classification to support intelligent onboard decision-making, collision avoidance, and space situational awareness (SSA). Overall, the proposed system provides a practical and scalable solution for autonomous debris monitoring and contributes toward improving the safety, efficiency, and sustainability of future space missions.",SDG 3 - Good Health and Well-being; SDG 17 - Partnerships for the Goals,,Journal of Space Safety Engineering,10.1016/j.jsse.2026.07.007,https://pure.kfupm.edu.sa/en/publications/d10eaaf4-b8c6-4700-84f8-d7f74f2643e1,KFUPM Pure (OAI-PMH)
KFUPM_e48c6fcd-41c0-4fa3-9bc0-e262ac7e2cb1,King Fahd University of Petroleum and Minerals,Dynamic random walk-based glider snake algorithm for optimization of vehicle suspension components,Sadiq M. Sait; Pranav Mehta; Betül Sultan Yildiz; Ali Riza Yildiz,2026,,"Vehicle components need to be lightweight in order to reduce fuel consumption, lower emissions, and maintain structural integrity. This study proposes a glider snake optimizer enhanced with the dynamic random walk (DRW) technique to improve convergence performance and solution quality in engineering design optimization. The proposed algorithm incorporates periodic learning mechanisms and quasi-oppositional population initialization to achieve a better balance between exploration and exploitation while avoiding premature convergence. The developed optimization approach was applied to the lower control arm of an automotive suspension system with the objective of minimizing structural mass while satisfying stress constraints. The optimization framework integrates parametric design variables with finite element analysis. The results demonstrate that the dynamic random walk-based glider snake optimizer achieved a minimum mass of 3.311 kg while maintaining the maximum stress at 144.5 MPa. Compared with the initial design, the proposed method provided a mass reduction of 21.00%. The findings indicate that the proposed DRW-based glider snake optimizer converges efficiently and can be considered an effective tool for lightweight automotive component design and emission reduction-oriented engineering optimization problems.",,,Materialpruefung/Materials Testing,10.1515/mt-2026-0209,https://pure.kfupm.edu.sa/en/publications/e48c6fcd-41c0-4fa3-9bc0-e262ac7e2cb1,KFUPM Pure (OAI-PMH)
KFUPM_e812a184-82b6-41e1-94ec-f8700734116d,King Fahd University of Petroleum and Minerals,Robust multi-UAV route optimization via multi-strategy modified ABC,Gamil Ahmed; Tarek Sheltami; Mahmoud S. AbouOmar; Yunes Alqudsi,2026,,"Autonomous path planning is a critical component of unmanned aerial vehicle (UAV) navigation, particularly for last-mile delivery applications in smart cities. This paper presents a robust multi-UAV route optimization framework based on a Multi-strategy Modified Artificial Bee Colony (M2ABC) algorithm designed for complex, low-altitude 3D environments. The proposed M2ABC algorithm integrates an adaptive position update mechanism, noise-induced diversity enhancement, and a globally guided scout phase to overcome premature convergence and improve solution quality in dense obstacle fields. The proposed method ensures collision-free trajectories within constrained 3D operational spaces and achieves superior convergence behavior and path quality in cluttered environments. Simulation results demonstrate that the proposed M2ABC algorithm consistently outperforms conventional ABC, IPSO, ABCPSO, and GA in terms of convergence speed, path quality, energy efficiency, and planning stability. Compared with the conventional ABC algorithm, the proposed approach reduces the average normalized energy consumption by 4.83%, achieves up to 30% energy savings compared with GA, and attains 100% routing success in small-swarm scenarios while maintaining feasible collision-free routes as the swarm size and obstacle density increase. These results demonstrate the effectiveness, robustness, and scalability of the proposed framework for safe multi-UAV navigation in complex 3D environments.",SDG 7 - Affordable and Clean Energy; SDG 11 - Sustainable Cities and Communities,,Applied Soft Computing,10.1016/j.asoc.2026.116159,https://pure.kfupm.edu.sa/en/publications/e812a184-82b6-41e1-94ec-f8700734116d,KFUPM Pure (OAI-PMH)
KFUPM_e6de712d-7453-48bd-b476-ec8128b84735,King Fahd University of Petroleum and Minerals,Enhanced stellar oscillation algorithm for optimal design of inudstrial components,Pranav Mehta; Sadiq M. Sait; Betül Sultan Yildiz; Ali Riza Yildiz,2026,,"This paper introduces the Modified Stellar Oscillation Optimizer (MSOA) for constrained industrial design problems. The base optimizer, which models the pulsation and oscillatory behavior of stars, is hybridized with chaotic maps. MSOA is tested on five constrained engineering problems: a speed reducer, a cantilever beam, a step-cone pulley, a rolling element bearing, and a vehicle structural component. On the cantilever beam, MSOA reaches the global feasible optimum f = 1.33996, tying with CSA, FOX, GWO, AVOA, and SMA. On the speed reducer and step-cone pulley, MSOA reaches the global feasible optima of 2,996.348 and 16.0899, matching SFOA and BBO and improving on the other tested algorithms by 0.1–4 %. For the rolling element bearing and the automobile component, MSOA produces better objective function than several other recent metaheuristics. The chaotic hybridization helps MSOA remain in the feasible region on problems where most rivals converge to penalty-corrected local minima.",,,Materialpruefung/Materials Testing,10.1515/mt-2026-0256,https://pure.kfupm.edu.sa/en/publications/e6de712d-7453-48bd-b476-ec8128b84735,KFUPM Pure (OAI-PMH)
KFUPM_224271ed-e228-4aab-bb71-1aa3f39d6f0e,King Fahd University of Petroleum and Minerals,Computational investigation of MHD Eyring–Powell nanofluid boundary layer flow and heat transfer over a porous cylinder,Syed Shahzad Ali; R. Ellahi; A. Zeeshan; Sadiq M. Sait; Muhammad Imran Khan,2026,,"Purpose – This study aims to investigate the nonlinear coupled boundary-layer flow of a magnetohydrodynamic (MHD) non-Newtonian Eyring–Powell nanofluid over a porous cylinder using Physics-Informed Neural Networks (PINNs). Design/methodology/approach – The governing nonlinear partial differential equations associated with momentum and heat transfer are transformed into a non-dimensionless form using appropriate transformations. The proposed PINNs framework incorporates governing physical laws directly into the learning process to achieve accurate and computationally efficient predictions of nonlinear heat transfer behavior. A deep PINN framework is then constructed in TensorFlow to solve the resulting equations while satisfying the imposed boundary conditions. The neural architecture consists of eight hidden layers with 156 neurons in each layer and is trained using a learning rate. The predictive performance of the developed PINN model is validated against the local non-similarity (LNS) method through comparisons. Findings – The proposed PINN model demonstrates strong predictive accuracy and successfully captures the nonlinear transport behavior of MHD Eyring–Powell nanofluid flow. The numerical results exhibit excellent agreement with those obtained from the LNS method and established theoretical trends. The trained network accurately reproduces the thermal boundary conditions and heat transfer characteristics governed by the Prandtl number. Moreover, this study reveals that increasing the Eyring–Powell fluid material parameter significantly enhances the boundary layer thickness. This work also examines the effectiveness of PINNs in predicting heat transport characteristics and boundary layer behavior in comparison with the conventional LNS and finite difference method. This study confirming the robustness of the PINN framework as a reliable alternative for solving complex non-Newtonian transport phenomena in fluid flow and thermal engineering applications. Originality/value – PINN-based modelling of MHD Eyring–Powell non-Newtonian boundary layer flow with heat transfer over horizontal cylindrical surfaces is still scarce in the literature.",,,International Journal of Numerical Methods for Heat and Fluid Flow,10.1108/hff-06-2026-0756,https://pure.kfupm.edu.sa/en/publications/224271ed-e228-4aab-bb71-1aa3f39d6f0e,KFUPM Pure (OAI-PMH)
KFUPM_f8204fe8-67cc-47cc-9f16-d54a2e60e183,King Fahd University of Petroleum and Minerals,SPEGNet: Synergistic Perception-Guided Network for Camouflaged Object Detection,Baber Jan; Saeed Anwar; Aiman H. El-Maleh; Abdul Jabbar Siddiqui; Abdul Bais,2026,,"Camouflaged object detection segments objects with intrinsic similarity and edge disruption. Current detection methods rely on accumulated complex components. Each approach adds components such as boundary modules, attention mechanisms, and multi-scale processors independently. This accumulation creates a computational burden without proportional gains. To manage this complexity, they process at reduced resolutions, eliminating fine details essential for camouflage. We present SPEGNet, addressing fragmentation through synergistic design. The architecture integrates multi-scale features via channel calibration and spatial enhancement. Boundaries emerge directly from context-rich representations, maintaining semantic-spatial alignment. Progressive refinement implements scale-adaptive edge modulation with peak influence at intermediate resolutions. This design strikes a balance between boundary precision and regional consistency. SPEGNet achieves 0.887 Sαon CAMO, 0.890 on COD10K, and 0.895 on NC4K, with real-time inference speed. Our approach excels across scales, from tiny, intricate objects to large, pattern-similar ones, while handling occlusion and ambiguous boundaries.",,,IEEE Transactions on Image Processing,10.1109/tip.2026.3720524,https://pure.kfupm.edu.sa/en/publications/f8204fe8-67cc-47cc-9f16-d54a2e60e183,KFUPM Pure (OAI-PMH)
KFUPM_2e41f41d-96bc-457f-a750-fc822f98d002,King Fahd University of Petroleum and Minerals,AI-Driven Scalable Framework for Energy-Efficient SDN Configurations,José Gómez-DelaHiz; Manuel Jiménez-Lázaro; Juan Luis Herrera; Mohamed Faten Zhani; Jaime Galán-Jiménez,2026,,"The fast-paced development of 5G and 6G technologies, together with increasing environmental concerns, highlights the urgent need for energy-efficient computer networks. A major challenge lies in reducing energy usage by dynamically adapting the number of active network devices to the actual traffic demand while still fulfilling performance requirements. Traditional approaches, based on Integer Linear Programming (ILP) and heuristic algorithms, face significant limitations in scalability and computational efficiency, particularly for large-scale networks. To address these challenges, this work proposes a Machine Learning (ML)-based algorithm that uses clustering and classification techniques to find energy-efficient configurations in Software-Defined Networks, respectively. Simulations on realistic network topologies demonstrate that our solution delivers results close to those achieved by the reference algorithms, and near-optimal performance when ILP-based solutions are used as reference, achieving up to 53% energy savings while reducing execution time by up to 8,000 times. These results highlight the potential of ML-driven approaches to enable scalable and energy-efficient network management.",SDG 7 - Affordable and Clean Energy,,IEEE Transactions on Green Communications and Networking,10.1109/tgcn.2026.3724271,https://pure.kfupm.edu.sa/en/publications/2e41f41d-96bc-457f-a750-fc822f98d002,KFUPM Pure (OAI-PMH)
KFUPM_ced39924-9c83-4746-936e-d3efb9f50c3c,King Fahd University of Petroleum and Minerals,A Real-Time DDS-Based Chest X-Ray Decision Support System for Resource-Constrained Clinics,Omar H. Khater; Basem Almadani; Farouq Aliyu; Esam Al-Nahari,2026,,"Internet of Things (IoT) platforms can greatly extend healthcare reach in humanitarian settings, delivering vital services to populations in remote regions. Yet limited network infrastructure in such areas hampers conventional IoT deployments. We propose a real-time chest-X-ray classification framework tailored for rural hospitals. The system couples a fine-tuned ResNet50 model for disease recognition with FastDDS middleware to maintain low-latency, reliable communication between clinicians and the inference node. The network attains 88.61% accuracy, 88.76% precision, and 88.49% recall, while end-to-end tests record an average throughput of 3.2 KB/s and a round-trip latency of 65 ms. These outcomes illustrate how middleware-enabled edge inference can support physicians working in connectivity-constrained environments.",,,"International Conference on Engineering, Technology and Management, ICETM 2026",10.1109/icetm68138.2026.11648124,https://pure.kfupm.edu.sa/en/publications/ced39924-9c83-4746-936e-d3efb9f50c3c,KFUPM Pure (OAI-PMH)
KFUPM_04dd9d83-1533-497a-8741-0f8faaeeb6c1,King Fahd University of Petroleum and Minerals,Quantization-Aware Learning for Secure and Resilient UAV-STAR-RIS-Enabled 6G Systems,Yaser Almasri; Khaled M. Rabie; Mahmoud M. Salim; Ashraf S. Mahmoud; Ali Arshad Nasir,2026,,"Secure and reliable wireless communication is a major requirement for upcoming 6G mission-critical applications, such as emergency response and public safety networks. In this respect, unmanned aerial vehicle (UAV)-mounted, simultaneously transmitting and reflecting reconfigurable intelligent surface (STAR-RIS) systems are expected to play an important role in enabling secure, mission-critical 6G communications. However, practical implementations require discrete phase shifts, which can introduce performance degradation due to phase quantization effects. In this paper, we investigate phase quantization in a UAV-mounted STAR-RIS-assisted downlink non-orthogonal multiple access (NOMA) network to maximize secrecy rate. Two approaches are considered, namely, post-training quantization (PTQ) and quantization-aware training (QAT). A Twin Delayed Deep Deterministic Policy Gradient (TD3) agent is developed to jointly optimize STAR-RIS phase shifts and UAV positioning while enforcing minimum quality-of-service (QoS) requirements for users. Simulation results show that QAT consistently outperforms PTQ, particularly at low resolutions. While PTQ suffers significant performance degradation under coarse quantization, QAT maintains near-continuous performance at 3-bit resolution with less than 1% secrecy rate loss, and significantly reduces degradation at 2 bits. These results demonstrate that QAT enables efficient low-bit STAR-RIS operation, reducing hardware complexity and signaling overhead while preserving secrecy performance, thereby enhancing the practical viability of the proposed framework.",,,IEEE Open Journal of the Communications Society,10.1109/ojcoms.2026.3725175,https://pure.kfupm.edu.sa/en/publications/04dd9d83-1533-497a-8741-0f8faaeeb6c1,KFUPM Pure (OAI-PMH)
