Publication Year,Month,Category,college,Research field ,Title,Source Title
2023,March,scopus,Arabic Language Teaching Institute for Non-Arabic Speakers,Humanitarian ,Sexual workplace violence in the health sector in Saudi Arabia: a cross sectional study,Computer Systems Science and Engineering
2023,April,SCOPUS,Arabic Language Teaching Institute for Non-Arabic Speakers,Humanitarian ,Spatial Analysis of Accessibility to Urban Green Spaces in Northern Neighbourhoods of Riyadh,Intelligent Automation and Soft Computing
2023,April,SCOPUS,Arabic Language Teaching Institute for Non-Arabic Speakers,Humanitarian ,"Association of CCND1 (c.723G > A, rs9344) variant with elevated risk of breast carcinoma: a retrospective case–control study",Intelligent Automation and Soft Computing
2023,August,scopus,Arabic Language Teaching Institute for Non-Arabic Speakers,Humanitarian ,Neuroprotective Effect of Barbaloin on Streptozotocin-Induced Cognitive Dysfunction in Rats via Inhibiting Cholinergic and Neuroinflammatory Cytokines Pathway─TNF-α/IL-1β/IL-6/NF-κB,Computer Systems Science and Engineering
2023,December,Wos,Arabic Language Teaching Institute for Non-Arabic Speakers,Humanitarian ,Adoption of antenatal care conversation mapping among health care providers in Saudi Arabia: Application of the diffusion innovation theory,PEERJ COMPUTER SCIENCE
2023,May,wos,King Abdullah bin Abdulaziz University Hospital/Health Sciences Research Centre,Health-related / Medical,A Positive Discourse Approach to the Arabic Facebook Posts of Two Egyptian Relationship Skills Coaches,POLYMERS
2023,May,scopus,King Abdullah bin Abdulaziz University Hospital/Health Sciences Research Centre,Health-related / Medical,Dissonance-based prevention of eating pathology in non-Western cultures: A randomized controlled trial of the Body Project among young Saudi adult women,Polymers
2023,March,WOS,King Abdullah bin Abdulaziz University Hospital/Health Sciences Research Centre,Health-related / Medical,A 6-Week Badminton-Based Movement Intervention Enhances Fundamental Movement Skills and Physical Fitness in Saudi Boys and Girls,Pharmacogenomics Journal
2023,May,wos,King Abdullah bin Abdulaziz University Hospital,Health-related / Medical,Relationship between emotional divorce and alexithymia among married women in Saudi Arabia,JOURNAL OF ORTHOPAEDIC TRAUMA
2023,May,scopus,King Abdullah bin Abdulaziz University Hospital,Health-related / Medical,Empowering Saudi women in the tourism and management sectors according to the Kingdom's 2030 vision,Inorganics
2023,June,scopus,King Abdullah bin Abdulaziz University Hospital,Health-related / Medical,Diagnostic Study of a Severe Dust Storm over North Africa and the Arabian Peninsula,Global Health Action
2023,June,WOS,King Abdullah bin Abdulaziz University Hospital,Health-related / Medical,"Shoreline change detection along North Sebou–Moulay Bousselham, based on remote sensing analysis",INFECTION AND DRUG RESISTANCE
2023,June,WOS,King Abdullah bin Abdulaziz University Hospital,Health-related / Medical,The Role of Digital Resources in Enhancing the Quality of Faculty Members’ Scientific Life at Princess Nourah Bint Abdulrahman University,CUREUS JOURNAL OF MEDICAL SCIENCE
2023,June,WOS,King Abdullah bin Abdulaziz University Hospital,Health-related / Medical,Predicting Distribution and Range Dynamics of Three Threatened Cypripedium Species under Climate Change Scenario in Western Himalaya,ADVANCES IN MEDICAL EDUCATION AND PRACTICE
2023,June,WOS,King Abdullah bin Abdulaziz University Hospital,Health-related / Medical,"Sanitary municipal landfill site selection by integration of GIS and multi-criteria techniques for environmental sustainability in Safita area, Tartous governorate, Syria",BMC WOMENS HEALTH
2023,June,WOS,King Abdullah bin Abdulaziz University Hospital,Health-related / Medical,Diagnostic Study of a Severe Dust Storm over North Africa and the Arabian Peninsula,NEUROLOGY
2023,July,WOS,King Abdullah bin Abdulaziz University Hospital,Health-related / Medical,"Ground Surface Deformation Analysis Integrating InSAR and GPS Data in the Karstic Terrain of Cheria Basin, Algeria",SAUDI JOURNAL OF MEDICINE & MEDICAL SCIENCES
2023,July,WOS,King Abdullah bin Abdulaziz University Hospital,Health-related / Medical,Modeling the impacts of projected climate change on wheat crop suitability in semi-arid regions using the AHP-based weighted climatic suitability index and CMIP6,BMC NEUROLOGY
2023,April,WOS,King Abdullah bin Abdulaziz University Hospital,Health-related / Medical,"Multivariate statistical algorithms for landslide susceptibility assessment in Kailash Sacred landscape, Western Himalaya",GLOBAL HEALTH ACTION
2023,April,WOS,King Abdullah bin Abdulaziz University Hospital,Health-related / Medical,The Effects of Cognitive Bias Modification on Hostile Interpretation Bias and Aggressive Behavior: A Systematic Review and Meta-analysis,CLINICAL CASE REPORTS
2023,April,SCOPUS,King Abdullah bin Abdulaziz University Hospital,Health-related / Medical,Evaluation of Water Quality Index (WQI) in and around Dhaka City Using Groundwater Quality Parameters,BMC Medical Education
2023,April,SCOPUS,King Abdullah bin Abdulaziz University Hospital,Health-related / Medical,An efficient privacy-preserving control mechanism based on blockchain for E-health applications,Nature
2023,April,SCOPUS,King Abdullah bin Abdulaziz University Hospital,Health-related / Medical,"Earthquake preparedness in an urban area: the case of Dhaka city, Bangladesh",Annals of Saudi medicine
2023,April,SCOPUS,King Abdullah bin Abdulaziz University Hospital,Health-related / Medical,Spatial Analysis of Accessibility to Urban Green Spaces in Northern Neighbourhoods of Riyadh,BMC Public Health
2023,April,SCOPUS,King Abdullah bin Abdulaziz University Hospital,Health-related / Medical,Urban Green Spaces Distribution and Disparities in Congested Populated Areas: A Geographical Assessment from Pakistan,Journal of Perinatal Medicine
2023,April,SCOPUS,King Abdullah bin Abdulaziz University Hospital,Health-related / Medical,"Corrigendum to “Mapping Coastal vulnerability using machine learning algorithms: A case study at North coastline of Sebou estuary, Morocco” [Reg. Stud. Mar. Sci. 60C (2023) 102829] (Regional Studies in Marine Science (2023) 60, (S235248552300018X), (10.1016/j.rsma.2023.102829))",JPRAS Open
2023,August,WOS,King Abdullah bin Abdulaziz University Hospital,Health-related / Medical,"Mapping the impacts of the anthropogenic activities and seawater intrusion on the shallow coastal aquifer of Port Said, Egypt",DERMATOLOGY AND THERAPY
2023,August,WOS,King Abdullah bin Abdulaziz University Hospital,Health-related / Medical,"Mapping Coastal vulnerability using machine learning algorithms: A case study at North coastline of Sebou estuary, Morocco (vol 60C, 102829, 2023)",MOLECULAR GENETICS & GENOMIC MEDICINE
2023,August,WOS,King Abdullah bin Abdulaziz University Hospital,Health-related / Medical,Prioritizing sub-watersheds for soil erosion using geospatial techniques based on morphometric and hypsometric analysis: a case study of the Indian Wyra River basin,JOURNAL OF SURGICAL CASE REPORTS
2023,August,WOS,King Abdullah bin Abdulaziz University Hospital,Health-related / Medical,Assessment the local scour around vertical and inclined oblong piers under shallow flow condition,HEALTHCARE
2023,August,scopus,King Abdullah bin Abdulaziz University Hospital,Health-related / Medical,Households’ vulnerability assessment: empirical evidence from cyclone-prone area of Bangladesh,Journal of Education and Health Promotion
2023,August,scopus,King Abdullah bin Abdulaziz University Hospital,Health-related / Medical,"Desertification hazards in the middle zone of Wadi Fatimah, West Saudi Arabia",Foot and Ankle Surgery
2023,September,wos,King Abdullah bin Abdulaziz University Hospital,Health-related / Medical,Assessing the Factors that Determine Renewable Electricity Consumption in the United States: An Economic Overview,FOOT AND ANKLE SURGERY
2023,October,WOS,King Abdullah bin Abdulaziz University Hospital,Health-related / Medical,COVID-19 and sustainable development goals: A bibliometric analysis and SWOT analysis in Malaysian context,INTERNATIONAL JOURNAL OF MOLECULAR SCIENCES
2023,October,WOS,King Abdullah bin Abdulaziz University Hospital,Health-related / Medical,Determinants of artificial intelligence adoption in SMEs: The mediating role of accounting automation,DERMATOLOGY AND THERAPY
2023,October,WOS,King Abdullah bin Abdulaziz University Hospital,Health-related / Medical,"Do oil, gold and metallic price volatilities prove gold as a safe haven during COVID-19 pandemic? Novel evidence from COVID-19 data",INDIAN JOURNAL OF OTOLARYNGOLOGY AND HEAD & NECK SURGERY
2023,October,WOS,King Abdullah bin Abdulaziz University Hospital,Health-related / Medical,Ecological innovation for environmental sustainability and human capital development: the role of environmental regulations and renewable energy in advanced economies,MOLECULAR GENETICS & GENOMIC MEDICINE
2023,October,WOS,King Abdullah bin Abdulaziz University Hospital,Health-related / Medical,Effect of Local Antibiotic Prophylaxis on Postoperative Deep Infection in Fracture Surgery: A Systematic Review and Meta-Analysis,EUROPEAN JOURNAL OF PHARMACEUTICS AND BIOPHARMACEUTICS
2023,October,WOS,King Abdullah bin Abdulaziz University Hospital,Health-related / Medical,Public awareness and use of health tools provided by the portal of the Ministry of Health of Saudi Arabia,BMC MUSCULOSKELETAL DISORDERS
2023,October,WOS,King Abdullah bin Abdulaziz University Hospital,Health-related / Medical,Stumbling Blocks of Online Learning During COVID 19 Pandemic – Perspectives of Students of Selected Universities in London,GASTROENTEROLOGY INSIGHTS
2023,October,WOS,King Abdullah bin Abdulaziz University Hospital,Health-related / Medical,The impact of multi-criteria ratings in social networking sites on the performance of online recommendation agents,JOURNAL OF HEALTH POPULATION AND NUTRITION
2023,September,wos,King Abdullah bin Abdulaziz University Hospital,Health-related / Medical,The role of social presence and trust on customer loyalty,BMC NEUROLOGY
2023,December,Wos,King Abdullah bin Abdulaziz University Hospital,Health-related / Medical,Using mobile health applications to enhance physical activity in Saudi Arabia: a cross-sectional study on users' perceptions,CUREUS JOURNAL OF MEDICAL SCIENCE
2023,December,Wos,King Abdullah bin Abdulaziz University Hospital,Health-related / Medical,New-venture gestation processes amid Covid-19 pandemic: antecedents of Saudi female nascent entrepreneurs,CUREUS JOURNAL OF MEDICAL SCIENCE
2023,December,Wos,King Abdullah bin Abdulaziz University Hospital,Health-related / Medical,"Tailoring the Structural, Optical and Electrical Properties of Zinc Oxide Nanostructures by Zirconium Doping",CUREUS JOURNAL OF MEDICAL SCIENCE
2023,December,Wos,King Abdullah bin Abdulaziz University Hospital,Health-related / Medical,The heterogeneous effect of leverage on firm performance: a quantile regression analysis,LIFE-BASEL
2023,December,Wos,King Abdullah bin Abdulaziz University Hospital,Health-related / Medical,The Relationship between Corporate Social Responsibility on Social Media and Brand Advocacy Behavior of Customers in the Banking Context,JOURNAL OF SURGICAL CASE REPORTS
2023,August,WOS,Health Sciences Research Centre,Health-related / Medical,A clean and discreet service: The role of corruption and secrecy in profit shifting by multinational firms,PLOS ONE
2023,August,WOS,Health Sciences Research Centre,Health-related / Medical,Evaluation of Agronomic Performance and Genetic Diversity Analysis Using Simple Sequence Repeats Markers in Selected Wheat Lines,FRONTIERS IN PUBLIC HEALTH
2023,August,WOS,Health Sciences Research Centre,Health-related / Medical,Flexible Working Arrangements and Social Sustainability: Study on Women Academics Post-COVID-19,NURSE EDUCATION IN PRACTICE
2023,August,WOS,Health Sciences Research Centre,Health-related / Medical,Investigating the Impact of Digital Transformation on the Labor Market in the Era of Changing Digital Transformation Dynamics in Saudi Arabia,EUROPEAN JOURNAL OF LIPID SCIENCE AND TECHNOLOGY
2023,August,WOS,Health Sciences Research Centre,Health-related / Medical,Relationship between Green Leaders' Emotional Intelligence and Employees' Green Behavior: A PLS-SEM Approach,BMC MUSCULOSKELETAL DISORDERS
2023,November,wos,Health Sciences Research Centre,Health-related / Medical,Corporate Research and Development Expenditures in Saudi Arabia: Does CEOs’ Power Matter?,NEUROMUSCULAR DISORDERS
2023,November,wos,Health Sciences Research Centre,Health-related / Medical,Corporate tax aggressiveness and corporate governance: The case of citizen firms,BMC SPORTS SCIENCE MEDICINE AND REHABILITATION
2023,January,scopus,College of Dentistry,Health-related / Medical,Deep-EEG: An Optimized and Robust Framework and Method for EEG-Based Diagnosis of Epileptic Seizure,Journal of King Saud University - Science
2023,January,scopus,College of Dentistry,Health-related / Medical,"The Relationship between Energy Consumption, CO2 Emissions, Economic Growth, and Health Indicators",American Journal of Orthodontics and Dentofacial Orthopedics
2023,May,scopus,College of Dentistry,Health-related / Medical,Work performance change during the Covid-19 pandemic under risk-as-feelings hypothesis for managers across Europe,Children
2023,May,scopus,College of Dentistry,Health-related / Medical,Adjustment of self-initiated and organizational expatriates: The moderating role of cross-cultural training,Dentistry Journal
2023,May,scopus,College of Dentistry,Health-related / Medical,Emergency Vehicle Driving Assistance System Using Recurrent Neural Network with Navigational Data Processing Method,Sustainability (Switzerland)
2023,May,wos,College of Dentistry,Health-related / Medical,"Investment in renewable energy and electricity output: Role of green finance, environmental tax, and geopolitical risk: Empirical evidence from China",CUREUS JOURNAL OF MEDICAL SCIENCE
2023,May,scopus,College of Dentistry,Health-related / Medical,Mediating effect of perceived organisational support in the relation between job stress and organisational commitment,Journal of International Dental and Medical Research
2023,May,wos,College of Dentistry,Health-related / Medical,The Role of Participatory Leadership and Employee Innovative Behavior on SMEs' Endurance,SAUDI DENTAL JOURNAL
2023,May,wos,College of Dentistry,Health-related / Medical,Identifying Adversary Impact Using End User Verifiable Key with Permutation Framework,CUREUS JOURNAL OF MEDICAL SCIENCE
2023,May,scopus,College of Dentistry,Health-related / Medical,An Improved Charting Scheme to Monitor the Process Mean Using Two Supplementary Variables,American journal of dentistry
2023,May,scopus,College of Dentistry,Health-related / Medical,Consumers' social self-identity drivers on social commerce platforms-based food and beverage,Saudi Dental Journal
2023,May,wos,College of Dentistry,Health-related / Medical,"Do green finance, low-carbon energy transition, and economic growth help in environmental investment?: Empirical evidence from emerging economies in Asia",ASIAN PACIFIC JOURNAL OF TROPICAL MEDICINE
2023,May,wos,College of Dentistry,Health-related / Medical,Non-Linear Determinants of Developing Countries' Sovereign Ratings: Evidence from a Panel Threshold Regression (PTR) Model,POLYMERS
2023,May,wos,College of Dentistry,Health-related / Medical,Environmental Change and Inclusive Finance: Does Governance Quality Matter for African Countries?,MEDICINA-LITHUANIA
2023,May,wos,College of Dentistry,Health-related / Medical,Bibliometric - thematic analysis and a technology-enabler-barrier-based framework for digital supply chain,CHILDREN-BASEL
2023,February,scopus,College of Dentistry,Health-related / Medical,Electroencephalography (EEG) eye state classification using learning vector quantization and bagged trees,Journal of Dentistry
2023,February,scopus,College of Dentistry,Health-related / Medical,Exchange Rate Volatility and Its Impact on FDI Inflows in India Using Maki Cointegration Approach,Saudi Dental Journal
2023,February,scopus,College of Dentistry,Health-related / Medical,External Knowledge Flows and Small and Medium-Sized Enterprises' Innovation Capabilities Enhancement: An Empirical Investigation,International Journal of Dental Hygiene
2023,February,scopus,College of Dentistry,Health-related / Medical,Analysis of MHD torsional nanofluid flow through concentric cylinders with nonlinear thermal radiation,Saudi Dental Journal
2023,February,scopus,College of Dentistry,Health-related / Medical,The Impact of Corporate Governance and International Orientation on Firm Performance in SMEs: Evidence from a Developing Country,World Journal of Clinical Cases
2023,February,wos,College of Dentistry,Health-related / Medical,"A Comparative Analysis of Student Satisfaction and Motivation, Academic Performance and Subjective Well-Being Before and During Covid-19 Pandemic",PEERJ
2023,February,wos,College of Dentistry,Health-related / Medical,Analysis of customers' satisfaction with baby products: The moderating role of brand image,FRONTIERS IN IMMUNOLOGY
2023,February,wos,College of Dentistry,Health-related / Medical,Contingency-based analysis of the drivers and obstacles to a successful sustainable business model: Seeking the uncaptured value,European Review for Medical and Pharmacological Sciences
2023,February,wos,College of Dentistry,Health-related / Medical,Current Waste Management Issues in Developing Countries and IoT-Based Solutions in Prospect of Smart City Development,INORGANICS
2023,February,wos,College of Dentistry,Health-related / Medical,Does board diversity improve carbon emissions score of best citizen companies?,INTERNATIONAL JOURNAL OF CLINICAL PRACTICE
2023,March,WOS,College of Dentistry,Health-related / Medical,"E – Retailing Attributes with Consumer Satisfaction, Trust and Repurchase Intension",CHILDREN-BASEL
2023,March,WOS,College of Dentistry,Health-related / Medical,Impact of natural resources and globalization on green economic recovery: Role of FDI and green innovations in BRICS economies,Children
2023,March,WOS,College of Dentistry,Health-related / Medical,Investigating the nexus between economic complexity and energy-related environmental risks in the USA: Empirical evidence from a novel multivariate quantile-on-quantile regression,Pharmaceuticals
2023,March,WOS,College of Dentistry,Health-related / Medical,Prediction and Analysis of Customer Complaints Using Machine Learning Techniques,AUSTRALASIAN ORTHODONTIC JOURNAL
2023,March,WOS,College of Dentistry,Health-related / Medical,Role of green intellectual capital and top management commitment in organizational environmental performance and reputation: Moderating role of pro-environmental behavior,OPERATIVE DENTISTRY
2023,March,WOS,College of Dentistry,Health-related / Medical,The income elasticity of the value of travel time savings: A meta-analysis,JOURNAL OF POPULATION THERAPEUTICS AND CLINICAL PHARMACOLOGY
2023,March,WOS,College of Dentistry,Health-related / Medical,A clean and discreet service: The role of corruption and secrecy in profit shifting by multinational firms,INTERNATIONAL JOURNAL OF PERIODONTICS & RESTORATIVE DENTISTRY
2023,April,WOS,College of Dentistry,Health-related / Medical,Deep-EEG: An Optimized and Robust Framework and Method for EEG-Based Diagnosis of Epileptic Seizure,PLOS ONE
2023,April,SCOPUS,College of Dentistry,Health-related / Medical,Economic analysis of sustainable exports value addition through natural resource management and artificial intelligence,Journal of the Mechanical Behavior of Biomedical Materials
2023,April,SCOPUS,College of Dentistry,Health-related / Medical,"Empirical linkages between ICT, tourism, and trade towards sustainable environment: evidence from BRICS countries",Scientific Reports
2023,April,SCOPUS,College of Dentistry,Health-related / Medical,Environmental sustainability practices and strategies in the rural tourism and hospitality sector: a systematic literature review and suggestions for future research,Journal of Endodontics
2023,April,SCOPUS,College of Dentistry,Health-related / Medical,Exploring the entrepreneurial competencies of E-commerce entrepreneurs,Heliyon
2023,April,SCOPUS,College of Dentistry,Health-related / Medical,FDI and CO2 emissions in developing countries: the role of human capital,International Dental Journal
2023,June,WOS,College of Dentistry,Health-related / Medical,Impact of Oil Price Changes On GDP Per Capita-A Comparative Analysis of Saudi Arabia and Kuwait,EASTERN MEDITERRANEAN HEALTH JOURNAL
2023,June,WOS,College of Dentistry,Health-related / Medical,Improving Autonomous Vehicle Controls and Quality Using Natural Language Processing-Based Input Recognition Model,JOURNAL OF POPULATION THERAPEUTICS AND CLINICAL PHARMACOLOGY
2023,June,WOS,College of Dentistry,Health-related / Medical,Investigating the Impact of Digital Transformation on the Labor Market in the Era of Changing Digital Transformation Dynamics in Saudi Arabia,BMC ORAL HEALTH
2023,June,scopus,College of Dentistry,Health-related / Medical,Investigation of Energy and Exergy of Geothermal Organic Rankine Cycle,Children
2023,June,WOS,College of Dentistry,Health-related / Medical,Leaders' ambition and followers' cheating behavior: The role of performance pressure and leader identification,CELLS
2023,June,scopus,College of Dentistry,Health-related / Medical,Mapping the Knowledge Structure and Unveiling the Research Trends in Social Entrepreneurship and Inclusive Development: A Bibliometric Analysis,PLoS ONE
2023,June,WOS,College of Dentistry,Health-related / Medical,Optimal Wavelet Neural Network-Based Intrusion Detection in Internet of Things Environment,BMC ORAL HEALTH
2023,June,WOS,College of Dentistry,Health-related / Medical,"Modelling the ecological footprints, climate change and economic growth nexus",MOLECULES
2023,June,WOS,College of Dentistry,Health-related / Medical,Towards low carbon and sustainable environment: does income inequality mitigate ecological footprints in Sub-Saharan Africa?,OPEN DENTISTRY JOURNAL
2023,July,SCOPUS,College of Dentistry,Health-related / Medical,I act in an environmentally responsible fashion since my firm is socially responsible: A pathway for transition to a responsible society,International Journal of Adhesion and Adhesives
2023,July,WOS,College of Dentistry,Health-related / Medical,Use of social media for the improvement of safety knowledge and awareness among Saudi Arabian phlebotomists,APPLIED SCIENCES-BASEL
2023,July,WOS,College of Dentistry,Health-related / Medical,Bibliometric – thematic analysis and a technology-enabler-barrier-based framework for digital supply chain,JOURNAL OF EPIDEMIOLOGY AND GLOBAL HEALTH
2023,July,WOS,College of Dentistry,Health-related / Medical,Connecting the dots? Entrepreneurial ecosystems and sustainable entrepreneurship as pathways to sustainability,PHOTODIAGNOSIS AND PHOTODYNAMIC THERAPY
2023,July,WOS,College of Dentistry,Health-related / Medical,"Decarbonization blueprints for developing countries: The role of energy productivity, renewable energy, and financial development in environmental improvement",POLYMERS
2023,August,WOS,College of Dentistry,Health-related / Medical,Design and Development of IoT and Deep Ensemble Learning Based Model for Disease Monitoring and Prediction,RESEARCH IN SOCIAL & ADMINISTRATIVE PHARMACY
2023,August,scopus,College of Dentistry,Health-related / Medical,Enhanced fault detection models with real-life applications,Medicine in Microecology
2023,August,scopus,College of Dentistry,Health-related / Medical,External Knowledge Flows and Small and Medium-Sized Enterprises’ Innovation Capabilities Enhancement: An Empirical Investigation,American Journal of Orthodontics and Dentofacial Orthopedics
2023,August,scopus,College of Dentistry,Health-related / Medical,Factors affecting village fund management accountability in Indonesia: The moderating role of prosocial behaviour,Seminars in Orthodontics
2023,September,wos,College of Dentistry,Health-related / Medical,Fusion of Graph and Tabular Deep Learning Models for Predicting Chronic Kidney Disease,PHOTODIAGNOSIS AND PHOTODYNAMIC THERAPY
2023,September,wos,College of Dentistry,Health-related / Medical,I act in an environmentally responsible fashion since my firm is socially responsible: A pathway for transition to a responsible society,CELLS
2023,September,wos,College of Dentistry,Health-related / Medical,Load Balancing Using Artificial Intelligence for Cloud-Enabled Internet of Everything in Healthcare Domain,SAUDI DENTAL JOURNAL
2023,September,wos,College of Dentistry,Health-related / Medical,Non-Linear Determinants of Developing Countries’ Sovereign Ratings: Evidence from a Panel Threshold Regression (PTR) Model,POLYMERS
2023,August,WOS,College of Dentistry,Health-related / Medical,Relationship between Green Leaders’ Emotional Intelligence and Employees’ Green Behavior: A PLS-SEM Approach,WORLD JOURNAL OF CLINICAL CASES
2023,August,WOS,College of Dentistry,Health-related / Medical,Role of Renewable Energy and Financial Innovation in Environmental Protection: Empirical Evidence from UAE and Saudi Arabia,INTERNATIONAL JOURNAL OF BIOLOGICAL MACROMOLECULES
2023,August,WOS,College of Dentistry,Health-related / Medical,Sustainable Irrigation Requirement Prediction Using Internet of Things and Transfer Learning,JOURNAL OF IMMIGRANT AND MINORITY HEALTH
2023,August,WOS,College of Dentistry,Health-related / Medical,Sustaining Work–Home Enrichment Experience in the Academic Sector: The Role of Intrinsic versus Extrinsic Motivations,MEDICINE
2023,September,wos,College of Dentistry,Health-related / Medical,The Impact of Social Media Interventions on Weight Reduction and Physical Activity Improvement Among Healthy Adults: Systematic Review,APPLIED SCIENCES-BASEL
2023,September,wos,College of Dentistry,Health-related / Medical,The Role of Participatory Leadership and Employee Innovative Behavior on SMEs’ Endurance,JOURNAL OF EPIDEMIOLOGY AND GLOBAL HEALTH
2023,September,wos,College of Dentistry,Health-related / Medical,Nexus of institutional quality and technological innovation on renewable energy development: Moderating role of green finance,INTERNATIONAL JOURNAL OF FOOD PROPERTIES
2023,October,WOS,College of Dentistry,Health-related / Medical,Corporate board attributes and environmental accounting disclosure of oil and gas firms in Nigeria,INTERNATIONAL JOURNAL OF BIOLOGICAL MACROMOLECULES
2023,October,WOS,College of Dentistry,Health-related / Medical,Juxtaposing the environmental consequences of different environment-related technological innovations: The significance of establishing good democratic governance,JOURNAL OF IMMIGRANT AND MINORITY HEALTH
2023,October,WOS,College of Dentistry,Health-related / Medical,"Natural resources and economic performance: Understanding the volatilities caused by financial, political and economic risk in the context of China",ACS OMEGA
2023,October,WOS,College of Dentistry,Health-related / Medical,"Functions, mechanisms, and clinical applications of lncRNA LINC00857 in cancer pathogenesis",EUROPEAN JOURNAL OF PROSTHODONTICS AND RESTORATIVE DENTISTRY
2023,October,WOS,College of Dentistry,Health-related / Medical,"Different strokes for different folks: Comparative analysis of 3D printing in large, medium and small firms",BMC ORAL HEALTH
2023,October,WOS,College of Dentistry,Health-related / Medical,Human capital and energy poverty relationship: Empirical evidence from developing economies,AMERICAN JOURNAL OF ORTHODONTICS AND DENTOFACIAL ORTHOPEDICS
2023,October,WOS,College of Dentistry,Health-related / Medical,The impact of climate disaster on international trade: Evidence from and countries,RESEARCH IN SOCIAL & ADMINISTRATIVE PHARMACY
2023,October,WOS,College of Dentistry,Health-related / Medical,Comprehensive Learning Strategy Enhanced Chaotic Whale Optimization for High-dimensional Feature Selection,MEDICINE
2023,November,wos,College of Dentistry,Health-related / Medical,Empowering Women through Digital Financial Inclusion: Comparative Study before and after COVID-19,DIAGNOSTICS
2023,November,wos,College of Dentistry,Health-related / Medical,Maternal- and child-related risk factors for autism during the perinatal period,INTERNATIONAL JOURNAL OF FOOD PROPERTIES
2023,December,Wos,College of Dentistry,Health-related / Medical,Comovement and spillover among energy markets: A Comparison across different crisis periods,INTERNATIONAL JOURNAL OF ADHESION AND ADHESIVES
2023,December,Wos,College of Dentistry,Health-related / Medical,An efficient deep learning model for brain tumour detection with privacy preservation,Journal of Functional Biomaterials
2023,June,scopus,College of Business Administration,Scientific,"Building secure business models through blockchain technology: Tactics, methods, limitations, and performance",International Journal of Value Chain Management
2023,June,WOS,College of Business Administration,Scientific,Business environmental innovation and CO2 emissions: The moderating role of environmental governance,BUSINESS STRATEGY AND THE ENVIRONMENT
2023,June,WOS,College of Business Administration,Scientific,Computational analysis of MHD driven bioconvective flow of hybrid Casson nanofluid past a permeable exponential stretching sheet with thermophoresis and Brownian motion effects,RESOURCES POLICY
2023,June,WOS,College of Business Administration,Scientific,"Correction to: Environmental Change and Inclusive Finance: Does Governance Quality Matter for African Countries? (Sustainability, (2023), 15, 4, (3533), 10.3390/su15043533)",DIAGNOSTICS
2023,June,WOS,College of Business Administration,Scientific,"Effects of ecological innovation, governance structure, and social development on the adoption of sustainable reporting in the global tourism industry",AIMS MATHEMATICS
2023,June,scopus,College of Business Administration,Scientific,Exploring the Mediating Role of Willingness to Continue in AI-based Data Analytics Adoption in Audit Firms,Sustainability (Switzerland)
2023,June,WOS,College of Business Administration,Scientific,"Green Intellectual Capital, Green Transformational Leadership, and Sustainable Performance: A Moderated Mediation Model",COGENT BUSINESS & MANAGEMENT
2023,June,WOS,College of Business Administration,Scientific,"The impact of ICT, green finance, and CSR on sustainable financial performance: moderating role of perceived organizational support",DIAGNOSTICS
2023,June,WOS,College of Business Administration,Scientific,The Mediating Role of Control Risk in the Relationship between Technological Factors and AI-Based Predictive Analytics Adoption: Evidence from Audit Firms in the US,JOURNAL OF CLEANER PRODUCTION
2023,June,WOS,College of Business Administration,Scientific,Heat treatment behavior of Cr in the form of collagen powder and Al2O3 reinforced aluminum-based composite material,SENSORS
2023,June,scopus,College of Business Administration,Scientific,How economic development promotes the sustainability targets? Role of natural resources utilization,Sustainability (Switzerland)
2023,June,scopus,College of Business Administration,Scientific,"Influence of perceptual and demographic factors on the likelihood of becoming social entrepreneurs in Saudi Arabia, Bahrain, and United Arab Emirates - an empirical analysis",Behavioral Sciences
2023,June,WOS,College of Business Administration,Scientific,Juxtaposing the environmental consequences of different environment-related technological innovations: The significance of establishing good democratic governance,SUSTAINABILITY
2023,June,WOS,College of Business Administration,Scientific,Load Balancing Using Artificial Intelligence for Cloud-Enabled Internet of Everything in Healthcare Domain,SUSTAINABILITY
2023,June,scopus,College of Business Administration,Scientific,"Modelling the ecological footprints, climate change and economic growth nexus",Sustainability (Switzerland)
2023,June,WOS,College of Business Administration,Scientific,"Natural resources and economic performance: Understanding the volatilities caused by financial, political and economic risk in the context of China",JOURNAL OF CLEANER PRODUCTION
2023,June,scopus,College of Business Administration,Scientific,Nexus of institutional quality and technological innovation on renewable energy development: Moderating role of green finance,Sustainability (Switzerland)
2023,January,scopus,College of Business Administration,Scientific,The impact of climate disaster on international trade: Evidence from and countries,Lecture Notes in Networks and Systems
2023,January,scopus,College of Business Administration,Scientific,The Influence of Work-Family Conflict and Enhancement on the Wellbeing of the Self-Employed and Their Spouses: A Dyadic Analysis,Telematics and Informatics
2023,January,scopus,College of Business Administration,Scientific,The Influence of Work-Family Conflict and Enhancement on the Wellbeing of the Self-Employed and Their Spouses: A Dyadic Analysis,International Journal of Data and Network Science
2023,January,wos,College of Business Administration,Scientific,A Cluster-Based Energy-Efficient Secure Optimal Path-Routing Protocol for Wireless Body-Area Sensor Networks,RESOURCES POLICY
2023,January,wos,College of Business Administration,Scientific,Adaptive genetic algorithm for user preference discovery in multi-criteria recommender systems,ECONOMIC RESEARCH-EKONOMSKA ISTRAZIVANJA
2023,January,wos,College of Business Administration,Scientific,Analysis of E-Learning System Use Using Combined TAM and ECT Factors,JOURNAL OF ORTHOPAEDIC TRAUMA
2023,January,scopus,College of Business Administration,Scientific,Born global: antecedents and consequences of innovation capabilities,Informatics in Medicine Unlocked
2023,January,scopus,College of Business Administration,Scientific,Demystifying the Impact of Service Recovery Strategies: Evidence From Healthcare and Telecom Sectors,Information Sciences Letters
2023,January,wos,College of Business Administration,Scientific,Design and analysis of wear parameters for epoxy based composite using RSM-box behnken optimization tool,TELEMATICS AND INFORMATICS
2023,January,scopus,College of Business Administration,Scientific,Do natural resources utilization and economic development reduce greenhouse gas emissions through consuming renewable and Clean Technology? A case study of China towards sustainable development goals,British Food Journal
2023,January,scopus,College of Business Administration,Scientific,Does learning from innovation failure enhance innovation performance? A quantitative investigation of small businesses,International health
2023,May,wos,College of Business Administration,Scientific,Does natural-resource-dependency create the need of green innovation?,JOURNAL OF INTERNATIONAL DEVELOPMENT
2023,May,wos,College of Business Administration,Scientific,Economic policy uncertainty: A new firm-level measurement and impact on enterprise innovation strategies,DIAGNOSTICS
2023,May,scopus,College of Business Administration,Scientific,Is the impact of oil shocks more pronounced during extreme market conditions?,Resources Policy
2023,May,scopus,College of Business Administration,Scientific,Nexus between corporate environmental disclosures and gender diversity: Interaction effects of board independence,Economic Research-Ekonomska Istrazivanja 
2023,May,wos,College of Business Administration,Scientific,Numerical and Experimental Analysis of Horizontal-Axis Wind Turbine Blade Fatigue Life,SCANDINAVIAN JOURNAL OF HOSPITALITY AND TOURISM
2023,May,wos,College of Business Administration,Scientific,Numerical Calculation of Thermal Radiative Boundary Layer Nanofluid Flow across an Extending Inclined Cylinder,INTERNATIONAL JOURNAL OF MANAGEMENT EDUCATION
2023,May,wos,College of Business Administration,Scientific,On the Hyper Zagreb Index of Trees with a Specified Degree of Vertices,NATURAL HAZARDS
2023,May,wos,College of Business Administration,Health-related / Medical,Predicting thermophysical properties enhancement of metal-based phase change materials using various machine learning algorithms,PACIFIC BUSINESS REVIEW INTERNATIONAL
2023,May,wos,College of Business Administration,Scientific,Resistance of multiple stakeholders to e-health innovations: Integration of fundamental insights and guiding research paths,SUSTAINABILITY
2023,May,wos,College of Business Administration,Scientific,Resource curse hypothesis and economic growth: A global analysis using bootstrapped panel quantile regression analysis,ECONOMIES
2023,May,wos,College of Business Administration,Scientific,An Approach to Binary Classification of Alzheimer's Disease Using LSTM,ENERGIES
2023,May,wos,College of Business Administration,Scientific,Analysis of customers' satisfaction with baby products: The moderating role of brand image,FRONTIERS IN PSYCHOLOGY
2023,May,wos,College of Business Administration,Scientific,"Different strokes for different folks: Comparative analysis of 3D printing in large, medium and small firms",SUSTAINABILITY
2023,May,wos,College of Business Administration,Scientific,Empowering Women through Digital Financial Inclusion: Comparative Study before and after COVID-19,SUSTAINABILITY
2023,February,wos,College of Business Administration,Scientific,"Environmental Change and Inclusive Finance: Does Governance Quality Matter for African Countries? (vol 15, 3533, 2023)",BUSINESS PROCESS MANAGEMENT JOURNAL
2023,February,wos,College of Business Administration,Scientific,Factors affecting village fund management accountability in Indonesia: The moderating role of prosocial behaviour,COATINGS
2023,February,wos,College of Business Administration,Scientific,"Functions, mechanisms, and clinical applications of lncRNA LINC00857 in cancer pathogenesis",INTERNATIONAL JOURNAL OF ISLAMIC AND MIDDLE EASTERN FINANCE AND MANAGEMENT
2023,February,wos,College of Business Administration,Scientific,Fusion of Graph and Tabular Deep Learning Models for Predicting Chronic Kidney Disease,BEHAVIORAL SCIENCES
2023,February,wos,College of Business Administration,Scientific,Preventing overloaded dissemination in healthcare applications using NonDelay tolerant dissemination technique,JOURNAL OF INTERNATIONAL DEVELOPMENT
2023,February,wos,College of Business Administration,Scientific,Active and passive control of Casson nanofluid flow on a convectively heated nonlinear stretching permeable surface with the Cattaneo-Christov double diffusion theory,SUSTAINABILITY
2023,February,wos,College of Business Administration,Scientific,Computational analysis of MHD driven bioconvective flow of hybrid Casson nanofluid past a permeable exponential stretching sheet with thermophoresis and Brownian motion effects,SUSTAINABILITY
2023,February,wos,College of Business Administration,Scientific,Design and analysis of wear parameters for epoxy based composite using RSM-box behnken optimization tool,ECONOMIES
2023,February,wos,College of Business Administration,Scientific,Do natural resources utilization and economic development reduce greenhouse gas emissions through consuming renewable and Clean Technology? A case study of China towards sustainable development goals,BEHAVIORAL SCIENCES
2023,March,scopus,College of Business Administration,Scientific,Does learning from innovation failure enhance innovation performance? A quantitative investigation of small businesses,Vision
2023,March,scopus,College of Business Administration,Scientific,Does natural-resource-dependency create the need of green innovation?,International Journal of Sustainable Economy
2023,March,WOS,College of Business Administration,Scientific,Economic policy uncertainty: A new firm-level measurement and impact on enterprise innovation strategies,Diagnostics
2023,March,scopus,College of Business Administration,Scientific,Environmental MCS package and green intellectual capital influence environmental performance: a mediated-moderated perspective,International Journal of Environmental Research and Public Health
2023,March,WOS,College of Business Administration,Scientific,Gender Diversity and Women Empowerment Effects on Firms' Financial Sustainability: Evidence from Developing Countries,EuroMed Journal of Business
2023,March,WOS,College of Business Administration,Scientific,Is the impact of oil shocks more pronounced during extreme market conditions?,Frontiers in Psychology
2023,March,WOS,College of Business Administration,Scientific,"Knowledge acquisition from innovation failures: a study of micro, small and medium enterprises (MSMEs)",SUSTAINABILITY
2023,March,WOS,College of Business Administration,Scientific,Nexus between corporate environmental disclosures and gender diversity: Interaction effects of board independence,Energy
2023,March,scopus,College of Business Administration,Scientific,Organizational Health Behavior Index (OHBI): A Tool for Measuring Organizational Health,International Journal of Business and Systems Research
2023,March,WOS,College of Business Administration,Scientific,Reseek-Arrhythmia: Empirical Evaluation of ResNet Architecture for Detection of Arrhythmia,SUSTAINABILITY
2023,March,WOS,College of Business Administration,Scientific,"Supporting wound healing by mesenchymal stem cells (MSCs) therapy in combination with scaffold, hydrogel, and matrix; State of the art",ELECTRONICS
2023,March,WOS,College of Business Administration,Scientific,The Moderating Role of Ownership Concentration on Financing Decisions and Firm's Sustainability: Evidence from China,SYMMETRY-BASEL
2023,March,WOS,College of Business Administration,Scientific,Towards low carbon and sustainable environment: does income inequality mitigate ecological footprints in Sub-Saharan Africa?,BRITISH FOOD JOURNAL
2023,March,WOS,College of Business Administration,Scientific,Can minimizing risk exposures help in inhibiting carbon footprints? The environmental repercussions of international trade and clean energy,GEOLOGICAL JOURNAL
2023,March,WOS,College of Business Administration,Scientific,Elevating Decision Management in Sustainable Energy Planning through Spherical Fuzzy Aggregation Operators,SUSTAINABILITY
2023,March,WOS,College of Business Administration,Scientific,Examining the critical factors of internal audit effectiveness from internal auditors' perspective: Moderating role of extrinsic rewards,SUSTAINABILITY
2023,March,WOS,College of Business Administration,Scientific,Factors affecting village fund management accountability in Indonesia: The moderating role of prosocial behaviour,INTERNATIONAL JOURNAL OF VALUE CHAIN MANAGEMENT
2023,April,SCOPUS,College of Business Administration,Scientific,"Influence of perceptual and demographic factors on the likelihood of becoming social entrepreneurs in Saudi Arabia, Bahrain, and United Arab Emirates - an empirical analysis",Heliyon
2023,April,SCOPUS,College of Business Administration,Scientific,Investigations of high temperature synergetic tribological behavior of HVOF deposited Ni-based metallic coating with self-lubricating ceramic phase (h-BN),Lecture Notes in Networks and Systems
2023,April,WOS,College of Business Administration,Scientific,Unravelling barriers in high-tech technology start-ups: practical insights and solutions for healthcare enterprises,SUSTAINABILITY
2023,April,WOS,College of Business Administration,Scientific,"When procrastination pays off: Role of knowledge sharing ability, autonomous motivation, and task involvement for employee creativity",INTERNATIONAL JOURNAL OF MODELLING AND SIMULATION
2023,April,WOS,College of Business Administration,Scientific,Automatic Diabetic Foot Ulcer Recognition Using Multi-Level Thermographic Image Data,SUSTAINABILITY
2023,April,SCOPUS,College of Business Administration,Scientific,Born global: antecedents and consequences of innovation capabilities,Journal of Educational and Social Research
2023,April,SCOPUS,College of Business Administration,Scientific,Comovement and spillover among energy markets: A Comparison across different crisis periods,Journal of Retailing and Consumer Services
2023,April,SCOPUS,College of Business Administration,Scientific,Design and Development of IoT and Deep Ensemble Learning Based Model for Disease Monitoring and Prediction,Technological Forecasting and Social Change
2023,April,SCOPUS,College of Business Administration,Scientific,"Knowledge acquisition from innovation failures: a study of micro, small and medium enterprises (MSMEs)",Lecture Notes in Networks and Systems
2023,April,SCOPUS,College of Business Administration,Scientific,"Relationships between land use types and urban heat island intensity in Hulu Langat district, Selangor, Malaysia",Journal of Cleaner Production
2023,April,SCOPUS,College of Business Administration,Scientific,"Earthquake preparedness in an urban area: the case of Dhaka city, Bangladesh",Review of Economics and Finance
2023,April,SCOPUS,College of Business Administration,Scientific,Households' vulnerability assessment: empirical evidence from cyclone-prone area of Bangladesh,Resources Policy
2023,April,SCOPUS,College of Business Administration,Scientific,"Mapping the impacts of the anthropogenic activities and seawater intrusion on the shallow coastal aquifer of Port Said, Egypt",Structural Change and Economic Dynamics
2023,April,SCOPUS,College of Business Administration,Scientific,Spatial Analysis of Accessibility to Urban Green Spaces in Northern Neighbourhoods of Riyadh,International Journal of e-Business Research
2023,April,SCOPUS,College of Business Administration,Scientific,"Multi-Criterion Analysis of Cyclone Risk along the Coast of Tamil Nadu, India-A Geospatial Approach",Journal of Cleaner Production
2023,April,SCOPUS,College of Business Administration,Scientific,"Multivariate statistical algorithms for landslide susceptibility assessment in Kailash Sacred landscape, Western Himalaya",Transport Policy
2023,July,WOS,College of Business Administration,Scientific,"An integrated quantitative and qualitative approach for landslide susceptibility mapping in West Sikkim district, Indian Himalaya",GEOLOGICAL JOURNAL
2023,August,WOS,College of Business Administration,Scientific,The expected environmental impact of the King Abdulaziz Public Transport Project in Riyadh on the level of air quality,ENVIRONMENT DEVELOPMENT AND SUSTAINABILITY
2023,September,wos,College of Business Administration,Scientific,An efficient privacy-preserving control mechanism based on blockchain for E-health applications,JOURNAL OF CLEANER PRODUCTION
2023,September,wos,College of Business Administration,Scientific,"Desertification hazards in the middle zone of Wadi Fatimah, West Saudi Arabia",FRONTIERS IN MEDICINE
2023,July,WOS,College of Business Administration,Scientific,"Prediction of coastal vulnerability with machine learning techniques, Mediterranean coast of Tangier-Tetouan, Morocco",RENEWABLE ENERGY
2023,July,WOS,College of Business Administration,Scientific,Prioritizing sub-watersheds for soil erosion using geospatial techniques based on morphometric and hypsometric analysis: a case study of the Indian Wyra River basin,8TH CONFERENCE OF THE SUSTAINABLE SOLUTIONS FOR ENERGY AND ENVIRONMENT EENVIRO 2022
2023,July,WOS,College of Business Administration,Scientific,Stent as a Novel Technology for Coronary Artery Disease and Their Clinical Manifestation,GONDWANA RESEARCH
2023,July,WOS,College of Business Administration,Scientific,The protection afforded by Berberine against chemotherapy-mediated nephropathy in rats involves regulation of the antioxidant axis,RESOURCES POLICY
2023,July,WOS,College of Business Administration,Scientific,Validity and reliability of the Arabic sedentary behavior questionnaire among university students aged between 18–30 years old,HUMAN CELL
2023,July,WOS,College of Business Administration,Scientific,Influence of Anticaking Agents and Storage Conditions on Quality Characteristics of Spray Dried Apricot Powder: Shelf Life Prediction Studies Using Guggenheim-Anderson-de Boer (GAB) Model,TECHNOVATION
2023,July,WOS,College of Business Administration,Scientific,Survival Analysis of Oncological Patients Using Machine Learning Method,JOURNAL OF RENEWABLE AND SUSTAINABLE ENERGY
2023,July,WOS,College of Business Administration,Scientific,Full Profiling of the Orange By-Products and Their Potential Effects with Chromium on Obesity Complications in Rats,JOURNAL OF ENVIRONMENTAL MANAGEMENT
2023,July,WOS,College of Business Administration,Scientific,Laccase Production from Local Biomass Using Solid State Fermentation,JOURNAL OF BIONIC ENGINEERING
2023,July,WOS,College of Business Administration,Scientific,The Skill Development of 21st Century Teachers on the Basis of Applying the Concepts of Instructional Design Skills,SUSTAINABILITY
2023,July,WOS,College of Business Administration,Scientific,Evaluation of the Usefulness of Fermented Liquid Organic Formulations and Manures for Improving the Soil Fertility and Productivity of Brinjal (Solanum melongena L.),MIDDLE EAST CURRENT PSYCHIATRY-MECPSYCH
2023,July,WOS,College of Business Administration,Scientific,Multiple Site Dissimilarities of Herbaceous Species Due to Coal Fly Ash Dumping Based Soil Heavy Metal Toxication,ECONOMIC ANALYSIS AND POLICY
2023,July,WOS,College of Business Administration,Scientific,"Structural, Optical and Dielectric Properties of Holmium-Doped Nickel-Cadmium Ferrite Nanoparticles Synthesized by Sol-Gel Auto-Combustion Method",CAAI TRANSACTIONS ON INTELLIGENCE TECHNOLOGY
2023,August,scopus,College of Business Administration,Scientific,Green buildings model: Impact of rigid polyurethane foam on indoor environment and sustainable development in energy sector,"Building Secure Business Models Through Blockchain Technology: Tactics, Methods, Limitations, and Performance"
2023,August,scopus,College of Business Administration,Scientific,Sugar-Sweetened Beverages Consumption in a Multi-Ethnic Population of Young Men and Association with Sociodemographic Characteristics and Obesity,Business Strategy and the Environment
2023,August,scopus,College of Business Administration,Scientific,What Are the Attitudes towards Changing Gender Roles within the Saudi Family?,Journal of Magnetism and Magnetic Materials
2023,August,scopus,College of Business Administration,Scientific,Enhanced adsorption of ceftriaxone antibiotics from water by mesoporous copper oxide nanosphere,Sustainability (Switzerland)
2023,August,scopus,College of Business Administration,Scientific,Nutraceutical Effect of Resveratrol on the Mammary Gland: Focusing on the NF-κb /Nrf2 Signaling Pathways,Economic Research-Ekonomska Istrazivanja 
2023,August,scopus,College of Business Administration,Scientific,Optimization of MHD Flow of Radiative Micropolar Nanofluid in a Channel by RSM: Sensitivity Analysis,"2nd International Conference on Business Analytics for Technology and Security, ICBATS 2023"
2023,August,scopus,College of Business Administration,Scientific,A Facile synthesis of Biaryl ketones in recyclable system: Triazenes as new coupling partners in the carbonylative Suzuki and Hiyama cross-coupling reactions using NFSac as CO source,"World Journal of Science, Technology and Sustainable Development"
2023,August,scopus,College of Business Administration,Scientific,Application of Deep Learning System Technology in Identification of Women’s Breast Cancer,Economic Research-Ekonomska Istrazivanja 
2023,August,scopus,College of Business Administration,Scientific,Comparison of Shelf-Life Extension of Capsicum (Capsicum annum) by Polyvinyl Acetate and Shellac Coating During Refrigerated Storage,"2nd International Conference on Business Analytics for Technology and Security, ICBATS 2023"
2023,August,scopus,College of Business Administration,Scientific,"COMPLEXATION OF SOME ALKALINE EARTH METALS WITH BIDENTATE URACIL LIGAND: SYNTHESIS, SPECTROSCOPIC AND ANTIMICROBIAL",Journal of Materials Research and Technology
2023,September,wos,College of Business Administration,Scientific,COVID-19 Lockdowns in Industrial Areas and Outdoor Climatology Indices,RESOURCES POLICY
2023,September,wos,College of Business Administration,Scientific,Development of Grain-Based Protein Rich Extruded Snack Foods Using D-Optimal Mixture Design,COGENT BUSINESS & MANAGEMENT
2023,September,wos,College of Business Administration,Scientific,Impedance Study of Temperature-Stable Relaxor Dielectrics in the System of BCT-BMT Ceramics,GONDWANA RESEARCH
2023,September,wos,College of Business Administration,Scientific,"Minerals and chelated-based manganese fertilization influences the productivity, uptake, and mobilization of manganese in wheat (Triticum aestivum L.) in sandy loam soils",SENSORS
2023,September,wos,College of Business Administration,Scientific,Nutraceutical Effect of Resveratrol on the Mammary Gland: Focusing on the NF-κb /Nrf2 Signaling Pathways,GEOLOGICAL JOURNAL
2023,September,wos,College of Business Administration,Scientific,Optimization of Milling Characteristics of Kodo and Little Millet for Development of Value-Added Products,RESOURCES POLICY
2023,September,wos,College of Business Administration,Scientific,Physicochemical and Microstructural Properties of Gluten-Free Noodles with Dietary Enriched Pumpkin Flour,RENEWABLE ENERGY
2023,September,wos,College of Business Administration,Scientific,"Synthesis, Spectroscopic Characterization and Thermal Studies of Polymer-Metal Complexes Derived from Modified Poly Styrene-Alt-(Maleic Anhydride) as a Prospects for Biomedical Applications",JOURNAL OF ENVIRONMENTAL MANAGEMENT
2023,September,wos,College of Business Administration,Scientific,Teaching 21st Century Skills: Understanding the Depth and Width of the Challenges to Shape Proactive Teacher Education Programmes,WORK EMPLOYMENT AND SOCIETY
2023,July,WOS,College of Business Administration,Scientific,The Protective Effect of 11-Keto-β-Boswellic Acid against Diabetic Cardiomyopathy in Rats Entails Activation of AMPK,WORK EMPLOYMENT AND SOCIETY
2023,August,WOS,College of Business Administration,Scientific,Tropylium-BF4 as Organocatalyst for Microwave-assisted Beckmann rearrangement in [TMG][BF4]: One-pot conversion of Ketones to Amides,SENSORS
2023,August,WOS,College of Business Administration,Scientific,Advances and Challenges for GWAS Analysis in Cardiac Diseases: A Focus on Coronary Artery Disease (CAD),HELIYON
2023,August,WOS,College of Business Administration,Scientific,Representations of girls and women in a Saudi Arabian family education curriculum: a content analysis,SUSTAINABILITY
2023,August,WOS,College of Business Administration,Scientific,"Anticancer Effects of Honey Varieties on Human Cells by Studying Some Physical Parameters, Hydrogen Peroxide Content, Catalase, Glucose Oxidase, and Microbial Activities",ASIA PACIFIC JOURNAL OF MANAGEMENT
2023,August,WOS,College of Business Administration,Scientific,Effects of varied nutrient regimes on soil health and long-term productivity in a rice-wheat system: insights from a 29-year study in the mollisols of the Himalayan Tarai region,IEEE TRANSACTIONS ON ENGINEERING MANAGEMENT
2023,August,WOS,College of Business Administration,Scientific,Synthesis of zeolitic imidazole framework-8 derived ZnCo layered double hydroxides for the removal of methylene blue from wastewater,INTERNATIONAL JOURNAL OF INTERACTIVE DESIGN AND MANUFACTURING - IJIDEM
2023,August,WOS,College of Business Administration,Scientific,Development and characterization of polyvinyl chloride/poly lactic acid blend based biodegradable polymeric films,RESOURCES POLICY
2023,August,WOS,College of Business Administration,Scientific,"Effectiveness of plant oil in stabilizing the antioxidants, phenolic compounds and antimicrobial effects of groundnut (Arachis hypogaea L) oil",TECHNOVATION
2023,August,WOS,College of Business Administration,Scientific,Evaluation of Inbred Maize (Zea mays L.) for Tolerance to Low Phosphorus at the Seedling Stage,RESOURCES POLICY
2023,August,WOS,College of Business Administration,Scientific,Examining maternal unmet needs and perception about autism-related services in Saudi Arabia,MANAGERIAL AND DECISION ECONOMICS
2023,August,WOS,College of Business Administration,Scientific,"Impact of Cobalt Doping on the Structural, Optical, and Dielectric Properties of MgAl2O4 Spinel Material",RESOURCES POLICY
2023,August,WOS,College of Business Administration,Scientific,Implications of minimum tillage and integrated nutrient management on yield and soil health of rice-lentil cropping system - being a resource conservation technology,BUSINESS STRATEGY AND THE ENVIRONMENT
2023,August,WOS,College of Business Administration,Scientific,"Neurotoxic Effect of Fipronil in Male Wistar Rats: Ameliorative Effect of L-Arginine and L-Carnitine (vol 10, 682, 2021)",MATERIALS
2023,August,WOS,College of Business Administration,Scientific,"Ochratoxin A oral mycotoxin and honey dietary intake effects on TNF-alpha immunology response, lactic acid bacteria microbial louds, ss-glucuronidase enzyme activity, some hematological and biochemical parameters on mice",SYMMETRY-BASEL
2023,August,WOS,College of Business Administration,Scientific,Precise macronutrient application can improve cane yield and nutrient uptake in widely spaced plant-ratoon cycles in the Indo-Gangetic plains of India,SYMMETRY-BASEL
2023,August,WOS,College of Business Administration,Scientific,Spatial Prediction of Soil Particle-Size Fractions Using Digital Soil Mapping in the North Eastern Region of India,JOURNAL OF THE TAIWAN INSTITUTE OF CHEMICAL ENGINEERS
2023,August,WOS,College of Business Administration,Scientific,The immunological effects against invasive aspergillosis disease on inbred mice after the dietary intake of honey varieties with the determination of diastase and invertase enzyme activities,JOURNAL OF BUSINESS RESEARCH
2023,August,WOS,College of Business Administration,Scientific,Utilization of Jamun Fruit (Syzygium cumini L.) for Value Added Food Products,RESOURCES POLICY
2023,September,wos,College of Business Administration,Scientific,"Yogurt fortified with enzyme-modified egg white lysozyme impact on sensory, physicochemical, and microbiological properties and potential for functional product development",BIOENGINEERING-BASEL
2023,September,wos,College of Business Administration,Scientific,"Analysis and characterization of opto-electronic properties of iron oxide (Fe2O3) with transition metals (Co, Ni) for the use in the photodetector application",JOURNAL OF RETAILING AND CONSUMER SERVICES
2023,September,wos,College of Business Administration,Scientific,"Anthropometry, bone mineral density and risk of breast cancer in premenopausal and postmenopausal Saudi women",TECHNOVATION
2023,September,wos,College of Business Administration,Scientific,Anxiety Disorder During in Person Examination in the Time of COVID-19 Among Princess Nourah University,SUSTAINABILITY
2023,September,wos,College of Business Administration,Scientific,"Nutritional values, Nutraceutical properties, and health benefits of Arabian Date Palme fruit",SUSTAINABILITY
2023,September,wos,College of Business Administration,Scientific,A Facile synthesis of Biaryl ketones in recyclable system: Triazenes as new coupling partners in the carbonylative Suzuki and Hiyama cross-coupling reactions using NFSac as CO source,COGENT BUSINESS & MANAGEMENT
2023,September,wos,College of Business Administration,Scientific,Advances and Challenges for GWAS Analysis in Cardiac Diseases: A Focus on Coronary Artery Disease (CAD),HUMAN CELL
2023,September,wos,College of Business Administration,Scientific,"Analysis and characterization of opto-electronic properties of iron oxide (Fe2O3) with transition metals (Co, Ni) for the use in the photodetector application",DIAGNOSTICS
2023,September,wos,College of Business Administration,Scientific,Bioactive Compounds (BACs): A Novel Approach to Treat and Prevent Cardiovascular Diseases,HELIYON
2023,October,WOS,College of Business Administration,Scientific,Evaluation of enzymatic and non-enzymatic antioxidant potential of sprouted indigenous legumes from Pakistan,NUMERICAL HEAT TRANSFER PART B-FUNDAMENTALS
2023,October,WOS,College of Business Administration,Scientific,Factors influencing special education teachers' self-efficacy to provide transitional services for students with disabilities,JOURNAL OF MAGNETISM AND MAGNETIC MATERIALS
2023,October,WOS,College of Business Administration,Scientific,Impedance Study of Temperature-Stable Relaxor Dielectrics in the System of BCT-BMT Ceramics,INTERNATIONAL JOURNAL OF INTERACTIVE DESIGN AND MANUFACTURING - IJIDEM
2023,October,WOS,College of Business Administration,Scientific,"Minerals and chelated-based manganese fertilization influences the productivity, uptake, and mobilization of manganese in wheat (Triticum aestivum L.) in sandy loam soils",RESOURCES POLICY
2023,October,WOS,College of Business Administration,Scientific,Representations of girls and women in a Saudi Arabian family education curriculum: a content analysis,TECHNOVATION
2023,October,WOS,College of Business Administration,Scientific,Synthesis of zeolitic imidazole framework-8 derived ZnCo layered double hydroxides for the removal of methylene blue from wastewater,RESOURCES POLICY
2023,October,WOS,College of Business Administration,Scientific,Tropylium-BF4 as Organocatalyst for Microwave-assisted Beckmann rearrangement in [TMG][BF4]: One-pot conversion of Ketones to Amides,MANAGERIAL AND DECISION ECONOMICS
2023,October,WOS,College of Business Administration,Scientific,"Detail computational study about the structural, electronic, optical, and mechanical properties of RbVX3 (Cl, Br, I) halide perovskite materials",ENVIRONMENTAL SCIENCE AND POLLUTION RESEARCH
2023,October,WOS,College of Business Administration,Scientific,Examining maternal unmet needs and perception about autism-related services in Saudi Arabia,JOURNAL OF SCIENTIFIC & INDUSTRIAL RESEARCH
2023,October,WOS,College of Business Administration,Scientific,"Impact of Cobalt Doping on the Structural, Optical, and Dielectric Properties of MgAl2O4 Spinel Material",RESOURCES POLICY
2023,October,WOS,College of Business Administration,Scientific,Implications of minimum tillage and integrated nutrient management on yield and soil health of rice-lentil cropping system - being a resource conservation technology,JOURNAL OF KNOWLEDGE MANAGEMENT
2023,October,WOS,College of Business Administration,Scientific,Monitoring the effect of integrated nutrient management practices on soil health in maize-based cropping system,BUSINESS STRATEGY AND THE ENVIRONMENT
2023,October,WOS,College of Business Administration,Scientific,Precise macronutrient application can improve cane yield and nutrient uptake in widely spaced plant-ratoon cycles in the Indo-Gangetic plains of India,SUSTAINABILITY
2023,October,WOS,College of Business Administration,Scientific,Synthesis of Symmetrical Biaryls by Copper-Catalysed Homocoupling of Aryltriazenes in Guanidinium Ionic Liquid,DIAGNOSTICS
2023,October,WOS,College of Business Administration,Scientific,The Effects of Cognitive Bias Modification on Hostile Interpretation Bias and Aggressive Behavior: A Systematic Review and Meta-analysis,PATHOLOGY RESEARCH AND PRACTICE
2023,October,WOS,College of Business Administration,Scientific,Using deep learning to analyze the psychological effects of COVID-19,SUSTAINABILITY
2023,October,WOS,College of Business Administration,Scientific,Utilization of Jamun Fruit (Syzygium cumini L.) for Value Added Food Products,ENVIRONMENT DEVELOPMENT AND SUSTAINABILITY
2023,November,wos,College of Business Administration,Scientific,Evaluation of enzymatic and non-enzymatic antioxidant potential of sprouted indigenous legumes from Pakistan,JOURNAL OF ENVIRONMENTAL MANAGEMENT
2023,November,wos,College of Business Administration,Scientific,"Exploring the structural, opto-electronics and elastic properties of fluoro-perovskites KXF3 (X = Ir, Rh): A first-principles study",AXIOMS
2023,November,wos,College of Business Administration,Scientific,Grape seed oil: health benefits and useful impacts on live stock performance and products quality,HELIYON
2023,November,wos,College of Business Administration,Scientific,Performance evaluation of different grown ber (Ziziphus mauritiana) cultivars under low-temperature storage,COGENT BUSINESS & MANAGEMENT
2023,November,wos,College of Business Administration,Scientific,Cultural Challenges of ERP Implementation in Middle-Eastern Oil & Gas Sector: An Action Research Approach,COGENT BUSINESS & MANAGEMENT
2023,November,wos,College of Business Administration,Scientific,Developing an Intelligent Cellular Structure Design for a UAV Wireless Communication Topology,SURFACE & COATINGS TECHNOLOGY
2023,November,wos,College of Business Administration,Scientific,Energy Model for Describing the Viscoelastic Behavior of Knitted Cotton Fabric During Relaxation,JOURNAL OF ENTERPRISE INFORMATION MANAGEMENT
2023,November,wos,College of Business Administration,Scientific,Developing an Intelligent Cellular Structure Design for a UAV Wireless Communication Topology,HELIYON
2023,September,wos,College of Business Administration,Scientific,Exploring the influence of social media on sustainable fashion consumption: A systematic literature review and future research agenda,DIAGNOSTICS
2023,September,wos,College of Business Administration,Scientific,ANALYZING THE EFFECTIVENESS OF VERBAL-VISUAL LEARNING STYLE RATING (VVLSR) USING EYE-TRACKING TECHNOLOGY,ASIA PACIFIC JOURNAL OF MANAGEMENT
2023,September,wos,College of Business Administration,Scientific,Co-creation Method: The Role of Arts towards Impacting the Quality of Well-bein,ECONOMIC ANALYSIS AND POLICY
2023,September,wos,College of Business Administration,Scientific,The Phenomenon of Wearing Traditional Fashion among Saudi Women,DIAGNOSTICS
2023,August,WOS,College of Business Administration,Scientific,The value of painting as a therapeutic tool in the treatment of anxiety/depression mental disorders,JOURNAL OF KNOWLEDGE MANAGEMENT
2023,December,Wos,College of Business Administration,Scientific,Exploring the influence of social media on sustainable fashion consumption: A systematic literature review and future research agenda,JOURNAL OF INTELLECTUAL CAPITAL
2023,December,Wos,College of Business Administration,Scientific,"Global emerging Omicron variant of SARS-CoV-2: Impacts, challenges and strategies",Journal of Intellectual Capital
2023,December,Wos,College of Business Administration,Scientific,The relationship between toxic leadership and organizational performance: the mediating effect of nurses' silence,Diagnostics
2023,December,Wos,College of Business Administration,Scientific,"Perception of nursing students from the Middle East about caring: A descriptive, comparative, cross-sectional study",HELIYON
2023,December,Wos,College of Business Administration,Scientific,"Psychogenetic, genetic and epigenetic mechanisms in Candida auris: Role in drug resistance",Journal of Environmental Management
2023,December,Wos,College of Business Administration,Scientific,SARS-CoV-2 infection and multi-organ system damage: A review,Journal of Environmental Management
2023,December,Wos,College of Business Administration,Scientific,An Analysis of Burnout among Female Nurse Educators in Saudi Arabia Using K-Means Clustering,Journal of Travel and Tourism Marketing
2023,December,Wos,College of Business Administration,Scientific,Attitudes toward Nursing Profession and Fear of Infectious Diseases among Undergraduate Nursing Students: A Cross-Sectional Study,SUSTAINABILITY
2023,December,Wos,College of Business Administration,Scientific,The Impact of Frailty and Geriatric Syndromes on the Quality of Life of Older Adults Receiving Home-Based Healthcare: A Cross-Sectional Survey,SUSTAINABILITY
2023,December,Wos,College of Business Administration,Scientific,The Relationship between Nursing Students' Smart Devices Addiction and Their Perception of Artificial Intelligence,Sustainability (Switzerland)
2023,December,Wos,College of Business Administration,Scientific,A Cross-sectional Study About Nurses' and Physicians' Experience of Disaster Management Preparedness Throughout COVID-19,HUMAN-CENTRIC COMPUTING AND INFORMATION SCIENCES
2023,August,WOS,College of Engineering,Scientific,Congruence of Effective Leadership Values between Nurse Leaders and Staff Nurses in a Multicultural Medical City in Saudi Arabia: A Sequential Mixed-Methods Study,KNOWLEDGE AND INFORMATION SYSTEMS
2023,August,WOS,College of Engineering,Scientific,Evaluating Nursing Staff Perception of Hospital Readiness for Continuity of Essential Health Care Services and Surge Capacity in Line With COVID-19,SYMMETRY-BASEL
2023,January,wos,College of Engineering,Scientific,Attitude of Parents of Children with Cerebral Palsy Towards COVID-19 Vaccination,JOURNAL OF THE INDIAN CHEMICAL SOCIETY
2023,January,scopus,College of Engineering,Scientific,Nursing Care and Barriers for Prevention of Venous Thromboembolism in Total Knee and Hip Arthroplasty Patients: A Qualitative Study,Multimedia Tools and Applications
2023,January,wos,College of Engineering,Scientific,"Acceptance, Advocacy, and Perception of Health Care Providers on COVID-19 Vaccine: Comparing Early Stage of COVID-19 Vaccination with Latter Stage in the Eastern Region of Saudi Arabia",JOURNAL OF THE INDIAN CHEMICAL SOCIETY
2023,January,scopus,College of Engineering,Scientific,Effectiveness of Nurse-Led Educational Intervention on Knowledge Regarding Management of Chronic Kidney Disease among Patients,Computer Systems Science and Engineering
2023,January,scopus,College of Engineering,Scientific,Healthcare providers screening for childhood abuse among adult patients in Saudi Arabia: A cross-sectional study,Green Energy and Technology
2023,January,wos,College of Engineering,Scientific,Maternal Voice Exposure and Its Effect on Premature Infants' Feeding Milestones: A Systematic Review,BIOMEDICAL SIGNAL PROCESSING AND CONTROL
2023,January,scopus,College of Engineering,Scientific,Patients' satisfaction with nursing care quality and associated factors: A cross-section study,Arabian Journal of Chemistry
2023,January,wos,College of Engineering,Scientific,"Psychological effects of COVID- 19 lockdown among Aseer residents, Saudi Arabia",COMPUTER SYSTEMS SCIENCE AND ENGINEERING
2023,January,scopus,College of Engineering,Scientific,Indicators of Healthcare Services Utilization among the Syrian Refugee Population in Jordan: An Observational Study,International Journal of Modern Physics B
2023,January,scopus,College of Engineering,Scientific,Exploring the Clinical Efficacy of Venous Thromboembolism Management in Saudi Arabian Hospitals: An Insight into Patient Outcomes,International Journal of Modern Physics B
2023,January,wos,College of Engineering,Scientific,Exploring the Impact of Private Companies' Participation in Health-Related Programs through Corporate Sustainable Reporting,CMC-COMPUTERS MATERIALS & CONTINUA
2023,January,wos,College of Engineering,Scientific,Knowledge Management and Sustainability Performance of Hospital Organisations: The Healthcare Managers’ Perspective,MODERN PHYSICS LETTERS B
2023,January,wos,College of Engineering,Scientific,Maternal Voice Exposure and Its Effect on Premature Infants' Feeding Milestones A Systematic Review,JOURNAL OF THE INDIAN CHEMICAL SOCIETY
2023,January,wos,College of Engineering,Scientific,A multicentre survey of asthma-related quality-of-life and treatment in Egypt during the COVID-19 pandemic,CMC-COMPUTERS MATERIALS & CONTINUA
2023,January,wos,College of Engineering,Scientific,Assessing the quality of nursing clinical placement: A quantitative cross-sectional study,CMC-COMPUTERS MATERIALS & CONTINUA
2023,January,wos,College of Engineering,Scientific,Exploring the Impact of Private Companies’ Participation in Health-Related Programs through Corporate Sustainable Reporting,COMPUTER SYSTEMS SCIENCE AND ENGINEERING
2023,January,wos,College of Engineering,Scientific,External validation of the parental attitude about childhood vaccination scale,INTELLIGENT AUTOMATION AND SOFT COMPUTING
2023,January,wos,College of Engineering,Scientific,Female Saudi nursing student perspectives on pursuing a career in home healthcare: a qualitative study,JOURNAL OF MAGNETISM AND MAGNETIC MATERIALS
2023,January,wos,College of Engineering,Scientific,"Incidence, knowledge, attitude and practice toward needle stick injury among nursing students in Saudi Arabia",JOURNAL OF THE INDIAN CHEMICAL SOCIETY
2023,January,scopus,College of Engineering,Scientific,Knowledge and Attitudes toward Human Papillomavirus and Vaccination: A Survey among Nursing Students in Saudi Arabia,Journal of the Indian Chemical Society
2023,May,wos,College of Engineering,Scientific,Knowledge Management and Sustainability Performance of Hospital Organisations: The Healthcare Managers’ Perspective,CHEMOSPHERE
2023,May,wos,College of Engineering,Scientific,Sleep Quality and Depressive Symptoms in Caregivers of Persons with Dementia: A Systematic Review,FRONTIERS IN MATERIALS
2023,May,wos,College of Engineering,Scientific,"Survey to measure the quality of life of patients with tuberculosis in Alexandria, Egypt: a cross-sectional study",MATHEMATICS
2023,May,wos,College of Engineering,Scientific,The nurses' touch: An irreplaceable component of caring,CANCERS
2023,May,scopus,College of Engineering,Scientific,The Relationship between Nursing Students’ Smart Devices Addiction and Their Perception of Artificial Intelligence,ZAMM Zeitschrift fur Angewandte Mathematik und Mechanik
2023,May,scopus,College of Engineering,Scientific,The relationship between toxic leadership and organizational performance: the mediating effect of nurses’ silence,Electronics (Switzerland)
2023,May,wos,College of Engineering,Scientific,"Medication Administration Error Perceptions Among Critical Care Nurses: A Cross-Sectional, Descriptive Study",COMPUTER SYSTEMS SCIENCE AND ENGINEERING
2023,May,wos,College of Engineering,Scientific,Formulation of fortified instant weaning food from Musa paradisiaca (banana) and Eleusine coracana,ARABIAN JOURNAL OF CHEMISTRY
2023,May,wos,College of Engineering,Scientific,Awareness of reporting practices and barriers to incident reporting among nurses,BIOMEDICINES
2023,May,scopus,College of Engineering,Scientific,Electronic health literacy and its association with lifestyle behavior among undergraduate students: A cross-sectional survey,Mathematics
2023,May,scopus,College of Engineering,Scientific,Assessing disparities in medical students' knowledge and attitude about monkeypox: a cross-sectional study of 27 countries across three continents,Journal of King Saud University - Computer and Information Sciences
2023,May,wos,College of Engineering,Scientific,"Long-term care facilities' response to the COVID-19 pandemic: An international, cross-sectional survey",IEEE ACCESS
2023,May,wos,College of Engineering,Scientific,Parental intention to vaccinate children against seasonal influenza in the Eastern Mediterranean region: A cross-sectional study using the health belief model,SYMMETRY-BASEL
2023,May,wos,College of Engineering,Scientific,The Experiences of Newly Graduated Nurses during Their First Year of Practice,MATHEMATICS
2023,May,scopus,College of Engineering,Scientific,The Internal Reliability and Construct Validity of the Evidence-Based Practice Questionnaire (EBPQ): Evidence from Healthcare Professionals in the Eastern Mediterranean Region,"Computers, Materials and Continua"
2023,May,wos,College of Engineering,Scientific,Attitudes towards death and dying among intensive care professionals: A cross-sectional design evaluating culture-related differential item functioning of the frommelt attitudes toward care of the dying instrument,LUBRICANTS
2023,May,scopus,College of Engineering,Scientific,Factors influencing job satisfaction and anticipated turnover among intensive care nurses in Saudi Arabia,ACS Omega
2023,May,wos,College of Engineering,Scientific,THE IMPACT OF COVID-19 PANDEMIC ON THE DEPRESSIVE SYMPTOMS AND QUALITY OF LIFE AMONG HEALTH WORKERS IN SAUDI ARABIA,MATERIALS
2023,May,wos,College of Engineering,Scientific,Assessing the quality of nursing clinical placement: A quantitative cross-sectional study,SUSTAINABILITY
2023,May,wos,College of Engineering,Scientific,Attitudes towards death and dying among intensive care professionals: A cross-sectional design evaluating culture-related differential item functioning of the frommelt attitudes toward care of the dying instrument,DIAGNOSTICS
2023,May,wos,College of Engineering,Scientific,Awareness of reporting practices and barriers to incident reporting among nurses,MODERN PHYSICS LETTERS B
2023,May,wos,College of Engineering,Scientific,Electronic health literacy and its association with lifestyle behavior among undergraduate students: A cross-sectional survey,RSC ADVANCES
2023,February,scopus,College of Engineering,Scientific,Female Saudi nursing student perspectives on pursuing a career in home healthcare: a qualitative study,Optics and Laser Technology
2023,February,scopus,College of Engineering,Scientific,Formulation of fortified instant weaning food from Musa paradisiaca (banana) and Eleusine coracana,Frontiers in Physics
2023,February,scopus,College of Engineering,Scientific,Knowledge and Attitudes toward Human Papillomavirus and Vaccination: A Survey among Nursing Students in Saudi Arabia,Journal of the Indian Chemical Society
2023,February,scopus,College of Engineering,Scientific,The nurses' touch: An irreplaceable component of caring,Measurement: Journal of the International Measurement Confederation
2023,February,scopus,College of Engineering,Scientific,The Quality of Life of Patients Living with a Urinary Catheter and Its Associated Factors: A Cross-Sectional Study in Egypt,International Journal of Modern Physics B
2023,February,scopus,College of Engineering,Scientific,Advanced machine learning techniques for cardiovascular disease early detection and diagnosis,Journal of Cleaner Production
2023,February,wos,College of Engineering,Scientific,Assessing disparities in medical students' knowledge and attitude about monkeypox: a cross-sectional study of 27 countries across three continents,HEALTHCARE
2023,February,wos,College of Engineering,Scientific,Co-creating an educational resource to promote the uptake of Skin-to-Skin Contact in Saudi Arabia,BIOENGINEERING-BASEL
2023,February,wos,College of Engineering,Scientific,Cultural and linguistic appropriateness of a web-based breastfeeding educational resource for Saudi women: Consensus development conference approach,STEEL AND COMPOSITE STRUCTURES
2023,February,wos,College of Engineering,Scientific,Examining Saudi Physicians' Approaches to Communicate Bad News and Bridging Generational Gaps,SUSTAINABILITY
2023,March,WOS,College of Engineering,Scientific,Healthcare providers as patients: COVID-19 experience,ELECTRONICS
2023,March,WOS,College of Engineering,Scientific,"Intention, Motivation, and Empowerment: Factors Associated with Seasonal Influenza Vaccination among Healthcare Workers (HCWs)",SUSTAINABILITY
2023,March,WOS,College of Engineering,Scientific,MoS2 modified g-C3N4 composite: A potential candidate for photocatalytic applications,FRONTIERS IN MATERIALS
2023,March,WOS,College of Engineering,Scientific,Parental intention to vaccinate children against seasonal influenza in the Eastern Mediterranean region: A cross-sectional study using the health belief model,IEEE Access
2023,March,scopus,College of Engineering,Scientific,The Internal Reliability and Construct Validity of the Evidence-Based Practice Questionnaire (EBPQ): Evidence from Healthcare Professionals in the Eastern Mediterranean Region,Computer Systems Science and Engineering
2023,March,WOS,College of Engineering,Scientific,Effect of total quality management intervention on nurse commitment and nurse performance: A quasi-experimental study,Electronics (Switzerland)
2023,March,WOS,College of Engineering,Scientific,Female Saudi nursing student perspectives on pursuing a career in home healthcare: a qualitative study,Mathematics
2023,March,WOS,College of Engineering,Scientific,Travel Demand Management in an Auto Dominated City: Can Travel Behaviour Be Nudged in the Kingdom of Saudi Arabia?,Cancers
2023,March,WOS,College of Engineering,Scientific,The Impact of Controlling Health Behavior on Awareness Levels to Limit the Spread of COVID-19,Journal of the Indian Chemical Society
2023,March,WOS,College of Engineering,Scientific,Relationship between emotional divorce and alexithymia among married women in Saudi Arabia,Mathematics
2023,March,scopus,College of Engineering,Scientific,Travel Demand Management in an Auto Dominated City: Can Travel Behaviour Be Nudged in the Kingdom of Saudi Arabia?,Computer Systems Science and Engineering
2023,March,WOS,College of Engineering,Scientific,Acemannan ameliorates STZ-activated diabetes by attenuating high glucose via inhibiting inflammatory cytokines and apoptosis pathway,Lubricants
2023,March,WOS,College of Engineering,Scientific,Erucic acid ameliorates the lipopolysaccharide-induced memory deficit in rats through inhibited inflammation cytokines expression/caspase 3/NF-κB pathways,Diagnostics
2023,March,scopus,College of Engineering,Scientific,miRNAs: novel noninvasive biomarkers as diagnostic and prognostic tools in neonatal sepsis,Applied Thermal Engineering
2023,March,WOS,College of Engineering,Scientific,Coeliac disease knowledge and treatment: Potential factors associated with adherence to gluten-free diet,BioNanoScience
2023,March,WOS,College of Engineering,Scientific,Effect of ultrasound assisted cleaning on pesticide removal and quality characteristics of Vitis vinifera leaves,Applied Sciences (Switzerland)
2023,March,scopus,College of Engineering,Scientific,Implementation strategies to support fall prevention interventions in long-term care facilities for older persons: a systematic review,Case Studies in Thermal Engineering
2023,March,WOS,College of Engineering,Scientific,"Agility Skills, Speed, Balance and CMJ Performance in Soccer: A Comparison of Players with and without a Hearing Impairment",Geomechanics and Engineering
2023,March,WOS,College of Engineering,Scientific,Effect of Gait Alteration on Fatigability during Walking in AdultWomen with High Body Fat Composition,Sustainability (Switzerland)
2023,April,SCOPUS,College of Engineering,Scientific,"Efficacy of Siwan Traditional Therapy on Erythrocyte Sedimentation Rate, Lipid Profile, and Atherogenic Index as Cardiac Risk Factors Related to Rheumatoid Arthritis",Waves in Random and Complex Media
2023,April,SCOPUS,College of Engineering,Scientific,Impact of Psychological Factors on Functional Performance among Patients with Chronic Obstructive Pulmonary Disease,Alexandria Engineering Journal
2023,April,SCOPUS,College of Engineering,Scientific,Virtual Behavioral Intervention to Promote Healthy Lifestyle Behaviors: A Feasibility RCT during COVID-19 Pandemic,Arabian Journal of Chemistry
2023,April,SCOPUS,College of Engineering,Scientific,Attitudes of Female Health Science Students and Recent Graduates toward the Care of the Dying in Saudi Arabia,Waves in Random and Complex Media
2023,April,SCOPUS,College of Engineering,Scientific,Normative reference values for Obstacles Test and Curb Test and their correlation with demographic characteristics: A cross-sectional study in Saudi children,Biomass Conversion and Biorefinery
2023,April,SCOPUS,College of Engineering,Scientific,Phytosomal gel of Manjistha extract (MJE) formulated and optimized with central composite design of Quality by Design (QbD),AIMS Mathematics
2023,April,SCOPUS,College of Engineering,Scientific,Predictors of long-term disability in multiple sclerosis patients using routine magnetic resonance imaging data: A 15-year retrospective study,Scientific Reports
2023,April,WOS,College of Engineering,Scientific,Prevalence of obesity among children and adolescents in Saudi Arabia: A multicenter population-based study,ZAMM-ZEITSCHRIFT FUR ANGEWANDTE MATHEMATIK UND MECHANIK
2023,April,WOS,College of Engineering,Scientific,Tele-Physical Activity Promotion Program among College Students during the COVID-19 Pandemic,FRONTIERS IN MATERIALS
2023,April,WOS,College of Engineering,Scientific,The Intersection of Health Rehabilitation Services with Quality of Life in Saudi Arabia: Current Status and Future Needs,SUSTAINABILITY
2023,June,WOS,College of Engineering,Scientific,Effect of ultrasound-enhanced bee venom on selected post inguinal hernioplasty complications: a single-blind randomized controlled trial,SENSORS
2023,June,WOS,College of Engineering,Scientific,Video clips of the Mediterranean Diet on YouTube TM: A social Media Content Analysis,INTERNATIONAL JOURNAL OF INTELLIGENT SYSTEMS
2023,June,WOS,College of Engineering,Scientific,Palatine Tonsil Measurements and Echogenicity during Tonsillitis Using Ultrasonography: A Case-Control Study,JOURNAL OF GRID COMPUTING
2023,June,WOS,College of Engineering,Scientific,Prevalence of Symptomatic Knee Osteoarthritis in Saudi Arabia and Associated Modifiable and Non-Modifiable Risk Factors: A Population-Based Cross-Sectional Study,INTERNATIONAL JOURNAL OF MODERN PHYSICS B
2023,June,WOS,College of Engineering,Scientific,"Formulation of Miconazole-Loaded Chitosan-Carbopol Vesicular Gel: Optimization to In Vitro Characterization, Irritation, and Antifungal Assessment",CHINESE JOURNAL OF PHYSICS
2023,June,WOS,College of Engineering,Scientific,Neuroprotective Effect of Barbaloin on Streptozotocin-Induced Cognitive Dysfunction in Rats via Inhibiting Cholinergic and Neuroinflammatory Cytokines Pathway-TNF-alpha/IL-1 beta/IL-6/NF-kappa B,DIAGNOSTICS
2023,June,WOS,College of Engineering,Scientific,Detecting cortical responses to continuous running speech using EEG data from only one channel,JOURNAL OF CLOUD COMPUTING-ADVANCES SYSTEMS AND APPLICATIONS
2023,June,WOS,College of Engineering,Scientific,Physical Activity and Screen Viewing Behaviors Among Children Aged 6-9 Years During the COVID-19 Pandemic,AIN SHAMS ENGINEERING JOURNAL
2023,June,scopus,College of Engineering,Scientific,Cochlear Implantation in Pediatrics: The Effect of Cochlear Coverage,Mathematics
2023,June,scopus,College of Engineering,Scientific,Collapsed photonic crystal fibre thermoluminescence dosimetry for external beam radiotherapy,ZAMM Zeitschrift fur Angewandte Mathematik und Mechanik
2023,June,scopus,College of Engineering,Scientific,Persistent Mullerian duct syndrome with polycystic ovary in a young adult: A rare case report,Electronics (Switzerland)
2023,June,WOS,College of Engineering,Scientific,Effect of Gait Alteration on Fatigability during Walking in Adult Women with High Body Fat Composition,INTERNATIONAL JOURNAL OF MODERN PHYSICS B
2023,June,WOS,College of Engineering,Scientific,Examining mindfulness and moral disengagement in doping: Perspective of Turkish wrestlers,INTELLIGENT AUTOMATION AND SOFT COMPUTING
2023,June,WOS,College of Engineering,Scientific,"High levels of back disability, not back pain, are associated with reduced physical activity across key activity domains",CASE STUDIES IN THERMAL ENGINEERING
2023,June,WOS,College of Engineering,Scientific,How Different Preparation Techniques Affect MRI-Induced Anxiety of MRI Patients: A Preliminary Study,CASE STUDIES IN THERMAL ENGINEERING
2023,June,WOS,College of Engineering,Scientific,Nursing Care and Barriers for Prevention of Venous Thromboembolism in Total Knee and Hip Arthroplasty Patients: A Qualitative Study,CASE STUDIES IN THERMAL ENGINEERING
2023,June,scopus,College of Engineering,Scientific,Photocatalytic BiVO4-Cement Composites for Dye Degradation,Journal of Magnetism and Magnetic Materials
2023,June,WOS,College of Engineering,Scientific,A brief body scan mindfulness practice has no positive effect on the recovery of heart rate variability and cognitive tasks in female professional basketball players,STRUCTURAL ENGINEERING AND MECHANICS
2023,June,scopus,College of Engineering,Scientific,"A preliminary exploration of attitudes, beliefs, and barriers to physical therapists' practices in ordering diagnostic imaging",Frontiers in Materials
2023,June,WOS,College of Engineering,Scientific,"Clinical Pharmacy Faculty Provision of Direct Patient Care, Challenges, and Opportunities",INTERNATIONAL JOURNAL OF MODERN PHYSICS B
2023,June,WOS,College of Engineering,Scientific,Effect of Gait Alteration on Fatigability during Walking in Adult Women with High Body Fat Composition,INTERNATIONAL JOURNAL OF MODERN PHYSICS B
2023,June,scopus,College of Engineering,Scientific,Effect of high intensity interval training on arterial stiffness in obese hypertensive women: a randomized controlled trial,Journal of the Indian Chemical Society
2023,July,WOS,College of Engineering,Scientific,Effectiveness of exergaming in reducing cancer-related fatigue among children with acute lymphoblastic leukemia: a randomized controlled trial,PROCESS SAFETY AND ENVIRONMENTAL PROTECTION
2023,July,WOS,College of Engineering,Scientific,Effectiveness of Interventions Promoting Physical Activity and Reducing Sedentary Behavior in Community-Dwelling Older Adults: An Umbrella Review With Application to Saudi Arabia,IEEE ACCESS
2023,July,WOS,College of Engineering,Scientific,Exploring the Influence of the Coronavirus Disease 2019 Pandemic on the Accessibility of Rehabilitation Services Provided to Children with Disabilities: A Cross-Sectional Study,CASE STUDIES IN THERMAL ENGINEERING
2023,July,WOS,College of Engineering,Scientific,"Genomic Characterization of Uropathogenic Escherichia coli Isolates from Tertiary Hospitals in Riyadh, Saudi Arabia",FRACTAL AND FRACTIONAL
2023,July,WOS,College of Engineering,Scientific,"Influence of an 8-Week Exercise Program on Physical, Emotional, and Mental Health in Saudi Adolescents: A Pilot Study",APPLIED SCIENCES-BASEL
2023,July,WOS,College of Engineering,Scientific,Methods to evaluate driving competence for people with acquired brain injury (ABI): A systematic review,INTERNATIONAL JOURNAL OF INTELLIGENT SYSTEMS
2023,August,WOS,College of Engineering,Scientific,Nanoparticles as Drug Delivery Systems: A Review of the Implication of Nanoparticles’ Physicochemical Properties on Responses in Biological Systems,APPLIED SCIENCES-BASEL
2023,August,WOS,College of Engineering,Scientific,Palatine Tonsil Measurements and Echogenicity during Tonsillitis Using Ultrasonography: A Case–Control Study,MATHEMATICS
2023,August,WOS,College of Engineering,Scientific,Silver Nanoparticles of Artemisia sieberi Extracts: Chemical Composition and Antimicrobial Activities,TRAITEMENT DU SIGNAL
2023,August,WOS,College of Engineering,Scientific,"Effect of alternate nostril breathing exercise on autonomic functions, ocular hypertension, and quality of life in elderly with systemic hypertension and high-tension primary open-angle glaucoma: Nose respiratory exercise in glaucoma",APPLIED SCIENCES-BASEL
2023,August,WOS,College of Engineering,Scientific,Palatine Tonsil Measurements among Healthy Sudanese Children Using Ultrasonography,APPLIED SCIENCES-BASEL
2023,August,WOS,College of Engineering,Scientific,Translation and population-based validation of the Arabic version of the brief resilience scale,CASE STUDIES IN THERMAL ENGINEERING
2023,August,WOS,College of Engineering,Scientific,Predictors of Consanguinity Marriage Decision in Saudi Arabia: A Pilot Study,HELIYON
2023,August,WOS,College of Engineering,Scientific,Septic Arthritis of the Knee in a Neonate: A Case Report,INFORMATION PROCESSING & MANAGEMENT
2023,August,scopus,College of Engineering,Scientific,Distribution of Chest Computed Tomography Findings in 202 Saudi Patients with COVID-19,Structural Engineering and Mechanics
2023,August,scopus,College of Engineering,Scientific,In Silico Screening and Anticancer-Apoptotic Evaluation of Newly Synthesized Thienopyrimidine/Sulfonamide Hybrids,Case Studies in Thermal Engineering
2023,August,scopus,College of Engineering,Scientific,Humeral length versus femur length for estimating fetal age in the third trimester using ultrasound among saudi fetuses,Journal of Magnetics
2023,August,scopus,College of Engineering,Scientific,Effect of Combined Electromagnetic Field and Plantar Flexion Resistance Exercise on Wound Healing in Patients with Venous Leg Ulcers: A Randomized Controlled Trial,Waves in Random and Complex Media
2023,August,scopus,College of Engineering,Scientific,ACTIVE SURVEILLANCE FOR SAFETY MONITORING OF COVID-19 VACCINES IN SAUDI ARABIA,Waves in Random and Complex Media
2023,August,scopus,College of Engineering,Scientific,"The influence of gender, media, and internet usage on adolescents' fast food perception and fluid intake",Waves in Random and Complex Media
2023,August,scopus,College of Engineering,Scientific,"A Systematic Review and Meta-analysis of Online Mindfulness-Based Interventions for University Students: An Examination of Psychological Distress and Well-being, and Attrition Rates",Waves in Random and Complex Media
2023,August,scopus,College of Engineering,Scientific,Barriers and facilitators affecting physical activity among adults in Saudi Arabia during COVID-19 quarantine,Journal of Magnetics
2023,August,scopus,College of Engineering,Scientific,"Translation, validity, and reliability of an Arabic version of the dietary questionnaire on nutrition knowledge, self-efficacy, and practice among Arab young adults","Computers, Materials and Continua"
2023,August,scopus,College of Engineering,Scientific,Could Plummer–Vinson Syndrome Be Associated with Celiac Disease?,Journal of Cloud Computing
2023,August,scopus,College of Engineering,Scientific,"The influence of a diabetes awareness program on diabetes knowledge, risk perception, and practices among university students",Alexandria Engineering Journal
2023,August,scopus,College of Engineering,Scientific,Distribution of Chest Computed Tomography Findings in 202 Saudi Patients with COVID-19,"2023 International Conference on Recent Advances in Electrical, Electronics and Digital Healthcare Technologies, REEDCON 2023"
2023,August,scopus,College of Engineering,Scientific,"Effect of alternate nostril breathing exercise on autonomic functions, ocular hypertension, and quality of life in elderly with systemic hypertension and high-tension primary open-angle glaucoma",Computer Systems Science and Engineering
2023,August,scopus,College of Engineering,Scientific,Effect of Combined Electromagnetic Field and Plantar Flexion Resistance Exercise on Wound Healing in Patients with Venous Leg Ulcers: A Randomized Controlled Trial,Applications of Neuromarketing in the Metaverse
2023,August,scopus,College of Engineering,Scientific,In Silico Screening and Anticancer-Apoptotic Evaluation of Newly Synthesized Thienopyrimidine/Sulfonamide Hybrids,"2023 International Conference on Recent Advances in Electrical, Electronics and Digital Healthcare Technologies, REEDCON 2023"
2023,September,wos,College of Engineering,Scientific,Septic Arthritis of the Knee in a Neonate: A Case Report,INTERNATIONAL JOURNAL OF INTELLIGENT SYSTEMS
2023,September,wos,College of Engineering,Scientific,A Literature Review on Cochlear Implant Activation: From Weeks to Hours,INTERNATIONAL JOURNAL OF INTELLIGENT SYSTEMS
2023,September,wos,College of Engineering,Scientific,Comparative effectiveness of 10-week equipment-based pilates and diaphragmatic breathing exercise on heart rate variability and pulmonary function in young adult healthy women with normal BMI - a quasi-experimental study,JOURNAL OF GRID COMPUTING
2023,September,wos,College of Engineering,Scientific,Computational intelligence modeling using Artificial Intelligence and optimization of processing of small-molecule API solubility in supercritical solvent,FRACTAL AND FRACTIONAL
2023,September,wos,College of Engineering,Scientific,Concurrent Aerobic and Strength Training with Caloric Restriction Reduces Insulin Resistance in Obese Premenopausal Women: A Randomized Controlled Trial,DIAGNOSTICS
2023,September,wos,College of Engineering,Scientific,Diagnostic Performance of Toluidine Blue Stain for Direct Wet Mount Detection of Cryptosporidium Oocysts: Qualitative and Quantitative Comparison to the Modified Ziehl-Neelsen Stain,DIAGNOSTICS
2023,September,wos,College of Engineering,Scientific,"Effect of aerobic exercise, slow deep breathing and mindfulness meditation on cortisol and glucose levels in women with type 2 diabetes mellitus: a randomized controlled trial",JOURNAL OF CLOUD COMPUTING-ADVANCES SYSTEMS AND APPLICATIONS
2023,September,wos,College of Engineering,Scientific,Effects of high-intensity interval training with an eccentric hamstring exercise program in futsal players: A randomized controlled trial,JOURNAL OF CLOUD COMPUTING-ADVANCES SYSTEMS AND APPLICATIONS
2023,September,wos,College of Engineering,Scientific,Identification of the Most Suitable Mobile Apps to Support Dietary Approaches to Stop Hypertension (DASH) Diet Self-Management: Systematic Search of App Stores and Content Analysis,CASE STUDIES IN THERMAL ENGINEERING
2023,September,wos,College of Engineering,Scientific,In Vitro Antiproliferative Apoptosis Induction and Cell Cycle Arrest Potential of Saudi Sidr Honey against Colorectal Cancer,CASE STUDIES IN THERMAL ENGINEERING
2023,September,wos,College of Engineering,Scientific,Investigation of Factors Affecting Shuttle Walking Performance at Increased Speed for Patients with Chronic Obstructive Pulmonary Disease,PROCESS SAFETY AND ENVIRONMENTAL PROTECTION
2023,September,wos,College of Engineering,Scientific,Loss to follow-up in a newborn hearing screening program in Saudi Arabia,JOURNAL OF KING SAUD UNIVERSITY-COMPUTER AND INFORMATION SCIENCES
2023,September,wos,College of Engineering,Scientific,"Machine learning as new approach for predicting of maxillary sinus volume, a sexual dimorphic study",APPLIED SCIENCES-BASEL
2023,September,wos,College of Engineering,Scientific,Maternal- and child-related risk factors for autism during the perinatal period,CANADIAN JOURNAL OF REMOTE SENSING
2023,September,wos,College of Engineering,Scientific,Palatine Tonsil Measurements among Healthy Sudanese Children Using Ultrasonography,INTERNATIONAL JOURNAL OF MODERN PHYSICS B
2023,September,wos,College of Engineering,Scientific,"The influence of a diabetes awareness program on diabetes knowledge, risk perception, and practices among university students",MICROMACHINES
2023,October,WOS,College of Engineering,Scientific,Theoretical investigations on the purification of petroleum using catalytic hydrodesulfurization process: AI Optimization of SO2 emission and process cost,KNOWLEDGE AND INFORMATION SYSTEMS
2023,October,WOS,College of Engineering,Scientific,Translation and population-based validation of the Arabic version of the brief resilience scale,PROCESSES
2023,October,WOS,College of Engineering,Scientific,A Combined Experimental and Computational Study of Novel Benzotriazinone Carboxamides as Alpha-Glucosidase Inhibitors,SENSORS
2023,October,WOS,College of Engineering,Scientific,A Literature Review on Cochlear Implant Activation: From Weeks to Hours,IET POWER ELECTRONICS
2023,October,WOS,College of Engineering,Scientific,Computational intelligence modeling using Artificial Intelligence and optimization of processing of small-molecule API solubility in supercritical solvent,SCIENTIFIC REPORTS
2023,October,WOS,College of Engineering,Scientific,Diagnostic Performance of Toluidine Blue Stain for Direct Wet Mount Detection of Cryptosporidium Oocysts: Qualitative and Quantitative Comparison to the Modified Ziehl-Neelsen Stain,HELIYON
2023,October,WOS,College of Engineering,Scientific,Effects of bariatric surgery and dietary interventions for obesity on brain neurotransmitter systems and metabolism: A systematic review of positron emission tomography (PET) and single-photon emission computed tomography (SPECT) studies,MATHEMATICS
2023,October,WOS,College of Engineering,Scientific,Effects of high-intensity interval training with an eccentric hamstring exercise program in futsal players: A randomized controlled trial,JOURNAL OF MAGNETISM AND MAGNETIC MATERIALS
2023,October,WOS,College of Engineering,Scientific,Exploring the Association between Nutritional Knowledge and Fruit and Vegetable Consumption among Young Adults: A Cross-sectional Study,INFORMATION TECHNOLOGY & PEOPLE
2023,October,WOS,College of Engineering,Scientific,Identification of the Most Suitable Mobile Apps to Support Dietary Approaches to Stop Hypertension (DASH) Diet Self-Management: Systematic Search of App Stores and Content Analysis,INFORMATION PROCESSING & MANAGEMENT
2023,December,Wos,College of Engineering,Scientific,In Vitro Antiproliferative Apoptosis Induction and Cell Cycle Arrest Potential of Saudi Sidr Honey against Colorectal Cancer,SUSTAINABILITY
2023,December,Wos,College of Engineering,Scientific,Liver Cancer Algorithm: A novel bio-inspired optimizer,"Computers, Materials and Continua"
2023,December,Wos,College of Engineering,Scientific,"Motor Coordination in Primary School Students: The Role of Age, Sex, and Physical Activity Participation in Turkey",IEEE Access
2023,December,Wos,College of Engineering,Scientific,"Staff knowledge, attitudes and confidence levels for fall preventions in older person long-term care facilities: a cross-sectional study",IEEE Access
2023,December,Wos,College of Engineering,Scientific,"The Effects of Combining Aerobic and Heavy Resistance Training on Body Composition, Muscle Hypertrophy, and Exercise Satisfaction in Physically Active Adults",SUSTAINABILITY
2023,December,Wos,College of Engineering,Scientific,A Scoping Review of Nutrition Education Interventions Applied in Prison Settings,IEEE Access
2023,January,scopus,College Of Languages,Humanitarian ,Behavioural economic interventions to reduce health care appointment non-attendance: a systematic review and meta-analysis,"Computers, Materials and Continua"
2023,January,scopus,College Of Languages,Humanitarian ,"Comprehensive analysis of research related to rehabilitation and COVID-19, hotspots, mapping, thematic evolution, trending topics, and future directions","Computers, Materials and Continua"
2023,January,scopus,College Of Languages,Humanitarian ,"Effects of Regular Exercise and Intermittent Fasting on Neurotransmitters, Inflammation, Oxidative Stress, and Brain-Derived Neurotrophic Factor in Cortex of Ovariectomized Rats","Computers, Materials and Continua"
2023,January,scopus,College Of Languages,Humanitarian ,"Esculeoside A Decreases Diabetic Cardiomyopathy in Streptozotocin-Treated Rats by Attenuating Oxidative Stress, Inflammation, Fibrosis, and Apoptosis: Impressive Role of Nrf2","Computers, Materials and Continua"
2023,April,SCOPUS,College Of Languages,Humanitarian ,"Knowledge, attitude, and practice of the Saudi population toward COVID-19 vaccination: A cross-sectional study",Intelligent Automation and Soft Computing
2023,April,SCOPUS,College Of Languages,Humanitarian ,Nutritional content and quality of processed gluten-free products,Theory and Practice in Language Studies
2023,April,SCOPUS,College Of Languages,Humanitarian ,Public policies to increase physical activity and reduce sedentary behavior: a narrative synthesis of reviews of reviews,Intelligent Automation and Soft Computing
2023,April,SCOPUS,College Of Languages,Humanitarian ,The insufficiency of recreational exercises in improving cardiovascular fitness: an investigation of ventricular systolic and diastolic parameters and left atrial mechanical functions,Academic Journal of Interdisciplinary Studies
2023,June,WOS,College Of Languages,Humanitarian ,Translation and population-based validation of the Arabic version of the brief resilience scale,INTELLIGENT AUTOMATION AND SOFT COMPUTING
2023,June,WOS,College Of Languages,Humanitarian ,What can functional brain imaging teach us about remission of type 2 diabetes?,CMC-COMPUTERS MATERIALS & CONTINUA
2023,November,wos,College Of Languages,Humanitarian ,A brief body scan mindfulness practice has no positive effect on the recovery of heart rate variability and cognitive tasks in female professional basketball players,ELECTRONICS
2023,September,wos,College Of Languages,Humanitarian ,Adoption of antenatal care conversation mapping among health care providers in Saudi Arabia: Application of the diffusion innovation theory,HUMANITIES & SOCIAL SCIENCES COMMUNICATIONS
2023,December,Wos,College Of Languages,Humanitarian ,Predictors of Consanguinity Marriage Decision in Saudi Arabia: A Pilot Study,MATHEMATICS
2023,December,Wos,College of Humanities and Social Sciences,Humanitarian ,Prevalence of polycystic ovary syndrome by ultrasound and it's relation with endometrial hyperplasic and depression,Neurodegenerative Diseases
2023,February,scopus,College of Humanities and Social Sciences,Humanitarian ,Psychometric properties of the Obstacles and Curb tests and their discriminative ability across functional levels in ambulatory children with spastic cerebral palsy,Journal of Sustainable Finance and Investment
2023,March,WOS,College of Humanities and Social Sciences,Humanitarian ,Public policies to increase physical activity and reduce sedentary behavior: a narrative synthesis of reviews of reviews,Atmosphere
2023,April,SCOPUS,College of Humanities and Social Sciences,Humanitarian ,Comparative Effectiveness of Apixaban and Rivaroxaban Lead-in Dosing in VTE Treatment: Observational Multicenter Real-World Study,Regional Studies in Marine Science
2023,April,SCOPUS,College of Humanities and Social Sciences,Humanitarian ,"Fabrication, assessment, and optimization of alendronate sodium nanoemulsion-based injectable in-situ gel formulation for management of osteoporosis",Journal of Educational and Social Research
2023,April,WOS,College of Humanities and Social Sciences,Humanitarian ,Mechanism of action of adrenergic drugs and recent updates,FORESTS
2023,April,SCOPUS,College of Humanities and Social Sciences,Humanitarian ,"Synthesis, biological evaluation and computational investigations of S-benzyl dithiocarbamates as the cholinesterase and monoamine oxidase inhibitors",Environmental Science and Pollution Research
2023,May,wos,College of Humanities and Social Sciences,Health-related / Medical,Design and cytotoxic evaluation via apoptotic and antiproliferative activity for novel 11(4-aminophenylamino)neocryptolepine on hepatocellular and colorectal cancer cells,ATMOSPHERE
2023,May,wos,College of Humanities and Social Sciences,Humanitarian ,Downregulation of NF-κB activation pathways using essential oil derived from Citrus pseudolimon: Anticancer and anti-inflammatory potential,REMOTE SENSING
2023,May,scopus,College of Humanities and Social Sciences,Humanitarian ,"The association between smartphone use and sleep quality, psychological distress, and loneliness among health care students and workers in Saudi Arabia",Geoscience Letters
2023,August,WOS,College of Humanities and Social Sciences,Humanitarian ,A New Anticancer Semisynthetic Theobromine Derivative Targeting EGFR Protein: CADDD Study,GEOMATICS NATURAL HAZARDS & RISK
2023,August,WOS,College of Humanities and Social Sciences,Humanitarian ,Informing a cost-effectiveness threshold for Saudi Arabia,COGNITIVE THERAPY AND RESEARCH
2023,August,scopus,College of Humanities and Social Sciences,Humanitarian ,Real-World Evaluation of the Safety and Effectiveness of Apixaban & Rivaroxaban Lead-in Dosing Compared to Parenteral Lead-in Dosing in the Treatment of Venous Thromboembolism: A Multi-Center Retrospective Cohort Study,Water (Switzerland)
2023,June,WOS,College of Humanities and Social Sciences,Humanitarian ,"The Role of LINC01564, RAMS11, CBX4 and TOP2A in Hepatocellular Carcinoma",ALEXANDRIA ENGINEERING JOURNAL
2023,June,WOS,College of Humanities and Social Sciences,Humanitarian ,The Therapeutic Application of Tamarix aphylla Extract Loaded Nanoemulsion Cream for Acid-Burn Wound Healing and Skin Regeneration,GEOSCIENCE LETTERS
2023,June,WOS,College of Humanities and Social Sciences,Humanitarian ,"Correction: The clinical outcomes of COVID-19 critically ill patients co-infected with other respiratory viruses: a multicenter, cohort study (BMC Infectious Diseases, (2023), 23, 1, (75), 10.1186/s12879-023-08010-8)",JOURNAL OF ARCHITECTURE AND PLANNING -KING SAUD UNIVERSITY
2023,June,WOS,College of Humanities and Social Sciences,Humanitarian ,Evaluation of Early Tocilizumab Effect on Multiorgan Dysfunction in Critically Ill Patients With COVID-19: A Propensity Score-Matched Study,SUSTAINABILITY
2023,July,SCOPUS,College of Humanities and Social Sciences,Humanitarian ,Fabrication of Celecoxib PVP Microparticles Stabilized by Gelucire 48/16 via Electrospraying for Enhanced Anti-Inflammatory Action,Regional Studies in Marine Science
2023,July,WOS,College of Humanities and Social Sciences,Humanitarian ,Incidence and Clinical Outcomes of New-Onset Atrial Fibrillation in Critically lll Patients with COVID-19: A Multicenter Cohort Study – New-Onset Atrial Fibrillation and COVID-19,FRONTIERS IN EARTH SCIENCE
2023,July,WOS,College of Humanities and Social Sciences,Humanitarian ,LC-MS/MS and GC/MS Profiling of Petroselinum sativum Hoffm. and Its Topical Application on Burn Wound Healing and Related Analgesic Potential in Rats,REGIONAL STUDIES IN MARINE SCIENCE
2023,July,WOS,College of Humanities and Social Sciences,Humanitarian ,Paracetamol and amoxicillin adsorptive removal from aqueous solution using phosphoric acid activated-carbon,APPLIED WATER SCIENCE
2023,July,WOS,College of Humanities and Social Sciences,Humanitarian ,Poly Lactic-Co-Glycolic Acid Nano-Carriers for Encapsulation and Controlled Release of Hydrophobic Drug to Enhance the Bioavailability and Antimicrobial Properties,OCEAN ENGINEERING
2023,July,SCOPUS,College of Humanities and Social Sciences,Humanitarian ,Protective Potential of Saussurea costus (Falc.) Lipsch. Roots against Cyclophosphamide-Induced Pulmonary Injury in Rats and Its In Vitro Antiviral Effect,Geoscience Letters
2023,July,WOS,College of Humanities and Social Sciences,Humanitarian ,Saliva Sampling in Therapeutic Drug Monitoring and Physiologically Based Pharmacokinetic Modeling: Review,EGYPTIAN JOURNAL OF REMOTE SENSING AND SPACE SCIENCES
2023,August,WOS,College of Humanities and Social Sciences,Humanitarian ,The Association of Smoking with Contact Dermatitis: A Cross-Sectional Study,ECOLOGICAL PROCESSES
2023,September,wos,College of Humanities and Social Sciences,Humanitarian ,"The clinical outcomes of COVID-19 critically ill patients co-infected with other respiratory viruses: a multicenter, cohort study",GEOSCIENCE LETTERS
2023,September,wos,College of Humanities and Social Sciences,Humanitarian ,The Level of Burden among Caregivers of Patients with Alzheimer's Disease in Saudi Arabia,GEOSCIENCE LETTERS
2023,September,wos,College of Humanities and Social Sciences,Humanitarian ,Mucosal Genes Expression in Inflammatory Bowel Disease Patients: New Insights,FRONTIERS IN EARTH SCIENCE
2023,September,wos,College of Humanities and Social Sciences,Humanitarian ,Echinocandin exposures in obese patients: A scoping review and clinical perspectives,JOURNAL OF ARCHITECTURE AND PLANNING -KING SAUD UNIVERSITY
2023,October,WOS,College of Humanities and Social Sciences,Humanitarian ,"Comparative Study on the Total Phenolics, Total Flavonoids, and Biological Activities of Papaver rhoeas L. Extracts from Different Geographical Regions of Morocco",ISPRS INTERNATIONAL JOURNAL OF GEO-INFORMATION
2023,October,WOS,College of Humanities and Social Sciences,Humanitarian ,A Retrospective Evaluation of Heart Rate Control of Nebivolol Compared to Bisoprolol in Patients with Coronary Slow-flow Syndrome,GEOMATICS NATURAL HAZARDS & RISK
2023,November,wos,College of Humanities and Social Sciences,Humanitarian ,Drug Standardization through Pharmacognostic Approaches and Estimation of Anticancer Potential of Chamomile (Matricaria chamomilla L.) using Prostate-Cancer cell lines: An In-vitro Study,GEOMATICS NATURAL HAZARDS & RISK
2023,November,wos,College of Humanities and Social Sciences,Humanitarian ,Prevalence and risk factors of non-adherence to antipsychotic medications in Saudi Arabia,INTERNATIONAL JOURNAL OF ENVIRONMENTAL SCIENCE AND TECHNOLOGY
2023,September,wos,College of Humanities and Social Sciences,Humanitarian ,Arginase I as a potential biomarker for immune check point inhibitor-induced immune-related adverse events,ALEXANDRIA ENGINEERING JOURNAL
2023,September,wos,College of Humanities and Social Sciences,Humanitarian ,"Optimization of a New Antioxidant Formulation Using a Simplex Lattice Mixture Design of Apium graveolens L., Coriandrum sativum L., and Petroselinum crispum M. Grown in Northern Morocco",EGYPTIAN JOURNAL OF REMOTE SENSING AND SPACE SCIENCES
2023,September,wos,College of Humanities and Social Sciences,Humanitarian ,Betulin prevents high fat diet-induced non-alcoholic fatty liver disease by mitigating oxidative stress and upregulating Nrf2 and SIRT1 in rats,ESTUARINE COASTAL AND SHELF SCIENCE
2023,September,wos,College of Humanities and Social Sciences,Humanitarian ,"Cross-cultural comparison of mental illness stigma and help-seeking attitudes: a multinational population-based study from 16 Arab countries and 10,036 individuals",APPLIED WATER SCIENCE
2023,December,Wos,College of Humanities and Social Sciences,Humanitarian ,"Identification of N-(4-acetyl-4,5-dihydro-5-(7,8,9-substituted-tetrazolo[1,5-a]-quinolin-4-yl)-1,3,4-thiadiazol-2-yl) acetamide derivatives as potential caspase-3 inhibitors via detailed computational investigations",EGYPTIAN JOURNAL OF REMOTE SENSING AND SPACE SCIENCES
2023,December,wos,College of Humanities and Social Sciences,Humanitarian ,"Synthesis, in vitro thymidine phosphorylase inhibitory activity and molecular docking study of novel pyridine-derived bis-oxadiazole bearing bis-schiff base derivatives",Clinical Optometry
2023,December,Wos,College of Humanities and Social Sciences,Humanitarian ,The effect of social media addiction on burnout among health-care students and professionals in Saudi Arabia,Frontiers in Psychology
2023,December,Wos,College of Humanities and Social Sciences,Humanitarian ,"Antiproliferative Activity, Multikinase Inhibition, Apoptosis- Inducing Effects and Molecular Docking of Novel Isatin-Purine Hybrids",Innovative Marketing
2023,June,WOS,College of Science,Scientific,"Comparative Study on the Total Phenolics, Total Flavonoids, and Biological Activities of Papaver rhoeas L. Extracts from Different Geographical Regions of Morocco",MATHEMATICS
2023,June,WOS,College of Science,Scientific,Effects of Pre-Treatments and Conservation Conditions on Seed Viability and Germination of Two Varieties of an Endangered Species Anacyclus pyrethrum (L.) Link (Asteraceae),RADIOCHIMICA ACTA
2023,June,WOS,College of Science,Scientific,"Identification of Compounds of Crocus sativus by GC-MS and HPLC/UV-ESI-MS and Evaluation of Their Antioxidant, Antimicrobial, Anticoagulant, and Antidiabetic Properties",RADIATION PHYSICS AND CHEMISTRY
2023,June,scopus,College of Science,Scientific,Impact of Synthesized Indoloquinoline Analog to Isolates from Cryptolepis sanguinolenta on Tumor Growth Inhibition and Hepatotoxicity in Ehrlich Solid Tumor-Bearing Female Mice,Symmetry
2023,June,scopus,College of Science,Scientific,In Vitro Antiviral Effect and Potential Neuroprotection of Salvadora persica L. Stem Bark Extract against Lipopolysaccharides-Induced Neuroinflammation in Mice: LC-ESI-MS/MS Analysis of the Methanol Extract,Mathematics
2023,June,scopus,College of Science,Scientific,Incidence and Clinical Outcomes of New-Onset Atrial Fibrillation in Critically lll Patients with COVID-19: A Multicenter Cohort Study - New-Onset Atrial Fibrillation and COVID-19,Environmental Research
2023,June,WOS,College of Science,Scientific,Long COVID and risk of erectile dysfunction in recovered patients from mild to moderate COVID-19,EPL
2023,June,WOS,College of Science,Scientific,Molecular modeling and DFT studies on the antioxidant activity of Centaurea scoparia flavonoids and molecular dynamics simulation of their interaction with beta-lactoglobulin,SMALL
2023,June,WOS,College of Science,Scientific,"Molecular Modeling and Synthesis of Indoline-2,3-dione-Based Benzene Sulfonamide Derivatives and Their Inhibitory Activity against ?-Glucosidase and ?-Amylase Enzymes",IEEE ACCESS
2023,June,WOS,College of Science,Scientific,Molluscicidal and Larvicidal Potency of N-Heterocylic Analogs against Biomophalaria alexandrina Snails and Schistosoma mansoni Larval Stages,AIN SHAMS ENGINEERING JOURNAL
2023,June,WOS,College of Science,Scientific,MULTIDIMENSIONAL REVERSE H?LDER INEQUALITY ON TIME SCALES,SCIENTIFIC REPORTS
2023,June,WOS,College of Science,Scientific,Obstructive Sleep Apnea Awareness Among Dentists in Saudi Arabia: A Cross-Sectional Study,OPTICAL MATERIALS
2023,June,scopus,College of Science,Scientific,Optimization of MHD Flow of Radiative Micropolar Nanofluid in a Channel by RSM: Sensitivity Analysis,Optical Materials
2023,June,WOS,College of Science,Scientific,Parameter Estimation and Squeezing of Superconducting Qubits in the Presence of Intrinsic Decoherence,SYMMETRY-BASEL
2023,June,WOS,College of Science,Scientific,"A novel thieno[2,3-d]pyrimidine derivative inhibiting vascular endothelial growth factor receptor-2: A story of computer-aided drug discovery",AXIOMS
2023,June,WOS,College of Science,Scientific,A quantitative perspective on the correlation between students' cumulative grade point average and their results in the Doctor of Pharmacy programme in Saudi Arabia,INTERNATIONAL JOURNAL OF BIOLOGICAL MACROMOLECULES
2023,June,WOS,College of Science,Scientific,Antibacterial Efficacy of N-(4-methylpyridin-2-yl) Thiophene-2-Carboxamide Analogues against Extended-Spectrum-β-Lactamase Producing Clinical Strain of Escherichia coli ST 131,AIMS MATHEMATICS
2023,June,WOS,College of Science,Scientific,Antibacterial wound dressing with hydrogel from chitosan and polyvinyl alcohol from the red cabbage extract loaded with silver nanoparticles,ACS OMEGA
2023,June,WOS,College of Science,Scientific,"Antiproliferative Activity, Multikinase Inhibition, Apoptosis- Inducing Effects and Molecular Docking of Novel Isatin–Purine Hybrids",JOURNAL OF MOLECULAR RECOGNITION
2023,June,WOS,College of Science,Scientific,"Bis-indole based triazine derivatives: Synthesis, characterization, in vitro b-glucuronidase anti- cancer and anti-bacterial evaluation along with in silico molecular docking and ADME analysis",INTERNATIONAL JOURNAL OF BIOLOGICAL MACROMOLECULES
2023,June,scopus,College of Science,Scientific,"Design, synthesis, antitumor evaluation, and molecular docking of novel pyrrolo[2,3-d]pyrimidine as multi-kinase inhibitors",Metabolites
2023,June,scopus,College of Science,Scientific,"Design, synthesis, docking, MD simulations, and anti-proliferative evaluation of thieno[2,3-d]pyrimidine derivatives as new EGFR inhibitors",International Journal of Numerical Methods for Heat and Fluid Flow
2023,June,WOS,College of Science,Scientific,Doxycycline's Potential Role in Reducing Thrombosis and Mortality in Critically Ill Patients With COVID-19: A Multicenter Cohort Study,RESULTS IN PHYSICS
2023,June,WOS,College of Science,Scientific,"Effect of an antimicrobial stewardship program in the prevention of antibiotic misuse in patients with spinal cord injury undergoing minor urologic procedures: a single-group, quasi-experiment study",ALEXANDRIA ENGINEERING JOURNAL
2023,June,WOS,College of Science,Scientific,New apoptotic anti-triple-negative breast cancer theobromine derivative inhibiting EGFRWT and EGFR(T790M): in silico and in vitro evaluation,FRACTALS-COMPLEX GEOMETRY PATTERNS AND SCALING IN NATURE AND SOCIETY
2023,June,WOS,College of Science,Scientific,"Novel benzoxazole-based thiosemicarbazide derivatives as new inhibitors of urease and β-Glucuronidase: Synthesis, in vivo anti-nematodal activity and ADMET prediction along with in silico study",RESULTS IN PHYSICS
2023,June,scopus,College of Science,Scientific,"Optimization of a New Antioxidant Formulation Using a Simplex Lattice Mixture Design of Apium graveolens L., Coriandrum sativum L., and Petroselinum crispum M. Grown in Northern Morocco",Symmetry
2023,June,WOS,College of Science,Scientific,Semi-synthesized anticancer theobromine derivatives targeting VEGFR-2: in silico and in vitro evaluations,WATER
2023,June,WOS,College of Science,Scientific,Severe Neutropenia and Hepatotoxicity After Carbimazole Drug Therapy for Hyperthyroidism in a Pediatric Patient: A Case Report,MICROORGANISMS
2023,June,scopus,College of Science,Scientific,"Synthesis and In Vitro alpha-Amylase and alpha-Glucosidase Dual Inhibitory Activities of 1,2,4-Triazole-Bearing bis-Hydrazone Derivatives and Their Molecular Docking Study",Symmetry
2023,June,WOS,College of Science,Scientific,"Synthesis, Characterization, and Antimicrobial and Nematicidal Activities of Chitosan-Based Silver-Doped Titanium Dioxide",OPEN CHEMISTRY
2023,June,scopus,College of Science,Scientific,Systematic review of economic evaluations of aromatase inhibitors in estrogen receptor-positive breast cancer: quality evaluation,Bioinorganic Chemistry and Applications
2023,June,WOS,College of Science,Scientific,The effect of oseltamivir use in critically ill patients with COVID-19: A multicenter propensity score-matched study,FRONTIERS IN NUTRITION
2023,June,WOS,College of Science,Scientific,"The influence of smartphone addiction, social media addiction and sleep quality on satisfaction with life among health care professionals in Saudi Arabia",INNATE IMMUNITY
2023,June,scopus,College of Science,Scientific,"The Psychological Antecedents to COVID-19 Vaccination among Community Pharmacists in Khartoum State, Sudan",Mathematical Methods in the Applied Sciences
2023,June,WOS,College of Science,Scientific,The potential beneficial role of Ginkgetin in doxorubicin-induced hepatotoxicity: Elucidating the underlying claim,FRONTIERS IN ENERGY RESEARCH
2023,June,scopus,College of Science,Scientific,Unravelling the antibacterial potential of biosynthesized selenium nanoparticles against Salmonella Typhimurium food pathogen: in vitro and in vivo investigation,Journal of Chemical Physics
2023,June,WOS,College of Science,Scientific,"Bis-indole based triazine derivatives: Synthesis, characterization, in vitro β-glucuronidase anti-cancer and anti-bacterial evaluation along with in silico molecular docking and ADME analysis",MOLECULAR BIOTECHNOLOGY
2023,June,WOS,College of Science,Scientific,In Vitro Cytotoxicity and In Vivo Antitumor Activity of Lipid Nanocapsules Loaded with Novel Pyridine Derivatives,BMC PLANT BIOLOGY
2023,June,WOS,College of Science,Scientific,The association between dementia and the risk of hypoglycaemia events among patients with diabetes mellitus: a propensity-score matched cohort analysis,INTERNATIONAL JOURNAL OF BIOLOGICAL MACROMOLECULES
2023,June,scopus,College of Science,Scientific,Development and Validation of Liquid Chromatography-Tandem Mass Spectrometry Method for Simultaneous Determination of Tramadol and Its Phase I and II Metabolites in Human Urine,Journal of Enzyme Inhibition and Medicinal Chemistry
2023,June,WOS,College of Science,Scientific,"Synthesis, Characterization, and Docking Study of Novel Thioureidophosphonate-Incorporated Silver Nanocomposites as Potent Antibacterial Agents",AIMS MATHEMATICS
2023,June,WOS,College of Science,Scientific,Assessment of Anti-Alzheimer Pursuit of Jambolan Fruit Extract and/or Choline against AlCl3 Toxicity in Rats,RSC ADVANCES
2023,June,scopus,College of Science,Scientific,Nematicidal Characterization of Newly Synthesized Thiazine Derivatives Using Caenorhabditis elegans as the Model Organism,Optik
2023,June,WOS,College of Science,Scientific,"New theobromine derivatives inhibiting VEGFR-2: design, synthesis, antiproliferative, docking and molecular dynamics simulations",RSC ADVANCES
2023,June,scopus,College of Science,Scientific,Evaluation of Tamarix nilotica Fractions in Combating Candida albicans Infections,Applied Sciences (Switzerland)
2023,June,WOS,College of Science,Scientific,"Uridine Derivatives: Synthesis, Biological Evaluation, and In Silico Studies as Antimicrobial and Anticancer Agents",FRONTIERS IN VETERINARY SCIENCE
2023,June,scopus,College of Science,Scientific,"Extraction, HPTLC Analysis and Antiobesity Activity of Jatropha tanjorensis and Fraxinus micrantha on High-Fat Diet Model in Rats",International Journal of Data Warehousing and Mining
2023,June,scopus,College of Science,Scientific,"Anticancer potentials of metformin loaded coconut oil nanoemulsion on MCF-7, HepG2 and HCT-116 cell lines",International Journal of Greenhouse Gas Control
2023,June,WOS,College of Science,Scientific,"Chromatographic Techniques for Assessment of Bisoprolol Fumarate and Perindopril Arginine in Solid Formulations under Various Stress Conditions and Application to Six Sigma, Content Uniformity, and Comparative Dissolution Approaches",JOURNAL OF MATERIALS SCIENCE-MATERIALS IN ELECTRONICS
2023,June,scopus,College of Science,Scientific,Clinical characteristics and dosing of apixaban and rivaroxaban for the management of venous thromboembolism: A multi-center retrospective observational study,Symmetry
2023,June,WOS,College of Science,Scientific,"Coding Therapeutic Nucleic Acids from Recombinant Proteins to Next-Generation Vaccines: Current Uses, Limitations, and Future Horizons",ACS OMEGA
2023,June,WOS,College of Science,Scientific,"Computer-Aided Drug Design of Novel Derivatives of 2-Amino-7,9-dihydro-8H-purin-8-one as Potent Pan-Janus JAK3 Inhibitors",ARCHIVES OF MICROBIOLOGY
2023,June,WOS,College of Science,Scientific,Controlled Size Oils Based Green Fabrication of Silver Nanoparticles for Photocatalytic and Antimicrobial Application,PEERJ
2023,June,WOS,College of Science,Scientific,"COVID-19 Vaccine Acceptance and Hesitancy among Migrants, Refugees, and Foreign Workers: A Systematic Review and Meta-Analysis",PLANTS-BASEL
2023,June,WOS,College of Science,Scientific,Data-driven models and comparison for correlation of pharmaceutical solubility in supercritical solvent based on pressure and temperature as inputs,PLANTS-BASEL
2023,June,WOS,College of Science,Scientific,"Design, synthesis, and anti-hepatocellular carcinoma of thiopyrimidine/chalcone hybrids as dual STAT3/STAT5 inhibitors",SCIENTIFIC REPORTS
2023,June,scopus,College of Science,Scientific,"Design, synthesis, anti-proliferative evaluation, docking, and MD simulation studies of new thieno [2,3-d]pyrimidines targeting VEGFR-2",Symmetry
2023,June,WOS,College of Science,Scientific,Development and characterisation of MMT-reinforced polyacrylonitrile-pullulan nanofibers for controlled permeation of isotretinoin,ADSORPTION SCIENCE & TECHNOLOGY
2023,June,WOS,College of Science,Scientific,"Development of canagliflozin nanocrystals sublingual tablets in the presence of sodium caprate permeability enhancer: formulation optimization, characterization, in-vitro, in silico, and in-vivo study",DESALINATION AND WATER TREATMENT
2023,June,scopus,College of Science,Scientific,"Eugenia sonderiana O. Berg leaves: Phytochemical characterization, evaluation of in vitro and in vivo antidiabetic effects, and structure-activity correlation",Zeitschrift fur Kristallographie - New Crystal Structures
2023,June,scopus,College of Science,Scientific,Evaluation of Physicians' Compliance With Secondary Prevention Among Ischemic Stroke Patients: A Retrospective Study,Mathematics
2023,June,WOS,College of Science,Scientific,Exploring the antibacterial potential of plant extracts and essential oils against Bacillus thermophilus in beet sugar for enhanced sucrose retention: a comparative assessment and implications,RADIATION PHYSICS AND CHEMISTRY
2023,June,WOS,College of Science,Scientific,"Identification of new theobromine-based derivatives as potent VEGFR-2 inhibitors: design, semi-synthesis, biological evaluation, and in silico studies",SUSTAINABILITY
2023,June,WOS,College of Science,Scientific,"In vitro and in silico evaluation of new thieno[2,3-d]pyrimidines as anti-cancer agents and apoptosis inducers targeting VEGFR-2",BULLETIN OF THE CHEMICAL SOCIETY OF ETHIOPIA
2023,June,WOS,College of Science,Scientific,"In-silico screening based on molecular simulations of 3,4-disubstituted pyrrolidine sulfonamides as selective and competitive GlyT1 inhibitors",INTERNATIONAL JOURNAL OF MOLECULAR SCIENCES
2023,June,WOS,College of Science,Scientific,"Isolation, characterization, development and evaluation of phytoconstituent based formulation for diabetic neuropathy",JOURNAL OF ENZYME INHIBITION AND MEDICINAL CHEMISTRY
2023,June,WOS,College of Science,Scientific,"Nanostructured lipid carriers of ivabradine hydrochloride: Optimization, characterization and in-vivo estimation for management of stable angina",KOREAN JOURNAL OF CHEMICAL ENGINEERING
2023,June,WOS,College of Science,Scientific,"Novel 2-Sulfanylquinazolin-4(3H)-one Derivatives as Multi-Kinase Inhibitors and Apoptosis Inducers: A Synthesis, Biological Evaluation, and Molecular Docking Study",INORGANIC CHEMISTRY COMMUNICATIONS
2023,June,WOS,College of Science,Scientific,"Novel 7-Deazapurine Incorporating Isatin Hybrid Compounds as Protein Kinase Inhibitors: Design, Synthesis, In Silico Studies, and Antiproliferative Evaluation",JOURNAL OF MATERIALS SCIENCE-MATERIALS IN ELECTRONICS
2023,June,WOS,College of Science,Scientific,Ocular Delivery of Bimatoprost-Loaded Solid Lipid Nanoparticles for Effective Management of Glaucoma,REACTIVE & FUNCTIONAL POLYMERS
2023,June,WOS,College of Science,Scientific,"Papaver rhoeas L. stem and flower extracts: Anti-struvite, anti-inflammatory, analgesic, and antidepressant activities",JOURNAL OF MOLECULAR LIQUIDS
2023,June,scopus,College of Science,Scientific,"Piperine-Loaded In Situ Gel: Formulation, In Vitro Characterization, and Clinical Evaluation against Periodontitis",Journal of Molecular Structure
2023,June,scopus,College of Science,Scientific,Preparation and Characterization of Patuletin-Loaded Chitosan Nanoparticles with Improved Selectivity and Safety Profiles for Anticancer Applications,Journal of Inorganic and Organometallic Polymers and Materials
2023,June,WOS,College of Science,Scientific,Quercetin and Ferulic Acid Elicit Estrogenic Activities In Vivo and In Silico,INTERNATIONAL JOURNAL OF MODERN PHYSICS B
2023,June,scopus,College of Science,Scientific,SARS-CoV-2 Vaccine-Induced Immune Responses Among Hematopoietic Stem Cell Transplant Recipients,Journal of Materials Research and Technology
2023,June,WOS,College of Science,Scientific,Solid lipid Lyo-Nanosuspension: A promising stabilized oral delivery system for the antihyperglycemic extract of mistletoe Plicosepalus acacia,ZEITSCHRIFT FUR PHYSIKALISCHE CHEMIE-INTERNATIONAL JOURNAL OF RESEARCH IN PHYSICAL CHEMISTRY & CHEMICAL PHYSICS
2023,June,WOS,College of Science,Scientific,"Synthesis, biological evaluation and molecular modelling of 3-Formyl-6-isopropylchromone derived thiosemicarbazones as a-glucosidase inhibitors",ANIMALS
2023,June,WOS,College of Science,Scientific,"Synthesis, DFT and molecular docking of novel (Z)-4-bromo-N-(4-butyl-3 (quinolin-3-yl)thiazol-2(3H)-ylidene)benzamide as elastase inhibitor",OPTICAL AND QUANTUM ELECTRONICS
2023,June,WOS,College of Science,Scientific,"Synthesis, Single Crystal XRD, In-Silico and In-Vitro Studies of Alkyl Substituted Acyl Thiourea as Carbonic Anhydrase Inhibitor",ACS OMEGA
2023,June,WOS,College of Science,Scientific,The Effect of Cerebrolysin in an Animal Model of Forebrain Ischemic-Reperfusion Injury: New Insights into the Activation of the Keap1/Nrf2/Antioxidant Signaling Pathway,OPTICAL AND QUANTUM ELECTRONICS
2023,June,WOS,College of Science,Scientific,"the remission rate, metabolic changes, and quality of life assessment among patients with type 2 diabetes post-bariatric surgery in Riyadh, Saudi Arabia",AGRICULTURE-BASEL
2023,June,WOS,College of Science,Scientific,Unveiling the antitumor potential of novel N-(substituted-phenyl)-8-methoxycoumarin-3-carboxamides as dual inhibitors of VEGFR2 kinase and cytochrome P450 for targeted treatment of hepatocellular carcinoma,SCIENTIFIC REPORTS
2023,June,WOS,College of Science,Scientific,When antivirals backfire: An evaluation of favipiravir's clinical outcomes in critically ill patients with COVID-19: A multicenter cohort study,ENVIRONMENTAL SCIENCE AND POLLUTION RESEARCH
2023,June,WOS,College of Science,Scientific,Thromboprophylaxis in Hospitalized Non-Critically Ill Patients With Mild-to-Moderate COVID-19 Infection: A Systematic Review and Meta-Analysis,PHYSICS OF FLUIDS
2023,June,WOS,College of Science,Scientific,Comparable bio-evaluation of curcumin and chitosan-encapsulated curcumin nanoparticles against the reprotoxic potential of fenpropathrin pyrethroid in rats: Genomic and morphometric prospectives,JOURNAL OF INORGANIC AND ORGANOMETALLIC POLYMERS AND MATERIALS
2023,June,WOS,College of Science,Scientific,Correlation Between Efficacy of Treatment with Anti-psychotics and Adherence in Schizophrenic Patients: A Cross-sectional Study in Saudi Arabia,ADVANCED COMPOSITES AND HYBRID MATERIALS
2023,June,WOS,College of Science,Scientific,The Impact of Midodrine Tapering Versus Nontapering Regimens on the Clinical Outcomes of Critically Ill Patients: A Retrospective Cohort Study,AXIOMS
2023,June,WOS,College of Science,Scientific,Antibacterial wound dressing with hydrogel from chitosan and polyvinyl alcohol from the red cabbage extract loaded with silver nanoparticles,POLISH JOURNAL OF ENVIRONMENTAL STUDIES
2023,June,scopus,College of Science,Scientific,Antiviral and antibacterial potential of electrosprayed PVA/PLGA nanoparticles loaded with chlorogenic acid for the management of coronavirus and Pseudomonas aeruginosa lung infection,New Astronomy
2023,June,scopus,College of Science,Scientific,Assessment of Anti-Alzheimer Pursuit of Jambolan Fruit Extract and/or Choline against AlCl3 Toxicity in Rats,Physica Status Solidi (B) Basic Research
2023,June,WOS,College of Science,Scientific,Comparable bio-evaluation of curcumin and chitosan-encapsulated curcumin nanoparticles against the reprotoxic potential of fenpropathrin pyrethroid in rats: Genomic and morphometric prospectives,FRONTIERS IN CELLULAR AND INFECTION MICROBIOLOGY
2023,June,WOS,College of Science,Scientific,Correlation Between Efficacy of Treatment with Anti-psychotics and Adherence in Schizophrenic Patients: A Cross-sectional Study in Saudi Arabia,JOURNAL OF ENERGY STORAGE
2023,June,scopus,College of Science,Scientific,"Design, synthesis, docking, MD simulations, and anti-proliferative evaluation of thieno[2,3-d]pyrimidine derivatives as new EGFR inhibitors",ACS Applied Materials and Interfaces
2023,June,WOS,College of Science,Scientific,Development and Validation of Liquid Chromatography-Tandem Mass Spectrometry Method for Simultaneous Determination of Tramadol and Its Phase I and II Metabolites in Human Urine,INORGANIC CHEMISTRY COMMUNICATIONS
2023,June,WOS,College of Science,Scientific,Doxycycline's Potential Role in Reducing Thrombosis and Mortality in Critically Ill Patients With COVID-19: A Multicenter Cohort Study,CHEMISTRYSELECT
2023,June,WOS,College of Science,Scientific,"Effect of an antimicrobial stewardship program in the prevention of antibiotic misuse in patients with spinal cord injury undergoing minor urologic procedures: a single-group, quasi-experiment study",INTERNATIONAL JOURNAL OF MODERN PHYSICS B
2023,June,WOS,College of Science,Scientific,Evaluation of Tamarix nilotica Fractions in Combating Candida albicans Infections,ENVIRONMENTAL RESEARCH
2023,June,WOS,College of Science,Scientific,"Extraction, HPTLC Analysis and Antiobesity Activity of Jatropha tanjorensis and Fraxinus micrantha on High-Fat Diet Model in Rats",ECOTOXICOLOGY AND ENVIRONMENTAL SAFETY
2023,June,scopus,College of Science,Scientific,"Fabrication, assessment, and optimization of alendronate sodium nanoemulsion-based injectable in-situ gel formulation for management of osteoporosis",Physica Scripta
2023,June,WOS,College of Science,Scientific,In Vitro Cytotoxicity and In Vivo Antitumor Activity of Lipid Nanocapsules Loaded with Novel Pyridine Derivatives,NUCLEAR ENGINEERING AND TECHNOLOGY
2023,June,WOS,College of Science,Scientific,"In vitro evaluation of novel mefenamic acid derivatives as potential a-glucosidase and urease inhibitors: Design, synthesis, in silico and cytotoxic studies",JOM
2023,June,WOS,College of Science,Scientific,Informing a cost-effectiveness threshold for Saudi Arabia,ZEITSCHRIFT FUR PHYSIKALISCHE CHEMIE-INTERNATIONAL JOURNAL OF RESEARCH IN PHYSICAL CHEMISTRY & CHEMICAL PHYSICS
2023,June,WOS,College of Science,Scientific,Nematicidal Characterization of Newly Synthesized Thiazine Derivatives Using Caenorhabditis elegans as the Model Organism,JOURNAL OF MATERIALS SCIENCE-MATERIALS IN ELECTRONICS
2023,June,WOS,College of Science,Scientific,New theobromine derivative as apoptotic anti-triple-negative breast cancer targeting EGFR protein: CADD story,JOURNAL OF MATERIALS SCIENCE-MATERIALS IN ELECTRONICS
2023,June,WOS,College of Science,Scientific,"New theobromine derivatives inhibiting VEGFR-2: design, synthesis, antiproliferative, docking and molecular dynamics simulations",PHYSICA STATUS SOLIDI A-APPLICATIONS AND MATERIALS SCIENCE
2023,June,WOS,College of Science,Scientific,Semi-synthesized anticancer theobromine derivatives targeting VEGFR-2: in silico and in vitro evaluations,ACS OMEGA
2023,June,WOS,College of Science,Scientific,Statistical optimization of tetrahydrocurcumin loaded solid lipid nanoparticles using Box Behnken design in the management of streptozotocin-induced diabetes mellitus,JOURNAL OF ALLOYS AND COMPOUNDS
2023,June,WOS,College of Science,Scientific,Survival implications vs. complications: unraveling the impact of vitamin D adjunctive use in critically ill patients with COVID-19-A multicenter cohort study,FRONTIERS IN MICROBIOLOGY
2023,June,WOS,College of Science,Scientific,"Synthesis and In Vitro alpha-Amylase and alpha-Glucosidase Dual Inhibitory Activities of 1,2,4-Triazole-Bearing bis-Hydrazone Derivatives and Their Molecular Docking Study",AXIOMS
2023,June,WOS,College of Science,Scientific,"Synthesis, Characterization, and Docking Study of Novel Thioureidophosphonate-Incorporated Silver Nanocomposites as Potent Antibacterial Agents",MATHEMATICS
2023,June,WOS,College of Science,Scientific,Systematic review of economic evaluations of aromatase inhibitors in estrogen receptor-positive breast cancer: quality evaluation,FRONTIERS IN BIOENGINEERING AND BIOTECHNOLOGY
2023,June,WOS,College of Science,Scientific,The association between dementia and the risk of hypoglycaemia events among patients with diabetes mellitus: a propensity-score matched cohort analysis,JOURNAL OF PHOTOCHEMISTRY AND PHOTOBIOLOGY A-CHEMISTRY
2023,June,WOS,College of Science,Scientific,The effect of oseltamivir use in critically ill patients with COVID-19: A multicenter propensity score-matched study,CRYSTALS
2023,June,WOS,College of Science,Scientific,The potential beneficial role of Ginkgetin in doxorubicin-induced hepatotoxicity: Elucidating the underlying claim,GREEN PROCESSING AND SYNTHESIS
2023,June,WOS,College of Science,Scientific,"Uridine Derivatives: Synthesis, Biological Evaluation, and In Silico Studies as Antimicrobial and Anticancer Agents",POLYMERS FOR ADVANCED TECHNOLOGIES
2023,June,WOS,College of Science,Scientific,When antivirals backfire: An evaluation of favipiravir's clinical outcomes in critically ill patients with COVID-19: A multicenter cohort study,SYMMETRY-BASEL
2023,June,WOS,College of Science,Scientific,Ameliorative Effect of Thymoquinone and Thymoquinone Nanoparticles against Diazinon-Induced Hepatic Injury in Rats: A Possible Protection Mechanism,JOURNAL OF MATERIALS SCIENCE-MATERIALS IN ELECTRONICS
2023,June,WOS,College of Science,Scientific,"Analysis of the Chemical Composition and Evaluation of the Antioxidant, Antimicrobial, Anticoagulant, and Antidiabetic Properties of Pistacia lentiscus from Boulemane as a Natural Nutraceutical Preservative",ADVANCED THEORY AND SIMULATIONS
2023,June,WOS,College of Science,Scientific,"Anticancer potentials of metformin loaded coconut oil nanoemulsion on MCF-7, HepG2 and HCT-116 cell lines",LIFE-BASEL
2023,June,WOS,College of Science,Scientific,Cardiovascular adverse events of antineoplastic monoclonal antibodies among cancer patients: real-world evidence from a tertiary healthcare system,APPLIED BIOLOGICAL CHEMISTRY
2023,June,WOS,College of Science,Scientific,Celecoxib-Loaded Cubosomal Nanoparticles as a Therapeutic Approach for Staphylococcus aureus In Vivo Infection,INTERNATIONAL JOURNAL OF NUMERICAL METHODS FOR HEAT & FLUID FLOW
2023,June,WOS,College of Science,Scientific,"Coding Therapeutic Nucleic Acids from Recombinant Proteins to Next-Generation Vaccines: Current Uses, Limitations, and Future Horizons",SILICON
2023,June,WOS,College of Science,Scientific,Comparative Study on the Phytochemical Characterization and Biological Activities of Azolla caroliniana and Azolla filiculoides: In Vitro Study,JOURNAL OF SAUDI CHEMICAL SOCIETY
2023,June,WOS,College of Science,Scientific,"Computer-Aided Drug Design of Novel Derivatives of 2-Amino-7,9-dihydro-8H-purin-8-one as Potent Pan-Janus JAK3 Inhibitors",MICROORGANISMS
2023,June,WOS,College of Science,Scientific,Computer-assisted drug discovery of potential natural inhibitors of the SARS-CoV-2 RNA-dependent RNA polymerase through a multi-phase in silico approach,AXIOMS
2023,June,WOS,College of Science,Scientific,Data-driven models and comparison for correlation of pharmaceutical solubility in supercritical solvent based on pressure and temperature as inputs,AIMS MATHEMATICS
2023,June,WOS,College of Science,Scientific,Design of novel anti-cancer agents targeting COX-2 inhibitors based on computational studies,MATERIALS CHEMISTRY AND PHYSICS
2023,June,WOS,College of Science,Scientific,"Design, semi-synthesis, anti-cancer assessment, docking, MD simulation, and DFT studies of novel theobromine-based derivatives as VEGFR-2 inhibitors and apoptosis inducers",INTERNATIONAL JOURNAL OF NUMERICAL METHODS FOR HEAT & FLUID FLOW
2023,June,WOS,College of Science,Scientific,"Design, synthesis, and anti-hepatocellular carcinoma of thiopyrimidine/chalcone hybrids as dual STAT3/STAT5 inhibitors",AIMS MATHEMATICS
2023,June,WOS,College of Science,Scientific,"Design, synthesis, anti-proliferative evaluation, docking, and MD simulation studies of new thieno [2,3-d]pyrimidines targeting VEGFR-2",MOLECULES
2023,June,WOS,College of Science,Scientific,Development and characterisation of MMT-reinforced polyacrylonitrile-pullulan nanofibers for controlled permeation of isotretinoin,PHYSIOLOGICAL AND MOLECULAR PLANT PATHOLOGY
2023,June,WOS,College of Science,Scientific,Development and Pharmacokinetic Evaluation of Novasomes for the Trans-nasal Delivery of Fluvoxamine Using Arachidonic Acid-Carboxymethyl Chitosan Conjugate,MOLECULAR PHYSICS
2023,June,WOS,College of Science,Scientific,"Development of canagliflozin nanocrystals sublingual tablets in the presence of sodium caprate permeability enhancer: formulation optimization, characterization, in-vitro, in silico, and in-vivo study",EMBO REPORTS
2023,June,WOS,College of Science,Scientific,Development of mechanistic-artificial intelligence model for simulation of numerical data of water flow in porous materials,PHYSICS OF FLUIDS
2023,June,WOS,College of Science,Scientific,"Discovery of new thieno[2,3-d]pyrimidines as EGFR tyrosine kinase inhibitors for cancer treatment",INTERNATIONAL JOURNAL OF ELECTROCHEMICAL SCIENCE
2023,June,WOS,College of Science,Scientific,"Eugenia sonderiana O. Berg leaves: Phytochemical characterization, evaluation of in vitro and in vivo antidiabetic effects, and structure-activity correlation",SYMMETRY-BASEL
2023,June,WOS,College of Science,Scientific,Evaluation of the use of methylprednisolone and dexamethasone in asthma critically ill patients with COVID-19: a multicenter cohort study,JOURNAL OF ELECTROANALYTICAL CHEMISTRY
2023,June,WOS,College of Science,Scientific,"Fabrication, Properties, and Stability of Oregano Essential Oil and Sodium Alginate-Based Wound-Healing Hydrogels",NANOTECHNOLOGY
2023,June,WOS,College of Science,Scientific,"Identification of new theobromine-based derivatives as potent VEGFR-2 inhibitors: design, semi-synthesis, biological evaluation, and in silico studies",MODERN PHYSICS LETTERS B
2023,June,WOS,College of Science,Scientific,"In vitro and in silico evaluation of new thieno[2,3-d]pyrimidines as anti-cancer agents and apoptosis inducers targeting VEGFR-2",ELECTROCHIMICA ACTA
2023,June,WOS,College of Science,Scientific,"Isolation, characterization, development and evaluation of phytoconstituent based formulation for diabetic neuropathy",CARBON LETTERS
2023,June,WOS,College of Science,Scientific,"Lutein Modulates Oxidative Stress, Inflammatory and Apoptotic Biomarkers Related to Di-(2-Ethylhexyl) Phthalate (DEHP) Hepato-Nephrotoxicity in Male Rats: Role of Nuclear Factor Kappa B",JOURNAL OF MATHEMATICS
2023,June,WOS,College of Science,Scientific,"Mechanistic Assessment of Anise Seeds and Clove Buds against the Neurotoxicity Caused by Metronidazole in Rats: Possible Role of Antioxidants, Neurotransmitters, and Cytokines",SCIENTIFIC REPORTS
2023,June,WOS,College of Science,Scientific,"Molecular overlay-guided design of new CDK2 inhibitor thiazepinopurines: Synthesis, anticancer, and mechanistic investigations",JOURNAL OF MOLECULAR LIQUIDS
2023,June,WOS,College of Science,Scientific,"Nanostructured lipid carriers of ivabradine hydrochloride: Optimization, characterization and in-vivo estimation for management of stable angina",MATHEMATICS
2023,June,WOS,College of Science,Scientific,New Insight on the Cytoprotective/Antioxidant Pathway Keap1/Nrf2/HO-1 Modulation by Ulva intestinalis Extract and Its Selenium Nanoparticles in Rats with Carrageenan-Induced Paw Edema,PHYSICS OF FLUIDS
2023,June,WOS,College of Science,Scientific,"Novel 7-Deazapurine Incorporating Isatin Hybrid Compounds as Protein Kinase Inhibitors: Design, Synthesis, In Silico Studies, and Antiproliferative Evaluation",PHYSICS OF FLUIDS
2023,June,WOS,College of Science,Scientific,"Phytochemical Analysis, Antioxidant, and Antihyperglycemic Activities of Crataegus monogyna Jacq Aqueous Extract",JOURNAL OF THE AUSTRALIAN CERAMIC SOCIETY
2023,June,WOS,College of Science,Scientific,Preparation and Characterization of Patuletin-Loaded Chitosan Nanoparticles with Improved Selectivity and Safety Profiles for Anticancer Applications,CHEMICAL PHYSICS LETTERS
2023,June,WOS,College of Science,Scientific,Protective Role of Betulinic Acid against Cisplatin-Induced Nephrotoxicity and Its Antibacterial Potential toward Uropathogenic Bacteria,SCIENTIFIC REPORTS
2023,June,WOS,College of Science,Scientific,Solid lipid Lyo-Nanosuspension: A promising stabilized oral delivery system for the antihyperglycemic extract of mistletoe Plicosepalus acacia,EUROPEAN PHYSICAL JOURNAL PLUS
2023,June,WOS,College of Science,Scientific,"Synthesis, biological evaluation and computer-aided discovery of new thiazolidine-2,4-dione derivatives as potential antitumor VEGFR-2 inhibitors",ENERGY TECHNOLOGY
2023,June,WOS,College of Science,Scientific,"Synthesis, biological evaluation and molecular modelling of 3-Formyl-6-isopropylchromone derived thiosemicarbazones as a-glucosidase inhibitors",MATERIALS SCIENCE AND ENGINEERING B-ADVANCED FUNCTIONAL SOLID-STATE MATERIALS
2023,June,WOS,College of Science,Scientific,"Synthesis, DFT and molecular docking of novel (Z)-4-bromo-N-(4-butyl-3 (quinolin-3-yl)thiazol-2(3H)-ylidene)benzamide as elastase inhibitor",JOURNAL OF INORGANIC AND ORGANOMETALLIC POLYMERS AND MATERIALS
2023,June,WOS,College of Science,Scientific,"Synthesis, in vitro biological analysis and molecular docking studies of new thiadiazole-based thiourea derivatives as dual inhibitors of a-amylase and a-glucosidase",ZEITSCHRIFT FUR PHYSIKALISCHE CHEMIE-INTERNATIONAL JOURNAL OF RESEARCH IN PHYSICAL CHEMISTRY & CHEMICAL PHYSICS
2023,June,WOS,College of Science,Scientific,"Synthesis, Single Crystal XRD, In-Silico and In-Vitro Studies of Alkyl Substituted Acyl Thiourea as Carbonic Anhydrase Inhibitor",MICROMACHINES
2023,June,WOS,College of Science,Scientific,The Effect of Cerebrolysin in an Animal Model of Forebrain Ischemic-Reperfusion Injury: New Insights into the Activation of the Keap1/Nrf2/Antioxidant Signaling Pathway,JOURNAL OF LUMINESCENCE
2023,June,WOS,College of Science,Scientific,Unveiling the antitumor potential of novel N-(substituted-phenyl)-8-methoxycoumarin-3-carboxamides as dual inhibitors of VEGFR2 kinase and cytochrome P450 for targeted treatment of hepatocellular carcinoma,FRONTIERS IN PHYSICS
2023,June,WOS,College of Science,Scientific,Antioxidant and Anti-Aging Phytoconstituents from Faucaria tuberculosa: In Vitro and In Silico Studies,SURFACES AND INTERFACES
2023,June,WOS,College of Science,Scientific,Antiviral and antibacterial potential of electrosprayed PVA/PLGA nanoparticles loaded with chlorogenic acid for the management of coronavirus and Pseudomonas aeruginosa lung infection,MICROORGANISMS
2023,June,WOS,College of Science,Scientific,Characterization and Bio-Evaluation of the Synergistic Effect of Simvastatin and Folic Acid as Wound Dressings on the Healing Process,IEEE ACCESS
2023,June,WOS,College of Science,Scientific,Curcumin Nanoemulsion: Unveiling Cardioprotective Effects via ACE Inhibition and Antioxidant Properties in Hypertensive Rats,OPEN CHEMISTRY
2023,June,WOS,College of Science,Scientific,"Design, synthesis, docking, MD simulations, and anti-proliferative evaluation of thieno[2,3-d]pyrimidine derivatives as new EGFR inhibitors",JOURNAL OF FUNCTION SPACES
2023,June,WOS,College of Science,Scientific,"Development of canagliflozin nanocrystals sublingual tablets in the presence of sodium caprate permeability enhancer: formulation optimization, characterization, in-vitro, in silico, and in-vivo study",JOURNAL OF MATERIALS SCIENCE-MATERIALS IN ELECTRONICS
2023,June,WOS,College of Science,Scientific,"Development, Characterization, and Burn Wound-Healing Potential of Neomycin-Loaded Clay-Reinforced Nanofibers",INTERNATIONAL JOURNAL OF NANOMEDICINE
2023,June,WOS,College of Science,Scientific,"Evaluation of the use of methylprednisolone and dexamethasone in asthma critically ill patients with COVID-19: a multicenter cohort study (vol 23, 92, 2023)",NEW ASTRONOMY
2023,June,WOS,College of Science,Scientific,"Exploration of Tilmicosin Cardiotoxicity in Rats and the Protecting Role of the Rhodiola rosea Extract: Potential Roles of Cytokines, Antioxidant, Apoptotic, and Anti-Fibrotic Pathways",MICROORGANISMS
2023,June,WOS,College of Science,Scientific,"Fabrication, assessment, and optimization of alendronate sodium nanoemulsion-based injectable in-situ gel formulation for management of osteoporosis",SYMMETRY-BASEL
2023,June,WOS,College of Science,Scientific,"Gene-editing technology, from macromolecule therapeutics to organ transplantation: Applications, limitations, and prospective uses",JOURNAL OF ALLOYS AND COMPOUNDS
2023,June,WOS,College of Science,Scientific,"Geospatial distribution of under-five mortality in Alexandria, Egypt: a cross-sectional survey",CRYSTALS
2023,June,WOS,College of Science,Scientific,Green Immobilized Silver Nanoparticles Over Mentha spicata Flower Extract Modified Reduced Graphene Oxide: Investigation of its Antioxidant and Anti-liver Cancer Effects,JOURNAL OF SOIL SCIENCE AND PLANT NUTRITION
2023,June,WOS,College of Science,Scientific,Identification of potential inhibitors against E.coli via novel approaches based on deep learning and quantum mechanics-based atomistic investigations,IEEE ACCESS
2023,June,WOS,College of Science,Scientific,Immunoinformatic exploration of a multi-epitope-based peptide vaccine candidate targeting emerging variants of SARS-CoV-2,INTERNATIONAL JOURNAL OF GEOMETRIC METHODS IN MODERN PHYSICS
2023,June,WOS,College of Science,Scientific,Informing a cost-effectiveness threshold for Saudi Arabia,FRACTAL AND FRACTIONAL
2023,June,WOS,College of Science,Scientific,Medicinal Chemistry Assignment Requiring Undergraduate Pharmacy Students To Utilize Free Web-Based Resources,AIMS MATHEMATICS
2023,June,WOS,College of Science,Scientific,"Phytochemical analysis, in vitro and in silico effects from Alstonia boonei De Wild stem bark on selected digestive enzymes and adipogenesis in 3T3-L1 preadipocytes ( vol 23 , 370 , 2023)",SYMMETRY-BASEL
2023,June,WOS,College of Science,Scientific,"Phytochemical Composition and Pharmacological Activities of Three Essential Oils Collected from Eastern Morocco (Origanum compactum, Salvia officinalis, and Syzygium aromaticum): A Comparative Study",ENGINEERING ANALYSIS WITH BOUNDARY ELEMENTS
2023,June,WOS,College of Science,Scientific,Plausible Protective Role of Encephalartos villosus Extract in Acetic-Acid-Induced Ulcerative Colitis in Rats,AXIOMS
2023,June,WOS,College of Science,Scientific,"Probing the multitargeting potential of n-hexane fraction of Gongronema latifolium leaves in neurodegeneration via in vitro, GC-MS and in silico studies",MATHEMATICS
2023,June,WOS,College of Science,Scientific,"QSAR, DFT studies, docking molecular and simulation dynamic molecular of 2-styrylquinoline derivatives through their anticancer activity",CRYSTALS
2023,June,WOS,College of Science,Scientific,"The Protective Potential of Petroselinum crispum (Mill.) Fuss. on Paracetamol-Induced Hepatio-Renal Toxicity and Antiproteinuric Effect: A Biochemical, Hematological, and Histopathological Study",JOURNAL OF INEQUALITIES AND APPLICATIONS
2023,June,WOS,College of Science,Scientific,"The use of Tocilizumab in COVID-19 critically ill patients with renal impairment: a multicenter, cohort study",CURRENT APPLIED PHYSICS
2023,June,WOS,College of Science,Scientific,"Discovery of new thieno[2,3-d]pyrimidines as EGFR tyrosine kinase inhibitors for cancer treatment",AIMS MATHEMATICS
2023,June,WOS,College of Science,Scientific,"Discovery of Novel Coumarin-Schiff Base Hybrids as Potential Acetylcholinesterase Inhibitors: Design, Synthesis, Enzyme Inhibition, and Computational Studies",JOURNAL OF SOLID STATE CHEMISTRY
2023,June,WOS,College of Science,Scientific,The Level of Burden among Caregivers of Patients with Alzheimer’s Disease in Saudi Arabia,CHINESE JOURNAL OF PHYSICS
2023,June,WOS,College of Science,Scientific,"Analysis of female pre-clinical students' readiness, academic performance and satisfaction in online learning: an assessment of quality for curriculum revision and future implementation",FRONTIERS IN CHEMISTRY
2023,June,WOS,College of Science,Scientific,Conservative Management of Giant Pyogenic Granuloma Post Strabismus Surgery: A Case Report and Literature Review,ARABIAN JOURNAL OF CHEMISTRY
2023,June,WOS,College of Science,Scientific,Defining Physician-Nurse Efforts toward Collaboration as Perceived by Medical Students,POLYCYCLIC AROMATIC COMPOUNDS
2023,June,WOS,College of Science,Scientific,"Enhancement of biochemical and genomic pathways through lycopene-loaded nano-liposomes: Alleviating insulin resistance, hepatic steatosis, and autophagy in obese rats with non-alcoholic fatty liver disease: Involvement of SMO, GLI-1, and PTCH-1 genes",JOURNAL OF ELECTRONIC MATERIALS
2023,June,WOS,College of Science,Scientific,"Exploring the therapeutic potential of galidesivir analogs against Zaire ebolavirus protein 24 (V24): database screening, molecular docking, drug-relevant property evaluation and molecular dynamics simulations",APPLIED RHEOLOGY
2023,June,WOS,College of Science,Scientific,Juvenile Recurrent Parotitis: An Eight-Year-Old Boy With a Painful Acute Right-Sided Parotid Swelling,STEEL AND COMPOSITE STRUCTURES
2023,June,WOS,College of Science,Scientific,Nephroprotective effects of Acacia senegal against aflatoxicosis via targeting inflammatory and apoptotic signaling pathways,GENES
2023,June,WOS,College of Science,Scientific,Neuroprotective Potential of Trachyspermum Ammi Essential Oil against Monosodium Glutamate Induced Excitotoxicity by Reducing Accumulation of & beta;-Amyloid,APPLIED SCIENCES-BASEL
2023,June,WOS,College of Science,Scientific,Ophthalmic Complications of Periorbital and Facial Aesthetic Procedures: A Literature Review,AXIOMS
2023,June,WOS,College of Science,Scientific,"Physicochemical attributes, antioxidant activity, and sensory responses of low-fat cheese supplemented with spray-dried Jamun juice (Syzygium cumini L.) powder",SYMMETRY-BASEL
2023,June,WOS,College of Science,Scientific,"Sesquiterpene nootkatone counteracted the melamine-induced neurotoxicity via repressing of oxidative stress, inflammatory, and apoptotic trajectories",ENVIRONMENTAL SCIENCE AND POLLUTION RESEARCH
2023,June,WOS,College of Science,Scientific,Single Nucleotide Polymorphisms Associated with Rheumatoid Arthritis in Saudi Patients,SYMMETRY-BASEL
2023,June,WOS,College of Science,Scientific,Study of the Drug-related Adverse Events with the Help of Electronic Health Records and Natural Language Processing,SUSTAINABILITY
2023,June,scopus,College of Science,Scientific,The cardioprotective effects of secoisolariciresinol diglucoside (flaxseed lignan) against cafeteria diet-induced cardiac fibrosis and vascular injury in rats: an insight into apelin/AMPK/FOXO3a signaling pathways,Symmetry
2023,June,WOS,College of Science,Scientific,The Effect of Sleeve Gastrectomy on Pregnancy Complications: A Cross-Sectional Study in Saudi Arabia,SCIENTIFIC REPORTS
2023,June,WOS,College of Science,Scientific,"Antibacterial and anti-inflammatory potential of three sea cucumber species from Tukuran, Zamboanga del Sur, Mindanao, Philippines",MICROSCOPY AND MICROANALYSIS
2023,June,WOS,College of Science,Scientific,Assessing the use of dupilumab in a pediatric patient with bullous congenital ichthyosiform erythroderma,FRONTIERS IN CHEMISTRY
2023,June,WOS,College of Science,Scientific,Beneficial effects of coconut oil (Cocos nucifera) on hematobiochemicl and histopathological markers in CCL4-intoxicated rabbits,CURRENT APPLIED PHYSICS
2023,June,WOS,College of Science,Scientific,Bioassessment of the inflammatory response of macrophages to collagen-chitosan scaffold blended with Aloe vera,OPTICAL MATERIALS
2023,June,WOS,College of Science,Scientific,Bridging the Gap: Pregnancy—And Lactation—Associated Osteoporosis,SURFACES AND INTERFACES
2023,June,WOS,College of Science,Scientific,"Correction to: prevalence of pelvic floor dysfunction: a Saudi national survey (BMC Women's Health, (2022), 22, 1, (27), 10.1186/s12905-022-01609-0)",AIMS MATHEMATICS
2023,June,WOS,College of Science,Scientific,Generalized keratosis pilaris induced by testosterone injections in a patient with CHARGE syndrome,MATERIALS SCIENCE AND ENGINEERING B-ADVANCED FUNCTIONAL SOLID-STATE MATERIALS
2023,June,WOS,College of Science,Scientific,The Effect of Endometrial Scratch on Pregnancy Rate in Women with Previous Intrauterine Insemination Failure: a Systematic Review and Meta-analysis of Randomized Controlled Trials,POLYMERS
2023,August,WOS,College of Science,Scientific,The role of preoperative opioid use in shoulder surgery—A systematic review,GLOBAL CHALLENGES
2023,August,WOS,College of Science,Scientific,Development of new TAK-285 derivatives as potent EGFR/HER2 inhibitors possessing antiproliferative effects against 22RV1 and PC3 prostate carcinoma cell lines,MATHEMATICS AND COMPUTERS IN SIMULATION
2023,August,WOS,College of Science,Scientific,"Differential effects of methanolic extracts of clove, ginger, garlic and eucalyptus essential oils on anti-parasitic partitivities of G. lamblia and E. histolytica: an in vitro study",CASE STUDIES IN THERMAL ENGINEERING
2023,August,WOS,College of Science,Scientific,Echocardiographic assessment of primary microvascular angina and primary coronary microvascular dysfunction,FRONTIERS IN PHARMACOLOGY
2023,August,WOS,College of Science,Scientific,Effect of nano-encapsulated food flavorings on streptozotocin-induced diabetic rats,CASE STUDIES IN THERMAL ENGINEERING
2023,August,WOS,College of Science,Scientific,Efficiency of Bone Marrow-Derived Mesenchymal Stem Cells and Hesperetin in the Treatment of Streptozotocin-Induced Type 1 Diabetes in Wistar Rats,SYMMETRY-BASEL
2023,August,WOS,College of Science,Scientific,"Enhancement of biochemical and genomic pathways through lycopene-loaded nano-liposomes: Alleviating insulin resistance, hepatic steatosis, and autophagy in obese rats with non-alcoholic fatty liver disease: Involvement of SMO, GLI-1, and PTCH-1 genes",AIP ADVANCES
2023,August,WOS,College of Science,Scientific,Forced Swimming-Induced Depressive-like Behavior and Anxiety Are Reduced by Chlorpheniramine via Suppression of Oxidative and Inflammatory Mediators and Activating the Nrf2-BDNF Signaling Pathway,EUROPEAN PHYSICAL JOURNAL PLUS
2023,August,WOS,College of Science,Scientific,Impact of COVID-19 on pediatric emergency fellowship training in Saudi Arabia,AXIOMS
2023,August,WOS,College of Science,Scientific,Liposome-Encapsulated Berberine Alleviates Liver Injury in Type 2 Diabetes via Promoting AMPK/mTOR-Mediated Autophagy and Reducing ER Stress: Morphometric and Immunohistochemical Scoring,MATHEMATICS
2023,August,WOS,College of Science,Scientific,Meloxicam Targets COX-2/NOX1/NOX4/Nrf2 Axis to Ameliorate the Depression-like Neuropathology Induced by Chronic Restraint Stress in Rats,RADIATION PHYSICS AND CHEMISTRY
2023,August,WOS,College of Science,Scientific,"Neuroprotective Impact of Linagliptin against Cadmium-Induced Cognitive Impairment and Neuropathological Aberrations: Targeting SIRT1/Nrf2 Axis, Apoptosis, and Autophagy",SYMMETRY-BASEL
2023,August,WOS,College of Science,Scientific,The Epidemiology of Prehospital Ambulance Crashes: A National Experience Across Saudi Red Crescent Authority,FRONTIERS IN PHYSICS
2023,August,WOS,College of Science,Scientific,"The involvement of antioxidant, stress, and immune-related genes in the responsive mechanisms of common carp (Cyprinus carpio) to hypersalinity exposure",FRONTIERS IN PLANT SCIENCE
2023,August,WOS,College of Science,Scientific,Work-related musculoskeletal symptoms among Saudi radiologists: a cross-sectional multi-centre study,JOURNAL OF MOLECULAR LIQUIDS
2023,August,WOS,College of Science,Scientific,A Systematic Review on the Clinical Pharmacokinetics of Cephalexin in Healthy and Diseased Populations,FRONTIERS IN MARINE SCIENCE
2023,August,WOS,College of Science,Scientific,An Examination of Infection Incidence and Management in Systemic Lupus Erythematosus Patients: A Five-Year Review from a Saudi Arabian Center,BIOLOGY-BASEL
2023,August,WOS,College of Science,Scientific,Anti-neutrophil cytoplasmic antibody associated vasculitis following rituximab: Outcomes of 50 patients in a tertiary single centre,DIAGNOSTICS
2023,August,WOS,College of Science,Scientific,"Chemical characterization, antioxidant and antidiabetic activities of a novel polyherbal formulation comprising of Hordeum vulgare, Elettaria cardamomum and Cicer arietinum extracts",SUSTAINABILITY
2023,August,WOS,College of Science,Scientific,Effect of nano-encapsulated food flavorings on streptozotocin-induced diabetic rats,OPEN CHEMISTRY
2023,August,WOS,College of Science,Scientific,Exploring the impact of chronic medical conditions on maternal mental health: A National Inpatient Sample analysis,JOURNAL OF BIOMOLECULAR STRUCTURE & DYNAMICS
2023,August,WOS,College of Science,Scientific,Global comparative transcriptomes uncover novel and population-specific gene expression in esophageal squamous cell carcinoma,RESULTS IN PHYSICS
2023,August,WOS,College of Science,Scientific,Green Synthesized Zinc Oxide Nanoparticles Attenuate Acrylamide-Induced Cardiac Injury via Controlling Endoplasmic Reticulum Stress-Associated Apoptosis Through ATF3/CHOP/BCL2 Signaling in Rats,JOURNAL OF RADIATION RESEARCH AND APPLIED SCIENCES
2023,August,WOS,College of Science,Scientific,In vitro anti-cancer and antimicrobial effects of manganese oxide nanoparticles synthesized using the Glycyrrhiza uralensis leaf extract on breast cancer cell lines,FRONTIERS IN PHYSICS
2023,August,WOS,College of Science,Scientific,Juvenile Recurrent Parotitis: An Eight-Year-Old Boy With a Painful Acute Right-Sided Parotid Swelling,JOURNAL OF NON-CRYSTALLINE SOLIDS
2023,August,WOS,College of Science,Scientific,Nootkatone Mitigated Melamine-Evoked Hepatotoxicity by Featuring Oxidative Stress and Inflammation Interconnected Mechanisms: In Vivo and In Silico Approaches,LIFE-BASEL
2023,August,WOS,College of Science,Scientific,"Physicochemical attributes, antioxidant activity, and sensory responses of low-fat cheese supplemented with spray-dried Jamun juice (Syzygium cumini L.) powder",MOLECULES
2023,August,WOS,College of Science,Scientific,Reversible Cerebral Vasoconstriction Syndrome and Raynaud's Phenomenon: Is There a Link between the Pathogeneses of Their Underlying Complex Etiology? A Case Report and Literature Review,ACS OMEGA
2023,August,WOS,College of Science,Scientific,"Sesquiterpene nootkatone counteracted the melamine-induced neurotoxicity via repressing of oxidative stress, inflammatory, and apoptotic trajectories",AXIOMS
2023,August,WOS,College of Science,Scientific,Single Nucleotide Polymorphisms Associated with Rheumatoid Arthritis in Saudi Patients,FRACTAL AND FRACTIONAL
2023,August,WOS,College of Science,Scientific,The association of hamstring tightness with lumbar lordosis and trunk flexibility in healthy individuals: gender analysis,SAUDI JOURNAL OF BIOLOGICAL SCIENCES
2023,August,WOS,College of Science,Scientific,Whole-Body Vibration Impacts on the Degree of Toe Angle and Its Correlation to the Knee Osteoarthritis Index during Level Walking among Female University Students: A Randomized Controlled Trial,PROCESS SAFETY AND ENVIRONMENTAL PROTECTION
2023,August,WOS,College of Science,Scientific,"Association of Inflammatory Cytokine Levels with Extra Glandular Manifestations, Fatigue, and Disease Activity in Primary Sjögren's Syndrome in Saudi Patients: A Cross-Sectional Study",INTERNATIONAL JOURNAL OF BIOLOGICAL MACROMOLECULES
2023,August,WOS,College of Science,Scientific,Development of new TAK-285 derivatives as potent EGFR/HER2 inhibitors possessing antiproliferative effects against 22RV1 and PC3 prostate carcinoma cell lines,ACTA GEOPHYSICA
2023,August,WOS,College of Science,Scientific,"Efficacy of Penicillium limosum Strain AK-7 Derived Bioactive Metabolites on Antimicrobial, Antioxidant, and Anticancer Activity against Human Ovarian Teratocarcinoma (PA-1) Cell Line",NANOTECHNOLOGY REVIEWS
2023,August,WOS,College of Science,Scientific,Exploring the Link between Maternal Hematological Disorders during Pregnancy and Neurological Development in Newborns: Mixed Cohort Study,JOURNAL OF HAZARDOUS MATERIALS
2023,August,WOS,College of Science,Scientific,Hepatoprotective role of emodin in chemical-induced liver injury histopathological study in mice model,EUROPEAN JOURNAL OF PLANT PATHOLOGY
2023,August,WOS,College of Science,Scientific,Identification of potential biomarkers for melanoma cancer (black tumor) using bioinformatics strategy: a study based on GEO and SRA datasets,AGRICULTURE-BASEL
2023,August,WOS,College of Science,Scientific,"Phytochemical properties and in-vitro cytotoxicity, genotoxicity and mutagenicity assessment of ethanolic and aqueous extracts of Argyrolobium roseum (Camb.)",PLANTS-BASEL
2023,August,WOS,College of Science,Scientific,"Phytoconstituents of Butterbur (P. japonicus), their metabolic pathway and ability to modulate bone morphogenic protein (BMP) signaling",FORTSCHRITTE DER PHYSIK-PROGRESS OF PHYSICS
2023,August,WOS,College of Science,Scientific,"The Association of Asthma with Anxiety, Depression, and Mild Cognitive Impairment among Middle-Aged and Elderly Individuals in Saudi Arabia",MATERIALS TODAY COMMUNICATIONS
2023,August,WOS,College of Science,Scientific,The Successful Management of Primary Amenorrhea in Woodhouse-Sakati Syndrome: A Case Report and a Literature Review,RADIATION PHYSICS AND CHEMISTRY
2023,August,WOS,College of Science,Scientific,Tranexamic acid versus misoprostol for management of postpartum hemorrhage: A systematic review and meta-analysis of randomized controlled trials,ARABIAN JOURNAL OF CHEMISTRY
2023,August,WOS,College of Science,Scientific,Ulcerative Colitis Flare Post Isotretinoin Use: A Case Report,LASER PHYSICS LETTERS
2023,August,WOS,College of Science,Scientific,A founder DBR1 variant causes a lethal form of congenital ichthyosis,MATERIALS
2023,August,WOS,College of Science,Scientific,Age and Gender-Specific Pattern of Cardiovascular Disease Risk Factors in Saudi Arabia: A Subgroup Analysis from the Heart Health Promotion Study,SCIENTIFIC REPORTS
2023,August,WOS,College of Science,Scientific,"Biofabrication of silver nanoparticles employing biomolecules of Paraclostridium benzoelyticum strain: Its characterization and their in-vitro antibacterial, anti-aging, anti-cancer and other biomedical applications",MICROMACHINES
2023,August,WOS,College of Science,Scientific,"Buspirone attenuated methotrexate-induced hippocampal toxicity in rats by regulating Nrf2/HO-1, PPAR-& gamma;, NF-& kappa;B/nNOS, and ROS/NLRP3/caspase-1 signaling pathways",MOLECULES
2023,August,WOS,College of Science,Scientific,Cardiovascular Mortality in Ovarian Cancer Patients: An Analysis of Patient Characteristics Using the SEER Database,AIP ADVANCES
2023,August,WOS,College of Science,Scientific,Cervical Osmotic Dilators versus Dinoprostone for Cervical Ripening during Labor Induction: A Systematic Review and Meta-analysis of 14 Controlled Trials,SPECTROCHIMICA ACTA PART A-MOLECULAR AND BIOMOLECULAR SPECTROSCOPY
2023,August,WOS,College of Science,Scientific,Connecting the dots? Entrepreneurial ecosystems and sustainable entrepreneurship as pathways to sustainability,INTERNATIONAL JOURNAL OF QUANTUM CHEMISTRY
2023,August,scopus,College of Science,Scientific,"Phytochemical properties and in-vitro cytotoxicity, genotoxicity and mutagenicity assessment of ethanolic and aqueous extracts of Argyrolobium roseum (Camb.)",Brazilian Journal of Biology
2023,August,scopus,College of Science,Scientific,"Phytoconstituents of Butterbur (P. japonicus), their metabolic pathway and ability to modulate bone morphogenic protein (BMP) signaling",Networks and Heterogeneous Media
2023,August,scopus,College of Science,Scientific,Assembling a Cinnamyl Pharmacophore in the C3-Position of Substituted Isatins via Microwave-Assisted Synthesis: Development of a New Class of Monoamine Oxidase-B Inhibitors for the Treatment of Parkinson's Disease,Bioscience Reports
2023,September,wos,College of Science,Scientific,Neuroendocrine adaptations to starvation,PLOS ONE
2023,September,wos,College of Science,Scientific,Curcumin nanoparticles as a natural antioxidant and antimicrobial preservative against foodborne pathogens in processed chicken fingers,CURRENT MICROBIOLOGY
2023,September,wos,College of Science,Scientific,Experimental - Theoretical approach for determination of Metformin solubility in supercritical carbon dioxide: Thermodynamic modeling,MATERIALS TODAY COMMUNICATIONS
2023,September,wos,College of Science,Scientific,Green processing based on supercritical carbon dioxide for preparation of nanomedicine: Model development using machine learning and experimental validation,FRONTIERS IN CARDIOVASCULAR MEDICINE
2023,September,wos,College of Science,Scientific,Knowledge Management and Sustainability Performance of Hospital Organisations: The Healthcare Managers' Perspective,BIOMEDICINE & PHARMACOTHERAPY
2023,September,wos,College of Science,Scientific,Palliative effect of Moringa olifera-mediated zinc oxide nanoparticles against acrylamide-induced neurotoxicity in rats,JOURNAL OF PERSONALIZED MEDICINE
2023,September,wos,College of Science,Scientific,RNA-Seq revealed the effect of adding different proportions of wheat diet on fat metabolism of Tibetan lamb,INNATE IMMUNITY
2023,September,wos,College of Science,Scientific,"Saudi Women’s Breastfeeding Knowledge, Attitude, and Practices: A Systematic Review and Meta-analysis",FRONTIERS IN MICROBIOLOGY
2023,September,wos,College of Science,Scientific,Theoretical modeling study on preparation of nanosized drugs using supercritical-based processing: Determination of solubility of Chlorothiazide in supercritical carbon dioxide,NEUROPEPTIDES
2023,September,wos,College of Science,Scientific,Vitamin D protects against depression: Evidence from an umbrella meta-analysis on interventional and observational meta-analyses,MOLECULAR BIOTECHNOLOGY
2023,September,wos,College of Science,Scientific,Analysis of Emergency Department Use by Non-Urgent Patients and Their Visit Characteristics at an Academic Center,ACS OMEGA
2023,September,wos,College of Science,Scientific,The preoperative risk factors for hematoma development following postbariatric abdominoplasty: a retrospective analysis of 178 patients,MEDICINA-LITHUANIA
2023,September,wos,College of Science,Scientific,Updates on Epstein–Barr Virus (EBV)-Associated Nasopharyngeal Carcinoma: Emphasis on the Latent Gene Products of EBV,JOURNAL OF MACROMOLECULAR SCIENCE PART B-PHYSICS
2023,September,wos,College of Science,Scientific,"Design, Synthesis, Biological Evaluation, and Molecular Dynamics Studies of Novel Lapatinib Derivatives",RSC ADVANCES
2023,September,wos,College of Science,Scientific,Encounter glaucoma decision Aid trial,RESULTS IN PHYSICS
2023,September,wos,College of Science,Scientific,Polycystic ovary syndrome preceding the diagnosis of acromegaly: a retrospective study in 97 reproductive-aged women,ARCHIVES OF MICROBIOLOGY
2023,September,wos,College of Science,Scientific,Assessment of Saudi Society's Knowledge Regarding Hypothyroidism and Its Neuropsychiatric Clinical Manifestations,ACS OMEGA
2023,September,wos,College of Science,Scientific,Designing the Architecture of a Convolutional Neural Network Automatically for Diabetic Retinopathy Diagnosis,PLANTS-BASEL
2023,September,wos,College of Science,Scientific,Metabolome and microbiome analysis revealed the effect mechanism of different feeding modes on the meat quality of Black Tibetan sheep,MICROMACHINES
2023,September,wos,College of Science,Scientific,Natural Ghee Enhances the Biochemical and Immunohistochemical Reproductive Performance of Female Rabbits,BIOMEDICINES
2023,September,wos,College of Science,Scientific,Review on Diagnosis and Management Approach of Multiple Sclerosis,ENVIRONMENTAL RESEARCH
2023,September,wos,College of Science,Scientific,Review on Diagnosis and Management of Cauda Equina,JOURNAL OF ENZYME INHIBITION AND MEDICINAL CHEMISTRY
2023,September,wos,College of Science,Scientific,In Vitro Anticancer Activity of Novel Ciprofloxacin Mannich Base in Lung Adenocarcinoma and High-Grade Serous Ovarian Cancer Cell Lines via Attenuating MAPK Signaling Pathway,JOURNAL OF ENZYME INHIBITION AND MEDICINAL CHEMISTRY
2023,September,wos,College of Science,Scientific,Anti-plasmodial potential of selected medicinal plants and a compound Atropine isolated from Eucalyptus obliqua,JOURNAL OF ENZYME INHIBITION AND MEDICINAL CHEMISTRY
2023,September,wos,College of Science,Scientific,Development of more potent anti-microbial drugs from extracts of five medicinal plants resistant to S. aureus in human fluids: an ex vivo and in vivo analysis,KOREAN JOURNAL OF CHEMICAL ENGINEERING
2023,September,wos,College of Science,Scientific,Lower Extremity Arterial Disease in Type 2 Diabetes Mellitus: Metformin Inhibits Femoral Artery Ultrastructural Alterations as well as Vascular Tissue Levels of AGEs/ET-1 Axis-Mediated Inflammation and Modulation of Vascular iNOS and eNOS Expression,JOURNAL OF ALLOYS AND COMPOUNDS
2023,September,wos,College of Science,Scientific,Neurological Consequences of Pulmonary Emboli in COVID-19 Patients: A Study of Incidence and Outcomes in the Kingdom of Saudi Arabia,JOURNAL OF MOLECULAR GRAPHICS & MODELLING
2023,September,wos,College of Science,Scientific,Non-coding RNAs as key players in the neurodegenerative diseases: Multi-platform strategies and approaches for exploring the Genome's dark matter,MATERIALS TODAY COMMUNICATIONS
2023,September,wos,College of Science,Scientific,Sheehan?s Syndrome in a Fifty-Six-Year-Old Woman Presenting With a Retroperitoneal Mass: Perioperative Management During a Major Surgery,ZEITSCHRIFT FUR PHYSIKALISCHE CHEMIE-INTERNATIONAL JOURNAL OF RESEARCH IN PHYSICAL CHEMISTRY & CHEMICAL PHYSICS
2023,September,wos,College of Science,Scientific,Targeting the Endoplasmic Reticulum Stress-Linked PERK/GRP78/CHOP Pathway with Magnesium Sulfate Attenuates Chronic-Restraint-Stress-Induced Depression-like Neuropathology in Rats,JOURNAL OF ALLOYS AND COMPOUNDS
2023,September,wos,College of Science,Scientific,"Thymoquinone and quercetin protect against hepatic steatosis in association with SIRT1/AMPK stimulation and regulation of autophagy, perilipin-2, and cytosolic lipases",FERMENTATION-BASEL
2023,September,wos,College of Science,Scientific,"Treatment of Inactive Ovaries of Holstein Dairy Cows by Epidural Injection of GnRH Analogue (Receptal) and Its Impact on the Reproductive Hormones, Oxidant/Antioxidant Profile and Micro and Macro-Elements Profile",JOURNAL OF MATERIALS SCIENCE-MATERIALS IN ELECTRONICS
2023,September,wos,College of Science,Scientific,Chronic pain after colon cancer surgery: Translation and validation of a scoring system,JOURNAL OF PHOTOCHEMISTRY AND PHOTOBIOLOGY A-CHEMISTRY
2023,September,wos,College of Science,Scientific,In silico prediction of potential inhibitors for SARS-CoV-2 Omicron variant using molecular docking and dynamics simulation-based drug repurposing,PHYSICA B-CONDENSED MATTER
2023,September,wos,College of Science,Scientific,A Cross-Sectional Study to Assess mRNA-COVID-19 Vaccine Safety among Indian Children (5-17 Years) Living in Saudi Arabia,JOURNAL OF TAIBAH UNIVERSITY FOR SCIENCE
2023,September,wos,College of Science,Scientific,A Comprehensive Mechanistic Antibacterial and Antibiofilm Study of Potential Bioactive ((BpA)(2)bp)Cu/Zn Complexes via Bactericidal Mechanisms against Escherichia coli,JOURNAL OF THE TAIWAN INSTITUTE OF CHEMICAL ENGINEERS
2023,September,wos,College of Science,Scientific,The Potential Association Between Periodontal Diseases and Adverse Pregnancy Outcomes in Pregnant Women: A Systematic Review of Randomized Clinical Trials,ZEITSCHRIFT FUR PHYSIKALISCHE CHEMIE-INTERNATIONAL JOURNAL OF RESEARCH IN PHYSICAL CHEMISTRY & CHEMICAL PHYSICS
2023,September,wos,College of Science,Scientific,A Proposed Association between Improving Energy Metabolism of HepG2 Cells by Plant Extracts and Increasing Their Sensitivity to Doxorubicin,ANIMALS
2023,September,wos,College of Science,Scientific,"Phytoconstituents of Butterbur (P. japonicus), their metabolic pathway and ability to modulate bone morphogenic protein (BMP) signaling",OPTICAL AND QUANTUM ELECTRONICS
2023,September,wos,College of Science,Scientific,Enhanced Drug Delivery System Using Mesenchymal Stem Cells and Membrane-Coated Nanoparticles,SILICON
2023,September,wos,College of Science,Scientific,Uterine Myxoid Tumor: A Case Report on a Mysterious and Unexpected Diagnosis,SILICON
2023,September,wos,College of Science,Scientific,The Severity of Bone Loss: A Comparison Between Cushing's Disease and Cushing's Syndrome,MICROMACHINES
2023,September,wos,College of Science,Scientific,Impact of Vitamin D Supplementation on Menstrual Cycle Irregularities among Women with Polycystic Ovary Syndrome who were Treated with Metformin: A Systematic Review with Meta-Analysis,OPTICAL AND QUANTUM ELECTRONICS
2023,September,wos,College of Science,Scientific,Quercetin and Resveratrol are Associated with the Downregulation of TNF-? /NF-kB/iNOS Axis-Mediated Acute Liver Injury in Rats Induced by Paracetamol Poisoning,ENVIRONMENTAL SCIENCE AND POLLUTION RESEARCH
2023,September,wos,College of Science,Scientific,Modulatory Role of Autophagy in Metformin Therapeutic Activity toward Doxorubicin-Induced Nephrotoxicity,MATERIALS LETTERS
2023,September,wos,College of Science,Scientific,Regional and seasonal variations in functional abdominal pain and functional constipation prevalence among Saudi children,PHYSICS OF FLUIDS
2023,September,wos,College of Science,Scientific,Clinical phenotyping and genetic diagnosis of a large cohort of Sudanese families with hereditary spinocerebellar degenerations,JOURNAL OF INORGANIC AND ORGANOMETALLIC POLYMERS AND MATERIALS
2023,September,wos,College of Science,Scientific,Deterioration in renal function after stoma creation: a retrospective review from a Middle Eastern tertiary care center,CERAMICS INTERNATIONAL
2023,September,wos,College of Science,Scientific,"The effect of COVID-19 vaccination on the menstrual cycle in female in Riyadh, Saudi Arabia",JOURNAL OF MATERIALS RESEARCH AND TECHNOLOGY-JMR&T
2023,September,wos,College of Science,Scientific,Prevalence of non-adherence to medications in people with type 2 Diabetes mellitus,ADVANCED COMPOSITES AND HYBRID MATERIALS
2023,September,wos,College of Science,Scientific,A Cross-Sectional Study to Assess mRNA-COVID-19 Vaccine Safety among Indian Children (5-17 Years) Living in Saudi Arabia,ADVANCED COMPOSITES AND HYBRID MATERIALS
2023,September,wos,College of Science,Scientific,"Effects of Age, Metabolic and Socioeconomic Factors on Cardiovascular Risk among Saudi Women: A Subgroup Analysis from the Heart Health Promotion Study",ANNALS OF MEDICINE
2023,September,wos,College of Science,Scientific,"Exploration of Sex and Age-Based Associations in Clinical Characteristics, Predictors of Severity, and Duration of Stay among COVID-19 Patients at the University Hospital of Saudi Arabia",JOURNAL OF APPLIED ANIMAL RESEARCH
2023,September,wos,College of Science,Scientific,Formulation and Optimization of Repaglinide Nanoparticles Using Microfluidics for Enhanced Bioavailability and Management of Diabetes,APPLIED PHYSICS A-MATERIALS SCIENCE & PROCESSING
2023,September,wos,College of Science,Scientific,"Green fabrication of silver nanoparticles using Melia azedarach ripened fruit extract, their characterization, and biological properties",AXIOMS
2023,September,wos,College of Science,Scientific,"Green synthesis, characterization of silver nanoparticles using Rhynchosia capitata leaf extract and their biological activities",FRONTIERS IN SUSTAINABLE FOOD SYSTEMS
2023,September,wos,College of Science,Scientific,IGF-1 is positively associated with BMI in patients with acromegaly,AXIOMS
2023,September,wos,College of Science,Scientific,Is There an Inflammatory Profile of Perinatal Depression?,INORGANICS
2023,September,wos,College of Science,Scientific,Metformin Suppresses Thioacetamide-Induced Chronic Kidney Disease in Association with the Upregulation of AMPK and Downregulation of Oxidative Stress and Inflammation as Well as Dyslipidemia and Hypertension,CASE STUDIES IN THERMAL ENGINEERING
2023,September,wos,College of Science,Scientific,NAMSTCD: A Novel Augmented Model for Spinal Cord Segmentation and Tumor Classification Using Deep Nets,RSC ADVANCES
2023,September,wos,College of Science,Scientific,Photocatalytic Reduction of Cr(VI) to Cr(III) and Photocatalytic Degradation of Methylene Blue and Antifungal Activity of Ag/TiO2 Composites Synthesized via the Template Induced Route,CHINESE JOURNAL OF PHYSICS
2023,September,wos,College of Science,Scientific,A C1 Jefferson Fracture With Vertebral Artery Occlusion and Cerebellar Infarction: A Case Report,JOURNAL OF KING SAUD UNIVERSITY SCIENCE
2023,September,wos,College of Science,Scientific,A Comprehensive Mechanistic Antibacterial and Antibiofilm Study of Potential Bioactive ((BpA)2bp)Cu/Zn Complexes via Bactericidal Mechanisms against Escherichia coli,PHYSICA B-CONDENSED MATTER
2023,September,wos,College of Science,Scientific,A Cross-Sectional Study to Assess mRNA-COVID-19 Vaccine Safety among Indian Children (5–17 Years) Living in Saudi Arabia,CHEMISTRYSELECT
2023,September,wos,College of Science,Scientific,A phytoconstituent 6-aminoflavone ameliorates lipopolysaccharide-induced oxidative stress mediated synapse and memory dysfunction via p-Akt/NF-kB pathway in albino mice,JOURNAL OF FUNCTIONAL BIOMATERIALS
2023,September,wos,College of Science,Scientific,A Rat Model of Rheumatoid Arthritis: TDZD-8 is Associated with the Protection Against the Induction of the Synovium Knee Joint IL-17A/GSK313/ROS/alpha-SMA Axis of Fibrosis,JOURNAL OF SAUDI CHEMICAL SOCIETY
2023,September,wos,College of Science,Scientific,Analgesic Efficacy of Intraoperative Superior Hypogastric Plexus (SHP) Block during Abdominal Hysterectomy: A Systematic Review and Meta-Analysis of Controlled Trials,JOURNAL OF MOLECULAR MODELING
2023,September,wos,College of Science,Scientific,"Anti-diabetic potentials of Sorbaria tomentosa Lindl. Rehder: Phytochemistry (GC-MS analysis), alpha-amylase, alpha-glucosidase inhibitory, in vivo hypoglycemic, and biochemical analysis",JOURNAL OF MATHEMATICS
2023,September,wos,College of Science,Scientific,Assessment of Saudi Society’s Knowledge Regarding Hypothyroidism and Its Neuropsychiatric Clinical Manifestations,STRUCTURAL CHEMISTRY
2023,September,wos,College of Science,Scientific,Assessment of the Current Knowledge and Practice of General Practitioners Towards Laryngopharyngeal Reflux in Saudi Arabia,MATERIALS CHEMISTRY AND PHYSICS
2023,September,wos,College of Science,Scientific,Awareness and Knowledge of Carpal Tunnel Syndrome among Adult Saudi Population,NUCLEAR ENGINEERING AND TECHNOLOGY
2023,September,wos,College of Science,Scientific,"Biofabrication of silver nanoparticles employing biomolecules of Paraclostridium benzoelyticum strain: Its characterization and their in-vitro antibacterial, anti-aging, anti-cancer and other biomedical applications",MATERIALS RESEARCH EXPRESS
2023,September,wos,College of Science,Scientific,Chitosan edible coating: a potential control of toxic biogenic amines and enhancing the quality and shelf life of chilled tuna filets,JOURNAL OF KING SAUD UNIVERSITY SCIENCE
2023,September,wos,College of Science,Scientific,Clinical and laboratory characteristics of idiopathic inflammatory myositis in Saudi patients A retrospective study in a single tertiary centre,HELIYON
2023,September,wos,College of Science,Scientific,Expression of cancer stem cell markers SOX-2 and OCT-4 and their regulation by nicotine in non-small cell lung carcinoma,PHYSICA B-CONDENSED MATTER
2023,September,wos,College of Science,Scientific,Intrafamilial and interfamilial heterogeneity of PINK1-associated Parkinson's disease in Sudan,CHEMICAL PHYSICS
2023,September,wos,College of Science,Scientific,"Phytochemical properties and in-vitro cytotoxicity, genotoxicity and mutagenicity assessment of ethanolic and aqueous extracts of Argyrolobium roseum (Camb.)",AXIOMS
2023,September,wos,College of Science,Scientific,PLA2G6-associated late-onset parkinsonism in a Sudanese family,JOM
2023,September,wos,College of Science,Scientific,Quercetin and Resveratrol are Associated with the Downregulation of TNF-α/NF-kB/iNOS Axis-Mediated Acute Liver Injury in Rats Induced by Paracetamol Poisoning,ZEITSCHRIFT FUR PHYSIKALISCHE CHEMIE-INTERNATIONAL JOURNAL OF RESEARCH IN PHYSICAL CHEMISTRY & CHEMICAL PHYSICS
2023,September,wos,College of Science,Scientific,Research Article Synovial Knee Joint in Rheumatoid Arthritis Treated with TDZD-8: An Association between Synovial Fibrosis and the TNF-alpha/VEGF/alpha-SMA Axis,MATERIALS SCIENCE AND ENGINEERING B-ADVANCED FUNCTIONAL SOLID-STATE MATERIALS
2023,September,wos,College of Science,Scientific,The Preferred Route for the Diagnosis and Management of Thyroid Carcinoma Among the General Population in Saudi Arabia,OPTICAL MATERIALS
2023,September,wos,College of Science,Scientific,The Severity of Bone Loss: A Comparison Between Cushing’s Disease and Cushing’s Syndrome,JOURNAL OF MATERIALS SCIENCE-MATERIALS IN ELECTRONICS
2023,September,wos,College of Science,Scientific,Transvaginal needle versus laparoscopic ovarian drilling in hormonal profile and pregnancy outcomes of polycystic ovary syndrome: A systematic review and meta-analysis,SURFACE INNOVATIONS
2023,September,wos,College of Science,Scientific,Work-related musculoskeletal symptoms among Saudi radiologists: a cross-sectional multi-centre study,JOURNAL OF SCIENCE-ADVANCED MATERIALS AND DEVICES
2023,September,wos,College of Science,Scientific,Caffeine addiction and determinants of caffeine consumption among health care providers: a descriptive national study,JOURNAL OF MATERIALS SCIENCE-MATERIALS IN ELECTRONICS
2023,September,wos,College of Science,Scientific,Evaluating the ability of some natural phenolic acids to target the main protease and AAK1 in SARS COV-2,JOURNAL OF TAIBAH UNIVERSITY FOR SCIENCE
2023,September,wos,College of Science,Scientific,"GC-MS Based Characterization, Antibacterial, Antifungal and Anti-Oncogenic Activity of Ethyl Acetate Extract of Aspergillus niger Strain AK-6 Isolated from Rhizospheric Soil",PHYSICA STATUS SOLIDI A-APPLICATIONS AND MATERIALS SCIENCE
2023,September,wos,College of Science,Scientific,"The involvement of antioxidant, stress, and immune-related genes in the responsive mechanisms of common carp (Cyprinus carpio) to hypersalinity exposure",CERAMICS INTERNATIONAL
2023,September,wos,College of Science,Scientific,Efficiency of Bone Marrow-Derived Mesenchymal Stem Cells and Hesperetin in the Treatment of Streptozotocin-Induced Type 1 Diabetes in Wistar Rats,JOURNAL OF APPLIED GENETICS
2023,September,wos,College of Science,Scientific,"Differential effects of methanolic extracts of clove, ginger, garlic and eucalyptus essential oils on anti-parasitic partitivities of G. lamblia and E. histolytica: an in vitro study",RSC ADVANCES
2023,September,wos,College of Science,Scientific,Cervical Osmotic Dilators versus Dinoprostone for Cervical Ripening during Labor Induction: A Systematic Review and Meta-analysis of 14 Controlled Trials,RESULTS IN PHYSICS
2023,September,wos,College of Science,Scientific,"Buspirone attenuated methotrexate-induced hippocampal toxicity in rats by regulating Nrf2/HO-1, PPAR-& gamma;, NF-& kappa;B/nNOS, and ROS/NLRP3/caspase-1 signaling pathways",PAKISTAN JOURNAL OF BOTANY
2023,September,wos,College of Science,Scientific,Meloxicam Targets COX-2/NOX1/NOX4/Nrf2 Axis to Ameliorate the Depression-like Neuropathology Induced by Chronic Restraint Stress in Rats,AIP ADVANCES
2023,September,wos,College of Science,Scientific,Characterization of wheat flour millstreams for friabilin prevalence and nutrient composition,ARABIAN JOURNAL OF CHEMISTRY
2023,September,wos,College of Science,Scientific,Liposome-Encapsulated Berberine Alleviates Liver Injury in Type 2 Diabetes via Promoting AMPK/mTOR-Mediated Autophagy and Reducing ER Stress: Morphometric and Immunohistochemical Scoring,ARCHIVE OF APPLIED MECHANICS
2023,September,wos,College of Science,Scientific,Age and Gender-Specific Pattern of Cardiovascular Disease Risk Factors in Saudi Arabia: A Subgroup Analysis from the Heart Health Promotion Study,MICROORGANISMS
2023,September,wos,College of Science,Scientific,"A concept for the biotechnological minimizing of emerging plastics, micro-and nano-plastics pollutants from the environment: A review",FRONTIERS IN PLANT SCIENCE
2023,September,wos,College of Science,Scientific,A New Three-Parameter Inverse Weibull Distribution with Medical and Engineering Applications,JOURNAL OF KING SAUD UNIVERSITY SCIENCE
2023,September,wos,College of Science,Scientific,A Novel Modified Alpha Power Transformed Weibull Distribution and Its Engineering Applications,PHYSICA B-CONDENSED MATTER
2023,September,wos,College of Science,Scientific,A putative biological adsorption process of binary mixture taste of sucrose and caffeine on human neuroreceptor site by the use of statistical physics modeling,DIVERSITY-BASEL
2023,September,wos,College of Science,Scientific,A solution of a nonlinear Volterra integral equation with delay via a faster iteration method,FRONTIERS IN BIOENGINEERING AND BIOTECHNOLOGY
2023,September,wos,College of Science,Scientific,A Theoretical Investigation of the SARS-CoV-2 Model via Fractional Order Epidemiological Model,ARABIAN JOURNAL OF CHEMISTRY
2023,September,wos,College of Science,Scientific,Abdomen and pelvis computed tomography procedure: Effective dose assessment and establishment of a local diagnostic reference level,GREEN PROCESSING AND SYNTHESIS
2023,September,wos,College of Science,Scientific,Administrative Bullying and its Impact on the Female Work Environment in the Kingdom of Saudi Arabia,MICROMACHINES
2023,September,wos,College of Science,Scientific,"Algal-Derived Synthesis of Silver Nanoparticles Using the Unicellular ulvophyte sp. MBIC10591: Optimisation, Characterisation, and Biological Activities",BIOMEDICINE & PHARMACOTHERAPY
2023,September,wos,College of Science,Scientific,An extended KdV6 hierarchy of nonlinear evolution equations: Painlevé integrability and variety of branches of resonances,SUSTAINABILITY
2023,September,wos,College of Science,Scientific,Annealing effect on the thermoelectric properties of multiwall carbon nanotubes,ACS OMEGA
2023,September,wos,College of Science,Scientific,Assessment of mechanical and gamma ray shielding capability of highly dense PbO-TeO2-CdO glasses,OPEN CHEMISTRY
2023,September,wos,College of Science,Scientific,Assessment of occupational exposure from PET and PET/CT scanning in Saudi Arabia,JOURNAL OF SOIL SCIENCE AND PLANT NUTRITION
2023,September,wos,College of Science,Scientific,Assessment of patients radiation doses associated with computed tomography coronary angiography,CRYSTALS
2023,October,WOS,College of Science,Scientific,Automated Deep Learning Driven Crop Classification on Hyperspectral Remote Sensing Images,CRYSTALS
2023,October,WOS,College of Science,Scientific,"Basicity, Optical Features, and Neutron/Charged Particle Attenuation Characteristics of P2O5-As2O3-PbO Glasses Doped with Tungsten Ions",VETERINARY SCIENCES
2023,October,WOS,College of Science,Scientific,Binder-free cupric-ion containing zinc sulfide nanoplates-like structure for flexible energy storage devices,INTERNATIONAL JOURNAL OF BIOLOGICAL MACROMOLECULES
2023,October,WOS,College of Science,Scientific,Bioinspired engineered nickel nanoparticles with multifunctional attributes for reproductive toxicity,EUROPEAN PHYSICAL JOURNAL PLUS
2023,October,WOS,College of Science,Scientific,"Biological evaluation, docking studies, and in silico ADME prediction of some pyrimidine and pyridine derivatives as potential EGFR(WT) and EGFR(T790M) inhibitors",MATHEMATICS
2023,October,WOS,College of Science,Scientific,Biomonitoring of a Nile Delta Lake using benthic foraminifera,MICROPOROUS AND MESOPOROUS MATERIALS
2023,October,WOS,College of Science,Scientific,Bismuth(III) oxide and boron(III) oxide substitution in bismuth-boro-zinc glasses: A focusing in nuclear radiation shielding properties,AXIOMS
2023,October,WOS,College of Science,Scientific,Carbon Nanotube Fiber-Based Flexible Microelectrode for Electrochemical Glucose Sensors,AMB EXPRESS
2023,October,WOS,College of Science,Scientific,Cationic distributions and dielectric properties of magnesium ferrites fabricated by sol-gel route and photocatalytic activity evaluation,JOURNAL OF PHYSICS AND CHEMISTRY OF SOLIDS
2023,October,WOS,College of Science,Scientific,Co-doped zinc oxide nanoparticles embedded in Polyvinylalcohol Hydrogel as solar light derived photocatalyst disinfection and removal of coloured pollutants,FRONTIERS IN MARINE SCIENCE
2023,October,WOS,College of Science,Scientific,"Combined first principles and Heisenberg model studies of ferrimagnetic Tri-transition quaternary perovskites CaCu3B2Re2O12 (B = Mn, Fe, Co, and Ni)",JOURNAL OF INORGANIC AND ORGANOMETALLIC POLYMERS AND MATERIALS
2023,October,WOS,College of Science,Scientific,Comparative genomic analyses of Lutimaribacter degradans sp. nov. With the ability to PAHs-biodegradation and transformation,MATHEMATICS
2023,October,WOS,College of Science,Scientific,Coral like gadolinium doped hematite nanostructure as stable and robust electrocatalyst for oxygen evolution water splitting,GELS
2023,October,WOS,College of Science,Scientific,"Corrigendum to ‘Molecular modeling and docking studies of new antioxidant pyrazole-thiazole hybrids’ [Journal of Molecular Structure, Journal of Molecular Structure 1267 (2022) 133582 /first submission; MOLSTRUC-S-22-02660] (Journal of Molecular Structure (2022) 1267, (S0022286022012388), (10.1016/j.molstruc.2022.133582))",PLANT PHYSIOLOGY AND BIOCHEMISTRY
2023,October,WOS,College of Science,Scientific,"Crystal structure of N-ethyl-4-[3-(trifluoromethyl)-phenyl]piperazine-1-carbothioamide, C14H18F3N3S",DIAGNOSTICS
2023,October,WOS,College of Science,Scientific,Development of bifunctional Mo doped ZnAl2O4 spinel nanorods array directly grown on carbon fiber for supercapacitor and OER application,OPEN CHEMISTRY
2023,October,WOS,College of Science,Scientific,Discovery of chalcone derivatives as potential alpha-glucosidase and cholinesterase inhibitors: Effect of hyperglycemia in paving a path to dementia,SAUDI PHARMACEUTICAL JOURNAL
2023,October,WOS,College of Science,Scientific,Ecofriendly and radiation shielding properties of newly developed epoxy with waste marble and WO3 nanoparticles,APPLIED ECOLOGY AND ENVIRONMENTAL RESEARCH
2023,October,WOS,College of Science,Scientific,Effect of Pr6O11 on improving the Near–Infrared nonlinear optical characteristics of zinc borate glasses,RESULTS IN PHYSICS
2023,October,WOS,College of Science,Scientific,"EFFICIENT ADSORPTION OF RHODAMINE B USING A COMPOSITE OF Fe3O4@ZIF-8: SYNTHESIS, CHARACTERIZATION, MODELING ANALYSIS, STATISTICAL PHYSICS AND MECHANISM OF INTERACTION",JOURNAL OF NON-CRYSTALLINE SOLIDS
2023,October,WOS,College of Science,Scientific,Efficient toxic doxorubicin hydrochloride removal from aqueous solutions using facial alumina nanorods,JOURNAL OF CELLULAR AND MOLECULAR MEDICINE
2023,October,WOS,College of Science,Scientific,Electrically charged isotropic stars with Tolman-IV model,MOLECULES
2023,October,WOS,College of Science,Scientific,Evaluation of patients doses at medical imaging departments,ACS OMEGA
2023,October,WOS,College of Science,Scientific,Exact Solutions and Finite Time Stability of Linear Conformable Fractional Systems with Pure Delay,FRONTIERS IN MICROBIOLOGY
2023,October,WOS,College of Science,Scientific,Exact solutions of the Schrodinger equation using extended Nikiforov-Uvarov formalism for generalized pseudo-harmonic oscillator,CHAOS SOLITONS & FRACTALS
2023,October,WOS,College of Science,Scientific,"Exploring the Detailed Spectroscopic Characteristics, Chemical and Biological Activity of Three Pyrone Derivatives Using Experimental and Theoretical Tools",SAUDI JOURNAL OF BIOLOGICAL SCIENCES
2023,October,WOS,College of Science,Scientific,Facile synthesis of CuZrO3@PPY nanohybrid balls embedded 3-dimensional network with synergistic effect for efficient oxygen evolution reaction,FUEL
2023,October,WOS,College of Science,Scientific,Facile synthesis of rGO/PANI/ZnO ternary nanocomposites for energy storage devices,JOURNAL OF MATHEMATICS
2023,October,WOS,College of Science,Scientific,Facile synthesis of transition metal oxide SnO2/MnO2 hierarchical nanostructure: As an efficient electrocatalyst for robust oxygen evolution reaction,MATHEMATICS
2023,October,WOS,College of Science,Scientific,"First-principles calculations to investigate structural, electronic, optical and mechanical properties of Mg-doped CaMoO3 cubic perovskites for fuel cell applications",PROCESS SAFETY AND ENVIRONMENTAL PROTECTION
2023,October,WOS,College of Science,Scientific,Functional bioinspired nanocomposites for anticancer activity with generation of reactive oxygen species,BIOCHEMISTRY AND CELL BIOLOGY
2023,October,WOS,College of Science,Scientific,Funneliformis constrictum modulates polyamine metabolism to enhance tolerance of Zea mays L. to salinity,PHYSIOLOGIA PLANTARUM
2023,October,WOS,College of Science,Scientific,"Gadolinium-tungsten-boron trioxide glasses: A multi-phase research on cross-sections, attenuation coefficients, build-up factors and individual transmission factors using MCNPX",INTERNATIONAL JOURNAL OF BIOLOGICAL MACROMOLECULES
2023,October,WOS,College of Science,Scientific,Graphatic-C3N4@MoO3 heterostructure synthesis via a facile green route and their visible light-driven photocatalytic activity for the degradation of Rhodamine B dye,AIP ADVANCES
2023,October,WOS,College of Science,Scientific,"Green fabrication of nanocomposite doped with selenium nanoparticle–based starch and glycogen with its therapeutic activity: antimicrobial, antioxidant, and anti-inflammatory in vitro",JOURNAL OF POWER SOURCES
2023,October,WOS,College of Science,Scientific,"Green synthesis and characterization of CuO nanoparticles using Halymenia dilatata extract and its evaluation of antimicrobial, anticancer activity",SUSTAINABILITY
2023,October,WOS,College of Science,Scientific,Green Synthesis of Silver Nanoparticles (Ag-NPs) Using Debregeasia Salicifolia for Biological Applications,NANOTECHNOLOGY REVIEWS
2023,October,WOS,College of Science,Scientific,Heat and mass transfer through MHD Darcy Forchheimer Casson hybrid nanofluid flow across an exponential stretching sheet,FRONTIERS IN PLANT SCIENCE
2023,October,WOS,College of Science,Scientific,High electrode performance of hydrothermally developed activated C coated O3–NaFeO2 electrode for Na-ion batteries applications,JOURNAL OF HAZARDOUS MATERIALS
2023,October,WOS,College of Science,Scientific,Hydrogen energy of mining waste waters: Extraction and analysis of solving issues,EUROPEAN JOURNAL OF PLANT PATHOLOGY
2023,October,WOS,College of Science,Scientific,"Hydrothermal assisted eco-benign synthesis of novel 13-galactosidase mediated Titanium dioxide nanoparticles (13-gal-TiO2 NPs): Ultra efficient nanocatalyst for methylene blue degradation, inactivation of bacteria, and stabilization of DPPH radicals",FORTSCHRITTE DER PHYSIK-PROGRESS OF PHYSICS
2023,October,WOS,College of Science,Scientific,Hydrothermal synthesis of ZnCr-LDH/Tungsten carbide composite A disposable electrochemical strip for mesalazine analysis,JOURNAL OF INEQUALITIES AND APPLICATIONS
2023,October,WOS,College of Science,Scientific,Improved Multileader Optimization with Shadow Encryption for Medical Images in IoT Environment,OPEN FORUM INFECTIOUS DISEASES
2023,October,WOS,College of Science,Scientific,"Improvement of Selected Morphological, Physiological, and Biochemical Parameters of Banana (Musa acuminata L.) Using Potassium Silicate under Drought Stress Condition Grown in vitro",SOUTH AFRICAN JOURNAL OF BOTANY
2023,October,WOS,College of Science,Scientific,Influence of COVID-19 vaccination on the dynamics of new infected cases in the world,AXIOMS
2023,October,WOS,College of Science,Scientific,Influence of synthesis parameters of N-doped graphene quantum dots and polymer composite layer on the performance of CIGS solar cells,JOURNAL OF MATERIALS SCIENCE-MATERIALS IN ELECTRONICS
2023,October,WOS,College of Science,Scientific,Interpolating sesqui harmonic slant curve in S-space form,ARABIAN JOURNAL OF CHEMISTRY
2023,October,WOS,College of Science,Scientific,Investigation of moving trapezoidal and exponential fins with multiple nonlinearities,JOURNAL OF MOLECULAR STRUCTURE
2023,October,WOS,College of Science,Scientific,"Investigation on effect of sintering temperature on structural, morphological and magnetic properties of pure and tin doped nickel ferrites for soft magnetic device applications",COMPARATIVE BIOCHEMISTRY AND PHYSIOLOGY B-BIOCHEMISTRY & MOLECULAR BIOLOGY
2023,October,WOS,College of Science,Scientific,Irreversibility analysis on the radiative buoyancy flow toward stagnation point through water conveying three kinds of nanoparticles past a heated vertical flat plate with the ramification of Hall effects,INTERNATIONAL JOURNAL OF BIOLOGICAL MACROMOLECULES
2023,October,WOS,College of Science,Scientific,Kinetic and thermodynamic studies of novel acid phosphatase isolated and purified from Carthamus oxyacantha seedlings,PLOS ONE
2023,October,WOS,College of Science,Scientific,Metal and metal oxide electrocatalysts for the electrochemical reduction of CO2-to-C1 chemicals: are we there yet?,SCIENTIFIC REPORTS
2023,October,WOS,College of Science,Scientific,"Modifying electronic bandgap by halide ions substitution to investigate double perovskites Rb2AgInX6 (X = Cl, Br, I) for solar cells applications and thermoelectric characteristics",PLANTS-BASEL
2023,October,WOS,College of Science,Scientific,"Molecular modeling and docking studies of new antioxidant pyrazole-thiazole hybrids (vol 1267, 133582, 2022)",COMMUNICATIONS IN THEORETICAL PHYSICS
2023,October,WOS,College of Science,Scientific,Multiple slip effects of MHD boundary-layer motion of a Casson nanoliquid over a penetrable linearly stretching sheet embedded in non-Darcian porous medium,AIP ADVANCES
2023,October,WOS,College of Science,Scientific,"Na-alginate, polyaniline and polypyrrole composites with cellulosic biomass for the adsorptive removal of herbicide: Kinetics, equilibrium and thermodynamic studies",JOURNAL OF APPLIED CLINICAL MEDICAL PHYSICS
2023,December,wos,College of Science,Scientific,Non-ideal sampling in shift-invariant spaces associated with quadratic-phase Fourier transforms,Frontiers in Physics
2023,December,Wos,College of Science,Scientific,"Novel isoxazole linked 1,5-benzodiazepine derivatives: Design, synthesis, molecular docking and antimicrobial evaluation",MATERIALS CHEMISTRY AND PHYSICS
2023,December,wos,College of Science,Scientific,"Novel piperine-carboximidamide hybrids: design, synthesis, and antiproliferative activity via a multi-targeted inhibitory pathway",Environmental Research
2023,December,wos,College of Science,Scientific,Numerical Solutions of Fractional Variable Order Differential Equations via Using Shifted Legendre Polynomials,Revista Internacional de Metodos Numericos para Calculo y Diseno en Ingenieria
2023,December,Wos,College of Science,Scientific,On Cerone’s and Bellman’s generalization of Steffensen’s integral inequality via conformable sense,OPEN PHYSICS
2023,December,Wos,College of Science,Scientific,On Fuzzy Conformable Double Laplace Transform with Applications to Partial Differential Equations,RADIATION PHYSICS AND CHEMISTRY
2023,January,wos,College of Science,Scientific,Paediatric effective radiation doses during brain computed tomography angiography procedure,ENVIRONMENTAL RESEARCH
2023,January,wos,College of Science,Scientific,Patient's effective dose and performance assessment of computed radiography systems,CMES-COMPUTER MODELING IN ENGINEERING & SCIENCES
2023,January,scopus,College of Science,Scientific,Phenotypic Characterization of Circulating Tumor Cells Isolated from Non-Small and Small Cell Lung Cancer Patients,CMES - Computer Modeling in Engineering and Sciences
2023,January,wos,College of Science,Scientific,Photocatalytic degradation and electrochemical energy storage properties of CuO/SnO2 nanocomposites via the wet-chemical method,JOURNAL OF MOLECULAR STRUCTURE
2023,January,scopus,College of Science,Scientific,Photoluminescence and optical transition investigations of europium doped bismuth borate glasses for laser and LEDs applications,AIMS Mathematics
2023,January,wos,College of Science,Scientific,"Phytofabrication of zinc oxide nanoparticles with advanced characterization and its antioxidant, anticancer, and antimicrobial activity against pathogenic microorganisms",CMES-COMPUTER MODELING IN ENGINEERING & SCIENCES
2023,January,wos,College of Science,Scientific,Phytomediated synthesis of bimetallic Ag/Au nanoparticles using orange peel extract and assessment of their antibacterial and anitcancer potential: Green synthesis of silver nanoparticles and assessment of their biomedical potential,RADIATION PHYSICS AND CHEMISTRY
2023,January,scopus,College of Science,Scientific,"Plant and Microbial Approaches as Green Methods for the Synthesis of Nanomaterials: Synthesis, Applications, and Future Perspectives",Information Sciences Letters
2023,January,wos,College of Science,Scientific,"Polarizability, optical electronegativity, and gamma transmission ability of newly developed Bi2O3-GeO2-Eu2O glasses",MOLECULES
2023,January,scopus,College of Science,Scientific,"Polylactic acid tungsten trioxide reinforced composites: A study of their thermal, optical, and gamma radiation attenuation performance",International Journal of Numerical Methods for Heat and Fluid Flow
2023,January,wos,College of Science,Scientific,Potential hazards and health assessment associated with different water uses in the main industrial cities of Egypt,PHYSICA E-LOW-DIMENSIONAL SYSTEMS & NANOSTRUCTURES
2023,January,scopus,College of Science,Scientific,Probing the interaction of zinc oxide nanorods with human serum albumin: A spectroscopic approach,Optik
2023,January,scopus,College of Science,Scientific,Protective effects of lemongrass (Cymbopogon citratus STAPF) extract mediated mitochondrial fission and glucose uptake inhibition in SW1417,Radiation Physics and Chemistry
2023,January,wos,College of Science,Scientific,Radiation exposure estimation in pediatric patients during computed tomography imaging procedures,APPLIED RADIATION AND ISOTOPES
2023,January,scopus,College of Science,Scientific,Radiation shielding and optical features for a PbO-BaO-B2O3 system,"Computers, Materials and Continua"
2023,January,scopus,College of Science,Scientific,Radiation shielding capacity of Li2O-SiO2/GeO2 glasses doped with rare earth oxides: Nuclear security applications,Journal of Electronic Materials
2023,January,scopus,College of Science,Scientific,"Rational design of dithieno[2,3-D:2 ',3 '-D ']-benzo[1,2-B:4,5-B '] dithiophene based small molecule donor for plausible performance organic solar cell",Chemosphere
2023,January,wos,College of Science,Scientific,Recoverable palladium–gold nanocomposite based on microcrystalline cellulose for sono-catalytic degradation of pharmaceutical pollutants,CHEMOSPHERE
2023,January,wos,College of Science,Scientific,Recycling potential of mobile phone waste glasses for radiation shielding applications,JOURNAL OF ENZYME INHIBITION AND MEDICINAL CHEMISTRY
2023,January,wos,College of Science,Scientific,Reducing the Threshold of Primary Prevention of Cardiovascular Disease to 10% Over 10 Years: The Implications of Altered Intensity “Statin” Therapy Guidance,ENVIRONMENTAL MONITORING AND ASSESSMENT
2023,January,wos,College of Science,Scientific,"Rosmarinic acid mitigates chlorpyrifos-induced oxidative stress, inflammation, and kidney injury in rats by modulating SIRT1 and Nrf2/HO-1 signaling",OPTIK
2023,January,wos,College of Science,Scientific,"Scrutinizing the physical, structural, elastic, optical and gamma ray shielding properties of Samarium ions infused Niobium Bariumtelluroborate glasses",ACS OMEGA
2023,January,wos,College of Science,Scientific,SERS spectra of a bioactive carboximidamide derivative at different concentrations: Experimental and DFT investigations,ZEITSCHRIFT FUR PHYSIKALISCHE CHEMIE-INTERNATIONAL JOURNAL OF RESEARCH IN PHYSICAL CHEMISTRY & CHEMICAL PHYSICS
2023,January,wos,College of Science,Scientific,"Silicate glass system and significant role of Bi2O3 on radiation protection ability against gamma, neutron, and charged particle",JOURNAL OF MOLECULAR STRUCTURE
2023,January,scopus,College of Science,Scientific,Solar light-based photocatalytic removal of CV and RhB dyes using Bi and Al doped SrFe12O19 NPs and antibacterial properties,Journal of Physics and Chemistry of Solids
2023,January,wos,College of Science,Scientific,Solitary wave solutions in time-fractional Korteweg-de Vries equations with power law kernel,INTERNATIONAL BIODETERIORATION & BIODEGRADATION
2023,January,scopus,College of Science,Scientific,Solutions to the (4+1)-Dimensional Time-Fractional Fokas Equation with M-Truncated Derivative,Fuel
2023,January,scopus,College of Science,Scientific,"Spectroscopic, reactivity analysis and docking studies of 3-(adamantan-1-yl)-4-(4-fluorophenyl)-1-[(4-phenylpiperazin-1-yl)methyl]-4,5-dihdyro-1H-1,2,4-triazole-5-thione: DFT and MD simulations",Journal of Molecular Structure
2023,January,scopus,College of Science,Scientific,"Structural, elastic, thermodynamic, electronic and magnetic characteristics of FeNbScZ (Z = al, Ga, Ge, Si) heusler alloys: A DFT study",Zeitschrift fur Kristallographie - New Crystal Structures
2023,January,wos,College of Science,Scientific,"Structure/function relationships of a new stannate (IV) complex based on 5,7-dichloro-8-hydroxyquinolinium, accomplished with DFT calculations",CERAMICS INTERNATIONAL
2023,January,wos,College of Science,Scientific,"Study of double perovskites In2Ti(Br/I)6 for solar cells, and renewable energy; Alternative of hybrid perovskites",JOURNAL OF MOLECULAR STRUCTURE
2023,January,wos,College of Science,Scientific,"Study of lead-free double perovskites X2AgBiI6 (X 1/4 K, Rb, Cs) for solar cells and thermoelectric applications",JOURNAL OF MATERIALS RESEARCH AND TECHNOLOGY-JMR&T
2023,January,scopus,College of Science,Scientific,Synthesis and characterization of silver nanomaterial from aqueous extract of Commelina forskaolii and its potential antimicrobial activity against Gram negative pathogens,Optical Materials
2023,January,wos,College of Science,Scientific,"Synthesis, Thermal, Optical, and Radiation-Absorbing Properties of Bi2O3-Li2O-As2O3-B2O3 Glasses",BULLETIN OF THE CHEMICAL SOCIETY OF ETHIOPIA
2023,January,wos,College of Science,Scientific,"TeO2 for enhancing structural, mechanical, optical, gamma and neutron radiation shielding performance of bismuth borosilicate glasses",JOURNAL OF MOLECULAR STRUCTURE
2023,January,wos,College of Science,Scientific,"The bandgap engineering of double perovskites Cs2CuSbX6 (X = Cl, Br, I) for solar cell and thermoelectric applications",NEW ASTRONOMY
2023,January,wos,College of Science,Scientific,The effect of acute gamma radiation onto growth media for mother culture of a Volvariella mushroom,RADIATION PHYSICS AND CHEMISTRY
2023,January,scopus,College of Science,Scientific,The Efficacy of Deep Learning-Based Mixed Model for Speech Emotion Recognition,CMES - Computer Modeling in Engineering and Sciences
2023,January,wos,College of Science,Scientific,Thermoluminescence yield of neutron irradiated Gd:Mg-Doped silica glass,PHYSICA SCRIPTA
2023,January,scopus,College of Science,Scientific,Thermostated Susceptible-Infected-Susceptible epidemic model,Polycyclic Aromatic Compounds
2023,January,scopus,College of Science,Scientific,Third-order optical nonlinear features of Er3+ and Pr3+ activated multicomponent borate glasses in nanosecond pulse regime: A comparative study,Surfaces and Interfaces
2023,January,scopus,College of Science,Scientific,Three dimensional melting case of phase change material composited with heat generating and local thermal non-equilibrium copper foam under the magnetic impacts,Journal of the Korean Ceramic Society
2023,January,scopus,College of Science,Scientific,"Towards obtaining the optimum physical, optical and nuclear radiation attenuation behaviours of tellurite–germanate glasses through Eu2O3 reinforcement: Glass synthesis, experimental and theoretical characterisation study",Surfaces and Interfaces
2023,January,scopus,College of Science,Scientific,"Tuning of band gap by anions (Cl, Br, I) of double perovskites Rb2AgAsX6 (Cl, Br, I) for solar cells and thermoelectric applications",Solid State Communications
2023,January,scopus,College of Science,Scientific,"Tuning of band gap by variation of halide ions in K2CuSbX6 (X = Cl, Br, I) for solar cells and thermoelectric applications",Chemosphere
2023,January,wos,College of Science,Scientific,Uniformly dispersed flowery EuZrSe3 derived from the europium-based metal–organic framework for energy storage devices,MICROBIOLOGICAL RESEARCH
2023,January,wos,College of Science,Scientific,Unique Solution of Integral Equations via Intuitionistic Extended Fuzzy b-Metric-Like Spaces,OPTIK
2023,January,scopus,College of Science,Scientific,"Unravelling the magnetism, thermophysical, mechanical and thermoelectric properties of Co-based heuslers: An ab-initio prospective",Diamond and Related Materials
2023,January,scopus,College of Science,Scientific,Uptake of nitrogen and nitrogen use efficiency of soil through agrotain coated urea and its integration with farmyard manure,Biomass Conversion and Biorefinery
2023,January,scopus,College of Science,Scientific,Yellow virus epidemiological analysis in red chili plants using Mittag-Leffler kernel,Biomass Conversion and Biorefinery
2023,January,wos,College of Science,Scientific,Yttrium and cobalt doped LaNiO3 nanoparticles synthesis and solar light driven photocatalytic removal of Rhodamine B,MATERIALS
2023,January,wos,College of Science,Scientific,"Zinc oxide Nanoparticles, Biosynthesis, characterization and their potent photocatalytic degradation, and antioxidant activities",ZAMM-ZEITSCHRIFT FUR ANGEWANDTE MATHEMATIK UND MECHANIK
2023,January,scopus,College of Science,Scientific,"(β,γ)-Skew QC Codes with Derivation over a Semi-Local Ring",Ceramics International
2023,January,wos,College of Science,Scientific,"2D porous carbon nanosheets derived from turnip: Preparation, characterization and its electrochemical performance",FUEL
2023,January,wos,College of Science,Scientific,A data mining assisted designing of quinoxaline-based small molecule acceptors for photovoltaic applications and quantum chemical calculations assisted molecular characterization,MATERIALS CHEMISTRY AND PHYSICS
2023,January,wos,College of Science,Scientific,A New Power Topp–Leone distribution with applications to engineering and industry data,CHEMICAL ENGINEERING JOURNAL
2023,January,scopus,College of Science,Scientific,Anti-inflammatory and Immunomodulatory Potency of Selenium-Enriched Probiotic Mutants in Mice with Induced Ulcerative Colitis,"Computers, Materials and Continua"
2023,January,wos,College of Science,Scientific,Atomic structure of the doubly ionized titanium Ti III ion,PHYTON-INTERNATIONAL JOURNAL OF EXPERIMENTAL BOTANY
2023,January,scopus,College of Science,Scientific,Barium and strontium doped La-based perovskite synthesis via sol-gel route and photocatalytic activity evaluation for methylene blue,Mathematical Biosciences and Engineering
2023,January,wos,College of Science,Scientific,"Bioinspired synthesize of CuO nanoparticles using Cylindrospermum stagnale for antibacterial, anticancer and larvicidal applications",OPTICAL MATERIALS
2023,January,wos,College of Science,Scientific,Biosynthesized silver nanoparticles have anticoccidial and jejunum-protective effects in mice infected with Eimeria papillata,JOURNAL OF MATHEMATICS AND COMPUTER SCIENCE-JMCS
2023,January,scopus,College of Science,Scientific,Bright and dark modulated optical solitons for a (2+1)-dimensional optical Schrödinger system with third-order dispersion and nonlinearity,Ain Shams Engineering Journal
2023,January,wos,College of Science,Scientific,Classification of Nonlinear Confusion Component Using Hybrid Multi-Criteria Decision Making,SURFACES AND INTERFACES
2023,January,scopus,College of Science,Scientific,"DFT, TD-DFT and SERS analysis of a bioactive benzohydrazide's adsorption in silver hydrosols at various concentrations",International Journal of Modern Physics B
2023,January,wos,College of Science,Scientific,Dye-sensitized solar cells constructed using titanium oxide nanoparticles and green dyes as photosensitizers,INTERNATIONAL JOURNAL OF BIOLOGICAL MACROMOLECULES
2023,January,wos,College of Science,Scientific,Dynamic Study of a Delayed Fractional-Order SEIR Epidemic Model with General Incidence and Treatment Functions,GREEN CHEMISTRY LETTERS AND REVIEWS
2023,January,scopus,College of Science,Scientific,Effect of BaO addition on gamma radiation shielding performance of sodium barium borate glasses using FLUKA code and PhyX/PSD platform,Materials Today Communications
2023,January,wos,College of Science,Scientific,"Effect of Mo doping in NiO nanoparticles for structural modification and its efficiency for antioxidant, antibacterial applications",JOURNAL OF MOLECULAR STRUCTURE
2023,January,scopus,College of Science,Scientific,"Effect of MoO3 on Na2O–B2O3–CdO–ZnO glasses: Applications in optoelectronics, communication devices, and radiation shielding",International Journal of Modern Physics B
2023,January,scopus,College of Science,Scientific,Enantio-separation of (±)-ibuprofen racemic mixture using functionalized molecularly imprinted resorcinol formaldehyde resin,Arabian Journal of Chemistry
2023,January,wos,College of Science,Scientific,Enhancement in photo response of spray deposited Yttrium doped Bi2S3 thin films,ALEXANDRIA ENGINEERING JOURNAL
2023,January,wos,College of Science,Scientific,Epidemiological Investigation of Feline Upper Respiratory Tract Infection Encourages a Geographically Specific FCV Vaccine,JOURNAL OF MOLECULAR STRUCTURE
2023,January,wos,College of Science,Scientific,"Experimental and theoretical studies on the corrosion inhibition on the surface of C-steel in hydrochloric acid solutions using N1, N1'-(ethane-1,2-diyl)bis(N2-(4-(di-methylamino)benzylidene)ethane-1,2-diamine)",JOURNAL OF ENZYME INHIBITION AND MEDICINAL CHEMISTRY
2023,January,scopus,College of Science,Scientific,Facile low temperature development of Ag-doped PbS nanoparticles for optoelectronic applications,CMES - Computer Modeling in Engineering and Sciences
2023,January,scopus,College of Science,Scientific,Finite element analysis of three-stage micro-sieves based microfiltration technique,AIMS Mathematics
2023,January,scopus,College of Science,Scientific,"First-principles calculations to investigate structural, elastic, electronic, optical, and magnetic properties of Hg2WO4 for photocatalytic applications",CMES - Computer Modeling in Engineering and Sciences
2023,January,scopus,College of Science,Scientific,Functional assessment of various rare-earth (RE) ion types: An investigation on gamma-ray attenuation properties of GeO2-B2O3-P2O5-ZnO-Tb2O3-RE magneto-optical glasses,Applied Radiation and Isotopes
2023,January,scopus,College of Science,Scientific,"Genetic Diversity of Palm Weevils, Rhynchophorus Species (Coleoptera: Curculionidae) by Mitochondrial COI Gene Sequences Declares a New Species, R. bilineatus in Qassim, Saudi Arabia",Applied Radiation and Isotopes
2023,January,wos,College of Science,Scientific,High efficient conversion of Cannabis sativa L. biomass into bioenergy by using green tungsten oxide nano-catalyst towards carbon neutrality,CANCERS
2023,January,scopus,College of Science,Scientific,Highly charged solar evaporator toward sustainable energy transition for in-situ freshwater & power generation,Chemosphere
2023,January,scopus,College of Science,Scientific,In vitro studies for the antiparasitic activities of Azadirachta indica extract,Optik
2023,January,scopus,College of Science,Scientific,"Influence of Sm/Bi substitution on synthesis, structural, and photon interaction properties of TeO [sbnd] MoO3 [sbnd] BaO [sbnd] Sm2O3 [sbnd] Bi2O3 glass system",Biomass Conversion and Biorefinery
2023,January,scopus,College of Science,Scientific,Influence of Temperature Gradients and Heat Source in a Combined Layer on Double Component-Magneto-Marangoni-Convection,Journal of King Saud University - Science
2023,January,wos,College of Science,Scientific,Integrated Zeolite Based Carbon Paste Electrode for Sensitive Voltammetric Assay of Ticagrelor,MOLECULES
2023,January,wos,College of Science,Scientific,Investigation of the Time-Fractional Generalized Burgers–Fisher Equation via Novel Techniques,MATERIALS CHEMISTRY AND PHYSICS
2023,January,scopus,College of Science,Scientific,"Investigation of X2CdS4 (X=Dy, Tm) spinels for energy harvesting and spintronic applications",Radiation Physics and Chemistry
2023,January,scopus,College of Science,Scientific,"Investigation on structural, optical, morphological, electrical, mechanical and biological activities of pure and crystal violet dye-doped epsomite single crystals",Journal of Saudi Chemical Society
2023,January,scopus,College of Science,Scientific,Iron doped Gd2Zr2O7 hierarchical nanoflakes arrays as robust electrodes materials for energy storage application,Journal of Biotechnology
2023,January,scopus,College of Science,Scientific,Irradiation-induced effects on structure and optical properties of PbO-B2O3-Na2O glasses: γ-dosimetry application,Food Science and Technology (Brazil)
2023,January,wos,College of Science,Scientific,Laplace Residual Power Series Method for Solving Three-Dimensional Fractional Helmholtz Equations,RADIATION PHYSICS AND CHEMISTRY
2023,January,wos,College of Science,Scientific,"Magnetic, optical, electronic, structural and thermoelectric features of A2MgS4 (A=Sm, Tb): A DFT study",RADIATION PHYSICS AND CHEMISTRY
2023,January,wos,College of Science,Scientific,MULTIDIMENSIONAL REVERSE HÖLDER INEQUALITY ON TIME SCALES,RADIATION PHYSICS AND CHEMISTRY
2023,January,wos,College of Science,Scientific,"Nanoemulsions of Some Edible Oils and their Antimicrobial, Antioxidant, and Anti-hemolytic Activities",OPTICAL AND QUANTUM ELECTRONICS
2023,January,scopus,College of Science,Scientific,Natural convection in nanofluid flow with chemotaxis process over a vertically inclined heated surface,Materials Chemistry and Physics
2023,January,scopus,College of Science,Scientific,NFT-IoT Pharma Chain: IoT Drug traceability system based on Blockchain and Non Fungible Tokens (NFTs),Radiation Physics and Chemistry
2023,January,scopus,College of Science,Scientific,Numerical Investigation of Darcy–Forchheimer Hybrid Nanofluid Flow with Energy Transfer over a Spinning Fluctuating Disk under the Influence of Chemical Reaction and Heat Source,Current Problems in Cardiology
2023,January,scopus,College of Science,Scientific,On Perturbative Methods for Analyzing Third-Order Forced Van-der Pol Oscillators,Life Sciences
2023,January,wos,College of Science,Scientific,"Optical and radiation absorption properties of bismuth-borate glasses doped with Ce4 +, Nd3 +, and Sm3 +",RADIATION PHYSICS AND CHEMISTRY
2023,January,scopus,College of Science,Scientific,Optimal Control Problems for Hilfer Fractional Neutral Stochastic Evolution Hemivariational Inequalities,Journal of Molecular Structure
2023,January,wos,College of Science,Scientific,Potential of sewage irrigation for heavy metal contamination in soil–wheat grain system: Ecological risk and environmental fate,RADIATION PHYSICS AND CHEMISTRY
2023,January,scopus,College of Science,Scientific,Proposing and optimization of a parabolic trough solar collector integrated with a photovoltaic module layer,Journal of Industrial and Engineering Chemistry
2023,January,scopus,College of Science,Scientific,Purification and thermodynamic characterization of acid protease with novel properties from Melilotus indicus leaves,AIMS Mathematics
2023,January,wos,College of Science,Scientific,Quality Factor of a Microchannel Microresonator as a Function of Viscosity and Its Vibrational Mode: An Experimental and Computational Analysis,MATHEMATICS
2023,January,wos,College of Science,Scientific,Response of two-temperature semiconductor model photomechanical and thermal waves during electrons-holes interaction processes,JOURNAL OF MOLECULAR STRUCTURE
2023,January,scopus,College of Science,Scientific,Reversible Cyclic Codes over F2+uF2+uF2,Physica B: Condensed Matter
2023,January,scopus,College of Science,Scientific,"Secure, ID Privacy and Inference Threat Prevention Mechanisms for Distributed Systems",Journal of Molecular Structure
2023,January,scopus,College of Science,Scientific,SERS spectroscopy for the therapeutic N-butyl-2-isonicotinoylhydrazine-1-carboxamide in silver nanocolloids at different concentrations: Experimental and DFT investigations,Materials Science in Semiconductor Processing
2023,January,wos,College of Science,Scientific,Silver Nanoparticles Amplified Visible and Infrared Photoluminescence Features of Er3+ Ions Activated in Borate Glasses,JOURNAL OF MATERIALS RESEARCH AND TECHNOLOGY-JMR&T
2023,January,wos,College of Science,Scientific,"Soil structure influences proteins, phenols, and flavonoids of varied medicinal plants in Al Jubail, KSA",JOURNAL OF KING SAUD UNIVERSITY SCIENCE
2023,January,scopus,College of Science,Scientific,Solitary Wave Solutions of the Fractional-Stochastic Quantum Zakharov–Kuznetsov Equation Arises in Quantum Magneto Plasma,Journal of Electronic Materials
2023,January,wos,College of Science,Scientific,Stark broadening parameters of the singly ionized sulfur: S II,MATERIALS CHEMISTRY AND PHYSICS
2023,January,scopus,College of Science,Scientific,Stem rust appraisal of local and global wheat germplasm with a new virulence threat to resistance genes,Inorganic Chemistry Communications
2023,January,wos,College of Science,Scientific,"Structural, conductivity, and complex impedance properties of the La0.7Ag0.3Mn1-xZnxO3(x = 0 and x = 0.025) samples",RADIATION PHYSICS AND CHEMISTRY
2023,January,wos,College of Science,Scientific,"Structural, Magnetic, and Magnetocaloric Features of La0.8Na0.2Mn0.97M0.03O3 (M = Ni, Fe) Manganite",CMC-COMPUTERS MATERIALS & CONTINUA
2023,January,wos,College of Science,Scientific,Study of the synergistic influence of zwitterionic interactions and graphene oxide on water diffusion mechanism and mechanical properties in hybrid hydrogel network,RADIATION PHYSICS AND CHEMISTRY
2023,January,scopus,College of Science,Scientific,Super aligned carbon nanotubes for interfacial modification of hole transport layer in polymer solar cells,Applied Mathematics and Computation
2023,January,scopus,College of Science,Scientific,Surface modification of Co3O4 nanostructures using wide range of natural compounds from rotten apple juice for the efficient oxygen evolution reaction,Ceramics International
2023,January,wos,College of Science,Scientific,Synthesis of K+ and Na+ Synthetic Sodalite Phases by Low-Temperature Alkali Fusion of Kaolinite for Effective Remediation of Phosphate Ions: The Impact of the Alkali Ions and Realistic Studies,APPLIED THERMAL ENGINEERING
2023,January,scopus,College of Science,Scientific,"Synthesis of new 1,2,3-triazole linked benzimidazolidinone: Single crystal X-ray structure, biological activities evaluation and molecular docking studies",Ceramics International
2023,January,wos,College of Science,Scientific,Synthesis of Ni doped barium hexaferrite by microemulsion route to enhance the visible light-driven photocatalytic degradation of crystal violet dye,PHYSICA SCRIPTA
2023,January,scopus,College of Science,Scientific,"Synthesis, physical properties, neutron, and gamma-ray shielding competence of borate-based glasses reinforced with erbium (III) oxide: a closer-look on the impact of Eu2O3",Journal of Physics and Chemistry of Solids
2023,January,scopus,College of Science,Scientific,System of six-level atom interacting with a quantized field in the existence of time-varying coupling,Fuel
2023,January,scopus,College of Science,Scientific,Tethered Small-Molecule Acceptors Simultaneously Enhance the Efficiency and Stability of Polymer Solar Cells,CMES - Computer Modeling in Engineering and Sciences
2023,January,scopus,College of Science,Scientific,The effect of Seebeck–Peltier on the generalized magneto thermoviscoelastic medium under five theories,Physica B: Condensed Matter
2023,January,scopus,College of Science,Scientific,Towards a better understanding of filler size on radiation shielding enhancement: impact of micro- and nano-WO3/PbO particle reinforcement on ILC concrete,Journal of Environmental Management
2023,January,scopus,College of Science,Scientific,Toxic and Antifeedant Effects of Different Pesticidal Plant Extracts against Beet Armyworm (Spodoptera exigua),Alexandria Engineering Journal
2023,January,wos,College of Science,Scientific,Tuning of relaxation phenomenon by substitution of La in BiFeO3,MATERIALS RESEARCH BULLETIN
2023,January,scopus,College of Science,Scientific,A Sustainable Method: Production of the Fermented Rice Milk Yogurt by Using Three Efficient Lactic Acid Bacteria,Journal of King Saud University - Science
2023,May,wos,College of Science,Scientific,"Antibacterial, Antioxidant Activities, GC-Mass Characterization, and Cyto/Genotoxicity Effect of Green Synthesis of Silver Nanoparticles Using Latex of Cynanchum acutum L",JOURNAL OF ENERGY STORAGE
2023,May,wos,College of Science,Scientific,Apoptotic Responses Mediated by Nostoc-Synthesized Silver Nanoparticles against Ehrlich Ascites Carcinoma Tumor-Bearing Mice,CERAMICS INTERNATIONAL
2023,May,wos,College of Science,Scientific,Assessment of male patients? average glandular dose during mammography procedure,SYMMETRY-BASEL
2023,May,wos,College of Science,Scientific,Assessment of Various Colors Combined with Insecticides in Devising Ovitraps as Attracting and Killing Tools for Mosquitoes,SUSTAINABILITY
2023,May,wos,College of Science,Scientific,Biocontrol of soil borne diseases by plant growth promoting rhizobacteria,CURRENT PROBLEMS IN CARDIOLOGY
2023,May,wos,College of Science,Scientific,Centrally Extended Jordan (*)-Derivations Centralizing Symmetric or Skew Elements,FRONTIERS IN PHYSICS
2023,May,wos,College of Science,Scientific,Charged and uncharged radiation shielding performance of CaO+ZnO+Na2B2O7 glass system,ANIMALS
2023,May,wos,College of Science,Scientific,Comparative Analysis of Darcy-Forchheimer Radiative Flow of a Water-Based Al2O3-Ag/TiO2 Hybrid Nanofluid over a Riga Plate with Heat Sink/Source,ANNALS OF ANIMAL SCIENCE
2023,May,wos,College of Science,Scientific,"Design and synthesis of novel rigid dibenzo[b,f]azepines through ring closure technique as promising anticancer candidates against leukaemia and acting as selective topoisomerase II inhibitors and DNA intercalators",SYMMETRY-BASEL
2023,May,wos,College of Science,Scientific,"Design, synthesis, molecular modelling and antitumor evaluation of S-glucosylated rhodanines through topo II inhibition and DNA intercalation",MATHEMATICS
2023,May,wos,College of Science,Scientific,Development of high-performance oxygen evolution reaction electrocatalyst with quick kinetics: Based on ultrafine Cu nanoparticles encircled by N-doped carbon,JOURNAL OF ENZYME INHIBITION AND MEDICINAL CHEMISTRY
2023,May,wos,College of Science,Scientific,"DGEBA epoxy polymer composite panels (MB: DGEBA-EPCPs): structural, optical, and dielectric properties-leanings and appliances in optical electronics",JOURNAL OF ENZYME INHIBITION AND MEDICINAL CHEMISTRY
2023,May,wos,College of Science,Scientific,Effect of Ag Content on the Electrochemical Performance of Ag2Te Nanostructures Synthesized by Hydrothermal Route for Supercapacitor Applications,FORENSIC SCIENCE INTERNATIONAL
2023,May,wos,College of Science,Scientific,Effect of foliar application of nano-nutrients solution on growth and biochemical attributes of tomato (Solanum lycopersicum) under drought stress,JOURNAL OF MOLECULAR STRUCTURE
2023,May,wos,College of Science,Scientific,Enhanced electrical and magnetic properties of samarium substituted spinel ferrites,GENES
2023,May,scopus,College of Science,Scientific,Evaluating Non-Composted Red Cotton Tree (Bombax ceiba) Sawdust Mixtures for Raising Okra (Abelmoschus esculentus (L.) Moench) in Pots,Journal of Materials Research and Technology
2023,May,wos,College of Science,Scientific,Evaluation occupationally radiation exposure during diagnostic imaging examinations,MICROSCOPY RESEARCH AND TECHNIQUE
2023,May,wos,College of Science,Scientific,Excited Non-Local Microelongated Semiconductor Layer Thermal-Optical Mechanical Waves Affected by Rotational Field,PLANTS-BASEL
2023,May,wos,College of Science,Scientific,Extraction of silica from fly-ash and fabrication of silica-clay composite for dye removal and kinetic studies,HORTICULTURAE
2023,May,wos,College of Science,Scientific,Facile fabrication of MnTe@CNT nanocomposite for high efficiency hydrogen production via renewable energy sources,JOURNAL OF ENERGY STORAGE
2023,May,wos,College of Science,Scientific,Facile green synthesis inorganic cuprous oxide nanoparticles and their antibacterial properties,FRONTIERS IN PLANT SCIENCE
2023,May,scopus,College of Science,Scientific,First-principles calculations to investigate physical properties of orthorhombic perovskite YBO3 (B = Ti & Fe) for high energy applications,Journal of Chromatography A
2023,May,wos,College of Science,Scientific,"First-principles calculations to investigate structural, electronic, optical and mechanical properties of Mg-doped CaMoO3 cubic perovskites for fuel cell applications",JOURNAL OF ELECTRONIC MATERIALS
2023,May,wos,College of Science,Scientific,Frequency and spectrum of M-2 mutants and genetic variability in cyto-agronomic characteristics of fenugreek induced by caffeine and sodium azide,RADIATION PHYSICS AND CHEMISTRY
2023,May,wos,College of Science,Scientific,Heavy Metal Estimation and Quality Assurance Parameters for Water Resources in the Northern Region of Pakistan,CERAMICS INTERNATIONAL
2023,May,wos,College of Science,Scientific,Hydrothermally Synthesized Fluorine Added O-3-NaFe1-xMgxO2 Cathodes for Sodium Ion Batteries,ENVIRONMENTAL RESEARCH
2023,May,wos,College of Science,Scientific,Hydrothermally synthesized highly efficient binary silver strontium sulfide (AgSrS) for high-performance supercapattery applications,POLISH JOURNAL OF ENVIRONMENTAL STUDIES
2023,May,wos,College of Science,Scientific,Identification of a Potential Vaccine against Treponema pallidum Using Subtractive Proteomics and Reverse-Vaccinology Approaches,SEPARATIONS
2023,May,wos,College of Science,Scientific,"Insight into the Structural, Mechanical and Optoelectronic Properties of Ternary Cubic Barium-Based BaMCl3 (M = Ag, Cu) Chloroperovskites Compounds",SYMMETRY-BASEL
2023,May,wos,College of Science,Scientific,"Kinetic, Thermodynamic, and Mechanistic Studies on the Effect of the Preparation Method on the Catalytic Activity of Synthetic Zeolite-A during the Transesterification of Waste Cooking Oil",ECS JOURNAL OF SOLID STATE SCIENCE AND TECHNOLOGY
2023,May,scopus,College of Science,Scientific,Magnetic Behavior of Virgin and Lithiated NiFe2O4 Nanoparticles,Journal of Porous Media
2023,May,wos,College of Science,Scientific,Mathematical Modeling and Analysis of the Steady Electro-Osmotic Flow of Two Immiscible Fluids: A Biomedical Application,PRAMANA-JOURNAL OF PHYSICS
2023,May,wos,College of Science,Scientific,Modifying optical properties of hydrogen beam irradiated flexible PVA polymeric films,REVISTA MEXICANA DE FISICA
2023,May,wos,College of Science,Scientific,NaBeAs and NaBeSb: Novel Ternary Pnictides with Enhanced Thermoelectric Performance,JOURNAL OF MATERIALS SCIENCE-MATERIALS IN ELECTRONICS
2023,May,scopus,College of Science,Scientific,Nanospheres type Morphology for regulating the electrochemical property of CeO2 nanostructures for energy storage system,Radiation Physics and Chemistry
2023,May,scopus,College of Science,Scientific,New Fractional Integral Inequalities Pertaining to Center-Radius (cr)-Ordered Convex Functions,New Astronomy
2023,May,wos,College of Science,Scientific,Pancreatic Pathological Changes in Murine Toxoplasmosis and Possible Association with Diabetes Mellitus,RSC ADVANCES
2023,May,scopus,College of Science,Scientific,"Preparation, enhancement of permeability, and anti-biofouling properties of PEES/nano-silver/PVP mixed-matrix membrane",Journal of Electroanalytical Chemistry
2023,May,wos,College of Science,Scientific,Recent Advances in the Synthesis of MXene Quantum Dots,MATERIALS SCIENCE IN SEMICONDUCTOR PROCESSING
2023,May,wos,College of Science,Scientific,"Rutin-loaded selenium nanoparticles modulated the redox status, inflammatory, and apoptotic pathways associated with pentylenetetrazole-induced epilepsy in mice",INORGANIC CHEMISTRY COMMUNICATIONS
2023,May,wos,College of Science,Scientific,Synthesis of ternary photocatalysts BiVO4/Ag/black phosphorene for the degradation of dyes and pharmaceuticals,PHYSICA STATUS SOLIDI B-BASIC SOLID STATE PHYSICS
2023,May,wos,College of Science,Scientific,"Synthesis, characterization and biological evaluation of the novel chromenopyridothiazolopyrimidines and chromenopyridopyrimidothiazolo-pyrimidines",LASER PHYSICS
2023,May,wos,College of Science,Scientific,Thermal Behavior of the Time-Dependent Radiative Flow of Water-Based CNTs/Au Nanoparticles Past a Riga Plate with Entropy Optimization and Multiple Slip Conditions,CERAMICS INTERNATIONAL
2023,May,wos,College of Science,Scientific,Thermally Radiative Darcy-Forchheimer Flow of Cu/Ag Nanoliquid in Water Past a Heated Stretchy Sheet with Magnetic and Viscous Dissipation Impacts,INTERNATIONAL JOURNAL OF GEOMETRIC METHODS IN MODERN PHYSICS
2023,May,wos,College of Science,Scientific,Topological Indices of Graphs from Vector Spaces,JOURNAL OF MOLECULAR RECOGNITION
2023,May,scopus,College of Science,Scientific,"Tuning of band gap by anion variation of double perovskites K2AgInX6 (X = Cl, Br) for solar cells and thermoelectric applications",Journal of King Saud University - Science
2023,May,scopus,College of Science,Scientific,"Tuning of electronic bandgap and electronic transport properties of double perovksites A(2)NaScI(6)(A = Rb, Cs) for energy device applications",ACS Applied Materials and Interfaces
2023,May,wos,College of Science,Scientific,Wormlike Perovskite Oxide Coupled with Phase-Change Material for All-Weather Solar Evaporation and Thermal Storage Applications,JOURNAL OF NON-CRYSTALLINE SOLIDS
2023,May,wos,College of Science,Scientific,"700 keV Au ions beam effect on the structural, optical and photovoltaic properties of MAPbI3 solar cells",SUSTAINABILITY
2023,May,wos,College of Science,Scientific,"Computational Studies, GERS, Photovoltaic Modelling and Molecular Docking Studies of Diethylstilbestrol and Its Methyl Ether",COMMUNICATIONS IN NONLINEAR SCIENCE AND NUMERICAL SIMULATION
2023,May,scopus,College of Science,Scientific,"Lanthanum substituted barium spinel ferrites, enhancement in various properties nanocrystalline ferrites",South African Journal of Botany
2023,May,scopus,College of Science,Scientific,Spacelike ruled surfaces with stationary Disteli-axis,Microscopy and Microanalysis
2023,May,wos,College of Science,Scientific,The attributes of the dust-acoustic solitary and periodic structures in the Saturn's inner magnetosphere,METABOLITES
2023,May,wos,College of Science,Scientific,"Assessment of Eight Faba Bean (Vicia faba L.) Cultivars for Drought Stress Tolerance through Molecular, Morphological, and Physiochemical Parameters",JOURNAL OF FUNCTIONAL BIOMATERIALS
2023,May,scopus,College of Science,Scientific,"One-Step Phytofabrication Method of Silver and Gold Nanoparticles Using Haloxylon salicornicum for Anticancer, Antimicrobial, and Antioxidant Activities",Microchemical Journal
2023,May,wos,College of Science,Scientific,Cytotoxicity Analysis for the Hydroxyl Functionalized MWCNT Reinforced PMMA Nanocomposites in Oral Squamous Carcinoma (KB) Cells,RADIATION PHYSICS AND CHEMISTRY
2023,May,wos,College of Science,Scientific,Antibiotic-Loaded Gold Nanoparticles: A Nano-Arsenal against ESBL Producer-Resistant Pathogens,RADIATION PHYSICS AND CHEMISTRY
2023,May,scopus,College of Science,Scientific,"Winter Bloom of Marine Cyanobacterium, Trichodesmium erythraeum and Its Relation to Environmental Factors",Physica Scripta
2023,May,wos,College of Science,Scientific,"Novel 1,2,4-triazoles as anti-enzymatic agents: Microwave versus conventional synthesis, characterization, docking and BSA binding studies",HELIYON
2023,May,wos,College of Science,Scientific,Suppression of Seedling Survival and Recruitment of the Invasive Tree Prosopis juliflora in Saudi Arabia through Its Own Leaf Litter: Greenhouse and Field Assessments,FRACTALS-COMPLEX GEOMETRY PATTERNS AND SCALING IN NATURE AND SOCIETY
2023,May,wos,College of Science,Scientific,"Biosynthesized selenium nanoparticles to rescue coccidiosis-mediated oxidative stress, apoptosis and inflammation in the jejunum of mice",FRACTAL AND FRACTIONAL
2023,May,wos,College of Science,Scientific,Green Coffee Bean Extract Potentially Ameliorates Liver Injury due to HFD/STZ-Induced Diabetes in Rats,FRACTALS-COMPLEX GEOMETRY PATTERNS AND SCALING IN NATURE AND SOCIETY
2023,May,wos,College of Science,Scientific,Staphylococcus aureus as Food-Borne Disease: An Ongoing Threat in Public Health in the Kingdom of Saudi Arabia,CHEMISTRYSELECT
2023,May,wos,College of Science,Scientific,Efficacy of priming wheat (Triticum aestivum) seeds with a benzothiazine derivative to improve drought stress tolerance,MATERIALS CHEMISTRY AND PHYSICS
2023,May,scopus,College of Science,Scientific,A narrative review on the beneficial impacts of probiotics on poultry: an updated knowledge,Journal of King Saud University - Science
2023,May,scopus,College of Science,Scientific,Stress-driven metabolites of desert soil fungi,Toxics
2023,May,scopus,College of Science,Scientific,Heteroblastic Inflorescence of Lamium amplexicaule L. in Egyptian Flora,Physica B: Condensed Matter
2023,May,wos,College of Science,Scientific,"Parasitological, Molecular, and Histopathological Investigation of the Potential Activity of Propolis and Wheat Germ Oil against Acute Toxoplasmosis in Mice",OPTICAL MATERIALS
2023,May,wos,College of Science,Scientific,Anatomical and Molecular Identification of Ornamental Plant Ficus L. Species,ZEITSCHRIFT FUR PHYSIKALISCHE CHEMIE-INTERNATIONAL JOURNAL OF RESEARCH IN PHYSICAL CHEMISTRY & CHEMICAL PHYSICS
2023,May,wos,College of Science,Scientific,"A Comprehensive Approach to Derivatization: Elemental Composition, Biochemical, and In Silico Studies of Metformin Derivatives Containing Copper and Zinc Complexes",FRONTIERS IN MATERIALS
2023,May,wos,College of Science,Scientific,"Assessment of Structural, Optical, and Antibacterial Properties of Green Sn(Fe : Ni)O-2 Nanoparticles Synthesized Using Azadirachta indica Leaf Extract",JOURNAL OF INORGANIC AND ORGANOMETALLIC POLYMERS AND MATERIALS
2023,May,wos,College of Science,Scientific,"Autophagy activation, histopathological damage, and altered renal epithelial sodium channel and Na+,K+‐ATPase gene expression in offspring kidney after in utero exposure to allethrin",DISCOVER NANO
2023,May,wos,College of Science,Scientific,"Betulinic acid protects against cardiotoxicity of the organophosphorus pesticide chlorpyrifos by suppressing oxidative stress, inflammation, and apoptosis in rats",MATERIALS CHEMISTRY AND PHYSICS
2023,May,wos,College of Science,Scientific,Citrus Waste as Source of Bioactive Compounds: Extraction and Utilization in Health and Food Industry,JOURNAL OF ENERGY STORAGE
2023,May,wos,College of Science,Scientific,"Correction to: Green fabrication of nanocomposite doped with selenium nanoparticle–based starch and glycogen with its therapeutic activity: antimicrobial, antioxidant, and anti-inflammatory in vitro (Biomass Conversion and Biorefinery, (2023), 13, 1, (431-443), 10.1007/s13399-022-03257-8)",JOURNAL OF ELECTRONIC MATERIALS
2023,May,wos,College of Science,Scientific,Detecting STR profiles from degrading menstrual blood samples and their use as possible evidence in forensic investigations,SURFACES AND INTERFACES
2023,May,scopus,College of Science,Scientific,DNA Barcoding of Wild Plants with Potential Medicinal Properties from Faifa Mountains in Saudi Arabia,Materials Chemistry and Physics
2023,May,wos,College of Science,Scientific,Effects of Climatic Change on Potential Distribution of Spogostylum ocyale (Diptera: Bombyliidae) in the Middle East Using Maxent Modelling,RSC ADVANCES
2023,May,scopus,College of Science,Scientific,"Esculentoside A Inhibits Proliferation, Colony Formation, Migration, and Invasion of Human Colorectal Cancer Cells",Computational and Theoretical Chemistry
2023,May,wos,College of Science,Scientific,Fungus under a Changing Climate: Modeling the Current and Future Global Distribution of Fusarium oxysporum Using Geographical Information System Data,SOLID STATE COMMUNICATIONS
2023,May,wos,College of Science,Scientific,"Impact of gervital against histopathological, ultrastructural, and biochemical alterations caused by methotrexate or azathioprine in albino rat testis",PAKISTAN JOURNAL OF BOTANY
2023,May,scopus,College of Science,Scientific,In Vitro Propagation of Three Date Palm (Phoenix dactylifera L.) Varieties Using Immature Female Inflorescences,Pharmaceutics
2023,May,wos,College of Science,Scientific,LncRNA-GAS5 and β-Catenin as Independent Predictors of Asymptomatic Organ Damage in Nondiabetic Hypertensive Patients,PLANTS-BASEL
2023,May,scopus,College of Science,Scientific,"Metabolomic Profiling, Antibacterial, and Molluscicidal Properties of the Medicinal Plants Calotropis procera and Atriplex halimus: In Silico Molecular Docking Study",ACS Omega
2023,May,wos,College of Science,Scientific,Multi-target molecular dynamic simulations reveal glutathione-S-transferase as the most favorable drug target of knipholone in Plasmodium falciparum,MICROBIOLOGICAL RESEARCH
2023,May,wos,College of Science,Scientific,Novel nomograms predicting overall and cancer-specific survival of malignant ependymoma patients: a population-based study,CURRENT ISSUES IN MOLECULAR BIOLOGY
2023,May,wos,College of Science,Scientific,Patterns of mutations in nine cancer-related genes and PAF development among smoking male patients diagnosed with bladder cancer,GENES
2023,May,wos,College of Science,Scientific,Phytoremediation of dinitrophenol from wastewater by atriplex lentiformis: effect of salicylic acid,JOURNAL OF THE AMERICAN CERAMIC SOCIETY
2023,May,wos,College of Science,Scientific,"Plant-Based Copper Oxide Nanoparticles; Biosynthesis, Characterization, Antibacterial Activity, Tanning Wastewater Treatment, and Heavy Metals Sorption",RADIOCHIMICA ACTA
2023,May,wos,College of Science,Scientific,Rhizobiome Signature and Its Alteration Due to Watering in the Wild Plant Moringa oleifera,FRONTIERS IN MATERIALS
2023,May,wos,College of Science,Scientific,"Synthesis and characterization of cellulose functionalized zeolitic diatomite as an enhanced carrier of oxaliplatin drug; loading, release, and cytotoxicity",ARABIAN JOURNAL OF CHEMISTRY
2023,May,scopus,College of Science,Scientific,"Synthesis and characterization of different complexes derived from Schiff base and evaluation as a potential anticancer, antimicrobial, and insecticide agent",Arabian Journal of Chemistry
2023,May,scopus,College of Science,Scientific,"Synthesis of Green Magnetite/Carbonized Coffee Composite from Natural Pyrite for Effective Decontamination of Congo Red Dye: Steric, Synergetic, Oxidation, and Ecotoxicity Studies",Polymers
2023,May,wos,College of Science,Scientific,Understanding the Active Mechanisms of Plant (Sesuvium portulacastrum L.) against Heavy Metal Toxicity,MATERIALS
2023,May,scopus,College of Science,Scientific,Demographic and treatment risk factors of cancer-specific mortality among children and adolescent leukemia patients: a population-based study,Journal of Functional Biomaterials
2023,May,wos,College of Science,Scientific,"Significance of Darcy–Forchheimer Law, Activation Energy, and Brownian Motion of Tiny Particles on the Dynamics of Rotating MHD Micropolar Nanofluid",CERAMICS INTERNATIONAL
2023,May,wos,College of Science,Scientific,"The effect of using fresh farmyard manure (animal manure) on the severity of Fusarium verticilioides in soil, root, stem, and kernels as well as lodging and borer incidence of maize plants",INTERNATIONAL COMMUNICATIONS IN HEAT AND MASS TRANSFER
2023,May,wos,College of Science,Scientific,Trace elements-based Auroshell gold@hematite nanostructure: Green synthesis and their hyperthermia therapy,FRACTAL AND FRACTIONAL
2023,May,wos,College of Science,Scientific,Nano-Conversion of Ineffective Cephalosporins into Potent One against Resistant Clinical Uro-Pathogens via Gold Nanoparticles,PHYSICS OF FLUIDS
2023,May,wos,College of Science,Scientific,Theory and Semi-Analytical Study of Micropolar Fluid Dynamics through a Porous Channel,MICROORGANISMS
2023,May,wos,College of Science,Scientific,Atangana-Baleanu-Caputo differential equations with mixed delay terms and integral boundary conditions,APPLIED SCIENCES-BASEL
2023,May,wos,College of Science,Scientific,Weighted survival functional entropy and its properties,MATERIALS CHEMISTRY AND PHYSICS
2023,May,scopus,College of Science,Scientific,A Comparative Analysis of Fractional-Order Fokker-Planck Equation,Materials Chemistry and Physics
2023,May,scopus,College of Science,Scientific,A Flexible Class of Two-Piece Normal Distribution with a Regression Illustration to Biaxial Fatigue Data,Chemical Engineering Journal
2023,May,wos,College of Science,Scientific,Clustering of COVID-19 Multi-Time Series- Based K-Means and PCA With Forecasting,JOURNAL OF SOLID STATE ELECTROCHEMISTRY
2023,May,wos,College of Science,Scientific,Copula Approach for Dependent Competing Risks of Generalized Half-Logistic Distributions under Accelerated Censoring Data,FRONTIERS IN GENETICS
2023,May,wos,College of Science,Scientific,A novel mathematical model for the effects of wall properties on pumping flow of a biofluid in a symmetrical three-dimensional curved duct,ECOTOXICOLOGY AND ENVIRONMENTAL SAFETY
2023,May,wos,College of Science,Scientific,On the Eigenvalues of Spectral Gaps of Elliptic PDEs on Waveguides,ANIMALS
2023,May,scopus,College of Science,Scientific,Computational Analysis for Frechet Parameters of Life from Generalized Type-II Progressive Hybrid Censored Data with Applications in Physics and Engineering,Optical Materials
2023,May,wos,College of Science,Scientific,Computational Modeling of Thermodynamical Pulsatile Flow with Uncertain Pressure in Hydrocephalus,FRACTAL AND FRACTIONAL
2023,May,scopus,College of Science,Scientific,"Gamma((alpha,beta))-BE-Algebras",Journal of Materials Science: Materials in Electronics
2023,May,wos,College of Science,Scientific,Thermal Onsets of Viscous Dissipation for Radiative Mixed Convective Flow of Jeffery Nanofluid across a Wedge,INTERNATIONAL JOURNAL OF FOOD PROPERTIES
2023,May,wos,College of Science,Scientific,Higher-Order Delay Differential Equation with Distributed Deviating Arguments: Improving Monotonic Properties of Kneser Solutions,JOURNAL OF SAUDI CHEMICAL SOCIETY
2023,May,wos,College of Science,Scientific,Moisture Diffusivity and Photothermal Excitation in Non-Local Semiconductor Materials with Laser Pulses,INTERNATIONAL JOURNAL OF NANOMEDICINE
2023,May,wos,College of Science,Health-related / Medical,"(beta,gamma)-Skew QC Codes with Derivation over a Semi-Local Ring",PARASITOLOGY INTERNATIONAL
2023,May,wos,College of Science,Scientific,A Comparative Analysis of Machine Learning Models: A Case Study in Predicting Chronic Kidney Disease,FRONTIERS IN PLANT SCIENCE
2023,May,wos,College of Science,Scientific,Analytical approximations to a generalized forced damped complex Duffing oscillator: multiple scales method and KBM approach,RADIATION PHYSICS AND CHEMISTRY
2023,May,wos,College of Science,Scientific,Compound-Combination Synchronization for Fractional Hyperchaotic Models with Different Orders,JOURNAL OF MANUFACTURING AND MATERIALS PROCESSING
2023,May,wos,College of Science,Scientific,Computational Analysis of Darcy–Forchheimer Flow of Cu/Al–Al2O3 Hybrid Nanofluid in Water over a Heated Stretchable Plate with Nonlinear Radiation,OPTIK
2023,May,scopus,College of Science,Scientific,Effects of rotating square shape and oriented fins on convective flow of nanofluid contained in a cavity under magnetic field effect,Open Chemistry
2023,May,wos,College of Science,Scientific,Estimations of Modified Lindley Parameters Using Progressive Type-II Censoring with Applications,TOXICS
2023,May,wos,College of Science,Scientific,Further Properties of Tsallis Entropy and Its Application,OPTICAL MATERIALS
2023,May,scopus,College of Science,Scientific,Generalizations of Higher-Order Duality for Multiple Objective Nonlinear Programming under the Generalizations of Type-I Functions,Journal of Molecular Structure
2023,May,scopus,College of Science,Scientific,Heat/mass transfer of a rotated dual wavy shape in a nanofluid-filled cavity partially saturated by porous media,Numerical Heat Transfer; Part A: Applications
2023,May,wos,College of Science,Scientific,Impact of Fractional Derivative and Brownian Motion on the Solutions of the Radhakrishnan-Kundu-Lakshmanan Equation,JOURNAL OF MATHEMATICS AND COMPUTER SCIENCE-JMCS
2023,May,scopus,College of Science,Scientific,Implementation of Yang residual power series method to solve fractional non-linear systems,Symmetry
2023,May,wos,College of Science,Scientific,Increased Prevalence of EBV Infection in Nasopharyngeal Carcinoma Patients: A Six-Year Cross-Sectional Study,SYMMETRY-BASEL
2023,May,wos,College of Science,Scientific,Natural convection of NEPCM in a partial porous H-shaped cavity: ISPH simulation,NOTULAE BOTANICAE HORTI AGROBOTANICI CLUJ-NAPOCA
2023,May,wos,College of Science,Scientific,NEW (3+1)-DIMENSIONAL INTEGRABLE EXTENSIONS OF THE (MODIFIED) VAKHNENKO-PARKES EQUATION,ACS OMEGA
2023,May,scopus,College of Science,Scientific,New Conditions for Testing the Asymptotic and Oscillatory Behavior of Solutions of Neutral Differential Equations of the Fourth Order,Ceramics International
2023,May,wos,College of Science,Scientific,On the Estimation of the Binary Response Model,JOURNAL OF PHYSICS AND CHEMISTRY OF SOLIDS
2023,May,wos,College of Science,Scientific,Photothermal Excitation Process in Semiconductor Materials under the Effect Moisture Diffusivity,MEDICINA-LITHUANIA
2023,May,wos,College of Science,Scientific,Prediction of Complex Stock Market Data Using an Improved Hybrid EMD-LSTM Model,JOURNAL OF SAUDI CHEMICAL SOCIETY
2023,May,scopus,College of Science,Scientific,Response of excited microelongated non-local semiconductor layer thermomechanical waves to photothermal transport processes,Journal of Saudi Chemical Society
2023,May,wos,College of Science,Scientific,Third-Order Neutral Differential Equation with a Middle Term and Several Delays: Asymptotic Behavior of Solutions,SYMMETRY-BASEL
2023,May,wos,College of Science,Scientific,A new authentication scheme based on monogenic semigroup,OPTICAL MATERIALS
2023,May,wos,College of Science,Scientific,A Numerical Analysis of the Hybrid Nanofluid (Ag+TiO2+Water) Flow in the Presence of Heat and Radiation Fluxes,SYMMETRY-BASEL
2023,May,wos,College of Science,Scientific,Certain Curvature Conditions on Kenmotsu Manifolds and ŋ-η-Ricci Solitons,COATINGS
2023,May,wos,College of Science,Scientific,Improved Properties of Positive Solutions of Higher Order Differential Equations and Their Applications in Oscillation Theory,SEPARATIONS
2023,May,wos,College of Science,Scientific,Problem on piecewise Caputo-Fabrizio fractional delay differential equation under anti-periodic boundary conditions,ACS OMEGA
2023,May,wos,College of Science,Scientific,Improvement in electronic attributes of tungsten diselenide (WSe2)-based field-effect transistor via gas doping (DUV + N-2),INORGANIC CHEMISTRY COMMUNICATIONS
2023,May,scopus,College of Science,Scientific,"Optimising the physical, thermal, optical, and gamma-ray shielding features of B2O3-As2O3-Li2O-PbO glasses",Materials Science and Engineering B: Solid-State Materials for Advanced Technology
2023,May,wos,College of Science,Scientific,Facile hydrothermal synthesis of manganese-doped chromium sulfide with reduced graphene oxide nanocomposites for energy storage system,CASE STUDIES IN THERMAL ENGINEERING
2023,May,wos,College of Science,Scientific,A zirconium-based microporous metal-organic framework for molecular sieving CO2 separation,CASE STUDIES IN THERMAL ENGINEERING
2023,May,scopus,College of Science,Scientific,Facile fabrication of ternary CuO/CuS/ZnS for photodegradation of methylene blue,Open Chemistry
2023,May,scopus,College of Science,Scientific,"STRUCTURE, THERMAL, AND PHYSIC-CHEMICAL PROPERTIES OF SOME CHALCOGENIDE ALLOYS",Journal of Molecular Graphics and Modelling
2023,May,wos,College of Science,Scientific,Fabrication of Efficient Electrocatalysts for Electrochemical Water Oxidation Using Bimetallic Oxides System,PHYTON-INTERNATIONAL JOURNAL OF EXPERIMENTAL BOTANY
2023,May,wos,College of Science,Scientific,Analytical Solutions for a New Form of the Generalized q-Deformed Sinh-Gordon Equation: ?(2)u/?z?? = e(au)[sinh(q)(u(?))]p- d,FRONTIERS IN PLANT SCIENCE
2023,May,wos,College of Science,Scientific,Chemometrics and Spectroscopic Analyses of Peganum harmala Plant's Seeds by Laser-Induced Breakdown Spectroscopy,ALEXANDRIA ENGINEERING JOURNAL
2023,May,wos,College of Science,Scientific,"Successive Photocatalytic Degradation of Methylene Blue by ZnO, CuO and ZnO/CuO Synthesized from Coriandrum sativum Plant Extract via Green Synthesis Technique",POLYMERS
2023,May,wos,College of Science,Scientific,"Glass transition, topology, and elastic models of Se-based glasses",SYMMETRY-BASEL
2023,May,scopus,College of Science,Scientific,Successive approximate solutions for nonlinear oscillation and improvement of the solution accuracy with efficient non-perturbative technique,International Journal of Hydrogen Energy
2023,May,wos,College of Science,Scientific,Translocation of tungsten(vi) oxide/gadolinium(iii) fluoride in tellurite glasses towards improvement of gamma-ray attenuation features in high-density glass shields,MICROMACHINES
2023,May,wos,College of Science,Scientific,"Mechanical properties, elastic moduli, and gamma ray attenuation competencies of some TeO2-WO3-GdF3 glasses: Tailoring WO3-GdF3 substitution toward optimum behavioral state range",FRONTIERS IN MICROBIOLOGY
2023,May,wos,College of Science,Scientific,A Novel Approach for Contextual Clustering and Retrieval of Behavior Trees to Enrich the Behavior of Social Intelligent Agents,ACS OMEGA
2023,May,scopus,College of Science,Scientific,Advanced investigation of a putative adsorption process of nine non key food odorants (non-KFOs) on the broadly tuned human olfactory receptor OR2W1: Statistical physics modeling and molecular docking study,Poultry Science
2023,May,scopus,College of Science,Scientific,An Innovative Compact Split-Ring-Resonator-Based Power Tiller Wheel-Shaped Metamaterial for Quad-Band Wireless Communication,Molecules
2023,May,wos,College of Science,Health-related / Medical,Anisotropic phonon dispersion and optoelectronic properties of few-layer HfS2,JOURNAL OF APPLIED ANALYSIS AND COMPUTATION
2023,May,wos,College of Science,Scientific,Attosecond-Angstrom free-electron-laser towards the cold beam limit,CMES-COMPUTER MODELING IN ENGINEERING & SCIENCES
2023,May,scopus,College of Science,Scientific,Customized structural and mechanical characteristics of Eu3+ imbued boro-telluro-dolomite glasses: effect of Dy3+ co-doping,Axioms
2023,May,wos,College of Science,Scientific,Detection of ammonia gas at room temperature through Sb doped SnO2 thin films: Improvement in sensing performance of SnO2,APPLIED SCIENCES-BASEL
2023,May,wos,College of Science,Scientific,"DFT insights on the opto-electronic and thermoelectric properties of double perovskites K2AgSbX6 (X = Cl, Br) via halides substitutions for solar cell applications",JOURNAL OF BIOMOLECULAR STRUCTURE & DYNAMICS
2023,May,wos,College of Science,Scientific,Effect of Copper Substitution on the Electrocatalytic Activity of ZnMn2O4 Spinel Embedded on Reduced Graphene Oxide Nanosheet for the Oxygen Evolution Process,ADVANCED COMPOSITES AND HYBRID MATERIALS
2023,May,wos,College of Science,Scientific,Elastic scattering analysis using different phenomenological and microscopic potentials for 7 Li + 27 Al system,DIAGNOSTICS
2023,May,wos,College of Science,Scientific,"Elastic-mechanical, dielectric properties, and γ-radiation safety competence of calcium boro-zinc glass systems reinforced with Nb5+ ions: experimental and theoretical studies",JOURNAL OF PHYSICAL CHEMISTRY C
2023,May,scopus,College of Science,Scientific,Elemental study of Devarda’s alloy using calibration free-laser induced breakdown spectroscopy (CF‒LIBS),Journal of Materials Science
2023,May,wos,College of Science,Scientific,Engineering the physical properties of CdS thin films through incorporation of Fe dopant for photodetector applications,ACS APPLIED NANO MATERIALS
2023,May,wos,College of Science,Scientific,Enhanced Photoresponsivity UV-C Photodetectors Using a p-n Junction Based on Ultra-Wide-Band Gap Sn-Doped beta-Ga2O3 Microflake/MnO Quantum Dots,SYMMETRY-BASEL
2023,May,scopus,College of Science,Scientific,Exploration of the Glass Domain in the SiO2-B2O3-TiO2-La2O3 System,Pharmaceuticals
2023,May,wos,College of Science,Scientific,Facile synthesis of SmSe supported on multiwalled carbon nanotubes for supercapacitor applications,JOURNAL OF SOL-GEL SCIENCE AND TECHNOLOGY
2023,May,wos,College of Science,Scientific,Green synthesis of Moringa oleifera leaf nanoparticles and an assessment of their therapeutic potential,CRYSTALS
2023,May,wos,College of Science,Scientific,Insights into visible luminescence and energy transfer mechanism of Eu3+/Dy3+ co-doped dolo-telluro-borate glasses,MATERIALS
2023,May,scopus,College of Science,Scientific,"LIBS assisted PCA analysis of multiple rare-earth elements (La, Ce, Nd, Sm, and Yb) in phosphorite deposits",Environmental Science and Pollution Research
2023,May,wos,College of Science,Scientific,Linkage of thermoelectric properties with the structural parameters in zinc indium oxide (ZnInO) thin films grown by physical vapor deposition (PVD),AXIOMS
2023,May,wos,College of Science,Scientific,Low energy irradiation induced effects on the surface characteristics of polydimethylsiloxane polymeric films,INTERNATIONAL JOURNAL OF BIOLOGICAL MACROMOLECULES
2023,May,wos,College of Science,Scientific,Mechanical and radiation shielding features of lithium titanophosphate glasses doped BaO,RADIATION PHYSICS AND CHEMISTRY
2023,May,wos,College of Science,Scientific,Numerical Computation of Hybrid Morphologies of Nanoparticles on the Dynamic of Nanofluid: The Case of Blood-Based Fluid,SCIENCE OF THE TOTAL ENVIRONMENT
2023,May,wos,College of Science,Scientific,"Optical, Microhardness, and Radiation Shielding Properties of Rare Earth Doped Strontium Barium Titanate Polyvinylidene Fluoride Nanocomposites",ALEXANDRIA ENGINEERING JOURNAL
2023,May,wos,College of Science,Scientific,Optimization of MHD Flow of Radiative Micropolar Nanofluid in a Channel by RSM: Sensitivity Analysis,JOURNAL OF RADIATION RESEARCH AND APPLIED SCIENCES
2023,May,scopus,College of Science,Scientific,Physical behavior of nanoparticles-enhanced PCM including transient conduction,Plants
2023,May,scopus,College of Science,Scientific,"Possible Half-Metallic Ferromagnetism in Rare-Earth Metals Based Ruthenate Double Perovskites: Ba2RERuO6 (RE = Dy, Tm)",Computers in Biology and Medicine
2023,May,scopus,College of Science,Scientific,"Potential role of hydrazinyl 1,2,4-triazoles derivatives as acetylcholinesterase inhibitors: synthesis, biological evaluation, kinetics mechanism and molecular docking and simulation studies","Computers, Materials and Continua"
2023,May,wos,College of Science,Scientific,Prediction of asphaltene stability in crude oils using machine learning algorithms,AXIOMS
2023,May,wos,College of Science,Scientific,Pressure-Driven Fabrication of Zn-Doped Co3C@Carbon Nano-Onions for Robust Oxygen Evolution Reaction,SURFACE INNOVATIONS
2023,May,wos,College of Science,Scientific,"Radiation shielding ability and optical features of La2O3+TiO2+Nb2O5+WO3+X2O3 (X=B, Ga, and In) glass system containing high-entropy oxides",SILICON
2023,May,scopus,College of Science,Scientific,"Revealing the electronic, optical and photocatalytic properties of PN-M2CO2 (P = Al, Ga; M = Ti, Zr, Hf) heterostructures",Scientific Reports
2023,May,wos,College of Science,Scientific,Robust microporous hydrogen−bonded organic framework for highly selective purification of methane from natural gas,AIP ADVANCES
2023,May,wos,College of Science,Scientific,Significance of Ternary Hybrid Nanoparticles on the Dynamics of Nanofluids over a Stretched Surface Subject to Gravity Modulation,JOURNAL OF MOLECULAR LIQUIDS
2023,May,wos,College of Science,Scientific,"Significant impact of lead(II) chloride on synthesis and properties of boron-based metallic glasses for mechanical, optical, and radiation applications",APPLIED SCIENCES-BASEL
2023,May,wos,College of Science,Scientific,Spatially asymmetric cascade nanocatalysts for enhanced chemodynamic therapy,MATHEMATICS
2023,May,wos,College of Science,Scientific,Stabilizing structure and voltage decay of lithium-rich cathode materials,SYMMETRY-BASEL
2023,May,scopus,College of Science,Scientific,Surface modifications and optical studies of irradiated flexible PDMS materials,Symmetry
2023,May,wos,College of Science,Scientific,Synthesis and characterization of BaGd0.1Fe1.9O4 ferrite/polypyrrole composites for microwave applications,AXIOMS
2023,May,wos,College of Science,Scientific,"Synthesis, structure, radiation attenuation efficacy as well as prediction of density using artificial intelligence techniques of lead borate lithium zinc strontium glasses",MATHEMATICS
2023,May,wos,College of Science,Scientific,"The impact of SrO on borophosphate glasses: synthesis, structure, optical properties as well as gamma-ray shielding performance",KOREAN JOURNAL OF CHEMICAL ENGINEERING
2023,May,wos,College of Science,Scientific,"Theoretical insight on the electronic band structure, mechanical, vibrational and thermodynamic characteristic of antiperovskites RE3InN (RE=Y and La)",OPTIK
2023,May,wos,College of Science,Scientific,Utilizing Fe2O3 in phosphate-based glasses to enhance biocompatibility and gamma-ray absorption characteristics: A step towards understanding of Na2O/Fe2O3 translocation in P2O5–CaO–Na2O glass system,BIONANOSCIENCE
2023,May,wos,College of Science,Scientific,Zinc Strontium Sulfide@Carbon nanotube composite electrode materials for high-performance supercapattery devices,JOURNAL OF FUNCTIONAL BIOMATERIALS
2023,May,wos,College of Science,Scientific,Ag and Zn doped TiO2 nano-catalyst synthesis via a facile green route and their catalytic activity for the remediation of dyes,ADVANCES IN CONDENSED MATTER PHYSICS
2023,May,wos,College of Science,Scientific,Doping effects of Ca2+ on the optical and dielectric properties of Ca/ZnO nanopowder materials,JOURNAL OF THE INDIAN CHEMICAL SOCIETY
2023,May,scopus,College of Science,Scientific,Exploring the Radioprotective Indium (III) Oxide Screens for Mammography Scans Using a Three-Layer Heterogeneous Breast Phantom and MCNPX: A Comparative Study Using Clinical Findings,PLoS ONE
2023,May,scopus,College of Science,Scientific,"Impacts of praseodymium (III, IV) oxide on physical, optical, and gamma-ray shielding properties of boro-silicate glasses",Journal of Electronic Materials
2023,May,wos,College of Science,Scientific,"Investigation of structural, magnetic and dielectric properties of SrM/PEEK: A potential microwave absorber",INORGANICS
2023,May,wos,College of Science,Scientific,Monte Carlo Investigation of Gamma Radiation Shielding Features for Bi2O3/Epoxy Composites,MICROMACHINES
2023,May,wos,College of Science,Scientific,"Study of structural, electronic, magnetic, and optical properties of A2FeMnO6 (A = Ba, La) double perovskites, experimental and DFT analysis",SYMMETRY-BASEL
2023,May,wos,College of Science,Scientific,A heuristic approach to the prediction of a periodic solution for a damping nonlinear oscillator with the non-perturbative technique,PHARMACEUTICALS
2023,May,wos,College of Science,Scientific,"Correction to: Synthesis, physical properties, neutron, and gamma-ray shielding competence of borate-based glasses reinforced with erbium (III) oxide: a closer-look on the impact of Eu2O3 (Journal of Materials Science: Materials in Electronics, (2023), 34, 3, (221), 10.1007/s10854-022-09748-8)",MAGNETOCHEMISTRY
2023,May,wos,College of Science,Scientific,Development of Mn-MOF/CuO composites as platform for efficient electrocatalytic OER,PHARMACEUTICS
2023,May,wos,College of Science,Scientific,Distinctive Measurement Scheme for Security and Privacy in Internet of Things Applications Using Machine Learning Algorithms,MATHEMATICS
2023,May,wos,College of Science,Scientific,Dynamics and head-on collisions of multidimensional dust acoustic shock waves in a self-gravitating magnetized electron-depleted dusty plasma,BIOMEDICINES
2023,May,wos,College of Science,Scientific,Impact of Rolled Graphene Oxide Grown on Polyaniline for Photodetection: Future Challenging Opto-Device,JOURNAL OF RUSSIAN LASER RESEARCH
2023,May,wos,College of Science,Scientific,Soliton structures and dynamical behaviors for the integrable system of Drinfel'd–Sokolov–Wilson equations in dispersive media,PHYSICA SCRIPTA
2023,May,wos,College of Science,Scientific,"Structural, electronic, mechanical and dynamical stability properties of LiAH3 (A = Sc, Ti & V) perovskite-type hydrides: A first principle study",APPLIED PHYSICS A-MATERIALS SCIENCE & PROCESSING
2023,May,wos,College of Science,Scientific,Understanding the spatial configurations of Sm2O3 in ZnO surface-loaded or embedded for the electrocatalytic oxygen evolution reaction,FERMENTATION-BASEL
2023,May,wos,College of Science,Scientific,An intelligent outlier detection with machine learning empowered big data analytics for mobile edge computing,AGRONOMY-BASEL
2023,February,scopus,College of Science,Scientific,Computational framework of hydrodynamic stagnation point flow of nanomaterials with natural convection configured by a heated stretching sheet,Symmetry
2023,February,scopus,College of Science,Scientific,Elucidating the influences of Tantalum (V) oxide in Bi2O3–TeO2–ZnO ternary glasses: An experimental characterization study on optical and nuclear radiation transmission properties of high-density glasses,Journal of Energy Storage
2023,February,scopus,College of Science,Scientific,Highly improved photo-sensing ability of In2S3 thin films through cerium doping,Chemical Physics Letters
2023,February,scopus,College of Science,Scientific,Investigate the suitability of g-C3N4 nanosheets ornamented with BiOI nanoflowers for photocatalytic dye degradation and PEC water splitting,PLoS ONE
2023,February,scopus,College of Science,Scientific,Nanometer-thin ZrO2 Coating for NiO on MWCNTs as Anode for Improved Performance of Sodium-Ion Batteries,Biological Trace Element Research
2023,February,scopus,College of Science,Scientific,Fabrication of Effective Co-SnO2/SGCN Photocatalysts for the Removal of Organic Pollutants and Pathogen Inactivation,Advances in Space Research
2023,February,scopus,College of Science,Scientific,"Investigation of structural, opto-electronic and thermoelectric properties of titanium based chloro-perovskites XTiCl3 (X = Rb, Cs): a first-principles calculations",Results in Physics
2023,February,scopus,College of Science,Scientific,Hydrothermal assisted synthesis of hierarchical SnO2 micro flowers with CdO nanoparticles based membrane for energy storage applications,Applied Nanoscience (Switzerland)
2023,February,scopus,College of Science,Scientific,"UPLC-ESI-MS/MS Profiling and Cytotoxic, Antioxidant, Anti-Inflammatory, Antidiabetic, and Antiobesity Activities of the Non-Polar Fractions of Salvia hispanica L. Aerial Parts",Environmental Science and Pollution Research
2023,February,scopus,College of Science,Scientific,Magnetic sodium alginate grafted with waste carbonaceous material for diclofenac sodium removal: optimization of operational parameters and process mechanism,Optik
2023,February,scopus,College of Science,Scientific,"Synthesis, Supramolecular Structural Investigations of Co(II) and Cu(II) Azido Complexes with Pyridine-Type Ligands",Intelligent Automation and Soft Computing
2023,February,scopus,College of Science,Scientific,"Crystal structure of 4-chloro-N'-[(1E)-pyridin-3-ylmethylidene]benzohydrazide, C13H10ClN3O",Journal of Molecular Liquids
2023,February,scopus,College of Science,Scientific,"A combined experimental and theoretical approach to the elucidation of the corrosion inhibition property of 5-((4,5-dihydro-4-o-tolyltetrazol-1-yl)methyl)quinolin-8-ol for C22E steel in aggressive environment",Journal of King Saud University - Science
2023,February,scopus,College of Science,Scientific,Adsorption Potential of Schizophyllum commune White Rot Fungus for Degradation of Reactive Dye and Condition Optimization: A Thermodynamic and Kinetic Study,Applied Mathematics and Information Sciences
2023,February,scopus,College of Science,Scientific,An ultrafast oxygen evolution reaction catalyzed by an amorphous Nickel–Dysprosium-based electrocatalyst with extraordinary spatial morphology,Radiation Physics and Chemistry
2023,February,scopus,College of Science,Scientific,Chemical constituents from Centaurothamnus maximus and their antimicrobial activity,Scientific Reports
2023,February,scopus,College of Science,Scientific,"Comprehensive computational study of phase stability, half metallicity, elastic and thermal properties of Fe based quaternary Heusler alloys for spintronics applications",Ceramics International
2023,February,scopus,College of Science,Scientific,Computational studies on anticancerous Camptothecin and it's derivative Camp-10 by Density Functional Theory,Polymer International
2023,February,scopus,College of Science,Scientific,"Design, Synthesis, and Antiproliferative Activity of New 5-Chloro-indole-2-carboxylate and Pyrrolo[3,4-b]indol-3-one Derivatives as Potent Inhibitors of EGFRT790M/BRAFV600E Pathways",Sensors and Actuators A: Physical
2023,February,scopus,College of Science,Scientific,Facile fabrication of SnSe nanorods embedded in GO nanosheet for robust oxygen evolution reaction,Veterinary Sciences
2023,February,scopus,College of Science,Scientific,Facile Formulation of New Innovative Eco-Friendly Hybrid Protective Coating for Mild Steel in Acidic Media,Materials Chemistry and Physics
2023,February,scopus,College of Science,Scientific,Facile synthesis and characterization of magnesium and manganese mixed oxides for the efficient removal of tartrazine dye from aqueous media,Materials Chemistry and Physics
2023,February,scopus,College of Science,Scientific,Facile Synthesis and Characterization of Sodium Magnesium Silicate Hydrate/Sodium Magnesium Silicate Hydroxide as Novel Nanostructures for the Efficient Removal of Methylene Blue Dye from Aqueous Media,Journal of King Saud University - Science
2023,February,scopus,College of Science,Scientific,"Functionalization of Sodium Magnesium Silicate Hydroxide/Sodium Magnesium Silicate Hydrate Nanostructures Using 2,3-Dihydroxybenzaldehyde as a Novel Nanocomposite for the Efficient Removal of Cd(II) and Cu(II) Ions from Aqueous Media",Optik
2023,February,scopus,College of Science,Scientific,Hierarchical NiMn-LDH Hollow Spheres as a Promising Pseudocapacitive Electrode for Supercapacitor Application,Optik
2023,February,scopus,College of Science,Scientific,High Performance Carbon Material Prepared from Phalsa Using Mild Pyrolytic Process towards Photodegradation of Methylene Blue under the Irradiation of UV Light,Arabian Journal for Science and Engineering
2023,February,scopus,College of Science,Scientific,Isolation and Bioassay of a New Terminalone A from Terminalia arjuna,Fuel
2023,February,scopus,College of Science,Scientific,Metabolites Profiling and In Vitro Biological Characterization of Different Fractions of Cliona sp. Marine Sponge from the Red Sea Egypt,Chemical Engineering Journal
2023,February,scopus,College of Science,Scientific,"Preparation, Characterization of New Antimicrobial Antitumor Hybrid Semi-Organic Single Crystals of Proline Amino Acid Doped by Silver Nanoparticles",Food Science and Technology (Brazil)
2023,February,scopus,College of Science,Scientific,Soret and Dufour aspect of viscoelastic fluid due to moving cylinder with viscous dissipation and convective boundary conditions,Optik
2023,February,scopus,College of Science,Scientific,"Structural, Spectral, Molecular Docking, and Molecular Dynamics Simulations of Phenylthiophene-2-Carboxylate Compounds as Potential Anticancer Agents",Journal of Mathematics
2023,February,scopus,College of Science,Scientific,Synthesis characterization and evaluation of novel triazole based analogs as a acetylcholinesterase and α-glucosidase inhibitors,Arabian Journal for Science and Engineering
2023,February,scopus,College of Science,Scientific,Synthesis of Gingerol-Metals Complex and in-vitro Cytotoxic Activity on Human Colon Cancer Cell Line,Symmetry
2023,February,scopus,College of Science,Scientific,Theoretical designing of small molecule donors for organic solar cells: Analyzing the effect of molecular polarity through structural engineering at terminal position,Journal of Solid State Chemistry
2023,February,scopus,College of Science,Scientific,Three-dimensional flower-like nanocomposites based on ZnO/NiO as effective electrode materials for supercapacitors,Journal of Materials Science: Materials in Electronics
2023,February,scopus,College of Science,Scientific,"Utility of 4,9-Dimethoxy-5-Oxo-5H-Furo[3,2-g]Chromene-6-Carbonitrile for Construction of some Novel Heteroannulated Furochromenopyridines",Journal of Energy Storage
2023,February,scopus,College of Science,Scientific,Velocity-Selected Rotational State Distributions of Nitric Oxide Scattered off Graphene Revealed by Surface-Velocity Map Imaging,Optical Materials
2023,February,scopus,College of Science,Scientific,Blood Vessel Segmentation with Classification Model for Diabetic Retinopathy Screening,Symmetry
2023,February,scopus,College of Science,Scientific,Corrosion Behavior of Aluminium-Coated Cans,Journal of Physics and Chemistry of Solids
2023,February,scopus,College of Science,Scientific,Evaluation of patients’ and occupational radiation risk dose during conventional and interventional radiology procedures,Journal of Applied Analysis and Computation
2023,February,scopus,College of Science,Scientific,Generalized q-convex functions characterized by q-calculus,BioResources
2023,February,scopus,College of Science,Scientific,Synthesis of Tin oxide nanoparticles using Nelumbo nucifera leaves extract for electrochemical sensing of dopamine,Arabian Journal of Chemistry
2023,February,scopus,College of Science,Scientific,"Design, synthesis, docking, and anticancer evaluations of new thiazolo[3,2-a] pyrimidines as topoisomerase II inhibitors",Journal of King Saud University - Computer and Information Sciences
2023,February,scopus,College of Science,Scientific,Highly efficient adsorption and removal bio-staining dye from industrial wastewater onto mesoporous Ag-MOFs,Micromachines
2023,February,scopus,College of Science,Scientific,Novel Copper Oxide-Integrated Carbon Paste Tirofiban Voltammetric Sensor,Symmetry
2023,February,scopus,College of Science,Scientific,Secure biometric systems based on bio-signals and DNA encryption of optical spectrograms,Optik
2023,February,scopus,College of Science,Scientific,Synthesis of functionalized aminopyrazole and pyrazolopyrimidine derivatives: Molecular modeling and docking as anticancer agents,Symmetry
2023,February,scopus,College of Science,Scientific,Biosynthesized Zinc Oxide Nanoparticles Using Ziziphus Jujube Plant Extract Assisted by Ultrasonic Irradiation and Their Biological Applications,Agricultural Water Management
2023,February,scopus,College of Science,Scientific,Construction of perovskite structured ZnSnO3 embedded graphene oxide nanosheets for in-situ electrochemical quantification of organoarsenic roxarsone,Applied Thermal Engineering
2023,February,scopus,College of Science,Scientific,Leaders’ ambition and followers’ cheating behavior: The role of performance pressure and leader identification,International Journal of Biological Macromolecules
2023,February,scopus,College of Science,Scientific,Geometrical Structure in a Relativistic Thermodynamical Fluid Spacetime,IEEE Sensors Journal
2023,February,scopus,College of Science,Scientific,Parameter Estimation and Squeezing of Superconducting Qubits in the Presence of Intrinsic Decoherence,Journal of Electromagnetic Waves and Applications
2023,February,scopus,College of Science,Scientific,The impact of Nitaqat on Indian high-skilled migration to Saudi Arabia,Symmetry
2023,February,scopus,College of Science,Scientific,"Erratum to ‘Role of endophytic bacteria in salinity stress amelioration by physiological and molecular mechanisms of defense: A comprehensive review’ South African Journal of Botany, Volume 151, December 2022, Pages 33-46 (South African Journal of Botany (2022) 151(PA) (33–46), (S0254629922005142), (10.1016/j.sajb.2022.09.036))",IEEE Access
2023,February,scopus,College of Science,Scientific,"Formulation of Osimertinib Nano Lipid Carriers: Optimization, Characterization and Cytotoxicity Assessment",Journal of Molecular Structure
2023,February,scopus,College of Science,Scientific,Energy transmission through carreau yasuda fluid influenced by ethylene glycol with activation energy and ternary hybrid nanocomposites by using a mathematical model,Plasmonics
2023,February,scopus,College of Science,Scientific,Entropy generation and mixed convection in an enclosure with five baffles exposed to a uniform magnetic field with volumetric radiation for the solar collectors via lattice Boltzmann method,Saudi Journal of Biological Sciences
2023,February,scopus,College of Science,Scientific,Effects of inorganic MnO2 and ZnO nanofillers on the structural investigations and dielectric behaviour of PVA polymeric materials,Mathematics
2023,February,scopus,College of Science,Scientific,Effects of simultaneous proton irradiation on the corrosion of commercial alloys in molten fluoride salt,Advances in Space Research
2023,February,scopus,College of Science,Scientific,Enhanced spectroscopic traits of Eu3+/Dy3+ co-doped doro-telluro-borate glasses: Effect of silver nanoparticles embedment,Australasian Plant Pathology
2023,February,scopus,College of Science,Scientific,Epitomizing biohydrogen production from microbes: Critical challenges vs opportunities,AIP Advances
2023,February,scopus,College of Science,Scientific,Equilibrium dynamics of the restricted 3-body problem with prolate primaries,Journal of Superconductivity and Novel Magnetism
2023,February,scopus,College of Science,Scientific,"Erratum: Revealing the electronic, optical and photocatalytic properties of PN-M2CO2 (P = Al, Ga; M = Ti, Zr, Hf) heterostructures (Nanoscale Adv. (2023) DOI: 10.1039/d3na00017f)",Chemosphere
2023,February,scopus,College of Science,Scientific,"Examinations of mechanical, and shielding properties of CeO2 reinforced B2O3–ZnF2–Er2O3–ZnO glasses for gamma-ray shield and neutron applications",Sustainable Materials and Technologies
2023,February,scopus,College of Science,Scientific,Experimental design and characterization of Eu-doped tellurite matrix glassy composite for medical and ionizing-radiation sensing applications,International Journal of Hydrogen Energy
2023,February,scopus,College of Science,Scientific,"Exploring the impact of PbO/CdO composition on the structural, optical, and gamma ray shielding properties of dense PbO–TeO2–CdO glasses",Inorganics
2023,February,scopus,College of Science,Scientific,Fabrication and characterization of Ag nanoparticle-embedded κ-Carrageenan-Sodium alginate nanocomposite hydrogels with potential antibacterial and cytotoxic activities,Arabian Journal of Chemistry
2023,February,scopus,College of Science,Scientific,"First principles insight into physical properties of CaX2O4 (X = In, Gd) spinels for optical and spintronic applications",Ceramics International
2023,February,scopus,College of Science,Scientific,Fabricated design of hydrotalcite embedded lanthanum organic frameworks for defluoridation of water,Journal of Materials Science: Materials in Electronics
2023,February,scopus,College of Science,Scientific,Fabrication of mesoporous Er doped ZnMnO3 nanoflake via sol gel approach for energy storage application,Results in Physics
2023,February,scopus,College of Science,Scientific,Fabrication of ZnO-CuFe2O4-CNTs ternary nanocomposite for harmful organic effluents degradation by sunlight irradiation,Advanced Materials
2023,February,scopus,College of Science,Scientific,"Effect of Allium sativum and Nigella sativa on alleviating aluminum toxicity state in the albino rats (vol 9, 1042640, 2022)",Journal of Electromagnetic Waves and Applications
2023,February,scopus,College of Science,Scientific,"Synthesis, the structural and thermal stability of LiCo1-xFexPO4",Journal of the Australian Ceramic Society
2023,February,scopus,College of Science,Scientific,Influence of WO3 content on gamma rays attenuation characteristics of phosphate glasses at low energy range,Phyton-International Journal of Experimental Botany
2023,February,scopus,College of Science,Scientific,Green Synthesis of Fe-Cu Bimetallic Supported on Alginate-Limestone Nanocomposite for the Removal of Drugs from Contaminated Water,Materials Today Communications
2023,February,wos,College of Science,Scientific,Simulation Studies of Track-Based Analysis of Charged Particles in Symmetric Hadron-Hadron Collisions at 7 TeV,APPLIED SCIENCES-BASEL
2023,February,wos,College of Science,Scientific,Profiling the Hsp70 Chaperone Network in Heat-Induced Proteotoxic Stress Models of Human Neurons,PLANTS-BASEL
2023,February,wos,College of Science,Scientific,On the KrATIN SMALL LETTER Y WITH ACUTElov-Bogoliubov-Mitropolsky and Multiple Scales Methods for Analyzing a Time Delay Duffing-Helmholtz Oscillator,JOURNAL OF NANOMATERIALS
2023,February,wos,College of Science,Scientific,Enhancement of optical and electrical properties of polyether sulfone by addition of Li4Ti5O12 NPs,APPLIED RADIATION AND ISOTOPES
2023,February,wos,College of Science,Scientific,The Fourth-Linear aff(1)-Invariant Differential Operators and the First Cohomology of the Lie Algebra of Vector Fields on RP1,INSECTS
2023,February,wos,College of Science,Scientific,Synthesis and in vitro anticancer activity of some 2-oxindoline derivatives as potential CDK2 inhibitors,TROPICAL PLANT PATHOLOGY
2023,February,wos,College of Science,Scientific,"One-Pot Synthesis of 1-Thia-4-azaspiro[4.4/5]alkan-3-ones via Schiff Base: Design, Synthesis, and Apoptotic Antiproliferative Properties of Dual EGFR/BRAF(V600E) Inhibitors",AXIOMS
2023,February,wos,College of Science,Scientific,Interactions between solid-fluid particles during thermosolutal convection of a rotating cylinder in a cavity,RADIATION PHYSICS AND CHEMISTRY
2023,February,wos,College of Science,Scientific,Tb3+-doped GeO2-B2O3-P2O5-ZnO magneto-optical glasses: Potential application as gamma-radiation absorbers,SYMMETRY-BASEL
2023,February,wos,College of Science,Scientific,Relativistic spacetimes admitting almost Schouten solitons,JOURNAL OF ENZYME INHIBITION AND MEDICINAL CHEMISTRY
2023,February,wos,College of Science,Scientific,Modeling and Performance Analysis of Municipal Solid Waste Treatment in Plasma Torch Reactor,JOURNAL OF ENZYME INHIBITION AND MEDICINAL CHEMISTRY
2023,February,wos,College of Science,Scientific,Molecular Dynamic Analysis of Carbapenem-Resistant Klebsiella pneumonia's Porin Proteins with Beta Lactam Antibiotics and Zinc Oxide Nanoparticles,JOURNAL OF PHYSICS AND CHEMISTRY OF SOLIDS
2023,February,wos,College of Science,Scientific,"Crystallographic, Structural, and Electrical Properties of W6+ Substituted with Mo6+ in Crystalline Phases such as TTB Structure",OPTICAL AND QUANTUM ELECTRONICS
2023,February,wos,College of Science,Scientific,Darcy-Brinkman Double Diffusive Convection in an Anisotropic Porous Layer with Gravity Fluctuation and Throughflow,ENERGY & FUELS
2023,February,wos,College of Science,Scientific,Li-Yau-Type Gradient Estimate along Geometric Flow,FRONTIERS IN PLANT SCIENCE
2023,February,wos,College of Science,Scientific,Assessment of radiation exposure in a nuclear medicine department of an oncology hospital,JOURNAL OF ELECTROCERAMICS
2023,February,wos,College of Science,Scientific,E-Bayesian Estimation of Hierarchical Poisson-Gamma Model on the Basis of Restricted and Unrestricted Parameter Spaces,AGRONOMY-BASEL
2023,February,wos,College of Science,Scientific,Seasonal Changes in the Biochemical Composition of Dominant Macroalgal Species along the Egyptian Red Sea Shore,APPLIED RADIATION AND ISOTOPES
2023,February,wos,College of Science,Scientific,Agronomic Practices Alter Regulated Effects of Easily Extractable Glomalin-Related Soil Protein on Fruit Quality and Soil Properties of Satsuma Mandarin,CRYSTALS
2023,February,wos,College of Science,Scientific,Investigating the Electrochemical Properties of a Semiconductor Heterostructure Composite Based on WO3-CaFe2O4 Particles Planted on Porous Ni-Foam for Fuel Cell Applications,ZEITSCHRIFT FUR PHYSIKALISCHE CHEMIE-INTERNATIONAL JOURNAL OF RESEARCH IN PHYSICAL CHEMISTRY & CHEMICAL PHYSICS
2023,February,wos,College of Science,Scientific,Immunohistochemical Evidence of Melatonin Protection on Lung Tissue During Chemotherapy,APPLIED NANOSCIENCE
2023,February,wos,College of Science,Scientific,"Tailoring the structural, optical, photoluminescence, dielectric and electrical properties of Zn0?6Ni0?2Mg0?2Fe2-xLaxO4 (x 1/4 0.00, 0.0125, 0.0250, 0.0375)",MICRO & NANO LETTERS
2023,February,wos,College of Science,Scientific,"Structural, electronic, magnetic, and optical properties of MFe2O4 (M = Ni, Fe, Co) spinel ferrites: A density functional theory study",RSC ADVANCES
2023,February,wos,College of Science,Scientific,The Impact of Heat Source and Temperature Gradient on Brinkman-Benard Triple-Diffusive Magneto-Marangoni Convection in a Two-Layer System,SOLID STATE COMMUNICATIONS
2023,February,wos,College of Science,Scientific,Investigating the Dynamics of Time-Fractional Drinfeld-Sokolov-Wilson System through Analytical Solutions,FRONTIERS IN PLANT SCIENCE
2023,February,wos,College of Science,Scientific,Assessment of Rejected Radiographs during planar imaging procedures,WATER
2023,February,wos,College of Science,Scientific,"Nanostructured Iron Oxides: Structural, Optical, Magnetic, and Adsorption Characteristics for Cleaning Industrial Effluents",INORGANICS
2023,February,wos,College of Science,Scientific,Synchronized electrochemical detection of hydroquinone and catechol in real water samples using a Co@SnO2-polyaniline composite,JOURNAL OF SOLID STATE ELECTROCHEMISTRY
2023,February,wos,College of Science,Scientific,The Qualitative Analysis of Host-Parasitoid Model with Inclusion of Spatial Refuge Effect,VACCINES
2023,February,wos,College of Science,Scientific,"Evaluating the Spatial Distribution of Some Toxic Substances Concentration with the Microbial Contamination of Wetland Water, Sediment and Fishes, and Their Potential Health Hazards",CRYSTALS
2023,February,wos,College of Science,Scientific,An extended Painleve integrable Kadomtsev--Petviashvili equation with lumps and multiple soliton solutions,CATALYSTS
2023,February,wos,College of Science,Scientific,Bright and dark optical modulated soliton solutions for the fourth-order (2+1)-dimensional Schrodinger equation with higher-order odd and even terms,CRYSTALS
2023,February,wos,College of Science,Scientific,Biological Activity of Cyclic Peptide Extracted from Sphaeranthus amaranthoides Using De Novo Sequencing Strategy by Mass Spectrometry for Cancer,COATINGS
2023,February,wos,College of Science,Scientific,On the Solutions of the Fractional-Order Sawada-Kotera-Ito Equation and Modeling Nonlinear Structures in Fluid Mediums,SURFACE INNOVATIONS
2023,February,wos,College of Science,Scientific,Application of the q-Homotopy Analysis Transform Method to Fractional-Order Kolmogorov and Rosenau-Hyman Models within the Atangana-Baleanu Operator,JOURNAL OF PHYSICAL CHEMISTRY C
2023,February,wos,College of Science,Scientific,"Synthesis, physical, optical characteristics, neutron/gamma-rays shielding capacity of newly arsenic glasses: experimental, theoretical, and simulation investigations",JOURNAL OF SOL-GEL SCIENCE AND TECHNOLOGY
2023,February,wos,College of Science,Scientific,Dual Impacts of Bi2O3/B2O3 Substitution on Mechanical and Attenuation Properties of Zinc-Bismuth-Borate Ternary Glasses for Diagnosis gamma-Rays Shielding Materials Application,FRACTAL AND FRACTIONAL
2023,February,wos,College of Science,Scientific,"Optimizing Structural, Optical, Dielectric, and Magnetic Properties of (Bi1-XLaX)FeO3 (0.00 < X < 0.06) Sintered Ceramics",BIOMEDICINES
2023,February,wos,College of Science,Scientific,A comprehensive investigation of a water and energy-based waste integrated system: Techno-eco-environmental-sustainability aspects,MATERIALS RESEARCH EXPRESS
2023,February,wos,College of Science,Scientific,"A Comprehensive Review: Epidemiological Strategies, Catheterization and Biomarkers used as a Bioweapon in Diagnosis and Management of Cardio Vascular Diseases",CHEMICAL RECORD
2023,February,wos,College of Science,Scientific,A Monogenean Gill Parasite within the Genus Haliotrema (Ancyrocephalidae) Infecting Argyrops filamentosus Fish: Morphology and Molecular Studies,GREEN PROCESSING AND SYNTHESIS
2023,February,wos,College of Science,Scientific,A New Approach to Empirical Mode Decomposition Based on Akima Spline Interpolation Technique,APPLIED NANOSCIENCE
2023,February,wos,College of Science,Scientific,"A new discussion concerning to exact controllability for fractional mixed Volterra-Fredholm integrodifferential equations of order r ∈ (1, 2) with impulses",SYNTHETIC COMMUNICATIONS
2023,February,wos,College of Science,Scientific,A new improved generalized class of estimators for population distribution function using auxiliary variable under simple random sampling,ENTROPY
2023,February,wos,College of Science,Scientific,A new Y-Zr/g-C3N4 nanoflakes anchored mesoporous silica composite for efficient environmental remediation applications,SYMMETRY-BASEL
2023,February,wos,College of Science,Scientific,A simplistic approach for the synthesis of Covalent Organic Frameworks(COFs) comprising of tetrafunctionalized porphyrin and polyoxometalates to uncover catalytic applications,MATHEMATICS
2023,February,wos,College of Science,Scientific,Adaptive inertial Yosida approximation iterative algorithms for split variational inclusion and fixed point problems,JOURNAL OF SOLID STATE CHEMISTRY
2023,February,wos,College of Science,Scientific,"Adsorption of NOx (x = 1, 2) Molecules on the CoFeMnSi(001) Surface: First-Principles Insights",PHYSICA SCRIPTA
2023,February,wos,College of Science,Scientific,Amanita sp. from Subtropical Region of Saudi Arabia as a Source of Chitinase Enzyme and its Antifungal Activity,ADVANCED ENERGY AND SUSTAINABILITY RESEARCH
2023,March,scopus,College of Science,Scientific,Apigetrin-enriched Pulmeria alba extract prevents assault of STZ on pancreatic β-cells and neuronal oxidative stress with concomitant attenuation of tissue damage and suppression of inflammation in the brain of diabetic rats,Ceramics International
2023,March,scopus,College of Science,Scientific,"Assessment of blue carbon sequestration potential of Avicennia marina in the semi-arid zone of Gulf of Kutch, Gujarat, India",Polycyclic Aromatic Compounds
2023,March,WOS,College of Science,Scientific,Azolla (Azolla pinnata) Mitigated Water Stress and Enhanced Fruit Yield of Mango Plants (Mangifera indica L.) in Arid-degraded Soil,Journal of Materials Science: Materials in Electronics
2023,March,WOS,College of Science,Scientific,Biological activities of Persea americana: in vitro and in vivo studies,AIMS Mathematics
2023,March,WOS,College of Science,Scientific,Biological and Pharmacological Properties of Myrtenol: A Review,Physics of Fluids
2023,March,WOS,College of Science,Scientific,Boosting the electrochemical activities of MnO2 for next-generation supercapacitor application: Adaptation of multiple approaches,SUSTAINABILITY
2023,March,WOS,College of Science,Scientific,Carotenoids: Role in Neurodegenerative Diseases Remediation,PHARMACEUTICS
2023,March,WOS,College of Science,Scientific,"Characterization and applications of highly optical transparency tellurite glasses doped with Er3+, Tm3+, and Nd3+",POLYMERS
2023,March,WOS,College of Science,Scientific,Construction of Quantum Codes over the Class of Commutative Rings and Their Applications to DNA Codes,PHARMACEUTICS
2023,March,WOS,College of Science,Scientific,"Correction to: Municipal wastewater viral pollution in Saudi Arabia: effect of hot climate on COVID-19 disease spreading (Environmental Science and Pollution Research, (2021), 30, 10, (25050-25057), 10.1007/s11356-021-14809-2)",SUSTAINABILITY
2023,March,WOS,College of Science,Scientific,Corrigendum to “Three-dimensional flower-like nanocomposites based on ZnO/NiO as effective electrode materials for supercapacitors” [J. Electroanal. Chem. 930 (2023) 117158](S1572665723000188)(10.1016/j.jelechem.2023.117158),JOURNAL OF MOLECULAR STRUCTURE
2023,March,WOS,College of Science,Scientific,CoSe nanoparticles supported NiSe2 nanoflowers cathode with improved energy storage performance for advanced hybrid supercapacitors,PLANTS-BASEL
2023,March,WOS,College of Science,Scientific,"Crystal structure of 2-({[5-(adamantan-2-yl)-2-sulfanylidene-1,3,4-oxadiazolidin-3-yl]methyl}amino)benzonitrile, C20H22N4OS",FRONTIERS IN IMMUNOLOGY
2023,March,WOS,College of Science,Scientific,"DFT Conformational, Wavefunction Based Reactivity Analysis, Docking and MD Simulations of a Carboxamide Derivative with Potential Anticancer Activity",JOURNAL OF FOOD BIOCHEMISTRY
2023,March,WOS,College of Science,Scientific,Dietary Thymoquinone Alone or Combined with Swimming Exercise Protect against Microcystin-LR-Induced Oxidative Injury in Mice,JOURNAL OF PURE AND APPLIED MICROBIOLOGY
2023,March,WOS,College of Science,Scientific,Early dispersal of domestic horses into the Great Plains and northern Rockies,FUNCTIONAL PLANT BIOLOGY
2023,March,WOS,College of Science,Scientific,"Effect of silver oxide additives on structural, optical dispersion and protection features of lead boro-phosphate glasses",ANNALS OF ANIMAL SCIENCE
2023,March,WOS,College of Science,Scientific,Effect of the permeability on the interaction between two spheres oscillating through Stokes-Brinkmann medium,BIOTECHNOLOGY AND GENETIC ENGINEERING REVIEWS
2023,March,WOS,College of Science,Scientific,Effect of tungsten on radiation attenuation features of yWO3-(90 - Y)TeO2-10Na2O glasses,PLANTS-BASEL
2023,March,WOS,College of Science,Scientific,Grafting red clay with Bi2O3 nanoparticles into epoxy resin for gamma-ray shielding applications,PHARMACEUTICS
2023,March,WOS,College of Science,Scientific,"Microemulsion synthesis of Ga and Sr doped BiFeO3 nanoparticles and evaluation of their ferroelectric, optical, dielectric and photocatalytic properties",PHYTON-INTERNATIONAL JOURNAL OF EXPERIMENTAL BOTANY
2023,March,WOS,College of Science,Scientific,Mixed convective magnetohydrodynamic flow of hybrid fluid with viscous dissipation: A numerical approach,Molecules
2023,March,WOS,College of Science,Scientific,Modeling the viscosity and rotation on a generalized micropolar thermoelasticity with two-temperature under five theories,BIOINORGANIC CHEMISTRY AND APPLICATIONS
2023,March,scopus,College of Science,Scientific,"NIR emissions from Nd3+-activated phosphate-based glass system for cost-effective, tunable, and miniaturised laser devices",Journal of King Saud University - Science
2023,March,WOS,College of Science,Scientific,Novel deliberately sensitive and selective penciclovir voltammetric sensors depending on iron oxide nanoparticles carbon paste electrodes,ENVIRONMENTAL SCIENCE AND POLLUTION RESEARCH
2023,March,WOS,College of Science,Scientific,"On cobalt zinc boro sodium fluoride glasses doped with Y2O3: Synthesis, artificial intelligence density prediction and dielectric spectroscopy","Molecules (Basel, Switzerland)"
2023,March,scopus,College of Science,Scientific,Optimization and evaluation of a municipal solid waste-to-energy system using taguchi technique in a tri-generation system based on gas turbine with air and steam agents,Biomass Conversion and Biorefinery
2023,March,WOS,College of Science,Scientific,Ratiometric fluorescent sensor for sensitive detection of 3-methoxytyramine based on hydrogen-bonded organic framework,Forensic science international
2023,March,WOS,College of Science,Scientific,Response of Contrasting Rice Genotypes to Zinc Sources under Saline Conditions,Genes
2023,March,WOS,College of Science,Scientific,"Synthesis, molecular docking and ADMET studies of bis-benzimidazole-based thiadiazole derivatives as potent inhibitors, in vitro α-amylase and α-glucosidase",Insects
2023,March,scopus,College of Science,Scientific,"Synthesis, molecular modelling and docking studies of new thieno[2,3-b:4,5-b′] dipyridine compounds as antimicrobial agents",Evidence-based Complementary and Alternative Medicine
2023,March,WOS,College of Science,Scientific,The effect of Eucalyptus camaldulensis leaf extracts from different environmental harvesting locations on Plasmodium chabaudi-induced malaria outcome,Microorganisms
2023,March,scopus,College of Science,Scientific,The effect of Moringa oleifera leaf extracts against urethane-induced lung cancer in rat model,Environmental Science and Pollution Research
2023,March,WOS,College of Science,Scientific,"Theoretical Insights into the Solvation, Electronic, Chemical Properties and Molecular Docking of Some Thiazole Derivatives",Plants
2023,March,WOS,College of Science,Scientific,Thermal and Mechanical Studies of Cerium Molybdenum Borosilicate Glasses and Glass–Ceramics,ACS Omega
2023,March,WOS,College of Science,Scientific,An efficient algorithm for the numerical solution of telegraph interface model with discontinuous coefficients via Haar wavelets,Plants
2023,March,WOS,College of Science,Scientific,An efficient antenna system with improved radiation for multi-standard/multi-mode 5G cellular communications,Journal of Biomolecular Structure and Dynamics
2023,March,scopus,College of Science,Scientific,Bifunctional electrocatalytic water splitting augmented by cobalt-nickel-ferrite NPs-supported fluoride-free MXene as a novel electrocatalyst,Journal of neurosurgical sciences
2023,March,scopus,College of Science,Scientific,Chitosan nanoparticles support the impact of arbuscular mycorrhizae fungi on growth and sugar metabolism of wheat crop,Tumour biology : the journal of the International Society for Oncodevelopmental Biology and Medicine
2023,March,WOS,College of Science,Scientific,"Coherence, purity and correlation for superconducting charge qubits",International Journal of Phytoremediation
2023,March,WOS,College of Science,Scientific,Comparative analysis on application conditions of indium (III) oxide-reinforced glasses in nuclear waste management and source transportation: A Monte Carlo simulation study,Catalysts
2023,March,WOS,College of Science,Scientific,"Correction to: Doping effects of Ca2+ on the optical and dielectric properties of Ca/ZnO nanopowders materials (Journal of Materials Science: Materials in Electronics, (2023), 34, 5, (444), 10.1007/s10854-023-09909-3)",Sustainability (Switzerland)
2023,March,WOS,College of Science,Scientific,"Correction to: Elastic-mechanical, dielectric properties, and γ-radiation safety competence of calcium boro-zinc glass systems reinforced with Nb5+ ions: experimental and theoretical studies (Journal of Materials Science: Materials in Electronics, (2023), 34, 5, (402), 10.1007/s10854-023-09835-4)",International Journal of Biological Macromolecules
2023,March,scopus,College of Science,Scientific,"Corrigendum to “Facile synthesis of transition metal oxide SnO2/MnO2 hierarchical nanostructure: As an efficient electrocatalyst for robust oxygen evolution reaction” [Surf. Interfaces 36 (2023) 102467] (Surfaces and Interfaces (2023) 36, (S246802302200726X), (10.1016/j.surfin.2022.102467))",Saudi Journal of Biological Sciences
2023,March,WOS,College of Science,Scientific,Development of strontium aluminate embedded photochromic cellulose hydrogel for mapping of fingermarks,Catalysts
2023,March,WOS,College of Science,Scientific,DFT Investigations on the Interactions Between Pyrimidine Derivatives and Ag/Au/Cu Metal Clusters: Solvation Effects and Reactivity Analysis,Plants
2023,March,scopus,College of Science,Scientific,Gold nanoparticles enhanced femtosecond nonlinear optical properties of sodium borate oxide glasses,Environmental Science and Pollution Research
2023,March,WOS,College of Science,Scientific,Green preparation of electrically conductive solution blow spun nanofibers from recycled polyethylene terephthalate via plasma-assisted oxidation–reduction,Mathematics
2023,March,WOS,College of Science,Scientific,Histology and histochemistry of the major salivary glands in the southern white-breasted hedgehog (Erinaceus concolor),Frontiers in Plant Science
2023,March,scopus,College of Science,Scientific,"HPLC analysis, mycochemical contents and biological activities of two edible hypogeous ascomycetes: Tirmania nivea and Terfezia boudieri",IET Nanobiotechnology
2023,March,WOS,College of Science,Scientific,Hypoxia inducible factor-1α (HIF-1α) as an early predictor of acute hydrogen cyanamide (Dormex) poisoning,Nanomaterials
2023,March,scopus,College of Science,Scientific,Impacts of halloysite clay nanoparticles on the structural and γ-ray shielding properties of the epoxy resin,CMES - Computer Modeling in Engineering and Sciences
2023,March,WOS,College of Science,Scientific,Impacts of the calcination temperature on the structural and radiation shielding properties of the NASICON compound synthesized from zircon minerals,MATHEMATICAL METHODS IN THE APPLIED SCIENCES
2023,March,WOS,College of Science,Scientific,In vitro role of biosynthesized nanosilver from Allium sativum against helminths,OPEN PHYSICS
2023,March,WOS,College of Science,Scientific,Influence of incorporation of samarium (Sm3+) on the structural and optoelectronic properties of In2S3 thin film for photodetector applications,SYMMETRY-BASEL
2023,March,WOS,College of Science,Scientific,Integration of 2D graphene oxide sheets with MgFe2O4/ZnO heterojunction for improved photocatalytic degradation of organic dyes and benzoic acid,MATHEMATICS
2023,March,WOS,College of Science,Scientific,"In-vitro antibacterial, cytotoxicity, and anti-prostate cancer effects of gold nanoparticles synthesized using extract of desert truffles (Tirmania nivea)",INTERNATIONAL JOURNAL OF DATA WAREHOUSING AND MINING
2023,March,WOS,College of Science,Scientific,Mathematical Modeling of COVID-19 with Vaccination Using Fractional Derivative: A Case Study,SYMMETRY-BASEL
2023,March,WOS,College of Science,Scientific,Mathematical modeling of magnetic dipole effect on convective heat transfer in Maxwell nanofluid flow: single and multi-walled carbon nanotubes,FRONTIERS IN PHYSICS
2023,March,WOS,College of Science,Scientific,Mechanistic correlation between mitochondrial permeability transition pores and mitochondrial ATP dependent potassium channels in ischemia reperfusion,INTEGRAL EQUATIONS AND OPERATOR THEORY
2023,March,WOS,College of Science,Scientific,Meshfree numerical approach for some time-space dependent order partial differential equations in porous media,SYMMETRY-BASEL
2023,March,WOS,College of Science,Scientific,"Metal accumulation capacity of raphidascaridid nematode, Hysterothylacium reliquens, infecting the king soldier bream (Argyrops spinifer)",SYMMETRY-BASEL
2023,March,WOS,College of Science,Scientific,Multivariate Mittag-Leffler function and related fractional integral operators,JOURNAL OF MATHEMATICS
2023,March,WOS,College of Science,Scientific,Municipal wastewater viral pollution in Saudi Arabia: effect of hot climate on COVID-19 disease spreading,SYMMETRY-BASEL
2023,March,WOS,College of Science,Scientific,Numerical investigation on the performance of a solar air heater using inclined impinging jets on absorber plate with parallel and crossing orientation of nozzles,SYMMETRY-BASEL
2023,March,WOS,College of Science,Scientific,On the hydrodynamic interaction of two coaxial spheres oscillating in a viscous fluid with a slip regime,SILICON
2023,March,WOS,College of Science,Scientific,On the Krýlov–Bogoliúbov-Mitropólsky and Multiple Scales Methods for Analyzing a Time Delay Duffing–Helmholtz Oscillator,SYMMETRY-BASEL
2023,March,WOS,College of Science,Scientific,"Photocatalytic activities of Mg doped NiO NPs for degradation of Methylene blue dye for harmful contaminants: A kinetics, mechanism and recyclability",Sustainability (Switzerland)
2023,March,WOS,College of Science,Scientific,Photochromic cellulose nanofibers-reinforced polyacrylic acid self-healable hydrogel toward dual-mode security authentication stamp,Communications in Theoretical Physics
2023,March,WOS,College of Science,Scientific,Predictive modeling of reliability engineering data using a new version of the flexible Weibull model,Symmetry
2023,March,WOS,College of Science,Scientific,Preparation of carbon dots-embedded fluorescent carboxymethyl cellulose hydrogel for anticounterfeiting applications,Micromachines
2023,March,WOS,College of Science,Scientific,Preparation of fluorescent ink using perylene-encapsulated silica nanoparticles toward authentication of documents,ZAMM Zeitschrift fur Angewandte Mathematik und Mechanik
2023,March,WOS,College of Science,Scientific,Quantifying Co–Zn contents for compositional tailoring of strontium W-type hexaferrites for useful applications,Axioms
2023,March,WOS,College of Science,Scientific,Rare earth and transition metal co-doped LaFeO3 perovskite and its CNTs reinforced nanohybrid for environmental remediation application,ENTROPY
2023,March,WOS,College of Science,Scientific,Revealing the dynamical behavior of stars in a prolate or oblate elliptical galaxy,Mathematics
2023,March,WOS,College of Science,Scientific,"Reviewing biohydrogen production from microalgal cells through fundamental mechanisms, enzymes and factors that engendering new challenges and prospects",Waves in Random and Complex Media
2023,March,WOS,College of Science,Scientific,Robust kernel regression function with uncertain scale parameter for high dimensional ergodic data using k-nearest neighbor estimation,JOURNAL OF FUNCTION SPACES
2023,March,WOS,College of Science,Scientific,Soil-bacteria-mediated eco-friendly synthesis of ceramic nanostructure,AIMS Mathematics
2023,March,WOS,College of Science,Scientific,Solvothermal synthesis of Al2Se3/rGO nanocomposites with excellent electrochemical performance in supercapacitor,Cancers
2023,March,WOS,College of Science,Scientific,Spinel lithium titanate anode/polyether sulfone nanocomposite synthesized by pulsed laser ablation method for optoelectronic applications,International Journal of Numerical Methods for Heat and Fluid Flow
2023,March,WOS,College of Science,Scientific,"Structures and hydrogen storage properties of AeVH3 (Ae = Be, Mg, Ca, Sr) perovskite hydrides by DFT calculations",Romanian Journal of Physics
2023,March,WOS,College of Science,Scientific,"Study of mechanical, optical and transport aspirants of double perovskites Cs2XInI6 (X = Li, Na) for solar cells and clean energy applications",Axioms
2023,March,WOS,College of Science,Scientific,Study of SrEr0.04Fe1.96O4/PANI nano-composites for high-frequency applications,Axioms
2023,March,scopus,College of Science,Scientific,Study on active sites of Mn-doped iron selenide on pencil electrode for electrocatalytic water splitting,Silicon
2023,March,WOS,College of Science,Scientific,Surfactant assisted FeCo2O4 nanostructure: An efficient counter electrode for dye sensitized solar cell assisted hexagonal and photocatalyst for dye degradation,APPLIED SCIENCES-BASEL
2023,March,WOS,College of Science,Scientific,Synthesis and characterization of graphitic carbon nitride composite with NiFe2O4/CdO for photocatalytic treatment of diclofenac sodium and crystal violet,Acta Mechanica
2023,March,WOS,College of Science,Scientific,Synthesis and characterization of sodium alginate/polyvinyl alcohol/zinc oxide/iron oxide nanocomposites for electrochemical applications,Axioms
2023,March,wos,College of Science,Scientific,"Synthesis of Bivalent Ni(II), Cu(II) and Zn(II) Complexes of Azodicarbonamide in Mixture of Methanol and Aqueous Solvents: Spectral Characterizations and Anti-Microbial Studies",Journal of Intelligent and Fuzzy Systems
2023,March,WOS,College of Science,Scientific,Synthesis of glass powders for radiation shielding applications based on zirconium minerals' leach liquor,Energies
2023,March,scopus,College of Science,Scientific,Synthesis of green emitted carbon dots from Vachellia nilotica and utilizing its extract as a red emitted fluorescence reagent: Applying for visual and spectroscopic detection of iron (III),Axioms
2023,March,WOS,College of Science,Scientific,Synthesis of nanostructured gadolinium doped mixed ferrite: A novel catalyst for the mineralization of textile dyes,Mathematics
2023,March,scopus,College of Science,Scientific,"Synthesis, crystal structure, molecular dynamics, docking and in-vitro studies of cyclododecanonethiosemicarbazone, a promising anti tuberculosis agent",Physica Scripta
2023,March,WOS,College of Science,Scientific,Tailoring optimal translocation conditions towards proximity of borotellurite glasses to the red spectrum through CeO2 for practical applications,JOURNAL OF MATERIALS SCIENCE-MATERIALS IN ELECTRONICS
2023,March,WOS,College of Science,Scientific,"The electrical, dielectric and magnetic effect of MgFe2O4–polypyrrole and its composites",JOURNAL OF MATERIALS SCIENCE-MATERIALS IN ELECTRONICS
2023,March,WOS,College of Science,Scientific,T-spherical fuzzy aggregation operators for dynamic decision-making with its application,JOURNAL OF MATERIALS RESEARCH
2023,March,WOS,College of Science,Scientific,Variation in gamma ray shielding properties of glasses with increasing boron oxide content,CRYSTENGCOMM
2023,March,WOS,College of Science,Scientific,"Effect of one-dimensional nanostructures copolymer based poly(9-vinylcarbazole) and poly[(9,9-dioctylfluorenyl-2,7-diyl)-co-(bithiophene)] PVK-F8T2 nanowires on their photophysical properties",JOURNAL OF THE KOREAN CERAMIC SOCIETY
2023,March,WOS,College of Science,Scientific,"Γα,β -BE-Algebras",THERMAL SCIENCE
2023,March,WOS,College of Science,Scientific,"2D porous carbon nanosheets derived from turnip: Preparation, characterization and its electrochemical performance",ACS OMEGA
2023,March,WOS,College of Science,Scientific,"700 keV Au ions beam effect on the structural, optical and photovoltaic properties of MAPbI3 solar cells",SYMMETRY-BASEL
2023,March,WOS,College of Science,Scientific,A Comparative Analysis of Fractional-Order Fokker-Planck Equation,APPLIED SCIENCES-BASEL
2023,March,WOS,College of Science,Scientific,A Comparative Analysis of Machine Learning Models: A Case Study in Predicting Chronic Kidney Disease,CRYSTALS
2023,March,WOS,College of Science,Scientific,"A Comprehensive Review: Epidemiological Strategies, Catheterization and Biomarkers used as a Bioweapon in Diagnosis and Management of Cardio Vascular Diseases",JOURNAL OF THE AMERICAN CERAMIC SOCIETY
2023,March,WOS,College of Science,Scientific,A heuristic approach to the prediction of a periodic solution for a damping nonlinear oscillator with the non-perturbative technique,JOURNAL OF LOW FREQUENCY NOISE VIBRATION AND ACTIVE CONTROL
2023,March,WOS,College of Science,Scientific,A Monogenean Gill Parasite within the Genus Haliotrema (Ancyrocephalidae) Infecting Argyrops filamentosus Fish: Morphology and Molecular Studies,OPEN CHEMISTRY
2023,March,WOS,College of Science,Scientific,A narrative review on the beneficial impacts of probiotics on poultry: an updated knowledge,OPEN CHEMISTRY
2023,March,WOS,College of Science,Scientific,Computational Modeling of Thermodynamical Pulsatile Flow with Uncertain Pressure in Hydrocephalus,Electronics (Switzerland)
2023,March,scopus,College of Science,Scientific,Darcy-Brinkman Double Diffusive Convection in an Anisotropic Porous Layer with Gravity Fluctuation and Throughflow,International Journal of Biological Macromolecules
2023,March,WOS,College of Science,Scientific,"Design and synthesis of novel rigid dibenzo[b,f]azepines through ring closure technique as promising anticancer candidates against leukaemia and acting as selective topoisomerase II inhibitors and DNA intercalators",Materials
2023,March,WOS,College of Science,Scientific,"Design, synthesis, molecular modelling and antitumor evaluation of S-glucosylated rhodanines through topo II inhibition and DNA intercalation",Journal of Materials Chemistry C
2023,March,WOS,College of Science,Scientific,Detecting STR profiles from degrading menstrual blood samples and their use as possible evidence in forensic investigations,Nature communications
2023,March,WOS,College of Science,Scientific,Discovery of chalcone derivatives as potential alpha-glucosidase and cholinesterase inhibitors: Effect of hyperglycemia in paving a path to dementia,Journal of Taibah University for Science
2023,March,WOS,College of Science,Scientific,DNA Barcoding of Wild Plants with Potential Medicinal Properties from Faifa Mountains in Saudi Arabia,Ceramics International
2023,March,scopus,College of Science,Scientific,Ecofriendly and radiation shielding properties of newly developed epoxy with waste marble and WO3nanoparticles,Materials Science and Engineering B: Solid-State Materials for Advanced Technology
2023,March,WOS,College of Science,Scientific,Effect of biosynthesized nanoselenium using Azadirachta indica (Meliaceae) leaf extracts against Eimeria papillata infection,Catalysis Surveys from Asia
2023,March,WOS,College of Science,Scientific,"Effect of Biotic Elicitors on the Growth, Antioxidant Activity and Metabolites Accumulation in In Vitro Propagated Shoots of Pueraria tuberosa",Pramana - Journal of Physics
2023,March,scopus,College of Science,Scientific,Effect of Chitosan and Micro-Carbon-Based Phosphorus Fertilizer on Strawberry Growth and Productivity,Journal of Materials Science: Materials in Electronics
2023,March,WOS,College of Science,Scientific,Effect of electrolytic solutions on the electrochemical performance of binder-free VMnS electrode and its applications as an energy storage devices,Laser Physics
2023,March,scopus,College of Science,Scientific,Effect of foliar application of nano-nutrients solution on growth and biochemical attributes of tomato (Solanum lycopersicum) under drought stress,Journal of Physics and Chemistry of Solids
2023,March,WOS,College of Science,Scientific,Effect of hydrophilic/lipophilic balance on the porogenic properties of non-ionic surfactants for monolith preparation and chromatographic separation,ACS APPLIED MATERIALS & INTERFACES
2023,March,WOS,College of Science,Scientific,"Effect of La2O3 Concentration on the Structural, Optical and Radiation-Shielding Behaviors of Titanate Borosilicate Glasses",Silicon
2023,March,scopus,College of Science,Scientific,Effect of laser pulse repetition rate in the synthesis of nickel oxide nanoparticles in PVA solution on the adsorption efficiency against phosphate ions,Applied Nanoscience (Switzerland)
2023,March,scopus,College of Science,Scientific,"Effect of MoO3 on Na2O-B2O3-CdO-ZnO glasses: Applications in optoelectronics, communication devices, and radiation shielding",Journal of King Saud University - Science
2023,March,scopus,College of Science,Scientific,"Effect of nanoparticle macroalgae in the treatment of fatty liver disease using logistic regression, and support vector machine",Optical Materials
2023,March,scopus,College of Science,Scientific,"Effect of Salicylic Acid and Amino Acid on Pea Plant (Pisum sativum) Late Season, Growth and Production",Heliyon
2023,March,WOS,College of Science,Scientific,Effective Removal of Methylene Blue by Mn3O4/NiO Nanocomposite under Visible Light,Inorganic Chemistry Communications
2023,March,WOS,College of Science,Scientific,Effects of Dipole-Dipole Interaction and Time-Dependent Coupling on the Evolution of Entanglement and Quantum Coherence for Superconducting Qubits in a Nonlinear Field System,Macromolecular Research
2023,March,scopus,College of Science,Scientific,Effects of Ion Irradiation on Modifying Surface Characteristics and Dielectric Properties of PVA Polymeric Materials,Journal of Materials Research and Technology
2023,March,WOS,College of Science,Scientific,EFFECTS OF MAGNETIC FIELD AND THERMAL RADIATION ON DOUBLE DIFFUSION OF A SOLID PHASE IN THE TWO CONNECTED CIRCULAR CYLINDERS SUSPENDED BY NEPCM AND POROUS MEDIA,Axioms
2023,March,WOS,College of Science,Scientific,Elastic scattering analysis using different phenomenological and microscopic potentials for Li-7+Al-27 system,Journal of Inorganic and Organometallic Polymers and Materials
2023,March,WOS,College of Science,Scientific,Elastic scattering of 7Li+58Ni: a phenomenological and microscopic analysis,Mathematics
2023,March,scopus,College of Science,Scientific,"Elastic-mechanical, dielectric properties, and ?-radiation safety competence of calcium boro-zinc glass systems reinforced with Nb5+ ions: experimental and theoretical studies (vol 34, 402, 2023)",International Journal of Modern Physics B
2023,March,WOS,College of Science,Scientific,Elasto-mechanical and gamma radiation/neutron shielding effectiveness behavior of sodium metaphosphate glasses under different oxidization conditions: Effects of zircon ions,Physica Status Solidi (B) Basic Research
2023,March,WOS,College of Science,Scientific,Electrically charged isotropic stars with Tolman−IV model,Chemical Papers
2023,March,WOS,College of Science,Scientific,Electro-oxidation reconstitution of aluminium copper MOF-derived metal oxyhydroxides for a robust OER process,Chemometrics and Intelligent Laboratory Systems
2023,March,WOS,College of Science,Scientific,Electrocatalytic behavior of Ni-Co-Fe3O4 nanospheres for efficient oxygen evolution reaction,Energy and Fuels
2023,March,scopus,College of Science,Scientific,"Electrochemical, ferroelectric and dielectric properties of Gd, Fe and Mn doped nickel perovskite with robust photocatalytic activity under visible light",Heliyon
2023,March,WOS,College of Science,Scientific,Electron beam irradiation and carbon nanotubes influence on PVDF-PZT composites for energy harvesting and storage applications: Changes in dynamic-mechanical and dielectric properties,NANOSCALE ADVANCES
2023,March,WOS,College of Science,Scientific,"Electronic, Structural, Optical, and Magnetic Characteristics A(2)MgS(4) of (A=Dy, Er) Spinel Sulfides: A Density Functional Theory Study",Microporous and Mesoporous Materials
2023,March,WOS,College of Science,Scientific,Elemental study of Devarda's alloy using calibration free-laser induced breakdown spectroscopy (CF-LIBS),Mathematics
2023,March,scopus,College of Science,Scientific,Elucidating the influences of Tantalum (V) oxide in Bi2O3-TeO2-ZnO ternary glasses: An experimental characterization study on optical and nuclear radiation transmission properties of high-density glasses,Journal of Materials Science: Materials in Electronics
2023,March,WOS,College of Science,Scientific,Embedding procedure and wormhole solutions in Rastall gravity utilizing the class I approach,Nano Research
2023,March,WOS,College of Science,Scientific,Enhanced adsorption of ceftriaxone antibiotics from water by activated carbon derived from agriculture products waste,Ceramics International
2023,March,WOS,College of Science,Scientific,Enhanced efficiency of flexible organic polymer solar cells by incorporation of titanium dioxide nanoparticles,Surface Innovations
2023,March,scopus,College of Science,Scientific,Enhanced Photoresponsivity UV-C Photodetectors Using a p-n Junction Based on Ultra-Wide-Band Gap Sn-Doped β-Ga2O3 Microflake/MnO Quantum Dots,Applied Nanoscience (Switzerland)
2023,March,scopus,College of Science,Scientific,Enhanced spectroscopic traits of Eu3+/Dy3+co-doped doro-telluro-borate glasses: Effect of silver nanoparticles embedment,Optical Materials
2023,March,scopus,College of Science,Scientific,Enhancing Drought Tolerance in Wheat Cultivars through Nano-ZnO Priming by Improving Leaf Pigments and Antioxidant Activity,Journal of Materials Science: Materials in Electronics
2023,March,scopus,College of Science,Scientific,Equilibrium points and their stability in a new generalized planar version of the collinear restricted four-body problem,Materials Today Communications
2023,March,scopus,College of Science,Scientific,"Erratum to ‘Role of endophytic bacteria in salinity stress amelioration by physiological and molecular mechanisms of defense: A comprehensive review’ South African Journal of Botany, Volume 151, December 2022, Pages 33-46 (South African Journal of Botany (2022) 151(PA) (33–46), (S0254629922005142), (10.1016/j.sajb.2022.09.036))",Ceramics International
2023,March,scopus,College of Science,Scientific,"Erratum: Tramadol Biological Effects: 4: Effective Therapeutic Efficacy of Lagenaria siceraria Preparation (Gamal & Aref1) and Melatonin on Cell Biological, Histochemical, and Histopathological Changes in the Kidney of Tramadol-Induced Male Mice (Microscopy and Microanalysis (2021) 27:3 (613-625) DOI: 10.1017/S1431927621000271)",Journal of Materials Science: Materials in Electronics
2023,March,scopus,College of Science,Scientific,Ethanolic Extract of Artemisia vulgaris Leaf Promotes Apoptotic Cell Death in Non-Small-Cell Lung Carcinoma A549 Cells through Inhibition of the Wnt Signaling Pathway,Journal of Materials Research and Technology
2023,March,scopus,College of Science,Scientific,"Evaluation of Antidiabetic Effect of Luteolin in STZ Induced Diabetic Rats: Molecular Docking, Molecular Dynamics, In Vitro and In Vivo Studies",Journal of Materials Science: Materials in Electronics
2023,March,WOS,College of Science,Scientific,Evaluation of marketed herbal medicines for the simultaneous estimation of steroidal adulterants using FTIR and RP-HPLC-UV,Medicina (Lithuania)
2023,March,scopus,College of Science,Scientific,Evaluation of patients' and occupational radiation risk dose during conventional and interventional radiology procedures,Radiation Physics and Chemistry
2023,March,WOS,College of Science,Scientific,Evaluation of the Tungsten trioxide performance on polyepoxides radiation shielding strength,Ceramics International
2023,March,WOS,College of Science,Scientific,Exact solutions of the Schrödinger equation using extended Nikiforov-Uvarov formalism for generalized pseudo-harmonic oscillator,Applied Sciences (Switzerland)
2023,March,scopus,College of Science,Scientific,"Examinations of mechanical, and shielding properties of CeO2 reinforced B2O3-ZnF2-Er2O3-ZnO glasses for gamma-ray shield and neutron applications",Colloids and Surfaces A: Physicochemical and Engineering Aspects
2023,March,WOS,College of Science,Scientific,EXISTENCE AND STABILITY RESULTS FOR COUPLED SYSTEM OF FRACTIONAL DIFFERENTIAL EQUATIONS INVOLVING AB-CAPUTO DERIVATIVE,Frontiers in Physics
2023,March,scopus,College of Science,Scientific,Existence of Sobolev-Type Hilfer Fractional Neutral Stochastic Evolution Hemivariational Inequalities and Optimal Controls,Journal of Materials Science: Materials in Electronics
2023,March,scopus,College of Science,Scientific,EXISTENCE RESULTS FOR MULTI-TERM FRACTIONAL DIFFERENTIAL EQUATIONS WITH NONLOCAL BOUNDARY CONDITIONS INVOLVING ATANGANA-BALEANU DERIVATIVE,Fuel
2023,March,WOS,College of Science,Scientific,Experimental and DFT investigations of SERS Profile of a Bioactive Hydroxybenzamide Derivative,Electronics (Switzerland)
2023,March,WOS,College of Science,Scientific,"Experimental and theoretical studies on the corrosion inhibition on the surface of C-steel in hydrochloric acid solutions using N1, N1?-(ethane-1,2-diyl)bis(N2-(4-(di-methylamino)benzylidene) ethane-1,2-diamine)",Physics of Fluids
2023,March,WOS,College of Science,Scientific,Exploitation of selected plant extracts as bio-control against fungal contaminants in animal feed,Coatings
2023,March,WOS,College of Science,Scientific,Exploration of Maternal and Fetal Toxicity Risks for Metronidazole-Related Teratogenicity and Hepatotoxicity through an Assessment in Albino Rats,Results in Physics
2023,March,WOS,College of Science,Scientific,"Exploring the candidacy of Mo(1−x) Ax X2 (A = [Cr, Ta], X = S) for photodetection solicitations: Showcasing the DFT predictions of the structural, elastic, and optoelectronic properties",Chemical Physics
2023,March,WOS,College of Science,Scientific,"Exploring the impact of PbO/CdO composition on the structural, optical, and gamma ray shielding properties of dense PbO-TeO2-CdO glasses",Journal of Sol-Gel Science and Technology
2023,March,scopus,College of Science,Scientific,"Fabrication and structural elucidation of graphene oxide-based nanocomposites (GO-Ag, rGO-Ag) for degradation of methylene blue",Cluster Computing
2023,March,WOS,College of Science,Scientific,Fabrication of novel oxochalcogens halides of manganese and tin nanocomposites as highly efficient photocatalysts for dye degradation and excellent antimicrobial activity,ZAMM Zeitschrift fur Angewandte Mathematik und Mechanik
2023,March,scopus,College of Science,Scientific,Facile Synthesis and Characterization of Fe0.5Mn0.5Co2O4/Fe2O3 as a Novel Nanocomposite for the Effective Photocatalytic Decomposition of Safranin Dye,Ceramics International
2023,March,scopus,College of Science,Scientific,Facile synthesis and characterization of Fe3O4/analcime nanocomposite for the efficient removal of Cu(II) and Cd(II) ions from aqueous media,Optical Materials
2023,March,WOS,College of Science,Scientific,Facile synthesis of CeSe2@CNs nanostructure for enhanced water oxidation,Chemosphere
2023,March,WOS,College of Science,Scientific,Facile synthesis of CuCo2O4 spinel with rGO nanocomposite via hydrothermal approach for solid state supercapacitor application,ACS Applied Nano Materials
2023,March,WOS,College of Science,Scientific,Facile Synthesis of MnSe/FeSe2 Nanocomposite on Nickel Foam Electrode for Enhanced Water Oxidation,CRYSTALS
2023,March,WOS,College of Science,Scientific,"Facile synthesis of transition metal oxide SnO2/MnO2 hierarchical nanostructure: As an efficient electrocatalyst for robust oxygen evolution reaction (vol 36, 102467, 2023)",RSC ADVANCES
2023,March,WOS,College of Science,Scientific,FeSe2/TiO2 heterostructure as an efficient photocatalyst and their electrochemical energy storage applications,CHEMOSPHERE
2023,March,WOS,College of Science,Scientific,"First principles calculation to investigate the effect of Mn substitution on Cu site in CeCu3-xMnxV4O12 (x=0, 1, 2 and 3) system",PLANTS-BASEL
2023,March,WOS,College of Science,Scientific,"First-principles calculations to investigate Structural, Electronic, optical and mechanical properties of Cu-based fluoroperovskite XCuF3 (X = K, Ru)",RSC ADVANCES
2023,March,WOS,College of Science,Scientific,"First-principles calculations to investigate structural, electronic, optical and mechanical properties of Mg-doped CaMoO3 cubic perovskites for fuel cell applications",CRYSTALS
2023,March,WOS,College of Science,Scientific,FLORISTIC COMPOSITION OF THE GARDENS WITH REFERENCE TO ECONOMIC VALUE AND SPECIES STATUS ACCORDING TO IUCN.,ZEITSCHRIFT FUR KRISTALLOGRAPHIE-NEW CRYSTAL STRUCTURES
2023,March,scopus,College of Science,Scientific,"Formulation of Miconazole-Loaded Chitosan–Carbopol Vesicular Gel: Optimization to In Vitro Characterization, Irritation, and Antifungal Assessment",Inorganic Chemistry Communications
2023,March,WOS,College of Science,Scientific,Four Invasive Plant Species in Southwest Saudi Arabia Have Variable Effects on Soil Dynamics,Adsorption Science and Technology
2023,March,WOS,College of Science,Scientific,Functionalization of Silica Nanoparticles by 5-Chloro-8-quinolinol as a New Nanocomposite for the Efficient Removal and Preconcentration of Al3+ Ions from Water Samples,Journal of Sol-Gel Science and Technology
2023,March,scopus,College of Science,Scientific,Funneliformis constrictum modulates polyamine metabolism to enhance tolerance of Zea mays L. to salinity,Natural Product Research
2023,March,WOS,College of Science,Scientific,Genetic Diversity Analysis of Banana Cultivars (Musa sp.) in Saudi Arabia Based on AFLP Marker,Indian Journal of Physics
2023,March,scopus,College of Science,Scientific,"Genetic Variants of HNF4A, WFS1, DUSP9, FTO, and ZFAND6 Genes Are Associated with Prediabetes Susceptibility and Inflammatory Markers in the Saudi Arabian Population",Results in Chemistry
2023,March,WOS,College of Science,Scientific,"Glass transition, topology, and elastic models of Se-based glasses",Molecules
2023,March,WOS,College of Science,Scientific,Grafting of heavy metal oxides onto pure polyester for the interest of enhancing radiation shielding performance,Journal of Taibah University for Science
2023,March,WOS,College of Science,Scientific,"Graphene-bioactive glass composites: Structural, Vickers hardness, and gamma-ray attenuation characteristics",SUSTAINABILITY
2023,March,WOS,College of Science,Scientific,Green synthesis and characterization of new carbothioamide complexes; cyclic voltammetry and DNA/methyl green assay supported by silico ways versus DNA-polymerase,RSC Advances
2023,March,WOS,College of Science,Scientific,"Green synthesis of Cr2O3 nanoparticles by Cassia fistula, their electrochemical and antibacterial potential",Journal of Inorganic and Organometallic Polymers and Materials
2023,March,WOS,College of Science,Scientific,Green Synthesis of Fe–Cu Bimetallic Supported on Alginate-Limestone Nanocomposite for the Removal of Drugs from Contaminated Water,Separations
2023,March,WOS,College of Science,Scientific,Green Synthesis of Silver Nanoparticles (Ag-NPs) Using Debregeasia Salicifolia for Biological Applications,Micromachines
2023,March,WOS,College of Science,Scientific,Green Synthesis of Zinc Oxide Nanoparticles Using an Aqueous Extract of Punica granatum for Antimicrobial and Catalytic Activity,Catalysts
2023,March,WOS,College of Science,Scientific,High electrode performance of hydrothermally developed activated C coated O-3-NaFeO2 electrode for Na-ion batteries applications,Molecules
2023,March,WOS,College of Science,Scientific,High thermoelectric power factor of Sr doped Bi2Te3 thin film through energy filtering effect,"Molecules (Basel, Switzerland)"
2023,March,WOS,College of Science,Scientific,High-Order Nonlinear Functional Differential Equations: New Monotonic Properties and Their Applications,Biomedicines
2023,March,WOS,College of Science,Scientific,Hirota bilinear method and multi-soliton interaction of electrostatic waves driven by cubic nonlinearity in pair-ion-electron plasmas,Journal of the Indian Chemical Society
2023,March,WOS,College of Science,Scientific,"Histopathological, Immunohistochemical, Biochemical, and In Silico Molecular Docking Study of Fungal-Mediated Selenium Oxide Nanoparticles on Biomphalaria alexandrina (Ehrenberg, 1831) Snails",Polycyclic Aromatic Compounds
2023,March,WOS,College of Science,Scientific,Hybrid EWMA Control Chart under Bayesian Approach Using Ranked Set Sampling Schemes with Applications to Hard-Bake Process,Arabian Journal of Chemistry
2023,March,WOS,College of Science,Scientific,"Hydrothermal assisted eco-benign synthesis of novel 13-galactosidase mediated Titanium dioxide nanoparticles (13-gal-TiO2 NPs): Ultra efficient nanocatalyst for methylene blue degradation, inactivation of bacteria, and stabilization of DPPH radicals",Cancer Management and Research
2023,March,scopus,College of Science,Scientific,"Hydrothermal assisted eco-benign synthesis of novel β-galactosidase mediated Titanium dioxide nanoparticles (β-gal-TiO2 NPs): Ultra efficient nanocatalyst for methylene blue degradation, inactivation of bacteria, and stabilization of DPPH radicals",Chemical Physics Letters
2023,March,scopus,College of Science,Scientific,Hydrothermal synthesis of ZnCr-LDH/Tungsten carbide composite: A disposable electrochemical strip for mesalazine analysis,Journal of Electroanalytical Chemistry
2023,March,WOS,College of Science,Scientific,Hydrothermally synthesized highly efficient binary silver strontium sulfide (AgSrS) for high-performance supercapattery applications,Polycyclic Aromatic Compounds
2023,March,WOS,College of Science,Scientific,Hyperglycemia-induced oxidative stress and epigenetic regulation of ET-1 gene in endothelial cells,Journal of Physical Chemistry A
2023,March,WOS,College of Science,Scientific,Hypoxia inducible factor-1? (HIF-1?) as an early predictor of acute hydrogen cyanamide (Dormex) poisoning,"Computers, Materials and Continua"
2023,March,WOS,College of Science,Scientific,"Immunological and Oxidative Biomarkers in Bovine Serum from Healthy, Clinical, and Sub-Clinical Mastitis Caused by Escherichia coli and Staphylococcus aureus Infection",MATERIALS
2023,March,scopus,College of Science,Scientific,Impact of Nd doping in Bi2S3 thin films coated by nebulizer spray pyrolysis technique for photodetector applications,Radiation Physics and Chemistry
2023,March,scopus,College of Science,Scientific,Implementation of Analytical Techniques for the Solution of Nonlinear Fractional Order Sawada-Kotera-Ito Equation,AIMS Mathematics
2023,March,scopus,College of Science,Scientific,Improvement in electronic attributes of tungsten diselenide (WSe2)-based field-effect transistor via gas doping (DUV + N2),International Journal of Modern Physics B
2023,March,WOS,College of Science,Scientific,Improvement in oxidative stability and quality characteristics of functional chicken meat product supplemented with aqueous coriander extract,Journal of Enzyme Inhibition and Medicinal Chemistry
2023,March,WOS,College of Science,Scientific,Improvement of dye-sensitized solar cells' performance via co-sensitization of new azo thiazole organic dyes with ruthenium (II) based N-719 dye,Process Safety and Environmental Protection
2023,March,WOS,College of Science,Scientific,In silico Prediction of Malvaviscus arboreus Metabolites and Green Synthesis of Silver Nanoparticles-Opportunities for Safer Anti-Bacterial and Anti-Cancer Precision Medicine,ACS Omega
2023,March,WOS,College of Science,Scientific,"In vivo anticoccidial, antioxidant, and anti-inflammatory activities of avocado fruit, Persea americana (Lauraceae), against Eimeria papillata infection",Optics Express
2023,March,WOS,College of Science,Scientific,Inductive role of the brown alga Sargassum polycystum on growth and biosynthesis of imperative metabolites and antioxidants of two crop plants,Arabian Journal of Chemistry
2023,March,WOS,College of Science,Scientific,Influence of B2O3/Bi2O3 on the radiation absorption and nuclear safety of bismuth borosilicate glass system,Separations
2023,March,scopus,College of Science,Scientific,"Influence of ECAP Parameters on the Structural, Electrochemical and Mechanical Behavior of ZK30: A Combination of Experimental and Machine Learning Approaches",Process Safety and Environmental Protection
2023,March,WOS,College of Science,Scientific,"Influence of Sm/Bi substitution on synthesis, structural, and photon interaction properties of TeO-MoO3-BaO-Sm2O3-Bi2O3 glass system",Frontiers in Psychology
2023,March,WOS,College of Science,Scientific,Influence of WO3content on gamma rays attenuation characteristics of phosphate glasses at low energy range,Axioms
2023,March,WOS,College of Science,Scientific,Insecticidal Mechanism of Botanical Crude Extracts and Their Silver Nanoliquids on Phenacoccus solenopsis,Journal of Russian Laser Research
2023,March,WOS,College of Science,Scientific,Insights into visible luminescence and energy transfer mechanism of Eu3+/ Dy3+ co-doped dolo-telluro-borate glasses,ASIAN AND PACIFIC MIGRATION JOURNAL
2023,April,SCOPUS,College of Science,Scientific,"Insights on adsorption properties of a DNA base, guanine on nano metal cages (Ag24/Au24/Cu24): DFT, SERS, NCI and solvent effects",South African Journal of Botany
2023,April,SCOPUS,College of Science,Scientific,Interactions between solid–fluid particles during thermosolutal convection of a rotating cylinder in a cavity,Journal of Cluster Science
2023,April,SCOPUS,College of Science,Scientific,Interpolating sesqui harmonic slant curve in S-space form,Heliyon
2023,April,SCOPUS,College of Science,Scientific,Investigating the Dynamics of Time-Fractional Drinfeld–Sokolov–Wilson System through Analytical Solutions,Engineering Analysis with Boundary Elements
2023,April,SCOPUS,College of Science,Scientific,Investigating the Impact of Fractional Non-Linearity in the Klein-Fock-Gordon Equation on Quantum Dynamics,Journal of Ovonic Research
2023,April,SCOPUS,College of Science,Scientific,Investigating the metagenomics of the bacterial communities in the rhizosphere of the desert plant Senna italica and their role as plant growth promoting factors,Corrosion Science
2023,April,SCOPUS,College of Science,Scientific,"Investigating the Physical Properties of Thallium-Based Ternary TlXF3 (X = Be, Sr) Fluoroperovskite Compounds for Prospective Applications",Journal of Non-Crystalline Solids
2023,April,SCOPUS,College of Science,Scientific,"Investigation of crystal structure, electrical and dielectric response of Ga3+ substituted Sr–Ni Y-type hexaferrites as a suitable material for high frequency applications",Environmental Research
2023,April,SCOPUS,College of Science,Scientific,"Investigation of cubic K2NaXBr6(X=Sc, Y) double perovskites for optical and thermoelectric devices",Results in Physics
2023,April,SCOPUS,College of Science,Scientific,Investigation of Radiochromic Film Use for Source Position Verification through a LINAC On-Board Imager (OBI),Nanoscale Advances
2023,April,SCOPUS,College of Science,Scientific,"Investigation of structural, opto-electronic, mechanical and thermoelectric properties of Rb- based fluoro-perovskites RbXF3 (X = Rh, Os, Ir) via first-principles calculations",Heliyon
2023,April,SCOPUS,College of Science,Scientific,"Investigation of structural, opto-electronic, mechanical and thermoelectric properties of Rb-based fluoro-perovskites RbXF3 (X = Rh, Os, Ir) via first-principles calculations",Ceramics International
2023,April,SCOPUS,College of Science,Scientific,Investigation of the Time-Fractional Generalized Burgers-Fisher Equation via Novel Techniques,Optical Materials
2023,April,SCOPUS,College of Science,Scientific,Irradiation-induced effects on structure and optical properties of PbO-B2O3-Na2O glasses: gamma-dosimetry application,"Journal of Biomaterials Science, Polymer Edition"
2023,April,SCOPUS,College of Science,Scientific,Kernel Estimation of the Extropy Function under a-Mixing Dependent Data,Journal of Solid State Chemistry
2023,April,SCOPUS,College of Science,Scientific,Linear and Nonlinear Optical Properties of PVA:SA Blend Reinforced by TiO2 Nanoparticles Prepared by Flower Extract of Aloe Vera for Optoelectronic Applications,Environmental Progress and Sustainable Energy
2023,April,SCOPUS,College of Science,Scientific,"Lipids Fraction from Caralluma europaea (Guss.): MicroTOF and HPLC Analyses and Exploration of Its Antioxidant, Cytotoxic, Anti-Inflammatory, and Wound Healing Effects",Ceramics International
2023,April,SCOPUS,College of Science,Scientific,LncRNA-GAS5 and beta-Catenin as Independent Predictors of Asymptomatic Organ Damage in Nondiabetic Hypertensive Patients,Materials Science and Engineering B: Solid-State Materials for Advanced Technology
2023,April,WOS,College of Science,Scientific,Machine learning assisted designing of organic semiconductors for organic solar cells: High-throughput screening and reorganization energy prediction,FRONTIERS IN VETERINARY SCIENCE
2023,April,WOS,College of Science,Scientific,Magnetically separable rGO based ternary composite for enhanced photocatalytic activity,JOURNAL OF THERMAL ANALYSIS AND CALORIMETRY
2023,April,WOS,College of Science,Scientific,Management of heat transfer and hydraulic characteristics of a micro-channel heat sink with various arrangements of rectangular vortex generators utilizing artificial neural network and response surface methodology,OPEN CHEMISTRY
2023,April,WOS,College of Science,Scientific,Mathematical model for numerical simulations of thermal energy of nano-fluid in a complex peristaltic transport within a curved passage:Pharmacological and engineering biomedical application,POLYMERS
2023,April,WOS,College of Science,Scientific,"Mechanical properties, elastic moduli, and gamma ray attenuation competencies of some TeO2-WO3-GdF3glasses: Tailoring WO3-GdF3substitution toward optimum behavioral state range",SYMMETRY-BASEL
2023,April,WOS,College of Science,Scientific,Methoxy triphenylamine hexaazatrinaphthylene based small molecules as donor material for photovoltaic applications,BIOLOGY-BASEL
2023,April,WOS,College of Science,Scientific,Micropropagation of Daylily (Hemerocallis fulva) from Crown-Tip Explants and Assessment of Somaclonal Variation of in Vitro-Propagated Plants Using SCoT Markers,SYMMETRY-BASEL
2023,April,WOS,College of Science,Scientific,"Mode of gene action and heterosis for physiological, biochemical, and agronomic traits in some diverse rice genotypes under normal and drought conditions",JOURNAL OF MATERIALS RESEARCH AND TECHNOLOGY-JMR&T
2023,April,WOS,College of Science,Scientific,Modeling and numerical simulation of non-Newtonian arterial blood flow for mild to severe stenosis,MATHEMATICS
2023,April,WOS,College of Science,Scientific,Modelling of Nonthermal Dielectric Barrier Discharge Plasma at Atmospheric Pressure and Role of Produced Reactive Species in Surface Polymer Microbial Purification,JOURNAL OF BIOMOLECULAR STRUCTURE & DYNAMICS
2023,April,WOS,College of Science,Scientific,Modify the Injection Machine Mechanism to Enhance the Recycling of Plastic Waste Mixed with MHD Nanoparticles,PHARMACEUTICALS
2023,April,WOS,College of Science,Scientific,Modulating electronic and structural properties of NiCo- layered double hydroxide with iodine: As an efficient electro-catalyst for the oxygen evolution reaction,NUMERICAL HEAT TRANSFER PART A-APPLICATIONS
2023,April,WOS,College of Science,Scientific,Modulatory Role of Autophagy in Metformin Therapeutic Activity toward Doxorubicin-Induced Nephrotoxicity,RADIATION PHYSICS AND CHEMISTRY
2023,April,WOS,College of Science,Scientific,Molecular and pathological investigation of avian reovirus (ARV) in Egypt with the assessment of the genetic variability of field strains compared to vaccine strains,INTERNATIONAL JOURNAL OF GEOMETRIC METHODS IN MODERN PHYSICS
2023,April,WOS,College of Science,Scientific,Molecular Characterization of Germin-like Protein Genes in Zea mays (ZmGLPs) Using Various In Silico Approaches,SYMMETRY-BASEL
2023,April,WOS,College of Science,Scientific,Molecular detection of highly pathogenic avian influenza H5N8 in commercial broiler chicken farms from 2019 to 2022,MOLECULES
2023,April,WOS,College of Science,Scientific,Molecular Dynamic Analysis of Carbapenem-Resistant Klebsiella pneumonia’s Porin Proteins with Beta Lactam Antibiotics and Zinc Oxide Nanoparticles,CRYSTALS
2023,April,WOS,College of Science,Scientific,Multi-level threshold segmentation framework for breast cancer images using enhanced differential evolution,MATHEMATICS
2023,April,WOS,College of Science,Scientific,Multi-level threshold segmentation framework for breast cancer images using enhanced differential evolution,MATHEMATICS
2023,April,WOS,College of Science,Scientific,Multi-target molecular dynamic simulations reveal glutathione-S-transferase as the most favorable drug target of knipholone in Plasmodium falciparum,JOURNAL OF RADIATION RESEARCH AND APPLIED SCIENCES
2023,April,WOS,College of Science,Scientific,Multiple Phase Stepping Generation in Alkali Metal Atoms: A Comparative Theoretical Study,COMPLEXITY
2023,April,WOS,College of Science,Scientific,Multivariate Aggregated NOMA for Resource Aware Wireless Network Communication Security,BIOLOGY-BASEL
2023,April,WOS,College of Science,Scientific,N-doped bimetallic phosphides composite catalysts derived from metal-organic frameworks for electrocatalytic water splitting,AGRONOMY-BASEL
2023,April,WOS,College of Science,Scientific,NaBeAs and NaBeSb: Novel Ternary Pnictides with Enhanced Thermoelectric Performance,CRYSTALS
2023,April,WOS,College of Science,Scientific,Nano-Conversion of Ineffective Cephalosporins into Potent One against Resistant Clinical Uro-Pathogens via Gold Nanoparticles,INTERNATIONAL JOURNAL OF MORPHOLOGY
2023,April,WOS,College of Science,Scientific,Nanosecond nonlinear optical and gamma radiation shielding behavior of Eu2O3 doped lanthanum containing heavy metal borate glasses: a comparative investigation,JOURNAL OF MATERIALS RESEARCH AND TECHNOLOGY-JMR&T
2023,April,WOS,College of Science,Scientific,Nanospheres type Morphology for regulating the electrochemical property of CeO2 nanostructures for energy storage system,INTERNATIONAL JOURNAL OF QUANTUM CHEMISTRY
2023,April,WOS,College of Science,Scientific,Nanospheres type Morphology for regulating the electrochemical property of CeO2 nanostructures for energy storage system,SYMMETRY-BASEL
2023,April,WOS,College of Science,Scientific,"Nanostructured Iron Oxides: Structural, Optical, Magnetic, and Adsorption Characteristics for Cleaning Industrial Effluents",SYMMETRY-BASEL
2023,April,WOS,College of Science,Scientific,"Nanostructured Iron Oxides: Structural, Optical, Magnetic, and Adsorption Characteristics for Cleaning Industrial Effluents",JOURNAL OF RADIATION RESEARCH AND APPLIED SCIENCES
2023,April,WOS,College of Science,Scientific,Natural convection of NEPCM in a partial porous H-shaped cavity: ISPH simulation,CRYSTALS
2023,April,WOS,College of Science,Scientific,Natural Language Processing with Optimal Deep Learning-Enabled Intelligent Image Captioning System,RSC ADVANCES
2023,April,WOS,College of Science,Scientific,"Neuro-amelioration of Ficus lyrata (fiddle-leaf fig) extract conjugated with selenium nanoparticles against aluminium toxicity in rat brain: relevance to neurotransmitters, oxidative, inflammatory, and apoptotic events",AXIOMS
2023,April,WOS,College of Science,Scientific,New Fractional Integral Inequalities Pertaining to Center-Radius (cr)-Ordered Convex Functions,JOURNAL OF BIOBASED MATERIALS AND BIOENERGY
2023,April,WOS,College of Science,Scientific,New insights on the adsorption of floral odorants on Apis cerana cerana olfactory receptor AcerOr1: Theoretical modeling and thermodynamic study,INTERNATIONAL JOURNAL OF NUMERICAL METHODS FOR HEAT & FLUID FLOW
2023,April,WOS,College of Science,Scientific,"Ni0.5Zn0.5Fe2O4 nanoparticles reinforced polyester composite for advanced radiation shielding applications: A detailed discussion for synthesis, characterization, and gamma-ray attenuation properties",OPTIK
2023,April,WOS,College of Science,Scientific,Nocardiopsis lucentensis and thiourea co-application mitigates arsenic stress through enhanced antioxidant metabolism and lignin accumulation in rice,BIOLOGY-BASEL
2023,April,WOS,College of Science,Scientific,Non-Linear Determinants of Developing Countries' Sovereign Ratings: Evidence from a Panel Threshold Regression (PTR) Model,SYMMETRY-BASEL
2023,April,WOS,College of Science,Scientific,Non-Similar Solutions of Dissipative Buoyancy Flow and Heat Transfer Induced by Water-Based Graphene Oxide Nanofluid through a Yawed Cylinder,SYMMETRY-BASEL
2023,April,WOS,College of Science,Scientific,Novel Copper Oxide-Integrated Carbon Paste Tirofiban Voltammetric Sensor,OPTICAL AND QUANTUM ELECTRONICS
2023,April,WOS,College of Science,Scientific,"Novel piperine-carboximidamide hybrids: design, synthesis, and antiproliferative activity via a multi-targeted inhibitory pathway",JOURNAL OF INORGANIC AND ORGANOMETALLIC POLYMERS AND MATERIALS
2023,April,WOS,College of Science,Scientific,Numerical computing of Soret and linear radiative effects on MHD Casson fluid flow toward a vertical surface through a porous medium: Finite element analysis,ACS OMEGA
2023,April,SCOPUS,College of Science,Scientific,Numerical computing of Soret and linear radiative effects on MHD Casson fluid flow toward a vertical surface through a porous medium: Finite element analysis,Chemosphere
2023,April,SCOPUS,College of Science,Scientific,Numerical Investigation of Darcy-Forchheimer Hybrid Nanofluid Flow with Energy Transfer over a Spinning Fluctuating Disk under the Influence of Chemical Reaction and Heat Source,Current Problems in Cardiology
2023,April,SCOPUS,College of Science,Scientific,Numerical simulation and mathematical modeling for heat and mass transfer in MHD stagnation point flow of nanofluid consisting of entropy generation,Animals
2023,April,SCOPUS,College of Science,Scientific,Numerical simulation of energy transfer in radiative hybrid nanofluids flow influenced by second-order chemical reaction and magnetic field,IEEE Access
2023,April,SCOPUS,College of Science,Scientific,"Numerical Simulation of the Effects of Reduced Gravity, Radiation and Magnetic Field on Heat Transfer Past a Solid Sphere Using Finite Difference Method",AIMS Mathematics
2023,April,SCOPUS,College of Science,Scientific,Nursing Care and Barriers for Prevention of Venous Thromboembolism in Total Knee and Hip Arthroplasty Patients: A Qualitative Study,Scientific reports
2023,April,SCOPUS,College of Science,Scientific,Nutraceutical Effect of Resveratrol on the Mammary Gland: Focusing on the NF-kappa b /Nrf2 Signaling Pathways,Diamond and Related Materials
2023,April,SCOPUS,College of Science,Scientific,On Fuzzy Conformable Double Laplace Transform with Applications to Partial Dierential Equations,Optical Materials
2023,April,SCOPUS,College of Science,Scientific,On Rotationally Symmetrical Planar Networks and Their Local Fractional Metric Dimension,AIMS Mathematics
2023,April,SCOPUS,College of Science,Scientific,On Using Piecewise Fractional Differential Operator to Study a Dynamical System,ACS Omega
2023,April,SCOPUS,College of Science,Scientific,One-Parameter Hyperbolic Dual Spherical Movements and Timelike Ruled Surfaces,BioResources
2023,April,SCOPUS,College of Science,Scientific,"One-Pot Synthesis of 1-Thia-4-azaspiro[4.4/5]alkan-3-ones via Schiff Base: Design, Synthesis, and Apoptotic Antiproliferative Properties of Dual EGFR/BRAF(V600E) Inhibitors",Biomedicine and Pharmacotherapy
2023,April,SCOPUS,College of Science,Scientific,"One-Step Phytofabrication Method of Silver and Gold Nanoparticles Using Haloxylon salicornicum for Anticancer, Antimicrobial, and Antioxidant Activities",Regional Studies in Marine Science
2023,April,SCOPUS,College of Science,Scientific,"Optical Band Gap Tuning, DFT Understandings, and Photocatalysis Performance of ZnO Nanoparticle-Doped Fe Compounds",Journal of Soil Science and Plant Nutrition
2023,April,SCOPUS,College of Science,Scientific,Optimal Deep Learning Enabled Communication System for Unmanned Aerial Vehicles,Food Science and Technology (Brazil)
2023,April,SCOPUS,College of Science,Scientific,Optimized Artificial Intelligent Model to Boost the Efficiency of Saline Wastewater Treatment Based on Hunger Games Search Algorithm and ANFIS,Current Pharmaceutical Design
2023,April,SCOPUS,College of Science,Scientific,"Optimizing Structural, Optical, Dielectric, and Magnetic Properties of (Bi1-XLaX)FeO3 (0.00 < X < 0.06) Sintered Ceramics",Fuel
2023,April,SCOPUS,College of Science,Scientific,"Organic and inorganic nanomaterials: fabrication, properties and applications",Brain Sciences
2023,April,SCOPUS,College of Science,Scientific,Outstanding anti-corrosion performance of two pyrazole derivatives on carbon steel in acidic medium: Experimental and quantum-chemical examinations,Optik
2023,April,SCOPUS,College of Science,Scientific,Pancreatic Pathological Changes in Murine Toxoplasmosis and Possible Association with Diabetes Mellitus,Mathematics
2023,April,SCOPUS,College of Science,Scientific,Paracetamol and amoxicillin adsorptive removal from aqueous solution using phosphoric acid activated-carbon,Environmental Science and Pollution Research
2023,April,SCOPUS,College of Science,Scientific,Parameter Estimation and Squeezing of Superconducting Qubits in the Presence of Intrinsic Decoherence,Journal of Electroanalytical Chemistry
2023,April,SCOPUS,College of Science,Scientific,Parametric Study on the Sensitivity of Different Properties of Waves Propagating through an Incompressible Medium,Journal of Energy Storage
2023,April,SCOPUS,College of Science,Scientific,Partial sulfur doping induced variation in morphology of MnFe2O4 with enhanced electrochemical performance for energy storage devices,Zeitschrift fur Kristallographie - New Crystal Structures
2023,April,SCOPUS,College of Science,Scientific,Pediatric Dental Fluorosis and Its Correlation with Dental Caries and Oral-Health-Related Quality of Life: A Descriptive Cross-Sectional Study among Preschool Children Living in Belagavi,Polycyclic Aromatic Compounds
2023,April,SCOPUS,College of Science,Scientific,Pediatric Dental Fluorosis and Its Correlation with Dental Caries and Oral-Health-Related Quality of Life: A Descriptive Cross-Sectional Study among Preschool Children Living in Belagavi,Evidence-based Complementary and Alternative Medicine
2023,April,SCOPUS,College of Science,Scientific,Pharmacological Evaluation of Acacia nilotica Flower Extract against Helicobacter pylori and Human Hepatocellular Carcinoma In Vitro and In Silico,"Science (New York, N.Y.)"
2023,April,SCOPUS,College of Science,Scientific,Photodetection Enhancement via Graphene Oxide Deposition on Poly 3-Methyl Aniline,Ceramics International
2023,April,SCOPUS,College of Science,Scientific,Photothermal Hyperthermia Study of Ag/Ni and Ag/Fe Plasmonic Particles Synthesized Using Dual-Pulsed Laser,Heliyon
2023,April,SCOPUS,College of Science,Scientific,"Physicochemical, Microbiological, and Sensory Properties of Set-Type Yoghurt Supplemented with Camel Casein Hydrolysate",Radiochimica Acta
2023,April,SCOPUS,College of Science,Scientific,"Physiological, Biochemical, Anatomical, and Agronomic Responses of Sesame to Exogenously Applied Polyamines under Different Irrigation Regimes",Scientific reports
2023,April,SCOPUS,College of Science,Scientific,Phytochemical Composition and Insight into Antibacterial Potential of Origanum vulgare Essential Oil from Saudi Arabia Using In Vitro and In Silico Approaches,Physica B: Condensed Matter
2023,April,SCOPUS,College of Science,Scientific,"Phytochemical, Antidiabetic, Antioxidant, Antibacterial, Acute and Sub-Chronic Toxicity of Moroccan Arbutus unedo Leaves",Journal of Magnetism and Magnetic Materials
2023,April,SCOPUS,College of Science,Scientific,"First principles calculation to investigate the effect of Mn substitution on Cu site in CeCu3−xMnxV4O12 (x = 0, 1, 2 and 3) system",Waves in Random and Complex Media
2023,April,SCOPUS,College of Science,Scientific,"Formulation of Miconazole-Loaded Chitosan–Carbopol Vesicular Gel: Optimization to In Vitro Characterization, Irritation, and Antifungal Assessment",Materials Today: Proceedings
2023,April,SCOPUS,College of Science,Scientific,Functionalization of Silica Nanoparticles by 5-Chloro-8-quinolinol as a New Nanocomposite for the Efficient Removal and Preconcentration of Al3+ Ions from Water Samples,Microchemical Journal
2023,April,SCOPUS,College of Science,Scientific,Green Synthesis of Fe–Cu Bimetallic Supported on Alginate-Limestone Nanocomposite for the Removal of Drugs from Contaminated Water,Optik
2023,April,SCOPUS,College of Science,Scientific,"Hydrothermal assisted eco-benign synthesis of novel β-galactosidase mediated Titanium dioxide nanoparticles (β-gal-TiO2 NPs): Ultra efficient nanocatalyst for methylene blue degradation, inactivation of bacteria, and stabilization of DPPH radicals",Process Safety and Environmental Protection
2023,April,SCOPUS,College of Science,Scientific,Hydrothermal synthesis of ZnCr-LDH/Tungsten carbide composite: A disposable electrochemical strip for mesalazine analysis,Journal of Solid State Chemistry
2023,April,SCOPUS,College of Science,Scientific,Hydrothermally Synthesized Fluorine Added O3-NaFe1-xMgxO2 Cathodes for Sodium Ion Batteries,Phyton-International Journal of Experimental Botany
2023,April,SCOPUS,College of Science,Scientific,Implementation of Analytical Techniques for the Solution of Nonlinear Fractional Order Sawada–Kotera–Ito Equation,Arabian Journal of Chemistry
2023,April,SCOPUS,College of Science,Scientific,Improvement in electronic attributes of tungsten diselenide (WSe2)-based field-effect transistor via gas doping (DUV + N2),Arabian Journal of Chemistry
2023,April,SCOPUS,College of Science,Scientific,Influence of WO3content on gamma rays attenuation characteristics of phosphate glasses at low energy range,Food Science and Technology (Brazil)
2023,April,SCOPUS,College of Science,Scientific,"Insights on adsorption properties of a DNA base, guanine on nano metal cages (Ag24/Au24/Cu24): DFT, SERS, NCI and solvent effects",Environmental Science and Pollution Research
2023,April,SCOPUS,College of Science,Scientific,Interactions between solid–fluid particles during thermosolutal convection of a rotating cylinder in a cavity,Polycyclic Aromatic Compounds
2023,April,SCOPUS,College of Science,Scientific,Investigating the Dynamics of Time-Fractional Drinfeld–Sokolov–Wilson System through Analytical Solutions,Silicon
2023,April,SCOPUS,College of Science,Scientific,"Investigation of structural, opto-electronic, mechanical and thermoelectric properties of Rb-based fluoro-perovskites RbXF3 (X = Rh, Os, Ir) via first-principles calculations",Alexandria Engineering Journal
2023,April,SCOPUS,College of Science,Scientific,Li–Yau-Type Gradient Estimate along Geometric Flow,Scientific Reports
2023,April,SCOPUS,College of Science,Scientific,"Mechanical properties, elastic moduli, and gamma ray attenuation competencies of some TeO2-WO3-GdF3glasses: Tailoring WO3-GdF3substitution toward optimum behavioral state range",Fuel
2023,April,SCOPUS,College of Science,Scientific,Molecular Dynamic Analysis of Carbapenem-Resistant Klebsiella pneumonia’s Porin Proteins with Beta Lactam Antibiotics and Zinc Oxide Nanoparticles,International Journal of Biological Macromolecules
2023,April,SCOPUS,College of Science,Scientific,N-doped bimetallic phosphides composite catalysts derived from metal–organic frameworks for electrocatalytic water splitting,Results in Physics
2023,April,SCOPUS,College of Science,Scientific,"Novel isoxazole linked 1,5- benzodiazepine derivatives: Design, synthesis, molecular docking and antimicrobial evaluation",Heliyon
2023,April,SCOPUS,College of Science,Scientific,On the Solutions of the Fractional-Order Sawada–Kotera–Ito Equation and Modeling Nonlinear Structures in Fluid Mediums,Journal of Materials Science: Materials in Electronics
2023,April,SCOPUS,College of Science,Scientific,"One-Pot Synthesis of 1-Thia-4-azaspiro[4.4/5]alkan-3-ones via Schiff Base: Design, Synthesis, and Apoptotic Antiproliferative Properties of Dual EGFR/BRAFV600E Inhibitors",Journal of Materials Science: Materials in Electronics
2023,April,SCOPUS,College of Science,Scientific,"Optimising the physical, thermal, optical, and gamma-ray shielding features of B2O3–As2O3–Li2O–PbO glasses",Surfaces and Interfaces
2023,April,SCOPUS,College of Science,Scientific,"Polarizability, optical electronegativity, and gamma transmission ability of newly developed Bi2O3–GeO2-Eu2O glasses",Inorganic Chemistry Communications
2023,April,SCOPUS,College of Science,Scientific,"Predicting structural, optoelectronic and mechanical properties of germanium based AGeF3 (A = Ga and In) halides perovskites using the DFT computational approach",Journal of Cluster Science
2023,April,SCOPUS,College of Science,Scientific,Radiation shielding and optical features for a PbO–BaO–B2O3 system,Infrared Physics and Technology
2023,April,SCOPUS,College of Science,Scientific,"Rational design of dithieno[2,3-D:2ʹ,3ʹ-Dʹ]-benzo[1,2-B:4,5-Bʹ] dithiophene based small molecule donor for plausible performance organic solar cell",Environmental Science and Pollution Research
2023,April,SCOPUS,College of Science,Scientific,Scaled Muth–ARMA Process Applied to Finance Market,Journal of Veterinary Medicine Series C: Anatomia Histologia Embryologia
2023,April,SCOPUS,College of Science,Scientific,Shelf-life extension of Fragaria × ananassa Duch. using selenium nanoparticles synthesized from Cassia fistula Linn. leaves,Heliyon
2023,April,SCOPUS,College of Science,Scientific,Simulation Studies of Track-Based Analysis of Charged Particles in Symmetric Hadron–Hadron Collisions at 7 TeV,Ecotoxicology and Environmental Safety
2023,April,SCOPUS,College of Science,Scientific,Solitary Wave Solution of a Generalized Fractional–Stochastic Nonlinear Wave Equation for a Liquid with Gas Bubbles,Nuclear Engineering and Technology
2023,April,SCOPUS,College of Science,Scientific,Soliton Solutions of Fractional Stochastic Kraenkel–Manna–Merle Equations in Ferromagnetic Materials,Nuclear Engineering and Technology
2023,April,SCOPUS,College of Science,Scientific,"Spectroscopic, reactivity analysis and docking studies of 3-(adamantan-1-yl)-4-(4-fluorophenyl)-1-[(4-phenylpiperazin-1-yl)methyl]-4,5-dihdyro-1H-1,2,4-triazole—5-thione: DFT and MD simulations",Food Science and Technology (Brazil)
2023,April,SCOPUS,College of Science,Scientific,"Structural, electronic, magnetic, and optical properties of MFe2O4 (M = Ni, Fe, Co) spinel ferrites: A density functional theory study",Journal of Photochemistry and Photobiology A: Chemistry
2023,April,SCOPUS,College of Science,Scientific,"Study of lead-free double perovskites X2AgBiI6(X = K, Rb, Cs) for solar cells and thermoelectric applications",Ceramics International
2023,April,SCOPUS,College of Science,Scientific,"Synthesis of Zr–Fe2O3/In2O3 photocatalyst by novel hydrothermal method for highly selective photo inhibition of pathogens, pollutant degradation and DPPH stabilization",Materials Chemistry and Physics
2023,April,SCOPUS,College of Science,Scientific,"Synthesis, physical, optical characteristics, neutron/γ-rays shielding capacity of newly arsenic glasses: experimental, theoretical, and simulation investigations",Fractal and Fractional
2023,April,SCOPUS,College of Science,Scientific,"Synthesis, the structural and thermal stability of LiCo1 − xFexPO4",Waves in Random and Complex Media
2023,April,SCOPUS,College of Science,Scientific,"Tailoring the structural, optical, photoluminescence, dielectric and electrical properties of Zn0·6Ni0·2Mg0·2Fe2-xLaxO4 (x = 0.00, 0.0125, 0.0250, 0.0375)",Biomedicine and Pharmacotherapy
2023,April,SCOPUS,College of Science,Scientific,Tb3+-doped GeO2-B2O3–P2O5–ZnO magneto-optical glasses: Potential application as gamma-radiation absorbers,AIMS Mathematics
2023,April,SCOPUS,College of Science,Scientific,The affinity of bentonite and WO3nanoparticles toward epoxy resin polymer for radiation shielding,Journal of King Saud University - Science
2023,April,SCOPUS,College of Science,Scientific,The Fourth-Linear aff-Invariant Differential Operators and the First Cohomology of the Lie Algebra of Vector Fields on RP1,AIMS Mathematics
2023,April,SCOPUS,College of Science,Scientific,The Impact of Heat Source and Temperature Gradient on Brinkman–Bènard Triple-Diffusive Magneto-Marangoni Convection in a Two-Layer System,Environmental Science and Pollution Research
2023,April,SCOPUS,College of Science,Scientific,The Qualitative Analysis of Host–Parasitoid Model with Inclusion of Spatial Refuge Effect,Case Studies in Thermal Engineering
2023,April,SCOPUS,College of Science,Scientific,"Tuning of electronic bandgap and electronic transport properties of double perovksites A2NaScI6(A = Rb, Cs) for energy device applications",ZAMM Zeitschrift fur Angewandte Mathematik und Mechanik
2023,April,SCOPUS,College of Science,Scientific,"Vibrational, optical, and physical properties of yttrium oxide reinforced B2O3–ZnO–NaF–CoO glasses for optical applications",Symmetry
2023,April,SCOPUS,College of Science,Scientific,Development of a Microbial-Assisted Process for Enhanced Astaxanthin Recovery from Crab Exoskeleton Waste,Journal of Physics and Chemistry of Solids
2023,April,SCOPUS,College of Science,Scientific,Synergistic Impacts of Plant-Growth-Promoting Bacteria and Selenium Nanoparticles on Improving the Nutritional Value and Biological Activities of Three Cultivars of Brassica Sprouts,Materials Today Communications
2023,April,SCOPUS,College of Science,Scientific,Identification and Characterization of Glutathione S-transferase Genes in Spodoptera frugiperda (Lepidoptera: Noctuidae) under Insecticides Stress,Mathematical Biosciences and Engineering
2023,April,SCOPUS,College of Science,Scientific,"Evaluation of Biomedical Applications for Linseed Extract: Antimicrobial, Antioxidant, Anti-Diabetic, and Anti-Inflammatory Activities In Vitro",International Journal of Biological Macromolecules
2023,April,SCOPUS,College of Science,Scientific,Characterization of beta-Cyclodextrin Hybridized Diatomite as Potential Delivery Systems of Oxaliplatin and 5-Fluorouracil Drugs; Equilibrium Modeling of Loading and Release Kinetics,Journal of Photochemistry and Photobiology A: Chemistry
2023,April,SCOPUS,College of Science,Scientific,"Functionalization of pre-gelatinized Urad bean fermented by Saccharomyces cerevisiae MK-157 as a fat replacer and its impact on physico-chemical, micromorphology, nutritional and sensory characteristics of biscuits",Physica B: Condensed Matter
2023,April,SCOPUS,College of Science,Scientific,Mild magnetic hyperthermia is synergistic with an antibiotic treatment against dual species biofilms consisting of S. aureus and P. aeruginosa by enhancing metabolic activity,Ceramics International
2023,April,SCOPUS,College of Science,Scientific,"Comparison of Thawing Treatments on Quality, Microbiota, and Organoleptic Characteristics of Chicken Meat Fillets",Results in Physics
2023,April,SCOPUS,College of Science,Scientific,"Optimization, Identification, and Quantification of Selected Phenolics in Three Underutilized Exotic Edible Fruits Using HPTLC",Fuel
2023,April,SCOPUS,College of Science,Scientific,"Growth Retardation, Oxidative Stress, Immunosuppression, and Inflammatory Disturbances Induced by Herbicide Exposure of Catfish, Clarias gariepinus, and the Alleviation Effect of Dietary Wormwood, Artemisia cina",AIMS Mathematics
2023,April,SCOPUS,College of Science,Scientific,Zinc oxide nanoparticles produced by Zingiber officinale ameliorates acute toxoplasmosis-induced pathological and biochemical alterations and reduced parasite burden in mice model,Rendiconti Lincei
2023,April,SCOPUS,College of Science,Scientific,Assessment of Circulating lncRNA H19 in Ankylosing Spondylitis Patients and Its Correlation with Disease Activity,Journal of Energy Storage
2023,April,SCOPUS,College of Science,Scientific,"Pleurospermum candollei Methanolic Extract Ameliorates CCl4-Induced Liver Injury by Modulating Oxidative Stress, Inflammatory, and Apoptotic Markers in Rats",Journal of Saudi Chemical Society
2023,April,SCOPUS,College of Science,Scientific,"Effects of dietary forage-to-concentrate ratio on fat deposition, fatty acid composition, oxidative stability and mRNA expression of sirtuins genes of subcutaneous fat in sheep (Ovis aries)",International Journal of Hydrogen Energy
2023,April,SCOPUS,College of Science,Scientific,"Phytohormones Promote the Growth, Pigment Biosynthesis and Productivity of Green Gram [Vigna radiata (L.) R. Wilczek]",Journal of Solid State Chemistry
2023,April,SCOPUS,College of Science,Scientific,Performance evaluation of different grown ber (Ziziphus mauritiana) cultivars under low-temperature storage,Ceramics International
2023,April,SCOPUS,College of Science,Scientific,Bacteriophage-mediated biosynthesis of MnO(2)NPs and MgONPs and their role in the protection of plants from bacterial pathogens,Journal of Sol-Gel Science and Technology
2023,April,SCOPUS,College of Science,Scientific,"Alkalihalobacillus deserti sp. nov., Isolated from the Saline-Alkaline Soil",Optik
2023,April,SCOPUS,College of Science,Scientific,Genome-wide analysis revealed the stepwise origin and functional diversification of HSDs from lower to higher plant species,Optical Materials
2023,April,SCOPUS,College of Science,Scientific,"GC-MS Analysis, Antibacterial, and Anticancer Activities of Hibiscus sabdariffa L. Methanolic Extract: In Vitro and In Silico Studies",Polymer Composites
2023,April,SCOPUS,College of Science,Scientific,"& nbsp;Molecular detection of highly pathogenic avian influenza H5N8 in commercial broiler chicken farms from 2019 to 2022 (vol 102, 102639, 2023)",Crystals
2023,April,SCOPUS,College of Science,Scientific,"The effects of microbial fertilizers application on growth, yield and some biochemical changes in the leaves and seeds of guar (Cyamopsis tetragonoloba L.)",Radiation Physics and Chemistry
2023,April,SCOPUS,College of Science,Scientific,Biosynthesized Nanosilver from Ginger Extract Exhibits Antioxidant and Hepatic Responses during Eimeria papillata Infection,Spectrochimica Acta - Part A: Molecular and Biomolecular Spectroscopy
2023,April,SCOPUS,College of Science,Scientific,Degradation of cefadroxil drug by newly designed solar light responsive alcoholic template-based lanthanum ferrite nanoparticles,Ceramics International
2023,April,SCOPUS,College of Science,Scientific,Green synthesis and characterization of iron oxide nanoparticles for the removal of heavy metals (Cd2+ and Ni2+) from aqueous solutions with Antimicrobial Investigation,Results in Chemistry
2023,April,SCOPUS,College of Science,Scientific,"Growth performance, liver and kidney functions, blood hormonal profile, and economic efficiency of broilers fed different levels of threonine supplementation during feed restriction",Heliyon
2023,April,SCOPUS,College of Science,Scientific,"High efficiency lipid production, biochar yield and chlorophyll a content of Chlorella sp. microalgae exposed on sea water and TiO2 nanoparticles",Journal of the Korean Ceramic Society
2023,April,SCOPUS,College of Science,Scientific,"Impacts of Temperature and Water Activity Interactions on Growth, Aflatoxin B1 Production and Expression of Major Biosynthetic Genes of AFB1 in Aspergillus flavus Isolates",Alexandria Engineering Journal
2023,April,SCOPUS,College of Science,Scientific,"Phytochemical analysis and evaluation of antimicrobial, antioxidant, and antidiabetic activities of essential oils from Moroccan medicinal plants: Mentha suaveolens, Lavandula stoechas, and Ammi visnaga",Radiochimica Acta
2023,April,SCOPUS,College of Science,Scientific,"Corrigendum to Molecular detection of highly pathogenic avian influenza H5N8 in commercial broiler chicken farms from 2019 to 2022 [Poultry Science, Volume 102, Issue 6, June 2023, 102639] (Poultry Science (2023) 102(6), (S0032579123001633), (10.1016/j.psj.2023.102639))",Materials Letters
2023,April,SCOPUS,College of Science,Scientific,"Insight into the Physiochemical and Cytotoxic Properties of β-cyclodextrin Hybridized Zeoilitic Diatomite as an Enhanced Carrier of Oxaliplatin Drug: Loading, Release, and Equilibrium Studies",Journal of Mathematics
2023,June,scopus,College of Science,Scientific,The immunomodulatory effects of probiotics and azithromycin in dextran sodium sulfate-induced ulcerative colitis in rats via TLR4-NF-κB and p38-MAPK pathway,RSC Advances
2023,June,scopus,College of Science,Scientific,"Bivariate Discrete Odd Generalized Exponential Generator of Distributions for Count Data: Copula Technique, Mathematical Theory, and Applications",Pharmaceutics
2023,June,scopus,College of Science,Scientific,A novel mathematical study to understand the Lumpy skin disease (LSD) using modified parameterized approach,ACS Omega
2023,June,scopus,College of Science,Scientific,Second-Order Neutral Differential Equations with Distributed Deviating Arguments: Oscillatory Behavior,Polymers
2023,June,scopus,College of Science,Scientific,Fractional study of radiative Brinkman-type nanofluid flow across a vertical plate with the effect of Lorentz force and Newtonian heating,Materials Chemistry and Physics
2023,June,scopus,College of Science,Scientific,The Discrete Exponentiated-Chen Model and Its Applications,Chemical Engineering Journal
2023,June,scopus,College of Science,Scientific,James Stein Estimator for the Beta Regression Model with Application to Heat-Treating Test and Body Fat Datasets,Inorganics
2023,June,scopus,College of Science,Scientific,Existence Results of Langevin Equations with Caputo-Hadamard Fractional Operator,Fractal and Fractional
2023,June,scopus,College of Science,Scientific,Moore-Gibson-Thompson model with the influence of moisture diffusivity of semiconductor materials during photothermal excitation,Journal of Materials Science: Materials in Electronics
2023,June,scopus,College of Science,Scientific,Photothermal excitation in non-local semiconductor materials with variable moisture thermal conductivity according to moisture diffusivity,Open Chemistry
2023,June,scopus,College of Science,Scientific,Statistical Analysis of Type-II Generalized Progressively Hybrid Alpha-PIE Censored Data and Applications in Electronic Tubes and Vinyl Chloride,Journal of Molecular Structure
2023,June,scopus,College of Science,Scientific,Statistical Analysis and Applications of Adaptive Progressively Type-II Hybrid Poisson-Exponential Censored Data,Numerical Heat Transfer; Part A: Applications
2023,June,scopus,College of Science,Scientific,Statistical Evaluations and Applications for IER Parameters from Generalized Progressively Type-II Hybrid Censored Data,Symmetry
2023,June,scopus,College of Science,Scientific,A Fractional Analysis of Zakharov-Kuznetsov Equations with the Liouville-Caputo Operator,Journal of Saudi Chemical Society
2023,June,scopus,College of Science,Scientific,Performance Evaluation of Healthcare Supply Chain in Industry 4.0 with Linear Diophantine Fuzzy Sine-Trigonometric Aggregation Operations,Mathematics
2023,June,scopus,College of Science,Scientific,Electrically conducting mixed convective flow of a hybrid nanoliquid over a rotating sphere with nonlinear thermal radiation,Open Chemistry
2023,June,scopus,College of Science,Scientific,Novel Analysis between Two-Unit Hot and Cold Standby Redundant Systems with Varied Demand,Molecules
2023,June,scopus,College of Science,Scientific,Impacts of Brownian motion and fractional derivative on the solutions of the stochastic fractional Davey-Stewartson equations,Advanced Composites and Hybrid Materials
2023,June,scopus,College of Science,Scientific,A Novel Study Based on Fuzzy p-Ideals of BCI-Algebras,Journal of Molecular Structure
2023,June,scopus,College of Science,Scientific,A new improved form of the Lomax model: Its bivariate extension and an application in the financial sector,Symmetry
2023,June,scopus,College of Science,Scientific,"A New Probability Distribution: Model, Theory and Analyzing the Recovery Time Data",Pharmaceuticals
2023,June,scopus,College of Science,Scientific,Application of Bi-LSTM method for groundwater quality assessment through water quality indices,Journal of Materials Science: Materials in Electronics
2023,June,scopus,College of Science,Scientific,Bernoulli-Type Spectral Numerical Scheme for Initial and Boundary Value Problems with Variable Order,Materials Chemistry and Physics
2023,June,scopus,College of Science,Scientific,Color to Grayscale Image Conversion Based on Singular Value Decomposition,Optical and Quantum Electronics
2023,June,scopus,College of Science,Scientific,How media coverage news and global uncertainties drive forecast of cryptocurrencies returns?,Radiation Physics and Chemistry
2023,June,scopus,College of Science,Scientific,Mathematical modelling approach to cholera transmission with vaccination strategy,Optical and Quantum Electronics
2023,June,scopus,College of Science,Scientific,Multi-directional gated recurrent unit and convolutional neural network for load and energy forecasting: A novel hybridization,Mathematics
2023,June,scopus,College of Science,Scientific,Torsional vibration of simply supported nanoplate using nonlocal mathematical model,Food Science and Nutrition
2023,June,scopus,College of Science,Scientific,Reliability Class Testing and Hypothesis Specification: NBRULC−t∘ Characterizations with Applications for Medical and Engineering Data Modeling,Symmetry
2023,June,scopus,College of Science,Scientific,Virtual mining of polymer monomers for photodetectors application and regression-aided reorganization energy prediction,Mathematics
2023,June,scopus,College of Science,Scientific,Darcy Forchheimer flow of terny hybrid nanofluid flow through a blood circulation respiratory system,Fractal and Fractional
2023,June,scopus,College of Science,Scientific,Propagation of Nonlinear Dust-Acoustic Waves in a Self-Gravitating Collision Magnetized Dusty Plasma in Earth's Magnetosphere,Journal of Molecular Structure
2023,June,scopus,College of Science,Scientific,"Effect of Boron Incorporation on the Mechanical, and Radiation Shielding Behaviors of Borosilicate Bioactive Glasses",International Journal of Quantum Chemistry
2023,June,scopus,College of Science,Scientific,Effects of a modified argon glow plasma source on PET polymeric surface properties,Journal of Materials Research and Technology
2023,June,scopus,College of Science,Scientific,Innovative analytical approach to estimate side-hole type parallelepiped sodium iodide scintillation detector efficiencies,Materials Chemistry and Physics
2023,June,scopus,College of Science,Scientific,Thirty-Fold Increase in Relative Sensitivity of Dy3+ Luminescent Boltzmann Thermometers Using Multiparameter and Multilevel Cascade Temperature Readings,Optical and Quantum Electronics
2023,June,scopus,College of Science,Scientific,"Adsorption Thermodynamics, Modeling, and Kinetics Studies for the Removal of Lead Ions Using ZnO Nanorods",Journal of Thermal Analysis and Calorimetry
2023,June,scopus,College of Science,Scientific,"Preparation, surface characterization and dielectric studies of hydrogen irradiated Cu/PANI polymer composites",Journal of Materials Research and Technology
2023,June,scopus,College of Science,Scientific,"The effect of tungsten ions on the structural, elastic moduli, and shielding characteristics of arsenic lead phosphate glasses",Radiation Physics and Chemistry
2023,June,scopus,College of Science,Scientific,"Zinc and Potassium Fertilizer Synergizes Plant Nutrient Availability and Affects Growth, Yield, and Quality of Wheat Genotypes",E-Polymers
2023,June,scopus,College of Science,Scientific,Ball milling-based piezocatalysis using .5Ba(Zr0.2Ti0.8)O-3-.5(Ba0.7Sr0.3)TiO3 ceramics,Mathematics
2023,June,scopus,College of Science,Scientific,Galerkin's method to solve a fractional time-delayed jerk oscillator,Symmetry
2023,June,scopus,College of Science,Scientific,An instrumental insight for a periodic solution of a fractal Mathieu-Duffing equation,Axioms
2023,June,scopus,College of Science,Scientific,Modeling Wormholes Generated by Dark Matter Galactic Halos in f(R)$f(R)$ Modified Gravity,Physica Scripta
2023,June,scopus,College of Science,Scientific,Desulfurization of coal using SnO2/TiO2 nanocomposite immobilized on glass beads under solar light irradiation,Journal of Materials Science: Materials in Electronics
2023,July,WOS,College of Science,Scientific,Experimental study of CO2 and N-2 adsorption on activated carbon,FERMENTATION-BASEL
2023,July,WOS,College of Science,Scientific,"A first principle investigations for electronic, optical and mechanical response of novel Ba2AgIO6 perovskite",ACS OMEGA
2023,July,WOS,College of Science,Scientific,"Optical and thermal characterization of pure CuO and Zn/CuO using laser-induced breakdown spectroscopy (LIBS), x-ray fluorescence (XRF), and ultraviolet-visible (UV-Vis) spectroscopy techniques",TOXICS
2023,July,WOS,College of Science,Scientific,Rational Design of Trimetallic Sulfide Electrodes for Alkaline Water Electrolysis with Ampere-Level Current Density,JOURNAL OF FUNCTIONAL BIOMATERIALS
2023,July,WOS,College of Science,Scientific,Warm to neutral white light emissions from Dy3+-Eu3+ co-doped glass ceramics containing NaBSiO4 crystalline phase for W-LEDs applications,JOURNAL OF MACROMOLECULAR SCIENCE PART B-PHYSICS
2023,July,WOS,College of Science,Scientific,"Optical, Photocatalytic, Electrochemical, Magnetic, Dielectric, and Ferroelectric Properties of Cd- and Er-Doped BiFeO3 Prepared via a Facile Microemulsion Route",ARABIAN JOURNAL OF CHEMISTRY
2023,July,WOS,College of Science,Scientific,Parameter Identification of Switched Reluctance Motor SRM Using Exponential Swept-Sine Signal,INTERNATIONAL JOURNAL OF HYPERTHERMIA
2023,July,WOS,College of Science,Scientific,Compact Multi-Layered Symmetric Metamaterial Design Structure for Microwave Frequency Applications,ACS OMEGA
2023,July,WOS,College of Science,Scientific,Optimizing the Efficiency of Lead-Free Cs2TiI6-Based Double Halide Perovskite Solar Cells Using SCAPS-1D,SUSTAINABILITY
2023,July,WOS,College of Science,Scientific,"Thermal, mechanical characteristics as well as gamma-ray shielding capabilities of sodium-barium borosilicate glasses with Y3+ions",FISHES
2023,July,WOS,College of Science,Scientific,Enabling fast ionic transport in CeO2-La1-2xBaxBixFeO3 nanocomposite electrolyte for low temperature solid oxide fuel cell application,PLOS NEGLECTED TROPICAL DISEASES
2023,July,WOS,College of Science,Scientific,On the nonlinear dynamics of large scale dust-acoustic solitary waves in a superthermal bi-ion dusty ionospheric magnetoplasma,JOURNAL OF PERSONALIZED MEDICINE
2023,July,WOS,College of Science,Scientific,Modeling by statistical physics and interpretation of the olfactory process of the two enantiomers 3-mercapto-2-methylbutan-1-ol and 3-mercapto-2-- methylpentan-1-ol on the OR2M3 human olfactory receptor,ACS OMEGA
2023,July,WOS,College of Science,Scientific,"Tailoring a Behavioral Symmetry on KERMA, Mass Stopping Power and Projected Range Parameters against Heavy-Charged Particles in Zinc-Tellurite Glasses for Nuclear Applications",JOURNAL OF APPLIED ANIMAL RESEARCH
2023,July,WOS,College of Science,Scientific,"Effect of CuO Nanoparticles on the Optical, Structural, and Electrical Properties in the PMMA/PVDF Nanocomposite",SUSTAINABILITY
2023,July,WOS,College of Science,Scientific,Parametric analysis of processing variables for enhanced adhesion in metal-polymer composites fabricated by fused deposition modeling,INTERNATIONAL JOURNAL OF FOOD PROPERTIES
2023,July,WOS,College of Science,Scientific,Role of time-dependent foreign molecules bonding in the degradation mechanism of polymer field-effect transistors in ambient conditions,FRONTIERS IN MICROBIOLOGY
2023,July,WOS,College of Science,Scientific,3D cellular lattice like-Ti3C2 MXene based aerogels embedded with metal selenides particles for energy storage and water splitting applications,CURRENT MICROBIOLOGY
2023,July,WOS,College of Science,Scientific,"A DFT investigation of mechanical, optical and thermoelectric properties of double perovskites K2AgAsX6 (X = Cl, Br) halides",FRONTIERS IN PLANT SCIENCE
2023,July,WOS,College of Science,Scientific,Adsorption of antibiotics by bentonite-chitosan composite: Phenomenological modeling and physical investigation of the adsorption process,MICROORGANISMS
2023,July,WOS,College of Science,Scientific,Designing highly active core/shell cathode materials for low-temperature PCFCs,POULTRY SCIENCE
2023,July,WOS,College of Science,Scientific,"Exploring the structural properties and the optoelectronic features of RbPbX3 (X = Cl, F) perovskite crystals for solar cells solicitations: Showcasing the DFT predictions.",FOOD RESEARCH INTERNATIONAL
2023,July,WOS,College of Science,Scientific,"Facile auto-flash-combustion synthesis and characterization of visible-light-driven photocatalytic active Mn (II, III) loaded NiO nanoparticles",ACS OMEGA
2023,July,WOS,College of Science,Scientific,"FeCoNiMnCr high-entropy alloys (HEAs): Synthesis, structural, magnetic and nuclear radiation absorption properties",ENVIRONMENTAL RESEARCH
2023,July,WOS,College of Science,Scientific,Influence of Al doping in zinc oxide electron transport layer for the degradation triple-cation-based organometal halide perovskite solar cells,SCIENTIFIC REPORTS
2023,July,WOS,College of Science,Scientific,Mixed convection and activation energy impacts on MHD bioconvective flow of nanofluid with irreversibility assessment,POULTRY SCIENCE
2023,July,WOS,College of Science,Scientific,"Neutron attenuation features and elastic properties of silicate glasses containing Ta2O5, and Li2O",ENVIRONMENTAL RESEARCH
2023,July,WOS,College of Science,Scientific,Review of different CdS/TiO2 and WO3/ g-C3N4 composite based photocatalyst for hydrogen production,MICROORGANISMS
2023,July,WOS,College of Science,Scientific,"Surface hardness, thermal, optical, and photon attenuation coefficients assessment for dysprosium-doped tellurite glasses",BIOMEDICINE & PHARMACOTHERAPY
2023,July,SCOPUS,College of Science,Scientific,Tuning the optoelectronic properties of acridine-triphenylamine (ACR-TPA) based novel hole transporting material for high efficiency perovskite and organic solar cell,Poultry Science
2023,July,SCOPUS,College of Science,Scientific,"NaF–ZnO–B2O3–Y2O3 glasses reinforced cobalt(II): synthesis, physical properties, dielectric spectroscopy and photon attenuation competence",Journal of Inorganic and Organometallic Polymers and Materials
2023,July,SCOPUS,College of Science,Scientific,Radiation shielding and nuclear security functions of Na2O–Fe2O3–B2O3–La2O3 glass system,Biomedicine and Pharmacotherapy
2023,July,WOS,College of Science,Scientific,"Study of electronic, mechanical, thermoelectric and optical properties of K2ScAuZ6 (Z = Br, I) for energy harvesting",AXIOMS
2023,July,WOS,College of Science,Scientific,Physical and Thermal Characterizations of Newly Synthesized Liquid Crystals Based on Benzotrifluoride Moiety,RESULTS IN PHYSICS
2023,July,WOS,College of Science,Scientific,Mesomorphic Investigation of Binary Mixtures of Liquid Crystal Molecules with Different Mesogenic Architectonics,MATHEMATICS
2023,July,WOS,College of Science,Scientific,"Synthesis and Biological Activities of Some 3,5-Disubstituted-6-Oxo-1,2,4-Triazine-2-Thiocarboxamide Derivatives as Anti-Breast Cancer (MCF) and a-Glucosidase Inhibitors",AIP ADVANCES
2023,July,WOS,College of Science,Scientific,"First-principle insight into the structural, electronic, elastic and optical properties of Cs-based double perovskites Cs2XCrCl6 (X = K, Na)",SYMMETRY-BASEL
2023,July,WOS,College of Science,Scientific,Insights into the Adsorption Nature of a Bioactive Anticancer Derivative of Benzenesulfonate on Silver Colloids at Various Concentrations: Experimental and DFT Investigations,AXIOMS
2023,July,WOS,College of Science,Scientific,"Biosorption of hexavalent chromium and molybdenum ions using extremophilic cyanobacterial mats: efficiency, isothermal, and kinetic studies",JOURNAL OF MATHEMATICS
2023,July,WOS,College of Science,Scientific,"High thermoelectric power factor of n-type Bi2(Se,S)3 via synergetic influence on the charge carrier concentration and energy filtering effect",FRONTIERS IN PHYSICS
2023,July,WOS,College of Science,Scientific,Alginate@ZnCO2O4 for efficient peroxymonosulfate activation towards effective rhodamine B degradation: optimization using response surface methodology,FRONTIERS IN MATERIALS
2023,July,WOS,College of Science,Scientific,Advances and Outlook of Metal-Organic Frameworks as High-Performance Electrocatalysts for Hydrogen Evolution Reaction: A Minireview,AXIOMS
2023,July,WOS,College of Science,Scientific,Optimizing the Powder Metallurgy Parameters to Enhance the Mechanical Properties of Al-4Cu/xAl(2)O(3) Composites Using Machine Learning and Response Surface Approaches,AXIOMS
2023,July,WOS,College of Science,Scientific,Computational and experimental investigation of antibacterial and antifungal properties of Nicotiana tabacum extracts,AXIOMS
2023,July,WOS,College of Science,Scientific,Thiophene functionalized cellulose immobilized with metal organic framework for removal of heavy metals,AXIOMS
2023,July,WOS,College of Science,Scientific,Au-decorated Co3O4 nanostructures for plasmonic enhanced PEC sensing of cancer biomarkers,MATHEMATICS
2023,July,WOS,College of Science,Scientific,"Chemical composition, seasonal variation and antiaging activities of essential oil from Callistemon subulatus leaves growing in Egypt",CASE STUDIES IN THERMAL ENGINEERING
2023,July,WOS,College of Science,Scientific,"Superior and effective adsorption of amoxicillin by using novel metal organic framework and its composite: Thermodynamic, kinetic, and optimization by Box-Behnken design",SYMMETRY-BASEL
2023,July,WOS,College of Science,Scientific,Boron and fluorine Co-doped laser-induced graphene towards high-performance micro-supercapacitors,DEMONSTRATIO MATHEMATICA
2023,July,WOS,College of Science,Scientific,"Green biopolymer and plasticizer for solid electrolyte preparation: FTIR, electrochemical properties and EDLC characteristics",JOURNAL OF FUNCTION SPACES
2023,July,WOS,College of Science,Scientific,High-conductivity nickel shells encapsulated wood-derived porous carbon for improved electromagnetic interference shielding,ALEXANDRIA ENGINEERING JOURNAL
2023,July,WOS,College of Science,Scientific,"Insight into structural, electronic, optical and elastic properties of double perovskites Rb2XCrCl6 (X= K, Na) via DFT study",AXIOMS
2023,July,WOS,College of Science,Scientific,Isotherm and kinetic studies for the adsorption of methylene blue onto a novel Mn3O4-Bi2O3 composite and their antifungal performance,JOURNAL OF WATER PROCESS ENGINEERING
2023,July,WOS,College of Science,Scientific,Novel Iron Oxide Nanoparticle-Fortified Carbon Paste Electrode for the Sensitive Voltammetric Determination of Atomoxetine,FRACTAL AND FRACTIONAL
2023,July,WOS,College of Science,Scientific,Post-synthetic Ln@modified MIL (Ti) framework in sono-photocatalysis degradation of carbaryl,IEEE ACCESS
2023,July,WOS,College of Science,Scientific,Preparation of dual mode encoding photochromic electrospun glass nanofibers for anticounterfeiting applications,HELIYON
2023,July,WOS,College of Science,Scientific,The Impact of Trichoderma harzianum Together with Copper and Boron on Wheat Yield,ALEXANDRIA ENGINEERING JOURNAL
2023,July,WOS,College of Science,Scientific,Concentration dependent SERS profile of p-tolyl 2-acetamido-3-(4-fluorophenyl)propanoate (AFP) in silver colloidal nanohydrosols: Experimental and DFT investigations,AIMS MATHEMATICS
2023,July,WOS,College of Science,Scientific,"Hydrothermal synthesis of nickel substituted magnesium ferrites (NixMg1-xFe2O4) and insight into the detailed structural, magnetic and electrochemical properties",ALEXANDRIA ENGINEERING JOURNAL
2023,July,SCOPUS,College of Science,Scientific,Addition of acceptor moiety toward Quinoxaline-based conjugated framework of chromophores for highly efficient organic solar cells,Axioms
2023,July,WOS,College of Science,Scientific,Hydrothermal Synthesis of Fe-Doped Cadmium Oxide Showed Bactericidal Behavior and Highly Efficient Visible Light Photocatalysis,CHEMICAL PHYSICS LETTERS
2023,July,WOS,College of Science,Scientific,Contrast-enhanced MRI synthesis using dense-dilated residual convolutions based 3D network toward elimination of gadolinium in neuro-oncology,COLLOID AND POLYMER SCIENCE
2023,July,WOS,College of Science,Scientific,Cotton fabric loaded with ZnO nanoflowers as a photocatalytic reactor with promising antibacterial activity against pathogenic E. coli,ADVANCES IN ASTRONOMY
2023,July,WOS,College of Science,Scientific,"Crystal structure refinement, optical, magnetic, and X-band microwave shielding properties of Dy3+ doped Ni2Y-type strontium hexagonal ferrites",SILICON
2023,July,WOS,College of Science,Scientific,Cyclodextrin nanoparticles in targeted cancer theranostics,EMERGING MATERIALS RESEARCH
2023,July,WOS,College of Science,Scientific,Deciphering the role of zinc oxide nanoparticles on physiochemical attributes of Zea mays exposed to saline conditions through modulation in antioxidant enzyme defensive system,AIP ADVANCES
2023,July,WOS,College of Science,Scientific,Decoration of sea-urchin-like NiCoP coated with WSe2@ZnS as an advanced electrode material for hybrid supercapacitors,CRYSTALS
2023,July,WOS,College of Science,Scientific,Density functional theory (DFT) study of non-linear optical properties of super salt doped boron nitride cage,ADSORPTION SCIENCE & TECHNOLOGY
2023,July,WOS,College of Science,Scientific,"Design, synthesis and antiproliferative screening of newly synthesized acrylate derivatives as potential anticancer agents",DIGEST JOURNAL OF NANOMATERIALS AND BIOSTRUCTURES
2023,July,WOS,College of Science,Scientific,"Design, Synthesis, and Biological Evaluation of Indole-2-carboxamides as Potential Multi-Target Antiproliferative Agents",DIGEST JOURNAL OF NANOMATERIALS AND BIOSTRUCTURES
2023,July,WOS,College of Science,Scientific,"Designing a Lead-free and high-density glass for radiation facilities: Synthesis, physical, optical, structural, and experimental gamma-ray transmission properties of newly designed barium-borosilicate glass sample",PLANTS-BASEL
2023,July,WOS,College of Science,Scientific,"Detail computational study about the structural, electronic, optical, and mechanical properties of RbVX3 (Cl, Br, I) halide perovskite materials",INTERNATIONAL JOURNAL OF APPLIED CERAMIC TECHNOLOGY
2023,July,WOS,College of Science,Scientific,"Developing a Simple, Effective, and Quick Process to Make Silver Nanowires with a High Aspect Ratio",ARCHIVE OF APPLIED MECHANICS
2023,July,WOS,College of Science,Scientific,Development of a new drug candidate for the inhibition of Lassa virus glycoprotein and nucleoprotein by modification of evodiamine as promising therapeutic agents,JOURNAL OF LOW FREQUENCY NOISE VIBRATION AND ACTIVE CONTROL
2023,July,WOS,College of Science,Scientific,Dilute GaAs1_ xBix epilayers with different bismuth concentrations grown by Molecular Beam Epitaxy: A promising candidate for gamma radiation sensor applications,ANNALEN DER PHYSIK
2023,July,WOS,College of Science,Scientific,Distinct Optical and Structural (Nanoyarn and Nanomat-like Structure) Characteristics of Zinc Oxide Nanofilm Derived by Using Salvia officinalis Leaves Extract Made without and with PEO Polymer,ZEITSCHRIFT FUR PHYSIKALISCHE CHEMIE-INTERNATIONAL JOURNAL OF RESEARCH IN PHYSICAL CHEMISTRY & CHEMICAL PHYSICS
2023,July,WOS,College of Science,Scientific,"Do functional traits and biochemical biomarkers of the nematode Oncholaimus campylocercoides De Coninck and Schuurmans Stekhoven, 1933 affected by fluoranthene and polystyrene microplastics? Results from a microcosm bioassay and molecular modeling",MATERIALS RESEARCH EXPRESS
2023,July,WOS,College of Science,Scientific,Drift diffusion modelling of cell parameters effect on the performance of perovskite solar cells with MXene as additives,PHYSICA SCRIPTA
2023,July,WOS,College of Science,Scientific,Drug repurposing of FDA-approved anti-viral drugs via computational screening against novel 6M03 SARS-COVID-19,LASER PHYSICS LETTERS
2023,July,WOS,College of Science,Scientific,Dual biocontrol potential of the entomopathogenic fungus Akanthomyces muscarius against Thaumetopoea pityocampa and plant pathogenic fungi,CHEMSUSCHEM
2023,July,WOS,College of Science,Scientific,Dynamical analysis of a class of SEIR models through delayed strategies,APPLIED PHYSICS A-MATERIALS SCIENCE & PROCESSING
2023,July,WOS,College of Science,Scientific,Dynamics of newly created soliton solutions via Atangana-Baleanu Fractional (ABF) for system of (ISALWs) equations,ACS OMEGA
2023,July,WOS,College of Science,Scientific,Eco-Friendly Approach for the Construction of Superhydrophobic Coating on Stainless Steel Metal Based on Biological Metal-Organic Framework and Its Corrosion Resistance Performance,MACHINES
2023,July,WOS,College of Science,Scientific,"Ecofriendly synthesis and nematicidal application of copper nanoparticles fabricated from Bacillus subtilis AM18, against root-knot nematode of cucumber",MATERIALS
2023,July,WOS,College of Science,Scientific,Effect of Biosynthesized Nanoselenium on Controlling Tomato Root-Knot Nematode Meloidogyne incognita,ENERGY TECHNOLOGY
2023,July,WOS,College of Science,Scientific,Effect of brain-like shape polypyrrole nanomaterial on the capacitance and stability enhancements of & beta;-Ni(OH)(2) two-symmetric electrodes supercapacitor,RADIATION PHYSICS AND CHEMISTRY
2023,July,WOS,College of Science,Scientific,Effect of dysprosium on the radiation-shielding features of SiO2-PbO-B2O3 glasses,RSC ADVANCES
2023,July,WOS,College of Science,Scientific,Effect of temperature on the performance of Cesium formamidinium lead mixed halide perovskite solar cells,PHYSICS OF FLUIDS
2023,July,WOS,College of Science,Scientific,Effects of changing thermal conductivity on photothermal excitation in non-local semiconductor material subjected to moisture diffusion and laser pulses,INTERNATIONAL JOURNAL OF BIOLOGICAL MACROMOLECULES
2023,July,WOS,College of Science,Scientific,"Effects of Different Kinds of Fertilizers on the Vegetative Growth, Antioxidative Defense System and Mineral Properties of Sunflower Plants",SYMMETRY-BASEL
2023,July,WOS,College of Science,Scientific,Effects of dual rotations of two circular cylinders on thermosolutal convection of a nanofluid mobilized by a heterogeneous porous cavity,MICROMACHINES
2023,July,WOS,College of Science,Scientific,Effects of entropy generation and magnetic field on blood flow of jeffrey fluid in a catheterized artery: A mathematical study,JOURNAL OF ADHESION SCIENCE AND TECHNOLOGY
2023,July,WOS,College of Science,Scientific,Effects of WO3 reinforcement on the properties of poly(lactic acid) composites for radiation shielding,ROYAL SOCIETY OPEN SCIENCE
2023,July,WOS,College of Science,Scientific,Efficient removal of carbofuran by sono-photo active CdS@MIL based Ti Framework,FUEL
2023,July,WOS,College of Science,Scientific,Efficient Removal of Hexavalent Chromium (Cr(VI)) from Wastewater Using Amide-Modified Biochar,MATERIALS SCIENCE AND ENGINEERING B-ADVANCED FUNCTIONAL SOLID-STATE MATERIALS
2023,July,WOS,College of Science,Scientific,Electrochemical CO2 reduction to gaseous methane and carbon monoxide using plasma-synthesized copper nanowires,INTERNATIONAL JOURNAL OF BIOLOGICAL MACROMOLECULES
2023,July,WOS,College of Science,Scientific,Electrophoretically deposited rigid-flexible hybrid graphene oxide-polyethyleneimine on carbon fibers for synergistically reinforced epoxy nanocomposites,JOURNAL OF ALLOYS AND COMPOUNDS
2023,July,WOS,College of Science,Scientific,Enantio-selective molecularly imprinted & beta;-resorcylic acid-modified resin for chiral separation of cathinone,CHEMICAL PHYSICS
2023,July,WOS,College of Science,Scientific,Energy performance based optimization of building envelope containing PCM combined with insulation considering various configurations,JOURNAL OF SCIENCE-ADVANCED MATERIALS AND DEVICES
2023,July,WOS,College of Science,Scientific,Engineering push-pull structural versatility in highly functional carbazole-based hole transporting materials design for efficient perovskites solar devices,CERAMICS INTERNATIONAL
2023,July,WOS,College of Science,Scientific,Enhance the oral insulin delivery route using a modified chitosan-based formulation fabricated by microwave,HELIYON
2023,July,WOS,College of Science,Scientific,Enhanced DFT predictions of the structural and optoelectronic properties of MoTe2 for high performance photodetection: Application to GW-based functionals and Hubbard U and V corrections,HELIYON
2023,July,WOS,College of Science,Scientific,Enhanced resonant nonlinear optical traits and optical limiting performance of metal nanoparticles containing borate glasses in nanosecond pulse regime,APPLIED RADIATION AND ISOTOPES
2023,July,WOS,College of Science,Scientific,Entropy minimization of GO-Ag/KO cross-hybrid nanofluid over a convectively heated surface,ARABIAN JOURNAL OF CHEMISTRY
2023,July,WOS,College of Science,Scientific,Entropy optimization of non-Newtonian nanofluid natural convection in an inclined U-shaped domain with a hot tree-like baffle inside and considering exothermic reaction,JOURNAL OF RARE EARTHS
2023,July,WOS,College of Science,Scientific,"Evaluating the genotoxicity of salinity stress and secondary products gene manipulation in lime, Citrus aurantifolia, plants",JOURNAL OF MOLECULAR GRAPHICS & MODELLING
2023,July,SCOPUS,College of Science,Scientific,Evaluation of Artemisia absinthium L. Essential Oil as a Potential Novel Prophylactic against the Asian Citrus Psyllid Diaphorina citri Kuwayama,Optical and Quantum Electronics
2023,July,SCOPUS,College of Science,Scientific,Evaluation of different parameters affecting the performance of asphaltene controlling chemical additives in crude oils using multiple experimental approaches assisted with image processing technique,Radiation Physics and Chemistry
2023,July,SCOPUS,College of Science,Scientific,Evidences of noncovalent interactions between indole and dichloromethane under different solvent conditions,European Physical Journal Plus
2023,July,WOS,College of Science,Scientific,Experimental and Theoretical Studies of Hydrogen Storage in LaNi4.4Al0.3Fe0.3 Hydride Bed,MATERIALS
2023,July,WOS,College of Science,Scientific,Experimental study of the microstructures and hydrogen storage properties of the LaNi4Mn0.5Co0.5 alloys,CRYSTALS
2023,July,WOS,College of Science,Scientific,Experimental Study on the Radiation Shielding Performance of B2O3-SiO2-TeO2-Bi2O3-ZnO-BaO Glass Systems Containing Europium (III) Oxide,RUSSIAN JOURNAL OF BIOORGANIC CHEMISTRY
2023,July,WOS,College of Science,Scientific,"Exploration and Evaluation of Secondary Metabolites from Trichoderma harzianum: GC-MS Analysis, Phytochemical Profiling, Antifungal and Antioxidant Activity Assessment",RSC ADVANCES
2023,July,WOS,College of Science,Scientific,Exploring the impact of substrate placement on Cu3N thin films as a solar cell window layer: Structural and optical attributes,POLYCYCLIC AROMATIC COMPOUNDS
2023,July,WOS,College of Science,Scientific,"Exploring the KERMA, mass stopping power and projected range values against heavy-charged particles: A focusing study on Sm, Yb, and Nd reinforced tellurite glass shields",INTERNATIONAL JOURNAL OF PHYTOREMEDIATION
2023,July,WOS,College of Science,Scientific,"Exploring the physical, vibrational, optical, and dielectric properties of chromium-doped bismo-borate barium glasses for potential use in optical applications",INTERNATIONAL COMMUNICATIONS IN HEAT AND MASS TRANSFER
2023,July,WOS,College of Science,Scientific,Exploring the potential of nano technology: A assessment of nano-scale multi-layered-composite coatings for cutting tool performance,RSC ADVANCES
2023,July,WOS,College of Science,Scientific,Extremophilic bacterial strains as plant growth promoters and biocontrol agents against Pythium ultimum and Rhizocotnia solani,ENERGY & FUELS
2023,July,WOS,College of Science,Scientific,Fabrication of PES Modified by TiO2/Na2Ti3O7 Nanocomposite Mixed-Matrix Woven Membrane for Enhanced Performance of Forward Osmosis: Influence of Membrane Orientation and Feed Solutions,APPLIED SCIENCES-BASEL
2023,July,WOS,College of Science,Scientific,Facile Development of Mn Doped NiO Nanoarrays Supported on a Reduced Graphene Oxide Nanocomposite as a Supercapacitor,OPEN CHEMISTRY
2023,July,WOS,College of Science,Scientific,"Ferroelectric, dielectric, magnetic and photocatalytic properties of Mn doped Ca-hexaferrite prepared via microemulsion route",CELLULOSE
2023,July,WOS,College of Science,Scientific,First-principle computation of some physical properties of half-Heusler compounds for possible thermoelectric applications,APPLIED PHYSICS A-MATERIALS SCIENCE & PROCESSING
2023,July,WOS,College of Science,Scientific,Flexible Electrode Based on PES/GO Mixed Matrix Woven Membrane for Efficient Photoelectrochemical Water Splitting Application,JOURNAL OF ENZYME INHIBITION AND MEDICINAL CHEMISTRY
2023,July,WOS,College of Science,Scientific,Flexible Extension of the Lomax Distribution for Asymmetric Data under Different Failure Rate Profiles: Characteristics with Applications for Failure Modeling and Service Times for Aircraft Windshields,APPLIED ORGANOMETALLIC CHEMISTRY
2023,July,WOS,College of Science,Scientific,Generalized Bayes Prediction Study Based on Joint Type-II Censoring,CARBON
2023,July,WOS,College of Science,Scientific,Green Synthesis of a Carbon Quantum Dots-Based Superhydrophobic Membrane for Efficient Oil/Water Separation,ARABIAN JOURNAL OF CHEMISTRY
2023,July,WOS,College of Science,Scientific,Green Synthesis of Zinc Oxide Nanoparticles Using Cymbopogon citratus Extract and Its Antibacterial Activity,CARBON
2023,July,WOS,College of Science,Scientific,Ground states of Schrodinger systems with the Chern-Simons gauge fields,JOURNAL OF PHYSICS AND CHEMISTRY OF SOLIDS
2023,July,WOS,College of Science,Scientific,"Half metallicity and optical properties of Ba2B & PRIME;ReO6 (B & PRIME; = Cd, Er): a DFT insight",FRONTIERS IN ENVIRONMENTAL SCIENCE
2023,July,WOS,College of Science,Scientific,Heat and mass transport behavior in bio-convective reactive flow of nanomaterials with Soret and Dufour characteristics,ACS OMEGA
2023,July,WOS,College of Science,Scientific,Highly Active Nickel (II) Oxide-Supported Cerium Oxide Catalysts for Valorization of Glycerol into Oxygenated Fuel Additives,MATERIALS CHEMISTRY AND PHYSICS
2023,July,WOS,College of Science,Scientific,Highly Uniform Multi-Layers Reduced Graphene Oxide/Poly-2-aminobenzene-1-thiol Nanocomposite as a Promising Two Electrode Symmetric Supercapacitor under the Effect of Absence and Presence of Porous-Sphere Polypyrrole Nanomaterial,CERAMICS INTERNATIONAL
2023,July,WOS,College of Science,Scientific,High-performance chrysanthemum flower-like structure of Ni doped ZnO nanoflowers for pseudo-supercapacitors,ACS AGRICULTURAL SCIENCE & TECHNOLOGY
2023,July,SCOPUS,College of Science,Scientific,Hybrid multi-criteria decision-making technique for the selection of best cryptographic multivalued Boolean function,Journal of Molecular Structure
2023,August,WOS,College of Science,Scientific,"Identification, forensic evidences and effect of the most used lip cosmetics on the human STR profiling at Kingdom of Saudi Arabia",SURFACES AND INTERFACES
2023,August,WOS,College of Science,Scientific,Impact of WO3 and BaO nanoparticles on the radiation shielding characteristics of polydimethylsiloxane composites,JOURNAL OF PHYSICS AND CHEMISTRY OF SOLIDS
2023,August,WOS,College of Science,Scientific,"Impacts of kinetin implementation on leaves, floral and root-related traits during seed production in hybrid rice under water deficiency",ACS OMEGA
2023,August,WOS,College of Science,Scientific,Impacts of micro-size PbO on the gamma-ray shielding performance of polyepoxide resin,JOURNAL OF APPLIED CLINICAL MEDICAL PHYSICS
2023,August,WOS,College of Science,Scientific,Impacts of thermal radiation with nanoparticle aggregation and variable viscosity on unsteady bidirectional rotating stagnation point flow of nanofluid,ARABIAN JOURNAL OF CHEMISTRY
2023,August,WOS,College of Science,Scientific,Improvement of Luminescence and Photocatalytic Performance of ZnO:Eu3+ Nanocrystals Activated by Na+ Ions,MATERIALS CHEMISTRY AND PHYSICS
2023,August,WOS,College of Science,Scientific,Improving performance and recombination losses in lead free formamidinium tin based perovskite solar cells,FRONTIERS IN PHARMACOLOGY
2023,August,WOS,College of Science,Scientific,"Influence of Copper Ions on the Structural, Mechanical, Radiation Shielding and Dielectric Properties of Borate Zinc-Fluoride Glasses",SOUTH AFRICAN JOURNAL OF BOTANY
2023,August,WOS,College of Science,Scientific,Insight into the Influence of the Integrated Chitosan on the Adsorption Properties of Chitosan/Al-MCM-41 Composite for As (V) Metal Ions: Characterization and Advanced Equilibrium Studies,ELECTROCHIMICA ACTA
2023,August,WOS,College of Science,Scientific,"Insight into the Morphological Properties of Nano-Kaolinite (Nanoscrolls and Nanosheets) on Its Qualification as Delivery Structure of Oxaliplatin: Loading, Release, and Kinetic Studies",DIAMOND AND RELATED MATERIALS
2023,August,WOS,College of Science,Scientific,"Insight into the synergetic, steric and energetic properties of zeolitization and cellulose fiber functionalization of diatomite during the adsorption of Cd(ii): advanced equilibrium studies",RSC ADVANCES
2023,August,WOS,College of Science,Scientific,Insights into the Effect of Chitosan and & beta;-Cyclodextrin Hybridization of Zeolite-A on Its Physicochemical and Cytotoxic Properties as a Bio-Carrier for 5-Fluorouracil: Equilibrium and Release Kinetics Studies,PHARMACEUTICALS
2023,August,WOS,College of Science,Scientific,In-silico screening of Acacia pennata and Bridelia retusa reveals pinocembrin-7-O-beta-D-glucopyranoside as a promising beta-lactamase inhibitor to combat antibiotic resistance,JOURNAL OF ALLOYS AND COMPOUNDS
2023,August,WOS,College of Science,Scientific,"Integrated analysis of antimicrobial, antioxidant, and phytochemical properties of Cinnamomum verum: A comprehensive In vitro and In silico study",RSC ADVANCES
2023,August,WOS,College of Science,Scientific,"Interaction of promethazine hydrochloride with TX-165 in aqueous, NaCl and urea media: a tensiometry and FTIR analysis",MATERIALS
2023,August,WOS,College of Science,Scientific,Investigation of band parameters and electrochemical analysis of multi core-shell CdSe/CdS/ZnS quantum dots,FRONTIERS IN MICROBIOLOGY
2023,August,WOS,College of Science,Scientific,Investigations of non-ionic surfactants derived from triazoles and pyrroles as potent corrosion inhibitors for carbon steel in hydrochloric acid,APPLIED SURFACE SCIENCE
2023,August,WOS,College of Science,Scientific,Kolmogorov Entropy for Convergence Rate in Incomplete Functional Time Series: Application to Percentile and Cumulative Estimation in High Dimensional Data,MATERIALS
2023,August,WOS,College of Science,Scientific,"Lanthanum doped hybrid LaxBi2, xSn2O7/SnO2(8-Bi2O3) nanostructures for energy storage applications",MARINE POLLUTION BULLETIN
2023,August,WOS,College of Science,Scientific,"LCMS/MS Phytochemical Profiling, Molecular, Pathological, and Immune-Histochemical Studies on the Anticancer Properties of Annona muricata",SOLAR ENERGY
2023,August,WOS,College of Science,Scientific,"Low-temperature synthesis, characterization and photocatalytic properties of lanthanum vanadate LaVO4",IRISH JOURNAL OF MEDICAL SCIENCE
2023,August,WOS,College of Science,Scientific,"Magnetic, optoelectronic, and thermoelectric characteristics of Ln2MnSe4 (Ln = Yb, Lu) spinel chalcogenides: A DFT investigation",SAUDI JOURNAL OF BIOLOGICAL SCIENCES
2023,August,WOS,College of Science,Scientific,Magneto-bioconvection flow in an annulus between circular cylinders containing oxytactic microorganisms,AIP ADVANCES
2023,August,WOS,College of Science,Scientific,Main Sequence Star Super-flare Frequency based on Entire Kepler Data,MODERN PHYSICS LETTERS B
2023,August,WOS,College of Science,Scientific,Mathematical analysis of fractional order alcoholism model,MATERIALS
2023,August,WOS,College of Science,Scientific,Mathematical model of ciliary flow and entropy for carreau nanofluid with electroosmosis and radiations in porous medium: A numerical work,EUROPEAN JOURNAL OF PLANT PATHOLOGY
2023,August,WOS,College of Science,Scientific,Mathematical Modeling and Theoretical Analysis of Bioconvective Magnetized Sutterby Nanofluid Flow Over Rotating Disk with Activation Energy,AGRONOMY-BASEL
2023,August,WOS,College of Science,Scientific,"Microfluidizing Technique Application for Algerian Cymbopogon citratus (DC.) Stapf Effects Enhanced Volatile Content, Antimicrobial, and Anti-Mycotoxigenic Properties",JOURNAL OF MATERIALS SCIENCE-MATERIALS IN ELECTRONICS
2023,August,WOS,College of Science,Scientific,Microplastics in soil differentially interfere with nutritional aspects of chilli pepper,OPEN PHYSICS
2023,August,WOS,College of Science,Scientific,Modified generalized Weibull distribution: theory and applications,CURRENT APPLIED PHYSICS
2023,August,WOS,College of Science,Scientific,Molecular dynamic and bioinformatic studies of metformin-induced ACE2 phosphorylation in the presence of different SARS-CoV-2 S protein mutations,JOURNAL OF APPLIED PHYSICS
2023,August,WOS,College of Science,Scientific,Momentum and thermal transport analysis in MHD nanofluid through the thermally heated square conduit: Finite element method,SUSTAINABILITY
2023,August,WOS,College of Science,Scientific,Monitoring the genetic variation of some Escherichia coli strains in wild birds and cattle,EUROPEAN PHYSICAL JOURNAL PLUS
2023,August,WOS,College of Science,Scientific,Monopodial and Sympodial Bamboos Grown in Tropic and Sub-tropic Countries-A Review,TRIBOLOGY INTERNATIONAL
2023,August,WOS,College of Science,Scientific,Multitargeted molecular modelling of alginic acid modified with 4-aminophenol dopped with silver nanoparticles as a potent cytotoxic agent,RADIATION PHYSICS AND CHEMISTRY
2023,August,WOS,College of Science,Scientific,"N '-[(1E)-(4-Fluorophenyl)methylidene]adamantane-1-carbohydrazide, C18H21FN2O",SURFACES AND INTERFACES
2023,August,WOS,College of Science,Scientific,"Nano-Curcumin/Chitosan Modulates Growth, Biochemical, Immune, and Antioxidative Profiles, and the Expression of Related Genes in Nile tilapia, Oreochromis niloticus",MOLECULES
2023,August,WOS,College of Science,Scientific,Nanotheranostic fabrication of iron oxide for rapid photocatalytic degradation of organic dyes and antifungal potential,JOURNAL OF SOLID STATE ELECTROCHEMISTRY
2023,August,WOS,College of Science,Scientific,"New solitary waves, bifurcation and chaotic patterns of Coupled Nonlinear Schrodinger System arising in fibre optics",ADVANCED COMPOSITES AND HYBRID MATERIALS
2023,August,WOS,College of Science,Scientific,Nimbin (N1) and analog N3 from the neem seeds suppress the migration of osteosarcoma MG-63 cells and arrest the cells in a quiescent state mediated via activation of the caspase-modulated apoptotic pathway,MATERIALS CHEMISTRY AND PHYSICS
2023,August,WOS,College of Science,Scientific,Nonlinear Dynamics of a Piecewise Modified ABC Fractional-Order Leukemia Model with Symmetric Numerical Simulations,ENERGY REPORTS
2023,August,WOS,College of Science,Scientific,Nonlinear refractive index enhancement of Nd3+ ions loaded borate glasses in the near-infrared region by silver nanoparticles,JOURNAL OF PHOTOCHEMISTRY AND PHOTOBIOLOGY A-CHEMISTRY
2023,August,WOS,College of Science,Scientific,Non-thermal plasma actuator mechanism in interaction with fluid flow structure for aeronautical flow control,INTERNATIONAL JOURNAL OF BIOLOGICAL MACROMOLECULES
2023,August,WOS,College of Science,Scientific,Novel 3-Substituted 8-Methoxycoumarin Derivatives as Anti-Breast Cancer Drugs,CHEMICAL PHYSICS
2023,August,WOS,College of Science,Scientific,Numerical Investigation of Fractional-Order Fornberg-Whitham Equations in the Framework of Aboodh Transformation,INORGANIC CHEMISTRY COMMUNICATIONS
2023,August,WOS,College of Science,Scientific,Numerical solution for the electrically conducting hybrid nanofluid flow between two parallel rotating surfaces subject to thermal radiation,NANOTECHNOLOGY REVIEWS
2023,August,WOS,College of Science,Scientific,On the modulational of Schamel nonlinear Schrodinger equation and the associated envelope excitations in a degenerate relativistic quantum complex plasma,JOURNAL OF THE TAIWAN INSTITUTE OF CHEMICAL ENGINEERS
2023,August,WOS,College of Science,Scientific,On the oblique electrostatic waves in a dusty plasma with non-Maxwellian electrons for Saturn's magnetosphere,FRONTIERS IN PLANT SCIENCE
2023,August,WOS,College of Science,Scientific,On the propagation of cnoidal wave and overtaking collision of slow shear Alfven solitons in low beta magnetized plasmas,HORTICULTURAE
2023,August,WOS,College of Science,Scientific,One pot development of MnS/g-C(3)N(4 )nanocomposite via hydrothermal synthesis for photodegradation of methylene blue,GEOENERGY SCIENCE AND ENGINEERING
2023,August,WOS,College of Science,Scientific,Optical and magnetic characteristics of BaTi1-xCoxO3: A first-principles study,JOURNAL OF MOLECULAR MODELING
2023,August,WOS,College of Science,Scientific,Optical properties and radiation shielding performance of tellurite glassy composites: Role of rare earth oxides,MATERIALS
2023,August,WOS,College of Science,Scientific,Optimal scheme and estimation for a bivariate step-stress accelerated life test with the inverse Weibull distribution under type-I progressive censored samples,HELIYON
2023,August,WOS,College of Science,Scientific,Opto-electronic and thermoelectric properties of free-lead inorganic double perovskites Rb/Cs2ScAuI6 for energy devices,ECS JOURNAL OF SOLID STATE SCIENCE AND TECHNOLOGY
2023,August,WOS,College of Science,Scientific,Overtaking interaction of electron-acoustic solitons in Saturn's magnetosphere,MOLECULES
2023,August,WOS,College of Science,Scientific,Parkinson's Disease Detection Using Hybrid LSTM-GRU Deep Learning Model,MATERIALS TODAY COMMUNICATIONS
2023,August,WOS,College of Science,Scientific,Photodetector-Based Material from a Highly Sensitive Free-Standing Graphene Oxide/Polypyrrole Nanocomposite,RADIATION PHYSICS AND CHEMISTRY
2023,August,WOS,College of Science,Scientific,Physicochemical modeling and characterization of the adsorption mechanism of seven pharmaceutical molecules onto SARS-CoV-2 virus,OPTICAL AND QUANTUM ELECTRONICS
2023,August,WOS,College of Science,Scientific,"Phytochemical, Morphological and Genetic Characterisation of Anacyclus pyrethrum var. depressus (Ball.) Maire and Anacyclus pyrethrum var. pyrethrum (L.) Link",ARABIAN JOURNAL OF CHEMISTRY
2023,August,WOS,College of Science,Scientific,"Planophila laetevirens-Mediated Synthesis of Silver Nanoparticles: Optimization, Characterization, and Anticancer and Antibacterial Potentials",JOURNAL OF PLANT PATHOLOGY
2023,August,WOS,College of Science,Scientific,Polyvinylpyrrolidone and chitosan-coated magnetite (Fe3O4) nanoparticles for catalytic and antimicrobial activity with molecular docking analysis,MEMBRANES
2023,August,WOS,College of Science,Scientific,Porous-Spherical Cr2O3-Cr(OH)(3)-Polypyrrole/Polypyrrole Nanocomposite Thin-Film Photodetector and Solar Cell Applications,ENERGY & FUELS
2023,August,WOS,College of Science,Scientific,Prabhakar fractional approach for enhancement of heat transfer due to hybrid nanomaterial with sinusoidal heat conditions,MATERIALS CHEMISTRY AND PHYSICS
2023,August,WOS,College of Science,Scientific,"Pre and postharvest characteristics of Dahlia pinnata var. pinnata, cav. As affected by SiO2 and CaCO3 nanoparticles under two different planting dates",RSC ADVANCES
2023,August,WOS,College of Science,Scientific,Predicting compressive strength of eco-friendly plastic sand paver blocks using gene expression and artificial intelligence programming,MEMBRANES
2023,August,WOS,College of Science,Scientific,Preparation of polyoxometalate ionic liquids (POM-ILs) coated on metal coins for anticorrosion activity,PROCESSES
2023,August,WOS,College of Science,Scientific,"Preparation, structural characteristics and dielectric studies of polyaniline/lead sulfide composite materials",AXIOMS
2023,August,WOS,College of Science,Scientific,Protective effect of Salvia hispanica (chia seeds) against obesity induced ovarian disorders in rat model,MATERIALS
2023,August,WOS,College of Science,Scientific,"PVC doped with Ni0.5Pb0.5Fe2O4 spinel ferrites nanoparticles: Fabrication, structural, optical, and radiation shielding properties",ACS OMEGA
2023,August,WOS,College of Science,Scientific,Radiotoxic fission products and radiological effects in the Mediterranean Sea biota from a hypothetical accident in Akkuyu Nuclear Power Plant,ADVANCED NONLINEAR STUDIES
2023,August,WOS,College of Science,Scientific,Recycled poly(propylene-co-methy1 methacrylate) as printing binder for photoluminescent textiles,PHYSICA SCRIPTA
2023,August,WOS,College of Science,Scientific,"Relativistic configurations of Tolman stellar spheres in f (G, T ) gravity",CASE STUDIES IN THERMAL ENGINEERING
2023,August,WOS,College of Science,Scientific,Reliability Analysis and Applications of Generalized Type-II Progressively Hybrid Maxwell-Boltzmann Censored Data,MATERIALS
2023,August,WOS,College of Science,Scientific,Reliability Analysis of HEE Parameters via Progressive Type-II Censoring with Applications,MICROMACHINES
2023,August,WOS,College of Science,Scientific,Response of Maize Seedlings to Silicon Dioxide Nanoparticles (SiO(2)NPs) under Drought Stress,JOURNAL OF ENERGY STORAGE
2023,August,WOS,College of Science,Scientific,Results on nonlocal controllability for impulsive fractional functional integro-differential equations via degree theory,COMPLEX & INTELLIGENT SYSTEMS
2023,August,WOS,College of Science,Scientific,"Rhizobia Inoculation Supplemented with Nitrogen Fertilization Enhances Root Nodulation, Productivity, and Nitrogen Dynamics in Soil and Black Gram (Vigna mungo (L.) Hepper)",FORENSIC SCIENCE INTERNATIONAL
2023,August,WOS,College of Science,Scientific,Role of TiO2 addition on recycling of TV screen waste glasses: Experimental and theoretical studies on structure and radiation attenuation properties,E-POLYMERS
2023,August,WOS,College of Science,Scientific,Scalar-on-Function Relative Error Regression for Weak Dependent Case,BMC PLANT BIOLOGY
2023,August,WOS,College of Science,Scientific,Separate and Simultaneous Effects of Silver Nanoparticles and Arsenic on the Taxonomic Diversity of Free-Living Marine Nematodes,E-POLYMERS
2023,August,WOS,College of Science,Scientific,Significant photocatalytic decomposition of malachite green dye in aqueous solutions utilizing facilely synthesized barium titanate nanoparticles,MATERIALS TODAY COMMUNICATIONS
2023,August,WOS,College of Science,Scientific,Simultaneous Analysis of Flumethasone Pivalate and Clioquinol in the Presence of Phenoxyethanol Preservative in Their Pharmaceuticals Using TLC and UHPLC Methods,APPLIED SCIENCES-BASEL
2023,August,WOS,College of Science,Scientific,"Sm3+-Doped Alumino Borophospho-Silicate Glasses: An Examination of the Optical, Structural, and Gamma-ray Protective Features",MATERIALS CHEMISTRY AND PHYSICS
2023,August,WOS,College of Science,Scientific,"Sm3+ions doped Sm2Si2O7-based glass ceramics: Crystallization, luminescence and energy transfer process through heat treatment*",JOURNAL OF ELECTRONIC MATERIALS
2023,August,WOS,College of Science,Scientific,Sodium Alginate-Based MgO Nanoparticles Coupled Antibiotics as Safe and Effective Antimicrobial Candidates against Staphylococcus aureus of Houbara Bustard Birds,NANOMATERIALS AND NANOTECHNOLOGY
2023,August,WOS,College of Science,Scientific,Solitary Solutions for the Stochastic Fokas System Found in Monomode Optical Fibers,MOLECULES
2023,August,WOS,College of Science,Scientific,Some Characteristic Properties of Non-Null Curves in Minkowski 3-Space ??(3)(1),RSC ADVANCES
2023,August,WOS,College of Science,Scientific,Spectroscopic investigation of phase transformation of calcium oxalate dehydrates (renal calculi) using acidic Bryophyllum pinnatom powder,MOLECULES
2023,August,WOS,College of Science,Scientific,"Spectroscopical Characterization of Copper-Iron (Cu-Fe) Alloy Plasma Using LIBS, ICP-AES, and EDX",JOURNAL OF BIOMOLECULAR STRUCTURE & DYNAMICS
2023,August,WOS,College of Science,Scientific,Statistical inference based on lower record values for the inverse Weibull distribution under the modified loss function,BIOCHEMICAL SYSTEMATICS AND ECOLOGY
2023,August,WOS,College of Science,Scientific,Statistical study for Covid-19 spread during the armed crisis faced by Ukrainians,MOLECULAR PHYSICS
2023,August,WOS,College of Science,Scientific,Stimulation of Autophagy by Dapagliflozin Mitigates Cadmium-Induced Testicular Dysfunction in Rats: The Role of AMPK/mTOR and SIRT1/Nrf2/HO-1 Pathways,OPTICAL MATERIALS
2023,August,WOS,College of Science,Scientific,"Strontium-doped borate glasses: synthesis, structure, optical, and radiation attenuation characteristics",INTERNATIONAL JOURNAL OF ELECTROCHEMICAL SCIENCE
2023,August,WOS,College of Science,Scientific,"Structural, electronic, optical, and thermoelectric studies on Zintl SrCd2Pn2 (Pn=P/As) compounds for solar cell applications: A First Principle Approach",ENTROPY
2023,August,WOS,College of Science,Scientific,Structures and hydrogen storage properties of DFT calculations,JOURNAL OF ALLOYS AND COMPOUNDS
2023,August,WOS,College of Science,Scientific,"Study of mechanical, optical, and thermoelectric characteristics of Ba2XMoO6 (X = Zn, Cd) double perovskite for energy harvesting",MOLECULES
2023,August,WOS,College of Science,Scientific,Study of spin control on half metallic ferromagnetism and thermoelectric properties of MgEu2(S/Se)4 for spintronic and energy harvesting devices,HELIYON
2023,August,WOS,College of Science,Scientific,Survival Analysis of the PRC Model from Adaptive Progressively Hybrid Type-II Censoring and Its Engineering Applications,JOURNAL OF SOLID STATE CHEMISTRY
2023,August,WOS,College of Science,Scientific,"Sustainable, economical and rapid treatment of multiple lung diseases using therapeutic potential of curcumin nanoparticles",INTERNATIONAL COMMUNICATIONS IN HEAT AND MASS TRANSFER
2023,August,WOS,College of Science,Scientific,Synergistic Effect in Ionizing Radiation Shielding with Recent Tile Composites Blended with Marble Dust and BaO Micro/Nanoparticles,RESEARCH IN ASTRONOMY AND ASTROPHYSICS
2023,August,WOS,College of Science,Scientific,Synergistic redox enhancement: silver phosphate augmentation for optimizing magnesium copper phosphate in efficient energy storage devices and oxygen evolution reaction,ALEXANDRIA ENGINEERING JOURNAL
2023,August,WOS,College of Science,Scientific,"Synthesis and Characterization of beta-Cyclodextrin-Hybridized Exfoliated Kaolinite Single Nanosheets as Potential Carriers of Oxaliplatin with Enhanced Loading, Release, and Cytotoxic Properties",CASE STUDIES IN THERMAL ENGINEERING
2023,August,WOS,College of Science,Scientific,"Synthesis and Characterization of Methoxy-Exfoliated Montmorillonite Nanosheets as Potential Carriers of 5-Fluorouracil Drug with Enhanced Loading, Release, and Cytotoxicity Properties",BIONANOSCIENCE
2023,August,WOS,College of Science,Scientific,Synthesis and Characterization of Mg-Hydroxyapatite and Its & beta;-Cyclodextrin Composite as Enhanced Bio-Carrier of 5-Fluorouracil Drug; Equilibrium and Release Kinetics,MOLECULES
2023,August,WOS,College of Science,Scientific,"SYNTHESIS AND CHARACTERIZATION OF SOME NOVEL HETEROANNULATED CHROMENO[4,3-b]QUINOLINES",SOUTH AFRICAN JOURNAL OF BOTANY
2023,August,WOS,College of Science,Scientific,"Synthesis and Optimization of Bi2O3-B2O3-Cr2O3 Glass System for Structural, Optical, and Radiation Shielding Properties",SCIENTIFIC REPORTS
2023,August,WOS,College of Science,Scientific,Synthesis of 3D flower-like zinc-chromium layered double hydroxides: A functional electrode material for furaltadone detection,SAUDI JOURNAL OF BIOLOGICAL SCIENCES
2023,August,WOS,College of Science,Scientific,Synthesis of Ag-OMS Catalyst for Sunlight-Assisted Photodegradation of Crystal Violet Dye,JOURNAL OF MAGNETISM AND MAGNETIC MATERIALS
2023,August,WOS,College of Science,Scientific,Synthesis of Nano-Crystalline Whiskers of Cheese and Their Efficacy against Cadmium Toxicity,ONDERSTEPOORT JOURNAL OF VETERINARY RESEARCH
2023,August,WOS,College of Science,Scientific,Synthesis of New Derivatives of Benzylidinemalononitrile and Ethyl 2-Cyano-3-phenylacrylate: In Silico Anticancer Evaluation,BIORESOURCES
2023,August,WOS,College of Science,Scientific,Synthesis of novel biodegradable starch-PMA and Ag@starch-PMA polymer composite for boosting charge separation ability and superior photocatalytic performance,HELIYON
2023,August,WOS,College of Science,Scientific,Synthesis of Oval-Shaped Bi2Al4O9 Nanoparticles and Their Applications for the Degradation of Acid Green 25 and as Fuel Additives,ZEITSCHRIFT FUR KRISTALLOGRAPHIE-NEW CRYSTAL STRUCTURES
2023,August,WOS,College of Science,Scientific,Synthesis of PS/RB-Cs and its use in the treatment of water polluted with heavy metals,FISHES
2023,August,WOS,College of Science,Scientific,"Synthesis, crystal structure, antifungal activities, Hirshfeld surface analysis and molecular docking studies of (2-cycloheptylidenehydrazene-1-carbothioamide) and its complex bis (2-cycloheptylidenehydrazene-1-carbothioamide)Zn(II)",JOURNAL OF SAUDI CHEMICAL SOCIETY
2023,August,WOS,College of Science,Scientific,"Synthesis, Structural and Magnetic Characterization of Superparamagnetic Ni0.3Zn0.7Cr2-xFexO4 Oxides Obtained by Sol-Gel Method",OPTICAL AND QUANTUM ELECTRONICS
2023,August,WOS,College of Science,Scientific,"Systematic investigation of magneto-electronic, structural, thermoelectric and optical properties of Nd2MgX4 (X = S, Se) compounds",MOLECULAR BIOLOGY REPORTS
2023,August,WOS,College of Science,Scientific,Tailoring electronic structure and charge transport in thiophene-based hole transport materials: An end-capping acceptor strategy for efficient perovskite solar cells,SYMMETRY-BASEL
2023,August,WOS,College of Science,Scientific,"Targeted synthesis of hollow titania microspheres with sustained release behaviors of 1,2-benzisothiazolin-3-one (BIT) for good marine antifouling performance",OPTICAL MATERIALS
2023,August,WOS,College of Science,Scientific,"TD-DFT, DFT, docking, MD simulations, and concentration-dependent SERS investigations of a bioactive trifluoromethyl derivative having human acetylcholinesterase and butyrylcholinesterase in silver colloids",AIP ADVANCES
2023,August,WOS,College of Science,Scientific,"Techno-functional, antioxidants, microstructural, and sensory characteristics of biscuits as affected by fat replacer using roasted and germinated chickpea (Cicer arietinum L.)",CRYSTALS
2023,August,WOS,College of Science,Scientific,"The Analysis of Bifurcation, Quasi-Periodic and Solitons Patterns to the New Form of the Generalized q-Deformed Sinh-Gordon Equation",SYMMETRY-BASEL
2023,August,WOS,College of Science,Scientific,The Analytical Fractional Solutions for Coupled Fokas System in Fiber Optics Using Different Methods,AIP ADVANCES
2023,August,WOS,College of Science,Scientific,The behavior of indium in dilute sodium tetraborate containing bromide ions in the presence of some ethoxylated surfactants,RESULTS IN PHYSICS
2023,August,WOS,College of Science,Scientific,"The comparative investigations of structural, optoelectronic, and mechanical properties of AgBeX3 (X = F and Cl) metal halide-perovskites for prospective energy applications utilizing DFT approach",JOURNAL OF LOW FREQUENCY NOISE VIBRATION AND ACTIVE CONTROL
2023,August,WOS,College of Science,Scientific,"The development of decontamination methods in coastal marine habitats by transplantation of the mussel Mytilus galloprovincialis (Lamarck, 1819): Comparison between in vivo and in situ investigations",PHYSICS OF FLUIDS
2023,August,WOS,College of Science,Scientific,The Mechano-Radiation Protection Behaviors of SiO2 center dot CaO center dot P2O5 center dot Na2O Bioglasses Substituted with ZnO,INORGANIC CHEMISTRY COMMUNICATIONS
2023,August,WOS,College of Science,Scientific,"The narrow band bap double perovskites X2CuInCl6 (X = K, Rb, Cs) for optoelectronics, and thermoelectric applications",CHALCOGENIDE LETTERS
2023,August,WOS,College of Science,Scientific,The NBRULC Reliability Class: Mathematical Theory and Goodness-of-Fit Testing with Applications to Asymmetric Censored and Uncensored Data,RADIATION PHYSICS AND CHEMISTRY
2023,August,WOS,College of Science,Scientific,The role of Ag2O incorporation in nuclear radiation shielding behaviors of the Li2O-Pb3O4-SiO2 glass system: A multi-step characterization study,QUALITY AND RELIABILITY ENGINEERING INTERNATIONAL
2023,August,WOS,College of Science,Scientific,"The role of Eu3+ ions on FTIR, UV-vis spectroscopy, photoluminescence, and mechanical properties of newly fabricated borate-based glasses",PHYSICA SCRIPTA
2023,August,WOS,College of Science,Scientific,Theoretical analysis of Arrhenius activation energy on 3D MHD nanofluid flow with convective boundary condition,JOURNAL OF LOW FREQUENCY NOISE VIBRATION AND ACTIVE CONTROL
2023,August,WOS,College of Science,Scientific,Theoretical design for covering Engeletin with functionalized nanostructure-lipid carriers as neuroprotective agents against Huntington's disease via the nasal-brain route,ELECTRONICS
2023,August,WOS,College of Science,Scientific,Tripolar vortices in inhomogeneous magnetoplasmas in the presence of non-Maxwellian electron distributions,COATINGS
2023,August,WOS,College of Science,Scientific,Tungsten (VI) oxide reinforced antimony glasses for radiation safety applications: A throughout investigation for determination of radiation shielding properties and transmission factors,MATERIALS CHEMISTRY AND PHYSICS
2023,August,WOS,College of Science,Scientific,"Tuning the Structural, Electronic, and Optical Properties of Monolayer Graphene through Heteroatom Doping: A First-Principles Study with Future Light Sensing Applications",MOLECULES
2023,August,WOS,College of Science,Scientific,"Uncovering the attributes of Bi2O3-CdO-TeO2 glasses: examining their structural, optical, and gamma ray shielding properties",ACS OMEGA
2023,August,WOS,College of Science,Scientific,"Unusual short intramolecular N-H & BULL;& BULL;& BULL;H-C contact and weak intermolecular interactions in two N-(adamantan-1-yl)piperazine carbothioamides: Crystallography, quantum chemical study and in vitro urease inhibitory activity",JOURNAL OF ENVIRONMENTAL CHEMICAL ENGINEERING
2023,August,WOS,College of Science,Scientific,Using Deficit Irrigation Strategies and Organic Mulches for Improving Yield and Water Productivity of Mango under Dry Environment Conditions,COATINGS
2023,August,WOS,College of Science,Scientific,Validated spectrofluorimetric and resonance Rayleigh scattering methods for determining naftidrofuryl in varied pharmaceutical samples based on its interaction with erythrosin B,CASE STUDIES IN THERMAL ENGINEERING
2023,August,WOS,College of Science,Scientific,Validation of a Cost-Effective RP-HPLC Method for Quantitative Investigation of Daclatasvir Dihydrochloride in Pharmaceutical Formulations,HELIYON
2023,August,WOS,College of Science,Scientific,Wild Plant Diversity and Soil Characteristics of Desert Roadside Vegetation in the Eastern Desert,SCIENTIFIC REPORTS
2023,August,WOS,College of Science,Scientific,(Formula presented.)-Uni-Intuitionistic Fuzzy Soft h-Ideals in Subtraction BG-Algebras,POLYHEDRON
2023,August,WOS,College of Science,Scientific,0D-2D heterostructure for making very large quantum registers using ‘itinerant’ Bose-Einstein condensate of excitons,INDIAN JOURNAL OF PHYSICS
2023,August,WOS,College of Science,Scientific,"A bismuth-based (III) hybrid perovskite as a highly air-stable, potential absorber with photoconductive response",TISSUE & CELL
2023,August,WOS,College of Science,Scientific,A highly sensitive rare earth erbium doped In2S3 thin films for photodetection applications,RADIATION PHYSICS AND CHEMISTRY
2023,August,WOS,College of Science,Scientific,Zinc oxide nanoparticles mitigated the arsenic induced oxidative stress through modulation of physio-biochemical aspects and nutritional ions homeostasis in rice (Oryza sativa L.),MARINE POLLUTION BULLETIN
2023,August,WOS,College of Science,Scientific,"Zn and Ni doping effect on barium hexaferrite ferroelectric, optical properties and photocatalytic activity under visible light irradiation",MATERIALS CHEMISTRY AND PHYSICS
2023,August,WOS,College of Science,Scientific,A novel decision model with Einstein aggregation approach for garbage disposal plant site selection under q-rung orthopair hesitant fuzzy rough information,INTERNATIONAL JOURNAL OF GEOMETRIC METHODS IN MODERN PHYSICS
2023,August,WOS,College of Science,Scientific,Acceptance sampling plans for truncated lifetime tests under two-parameter Pranav distribution,AXIOMS
2023,August,WOS,College of Science,Scientific,Adsorption of rare earth elements onto diatomite M45: Experimental investigations and modeling with statistical physics theory,CMES-COMPUTER MODELING IN ENGINEERING & SCIENCES
2023,August,WOS,College of Science,Scientific,Ag2S-Ag2O-Ag/poly-2-aminobenzene-1-thiol Nanocomposite as a Promising Two-Electrode Symmetric Supercapacitor: Tested in Acidic and Basic Mediums,PLANTS-BASEL
2023,August,WOS,College of Science,Scientific,"Alleviation of gadolinium stress on Medicago by elevated atmospheric CO2 is mediated by changes in carbohydrates, Anthocyanin, and proline metabolism",RESULTS IN PHYSICS
2023,August,WOS,College of Science,Scientific,An investigation on gamma-ray and neutron attenuation properties of multi-layered Al/B4C composite,LAND
2023,August,WOS,College of Science,Scientific,An outlook on the controllability of non-instantaneous impulsive neutral fractional nonlocal systems via Atangana–Baleanu–Caputo derivative,CERAMICS INTERNATIONAL
2023,August,WOS,College of Science,Scientific,"Unusual short intramolecular N–H⋅⋅⋅H–C contact and weak intermolecular interactions in two N-(adamantan-1-yl)piperazine carbothioamides: Crystallography, quantum chemical study and in vitro urease inhibitory activity",AXIOMS
2023,August,WOS,College of Science,Scientific,Unveiling the Antibiotic Susceptibility and Antimicrobial Potential of Bacteria from Human Breast Milk of Pakistani Women: An Exploratory Study,DIVERSITY-BASEL
2023,August,WOS,College of Science,Scientific,"Unveiling the structural, optical, and electromagnetic attenuation characteristics of B2O3–SiO2–CaO–Bi2O3 glasses with varied WO3 content",DISCOVER NANO
2023,August,WOS,College of Science,Scientific,Wet chemical route synthesis of Cr doped CoFe2O4 @rGO nanocomposite for photodegradation of organic effluents present in drinking water,PROCESSES
2023,August,WOS,College of Science,Scientific,Synthesis and Structure Determination of Substituted Thiazole Derivatives as EGFR/BRAFV600E Dual Inhibitors Endowed with Antiproliferative Activity,SILICON
2023,August,WOS,College of Science,Scientific,ANALYSIS OF HIV-1 MATHEMATICAL MODEL USING TAYLOR’S SERIES METHOD,JOURNAL OF RARE EARTHS
2023,August,WOS,College of Science,Scientific,Avicennia marina endophytic fungi shows antagonism against tomato pathogenic fungi,BIOMEDICINES
2023,August,WOS,College of Science,Scientific,Calcium nanoparticles mitigate severe salt stress in Solanum lycopersicon by instigating the antioxidant defense system and renovating the protein profile,SYMMETRY-BASEL
2023,August,WOS,College of Science,Scientific,Cardiovascular diseases prediction by machine learning incorporation with deep learning,MATHEMATICS
2023,August,WOS,College of Science,Scientific,Characterization of β-Cyclodextrin Hybridized Diatomite as Potential Delivery Systems of Oxaliplatin and 5-Fluorouracil Drugs; Equilibrium Modeling of Loading and Release Kinetics,SPECTROCHIMICA ACTA PART A-MOLECULAR AND BIOMOLECULAR SPECTROSCOPY
2023,August,WOS,College of Science,Scientific,Timelike Ruled Surfaces with Stationary Disteli-Axis,METALS
2023,August,WOS,College of Science,Scientific,Unlocking the synergistic potential of peanut shell derived activated carbon-doped TiO2 for highly efficient photocatalytic removal of organic dye under visible light irradiation,ALEXANDRIA ENGINEERING JOURNAL
2023,August,WOS,College of Science,Scientific,"Unusual heating rates, dose responses and kinetic parameters detected on thermoluminescence from YAl3(BO3)4:Sm3+ phosphors",ALEXANDRIA ENGINEERING JOURNAL
2023,August,WOS,College of Science,Scientific,Characterization and comparative genomic analyses of complete chloroplast genome on Trema orientalis L.,PHARMACEUTICALS
2023,August,WOS,College of Science,Scientific,"Chitosan nanogel aqueous treatment improved blood biochemicals, antioxidant capacity, immune response, immune-related gene expression and infection resistance of Nile tilapia",JOURNAL OF MATERIALS SCIENCE-MATERIALS IN ELECTRONICS
2023,August,WOS,College of Science,Scientific,Chitosan Supports Boosting NiCo2O4 for Catalyzed Urea Electrochemical Removal Application,JOURNAL OF SOLID STATE CHEMISTRY
2023,August,WOS,College of Science,Scientific,Choquet Integral-Based Aczel–Alsina Aggregation Operators for Interval-Valued Intuitionistic Fuzzy Information and Their Application to Human Activity Recognition,INTERNATIONAL JOURNAL OF HYDROGEN ENERGY
2023,August,WOS,College of Science,Scientific,"Cluster formation between an oxadiazole derivative with metal nanoclusters (Ag/Au/Cu), graphene quantum dot sheets, SERS studies, and solvent effects",JOURNAL OF COMPUTATIONAL CHEMISTRY
2023,August,WOS,College of Science,Scientific,Colossal dielectric response and non-Debye relaxation of La0.7Sr0.25Na0.05Mn0.85Ti0.15O3 ceramic,JOURNAL OF PHYSICS AND CHEMISTRY OF SOLIDS
2023,August,WOS,College of Science,Scientific,Combination effect of Fe3O4 and Al2O3 nanoparticles on natural convection inside an inclined enclosure: CFD numerical approach,MATHEMATICS
2023,August,WOS,College of Science,Scientific,Comparative analysis of analytical and numerical approximations for the flow and heat transfer in mixed convection stagnation point flow of Casson fluid,ENVIRONMENTAL RESEARCH
2023,August,WOS,College of Science,Scientific,Comparative analysis of experimental and numerical investigation on multiple projectile impact of AA5083 friction stir welded targets,CRYSTALS
2023,August,WOS,College of Science,Scientific,Comparative analysis of the photovoltaic cell parameters of dye-sensitized solar cells with composite photoanodes: Effect of the alien component,NANOSCALE ADVANCES
2023,August,WOS,College of Science,Scientific,Computational Analysis for Computer Network Model with Fuzziness,MATERIALS
2023,August,WOS,College of Science,Scientific,"Conformational, Reactivity Analysis, Wavefunction-Based Properties, Molecular Docking and Simulations of a Benzamide Derivative with Potential Antitumor Activity-DFT and MD Simulations",MOLECULES
2023,August,WOS,College of Science,Scientific,"Correction to: Effect of Boron Incorporation on the Mechanical, and Radiation Shielding Behaviors of Borosilicate Bioactive Glasses (Silicon, (2023), 10.1007/s12633-023-02562-9)",ACS OMEGA
2023,August,WOS,College of Science,Scientific,"Correction: Evidences of noncovalent interactions between indole and dichloromethane under different solvent conditions (Journal of Molecular Modeling, (2023), 29, 8, (246), 10.1007/s00894-023-05623-3)",HETEROCYCLES
2023,August,WOS,College of Science,Scientific,"Correction to: Hydrothermally synthesized highly efficient binary silver strontium sulfide (AgSrS) for high-performance supercapattery applications (Journal of Solid State Electrochemistry, (2023), 27, 4, (873-883), 10.1007/s10008-023-05378-0)",JOURNAL OF ELECTRONIC MATERIALS
2023,August,WOS,College of Science,Scientific,"Correction to: Neurotoxic Effect of Fipronil in Male Wistar Rats: Ameliorative Effect of L-Arginine and L-Carnitine (Biology, (2021), 10, 7, (682), 10.3390/biology10070682)",PROCESS SAFETY AND ENVIRONMENTAL PROTECTION
2023,August,WOS,College of Science,Scientific,"Correction: Nitrogen plasma synthesis of flexible supercapacitors based on reduced graphene oxide/aloe vera/carbon nanotubes nanocomposite (Carbon Letters, (2023), 10.1007/s42823-023-00548-6)",WATER
2023,August,WOS,College of Science,Scientific,"Corrigendum to “Modeling by statistical physics and interpretation of the olfactory process of the two enantiomers 3-mercapto-2-methylbutan-1-ol and 3-mercapto-2-methylpentan-1-ol on the OR2M3 human olfactory receptor” [Int. J. Biol. Macromol. 243 (2023) 124896] (International Journal of Biological Macromolecules (2023) 243, (S0141813023017907), (10.1016/j.ijbiomac.2023.124896))",CRYSTALS
2023,August,WOS,College of Science,Scientific,"Corrigendum to “Observations into the reactivity, docking, DFT, and MD simulations of fludarabine and clofarabine in various solvents” [J. Mol. Liquids 383 (2023) 122076] (Journal of Molecular Liquids (2023) 383, (S0167732223008796), (10.1016/j.molliq.2023.122076))",ACS OMEGA
2023,August,WOS,College of Science,Scientific,"Corrigendum: The association between FokI vitamin D receptor polymorphisms with metabolic syndrome among pregnant Arab women(Front. Endocrinol., (2022), 13, (844472), 10.3389/fendo.2022.844472)",JOURNAL OF MATERIALS SCIENCE-MATERIALS IN ELECTRONICS
2023,August,WOS,College of Science,Scientific,Designing of near-IR organic semiconductors for photodetectors: Machine learning and data mining assisted efficient pipeline,ACS OMEGA
2023,August,WOS,College of Science,Scientific,"Electronic Structure, Solvation Effects and Wave Function Based Properties of a New Triazole Based Symmetric Chromene Derivative of Apigenin",JOURNAL OF SAUDI CHEMICAL SOCIETY
2023,August,WOS,College of Science,Scientific,Quantum Mechanical Investigation into the Adsorption Pattern of Clomipramine and Methotrimeprazine HCl with Graphene and Fullerene,JOURNAL OF MOLECULAR STRUCTURE
2023,August,WOS,College of Science,Scientific,Design and synthesis of new N-substituted benzimidazolidinone as predicted human BRD4 and human chymase inhibitors via molecular docking studies,CRYSTALS
2023,August,WOS,College of Science,Scientific,Designing of fluorine-substituted benzodithiophene-based small molecules with efficient photovoltaic parameters,CHALCOGENIDE LETTERS
2023,August,WOS,College of Science,Scientific,Development and synergistic effects of magnetodielectric Dy-Gd co-doped YIG nanoferrites based meta-absorber for improved absorption applications,JOURNAL OF PHYSICS AND CHEMISTRY OF SOLIDS
2023,August,WOS,College of Science,Scientific,Development of glow-in-the-dark and color-tunable poly(methyl methacrylate) plastic concrete immobilized with rare-earth aluminate,ADVANCED COMPOSITES AND HYBRID MATERIALS
2023,August,WOS,College of Science,Scientific,DFT and MD investigations of the biomolecules of phenothiazine derivatives: interactions with gold and water molecules and investigations in search of effective drug for SARS-CoV-2,JOURNAL OF MOLECULAR MODELING
2023,August,WOS,College of Science,Scientific,DFT insight into magnetoelectronic and optical properties of Mo-modified BaTiO3,INTERNATIONAL JOURNAL OF FOOD PROPERTIES
2023,August,WOS,College of Science,Scientific,Dielectrically modified Nd3+ doped (Ni–Mn) based spinel ferrite Ni0.5Mn0.5NdxFe2-xO4 nanoparticles for energy storage applications,SYMMETRY-BASEL
2023,August,WOS,College of Science,Scientific,Divalent metal Co2+ ions substituted ZnFe2O4 nanoparticles and their hybrid with carbonaceous matrix for the degradation of toxic dyes,FRACTAL AND FRACTIONAL
2023,August,WOS,College of Science,Scientific,Effect of green synthesized cerium oxide nanoparticles on fungal disease of wheat plants: A field study,INTERNATIONAL JOURNAL OF ELECTROCHEMICAL SCIENCE
2023,August,WOS,College of Science,Scientific,Effect of source to the substrate distance on thermoelectric properties of copper nitride thin films grown by thermal evaporation method,OPTICAL AND QUANTUM ELECTRONICS
2023,August,WOS,College of Science,Scientific,"Effect of Zinc Doping on Structural, Optical, Magnetic, and Catalytic Behavior of Co3O4 Nanoparticles Synthesized by Microwave-Assisted Combustion Method",MARINE POLLUTION BULLETIN
2023,August,WOS,College of Science,Scientific,Efficient computational approaches for fractional-order Degasperis-Procesi and Camassa–Holm equations,SILICON
2023,August,WOS,College of Science,Scientific,"Einstein, Barcelona, Symmetry & Cosmology: The Birth of an Equation for the Universe",MATERIALS SCIENCE AND ENGINEERING B-ADVANCED FUNCTIONAL SOLID-STATE MATERIALS
2023,August,WOS,College of Science,Scientific,End-capped modeling of dithienopicenocarbazole based derivatives for high-performance photovoltaic cells with optoelectronic response over 900 nm,MATHEMATICS
2023,August,WOS,College of Science,Scientific,Enhanced Effectiveness in Various Ladder Graphs Based on the F-Centroidal Meanness Criterion,OPEN CHEMISTRY
2023,August,WOS,College of Science,Scientific,"Enhancement of the structural, morphological, optical and thermoelectric power factor of polycrystalline BiInSe3 thin film",JOURNAL OF THE AUSTRALIAN CERAMIC SOCIETY
2023,August,WOS,College of Science,Scientific,Enhancing the optoelectronic properties of V2O5 thin films through Tb doping for photodetector applications,MODERN PHYSICS LETTERS B
2023,August,WOS,College of Science,Scientific,"Estimation of yield, phenology and agro-meteorological indices of Quality Protein Maize (Zea mays L.) under different nutrient omissions in temperate ecology of Kashmir",FRONTIERS IN PHARMACOLOGY
2023,August,WOS,College of Science,Scientific,Exact solutions of the stochastic Maccari system forced by multiplicative noise,PHYSICS OF FLUIDS
2023,August,WOS,College of Science,Scientific,Existence criteria for fractional differential equations using the topological degree method,HELIYON
2023,August,WOS,College of Science,Scientific,Exohedrally and endohedrally doped calix-4-pyrrole surface by alkali and alkaline earth metals for potential applications as high-performance NLO materials,PHOTONICS
2023,August,WOS,College of Science,Scientific,"Experimental and computational study of binary transition metal oxides NaNi1/2 X1/2 O2 (X=Cr, Fe, Co and Cu) for energy storage applications",PHYSICA SCRIPTA
2023,August,WOS,College of Science,Scientific,"Exploring genotypic variability and interrelationships among growth, yield, and quality characteristics in diverse tomato genotypes",JOURNAL OF MOLECULAR STRUCTURE
2023,August,WOS,College of Science,Scientific,"Insight into thermodynamic, optoelectronic, and magnetic characteristics of V doped BeSe",AGRICULTURE-BASEL
2023,August,WOS,College of Science,Scientific,Exploring the physio-elastic properties and optical band gap energies of boro-telluro-dolomite glasses infused with Nd2O3 dopants,LUMINESCENCE
2023,August,WOS,College of Science,Scientific,"Fabrication, physical and machine learning density prediction techniques of newly B2O3–ZnO–BaO–PtO2 glasses",JOURNAL OF CHEMISTRY
2023,August,WOS,College of Science,Scientific,Facile cubic Nd doped MnO nanostructure synthesis as effective electrocatalyst for oxygen evolution reaction,DIVERSITY-BASEL
2023,August,scopus,College of Science,Scientific,Fatigue surface analysis of AL A356 alloy reinforced hematite metal matrix composites,Mathematics
2023,August,scopus,College of Science,Scientific,Flavonoids-mediated TLR4 Inhibition as a Promising Therapy for Renal Diseases,Materials Today Electronics
2023,August,scopus,College of Science,Scientific,Free Salt Dyeing by Treatment of Cotton Fabric Using Carboxyethyl Chitosan and Synthesized Direct Dyes to Enhance Dyeing Properties and Antibacterial Activity,Optical Materials
2023,August,scopus,College of Science,Scientific,Galactoside-Based Molecule Enhanced Antimicrobial Activity through Acyl Moiety Incorporation: Synthesis and In Silico Exploration for Therapeutic Target,Inorganic Chemistry Communications
2023,August,scopus,College of Science,Scientific,Genome-wide identification and analysis of B-box zinc finger gene family in sugarcane (Saccharum officinarum),Chemosphere
2023,August,scopus,College of Science,Scientific,GeSe/MoS2 van der Waal heterostructure a potential photocatalyst candidate for overall water splitting: A DFT study,Physica B: Condensed Matter
2023,August,scopus,College of Science,Scientific,Green synthesis of Fe3O4 nanoparticles using Alliaceae waste (Allium sativum) for a sustainable landscape enhancement using support vector regression,AIMS Mathematics
2023,August,scopus,College of Science,Scientific,Textile effluents decolourization potential of metal tolerant Aspergillus species and optimization of biomass concentration and temperature,Italian Journal of Pure and Applied Mathematics
2023,August,scopus,College of Science,Scientific,"The effect of gibberellic acid on wheat growth and nutrient uptake under combined stress of cerium, zinc and titanium dioxide nanoparticles",Journal of Rare Earths
2023,August,scopus,College of Science,Scientific,The function of long non-coding RNA SNHG11 and its working mechanism in triple-negative breast cancer,Micromachines
2023,August,scopus,College of Science,Scientific,The potential of MXenes-based nanomaterials towards high performance in energy production and storage applications,Plant Physiology and Biochemistry
2023,August,scopus,College of Science,Scientific,Theoretical and experimental design for promoting the oxygen reduction activity of SrCoO3 perovskite-based cathode for PCFCs by bimetal-ions doping,Materials Today Communications
2023,August,scopus,College of Science,Scientific,"Impact of CoFe1.98Nb0.02O4 phase on the structural, morphological, and dielectric properties of barium titanate material",Arab Journal of Basic and Applied Sciences
2023,August,scopus,College of Science,Scientific,"Impact of α-factor, combined optical phase and gain saturation on the onset of chaos of short external cavity semiconductor lasers",Journal of Molecular Structure
2023,August,scopus,College of Science,Scientific,Impacts of uniform and sinusoidal heating in a nanofluid saturated porous chamber influenced by the thermal radiation and the magnetic field,BioMed Research International
2023,August,scopus,College of Science,Scientific,?-Ricci-Yamabe Solitons along Riemannian Submersions,Radiation Physics and Chemistry
2023,August,scopus,College of Science,Scientific,3D cellular lattice like-Ti3C2 MXene based aerogels embedded with metal selenides particles for energy storage and water splitting applications,Ceramics International
2023,August,scopus,College of Science,Scientific,"A closer inspection of the structural, mechanical, optical and radiation shielding properties of GeO2-doped magnesium-telluroborate glasses",Pharmaceuticals
2023,August,scopus,College of Science,Scientific,A closer look at the utilized radiation doses during computed tomography pulmonary angiography (CTPA) for COVID-19 patients,Thermal Science
2023,August,scopus,College of Science,Scientific,"A first principle investigations for electronic, optical and mechanical response of novel Ba2AgIO6 perovskite",Journal of the Saudi Society of Agricultural Sciences
2023,August,scopus,College of Science,Scientific,A fluorescent receptor for alkylammonium ions based on an anthryl-linked triazole-modified hexahomotrioxacalix[3]arene,South African Journal of Botany
2023,August,scopus,College of Science,Scientific,A Fractional Analysis of Zakharov-Kuznetsov Equations with the Liouville-Caputo Operator,Frontiers in Medicine
2023,August,scopus,College of Science,Scientific,A new improved form of the Lomax model: Its bivariate extension and an application in the financial sector,"Journal of Macromolecular Science, Part B: Physics"
2023,August,scopus,College of Science,Scientific,A New Sine Family of Generalized Distributions: Statistical Inference with Applications,Symmetry
2023,August,scopus,College of Science,Scientific,A New Statistical Technique to Enhance MCGINAR(1) Process Estimates under Symmetric and Asymmetric Data: Fuzzy Time Series Markov Chain and Its Characteristics,Materials Science and Engineering: B
2023,August,scopus,College of Science,Scientific,"A novel heat recovery for a marine diesel engine with power and cooling outputs; exergetic, economic, and net present value investigation and multi-criteria NSGA-II optimization",Ceramics International
2023,August,scopus,College of Science,Scientific,A novel mathematical study to understand the Lumpy skin disease (LSD) using modified parameterized approach,Genetic Resources and Crop Evolution
2023,August,scopus,College of Science,Scientific,"A Novel Probabilistic Approach Based on Trigonometric Function: Model, Theory with Practical Applications",Comparative Biochemistry and Physiology Part - B: Biochemistry and Molecular Biology
2023,August,scopus,College of Science,Scientific,A Novel Study Based on Fuzzy p-Ideals of BCI-Algebras,Polymers
2023,August,scopus,College of Science,Scientific,Adsorption of antibiotics by bentonite-chitosan composite: Phenomenological modeling and physical investigation of the adsorption process,Symmetry
2023,August,scopus,College of Science,Scientific,"Adsorption Thermodynamics, Modeling, and Kinetics Studies for the Removal of Lead Ions Using ZnO Nanorods",Structural Chemistry
2023,August,scopus,College of Science,Scientific,Advances and Outlook of Metal-Organic Frameworks as High-Performance Electrocatalysts for Hydrogen Evolution Reaction: A Minireview,Inorganic Chemistry Communications
2023,August,scopus,College of Science,Scientific,Advances of 2D-Enabled Photothermal Materials in Hybrid Solar-Driven Interfacial Evaporation Systems toward Water-Fuel-Energy Crisis,Ain Shams Engineering Journal
2023,August,scopus,College of Science,Scientific,Alginate@ZnCO2O4 for efficient peroxymonosulfate activation towards effective rhodamine B degradation: optimization using response surface methodology,Results in Physics
2023,August,scopus,College of Science,Scientific,An extended exponential model: Estimation using ranked set sampling with applications,PLoS ONE
2023,August,scopus,College of Science,Scientific,An instrumental insight for a periodic solution of a fractal Mathieu-Duffing equation,Optical Materials
2023,August,scopus,College of Science,Scientific,An unsteady bioconvective non-Newtonian nanofluid model with variable thermal properties and modified heat flux framework,Intelligent Automation and Soft Computing
2023,August,scopus,College of Science,Scientific,Application of Bi-LSTM method for groundwater quality assessment through water quality indices,Polycyclic Aromatic Compounds
2023,August,scopus,College of Science,Scientific,"Asymmetric Right-Skewed Size-Biased Bilal Distribution with Mathematical Properties, Reliability Analysis, Inference and Applications",Silicon
2023,August,scopus,College of Science,Scientific,Au-decorated Co3O4 nanostructures for plasmonic enhanced PEC sensing of cancer biomarkers,Journal of Molecular Modeling
2023,August,scopus,College of Science,Scientific,Ball milling-based piezocatalysis using .5Ba(Zr0.2Ti0.8)O-3-.5(Ba0.7Sr0.3)TiO3 ceramics,Journal of Solid State Electrochemistry
2023,August,scopus,College of Science,Scientific,Battery management system enhancement for lithium-ions battery cells using switched shunt resistor approach based on finite state machine control algorithm,Biology
2023,August,scopus,College of Science,Scientific,"Biochar improves the growth and physiological traits of alfalfa, amaranth and maize grown under salt stress",Carbon Letters
2023,August,scopus,College of Science,Scientific,Biochemical and phenological characterization of diverse wheats and their association with drought tolerance genes,International Journal of Biological Macromolecules
2023,August,scopus,College of Science,Scientific,"Biosorption of hexavalent chromium and molybdenum ions using extremophilic cyanobacterial mats: efficiency, isothermal, and kinetic studies",Journal of Molecular Liquids
2023,August,scopus,College of Science,Scientific,"Bismuth tungstate Bi2WO6: a review on structural, photophysical and photocatalytic properties",Frontiers in Endocrinology
2023,August,scopus,College of Science,Scientific,"Bivariate Discrete Odd Generalized Exponential Generator of Distributions for Count Data: Copula Technique, Mathematical Theory, and Applications",Materials Today Communications
2023,August,scopus,College of Science,Scientific,Characterization of wheat flour millstreams for friabilin prevalence and nutrient composition,Polycyclic Aromatic Compounds
2023,August,scopus,College of Science,Scientific,"Characterizations of quasi-Einstein spacetimes and f (R, G)-gravity",Polycyclic Aromatic Compounds
2023,August,scopus,College of Science,Scientific,"Chemical composition, seasonal variation and antiaging activities of essential oil from Callistemon subulatus leaves growing in Egypt",Journal of Molecular Structure
2023,August,scopus,College of Science,Scientific,Chemical synthesis of pristine and tin-doped ZnO for rose bengal photocatalytic application,Journal of Molecular Graphics and Modelling
2023,August,scopus,College of Science,Scientific,Classical and quantum correlations between two qubits interacting with a field in thermal spin states,Journal of Alloys and Compounds
2023,August,scopus,College of Science,Scientific,Clustering of COVID-19 Multi-Time Series- Based K-Means and PCA With Forecasting,Journal of Photochemistry and Photobiology A: Chemistry
2023,August,scopus,College of Science,Scientific,Combination effect of Fe3O4 and Al2O3 nanoparticles on natural convection inside an inclined enclosure: CFD numerical approach,Journal of Biomolecular Structure and Dynamics
2023,August,scopus,College of Science,Scientific,Combined impact of radiation and chemical reaction on MHD hyperbolic tangent nanofluid boundary layer flow past a stretching sheet,Physica B: Condensed Matter
2023,August,scopus,College of Science,Scientific,Compact Multi-Layered Symmetric Metamaterial Design Structure for Microwave Frequency Applications,Physica B: Condensed Matter
2023,August,scopus,College of Science,Scientific,Comparative analysis of the photovoltaic cell parameters of dye-sensitized solar cells with composite photoanodes: Effect of the alien component,Materials Science and Engineering: B
2023,August,scopus,College of Science,Scientific,Comparative Effects of Hydropriming and Iron Priming on Germination and Seedling Morphophysiological Attributes of Stay-Green Wheat,Chemosphere
2023,August,scopus,College of Science,Scientific,"Comparative performance analysis of Cs2TiX6 (X = Br-, Cl-, I-) lead-free perovskite solar cells incorporating single, double and triple layer halides by SCAPS-1D",Journal of Materials Research and Technology
2023,August,scopus,College of Science,Scientific,Computational and experimental investigation of antibacterial and antifungal properties of Nicotiana tabacum extracts,Journal of Cluster Science
2023,August,scopus,College of Science,Scientific,Concentration dependent SERS profile of p-tolyl 2-acetamido-3-(4-fluoro-phenyl)propanoate (AFP) in silver colloidal nanohydrosols: Experimental and DFT investigations,Results in Physics
2023,August,scopus,College of Science,Scientific,Customized structural and mechanical characteristics of Eu3+ imbued boro-telluro-dolomite glasses: effect of Dy3+ co-doping,Symmetry
2023,August,scopus,College of Science,Scientific,Darcy Forchheimer flow of terny hybrid nanofluid flow through a blood circulation respiratory system,Optik
2023,August,scopus,College of Science,Scientific,Data analysis for vague contingency data,Mathematics
2023,August,scopus,College of Science,Scientific,Decoration of Poly-3-methyl Aniline with As(III) Oxide and Hydroxide as an Effective Photoelectrode for Electroanalytical Photon Sensing with Photodiode-like Behavior,Physica B: Condensed Matter
2023,August,scopus,College of Science,Scientific,Defect passivation in perovskite films by p-methoxy phenylacetonitrile for improved device efficiency and stability,Journal of Alloys and Compounds
2023,August,scopus,College of Science,Scientific,"Design and synthesis of novel rigid dibenzo[b,f]azepines through ring closure technique as promising anticancer candidates against leukaemia and acting as selective topoisomerase II inhibitors and DNA intercalators",Journal of King Saud University - Science
2023,August,scopus,College of Science,Scientific,"Growth performance, liver and kidney functions, blood hormonal profile, and economic efficiency of broilers fed different levels of threonine supplementation during feed restriction",ZAMM Zeitschrift fur Angewandte Mathematik und Mechanik
2023,August,scopus,College of Science,Scientific,"Growth Retardation, Oxidative Stress, Immunosuppression, and Inflammatory Disturbances Induced by Herbicide Exposure of Catfish, Clarias gariepinus, and the Alleviation Effect of Dietary Wormwood, Artemisia cina",AIMS Mathematics
2023,August,scopus,College of Science,Scientific,Heavy Metal Induced Oxidative Stress Mitigation and ROS Scavenging in Plants,Structural Chemistry
2023,August,scopus,College of Science,Scientific,"High efficiency lipid production, biochar yield and chlorophyll a content of Chlorella sp. microalgae exposed on sea water and TiO2 nanoparticles",Materials Chemistry and Physics
2023,August,scopus,College of Science,Scientific,"High thermoelectric power factor of n-type Bi2(Se,S)3 via synergetic influence on the charge carrier concentration and energy filtering effect",Heliyon
2023,August,scopus,College of Science,Scientific,High-conductivity nickel shells encapsulated wood-derived porous carbon for improved electromagnetic interference shielding,Physica B: Condensed Matter
2023,August,scopus,College of Science,Scientific,Highly efficient tetrametallic PtNiCuCo alloy nanoparticles for sensitive detection of hydrogen peroxide,Optik
2023,August,scopus,College of Science,Scientific,How media coverage news and global uncertainties drive forecast of cryptocurrencies returns?,Optical Materials
2023,August,scopus,College of Science,Scientific,Hybrid GO/TiO2 nanoparticles reinforced NaAlg/PVA blend: Nanocomposites for high-performance energy storage devices,Journal of Electroanalytical Chemistry
2023,August,scopus,College of Science,Scientific,"Hydrothermally synthesized highly efficient binary silver strontium sulfide (AgSrS) for high-performance supercapattery applications (vol 27, pg 873, 2023)",Biomass Conversion and Biorefinery
2023,August,scopus,College of Science,Scientific,Identification and Characterization of Glutathione S-transferase Genes in Spodoptera frugiperda (Lepidoptera: Noctuidae) under Insecticides Stress,Combinatorial Chemistry and High Throughput Screening
2023,August,scopus,College of Science,Scientific,Impacts of Brownian motion and fractional derivative on the solutions of the stochastic fractional Davey-Stewartson equations,Current Organic Synthesis
2023,August,scopus,College of Science,Scientific,Improvement in oxidative stability and quality characteristics of functional chicken meat product supplemented with aqueous coriander extract,Pharmaceuticals
2023,August,scopus,College of Science,Scientific,Improving the Recombination Losses by the Inclusion of Bi-HTM (CuO/Silicon) Layers for Formamidinium Tin-Based Perovskite Solar Cells,Journal of King Saud University - Science
2023,August,scopus,College of Science,Scientific,"In Vitro Biological Evaluation of Some Synthesized Novel 5-Substituted-2-(substituted)hydazineyl-1,3-thiazolidin-4-ones",Physica B: Condensed Matter
2023,August,scopus,College of Science,Scientific,In vitro repress of breast cancer by bio-product of edible Pleurotus ostreatus loaded with chitosan nanoparticles,Chemosphere
2023,August,scopus,College of Science,Scientific,Inference and physics applications of the logistic-exponential parameters using adaptive progressively hybrid censoring,Environmental Research
2023,August,scopus,College of Science,Scientific,Influence of incorporation of samarium (Sm3+) on the structural and optoelectronic properties of In2S3 thin film for photodetector applications,Chemosphere
2023,August,scopus,College of Science,Scientific,Information encryption strategy for optical security authentication using phosphor-encapsulated poly(N-isopropylacrylamide) nanoparticles,Pathology Research and Practice
2023,August,scopus,College of Science,Scientific,Innovative analytical approach to estimate side-hole type parallelepiped sodium iodide scintillation detector efficiencies,International Journal of Hydrogen Energy
2023,August,scopus,College of Science,Scientific,"Insight into structural, electronic, optical and elastic properties of double perovskites Rb2XCrCl6 (X= K, Na) via DFT study",International Journal of Hydrogen Energy
2023,August,scopus,College of Science,Scientific,"Insight into the Physiochemical and Cytotoxic Properties of beta-cyclodextrin Hybridized Zeoilitic Diatomite as an Enhanced Carrier of Oxaliplatin Drug: Loading, Release, and Equilibrium Studies",Inorganic Chemistry Communications
2023,August,scopus,College of Science,Scientific,"Insight into thermodynamic, optoelectronic, and magnetic characteristics of V doped BeSe",Optik
2023,August,scopus,College of Science,Scientific,Insights into the Adsorption Nature of a Bioactive Anticancer Derivative of Benzenesulfonate on Silver Colloids at Various Concentrations: Experimental and DFT Investigations,Numerical Heat Transfer; Part A: Applications
2023,September,wos,College of Science,Scientific,Integrability of linear structure of components of modified Korteweg-De Vries hierarchy: multiple soliton solutions and breathers solutions,AXIOMS
2023,September,wos,College of Science,Scientific,Investigation of Elastic Moduli and Gamma-Ray Shielding Parameters of P2O5-SiO2-BaO Glasses Doped with Varying WO3,FUEL
2023,September,wos,College of Science,Scientific,Investigation of photoreduction of Cr (VI) and electrocatalytic properties of hydrothermally produced novel CoFe2O4/ZnO nanostructure,RADIOCHIMICA ACTA
2023,September,wos,College of Science,Scientific,Investigation of Trap Density Effect in Gate-All-Around Field Effect Transistors Using the Finite Element Method,RADIATION PHYSICS AND CHEMISTRY
2023,September,wos,College of Science,Scientific,Investigations of graphene oxides and cement on strength performance of soil,PHYSICA SCRIPTA
2023,September,wos,College of Science,Scientific,James Stein Estimator for the Beta Regression Model with Application to Heat-Treating Test and Body Fat Datasets,JOURNAL OF MOLECULAR STRUCTURE
2023,September,wos,College of Science,Scientific,Laser assisted method for synthesis Li4Ti5O12/ polyether sulfone composite for lithium ion batteries anodic materials,AXIOMS
2023,September,wos,College of Science,Scientific,L-Cysteine functionalized coral-like Ag doped MnO2 nanostructures for the real-time electrochemical detection of lead and cadmium ions,ALEXANDRIA ENGINEERING JOURNAL
2023,September,wos,College of Science,Scientific,Lung response to propolis treatment during experimentally induced lung adenocarcinoma,MATHEMATICAL AND COMPUTATIONAL APPLICATIONS
2023,September,wos,College of Science,Scientific,Magneto-bioconvection flow in a porous annulus between circular cylinders containing oxytactic microorganisms and NEPCM,SYMMETRY-BASEL
2023,September,wos,College of Science,Scientific,Mathematical modelling approach to cholera transmission with vaccination strategy,AIN SHAMS ENGINEERING JOURNAL
2023,September,wos,College of Science,Scientific,"Mechanical, gamma rays and neutron radiation transmission properties for some ZnO-TeO2-P2O5-ZnX glasses",RESULTS IN PHYSICS
2023,September,wos,College of Science,Scientific,Mechanic-elastic properties and radiation attenuation efficiency of TeO2/WO3/K2O composite glass systems for nuclear and medical application,SYMMETRY-BASEL
2023,September,wos,College of Science,Scientific,Mesomorphic Investigation of Binary Mixtures of Liquid Crystal Molecules with Different Mesogenic Architectonics,JOURNAL OF FUNCTION SPACES
2023,September,wos,College of Science,Scientific,Micellization of phenothiazine drug and nonionic surfactant TX-165 mixture in different composition and media: surface tension and UV-visible study,INTERNATIONAL JOURNAL OF BIOLOGICAL MACROMOLECULES
2023,September,wos,College of Science,Scientific,Microbe-induced drought tolerance by ABA-mediated root architecture and epigenetic reprogramming,ADSORPTION SCIENCE & TECHNOLOGY
2023,September,wos,College of Science,Scientific,"Microstructure, AC conductivity and complex modulus analysis of Ca-ZnO nanoparticles for potential optoelectronic applications",ENERGY & FUELS
2023,September,wos,College of Science,Scientific,Mild magnetic hyperthermia is synergistic with an antibiotic treatment against dual species biofilms consisting of S. aureus and P. aeruginosa by enhancing metabolic activity,ADVANCED FUNCTIONAL MATERIALS
2023,September,wos,College of Science,Scientific,Mixed convection and activation energy impacts on MHD bioconvective flow of nanofluid with irreversibility assessment,RSC ADVANCES
2023,September,wos,College of Science,Scientific,"Mn-doped BaFe12O19 nanoparticles synthesis via micro-emulsion route: Solar light-driven photo-catalytic degradation of CV, MG and RhB dyes and antibacterial activity",JOURNAL OF RADIATION RESEARCH AND APPLIED SCIENCES
2023,September,wos,College of Science,Scientific,"Modeling and numerical simulation of non-Newtonian arterial blood flow for mild to severe stenosis (vol 72, pg 195, 2023)",JOURNAL OF LOW FREQUENCY NOISE VIBRATION AND ACTIVE CONTROL
2023,September,wos,College of Science,Scientific,Modeling by statistical physics and interpretation of the olfactory process of the two enantiomers 3-mercapto-2-methylbutan-1-ol and 3-mercapto-2-- methylpentan-1-ol on the OR2M3 human olfactory receptor,INTERNATIONAL JOURNAL OF MODERN PHYSICS B
2023,September,wos,College of Science,Scientific,"Modeling by statistical physics and interpretation of the olfactory process of the two enantiomers 3-mercapto-2-methylbutan-1-ol and 3-mercapto-2-methylpentan-1-ol on the OR2M3 human olfactory receptor (vol 243,& nbsp;124896, 2023)",JOURNAL OF WATER PROCESS ENGINEERING
2023,September,wos,College of Science,Scientific,Modeling Wormholes Generated by Dark Matter Galactic Halos in f(R)$f(R)$ Modified Gravity,SYMMETRY-BASEL
2023,September,wos,College of Science,Scientific,Modulating electronic and structural properties of NiCo- layered double hydroxide with iodine: As an efficient electro-catalyst for the oxygen evolution reaction,APPLIED PHYSICS A-MATERIALS SCIENCE & PROCESSING
2023,September,wos,College of Science,Scientific,Moore-Gibson-Thompson model with the influence of moisture diffusivity of semiconductor materials during photothermal excitation,INTERNATIONAL JOURNAL OF APPLIED CERAMIC TECHNOLOGY
2023,September,wos,College of Science,Scientific,Motion in a combined Newtonian gravitational field,FRONTIERS IN ENERGY RESEARCH
2023,September,wos,College of Science,Scientific,Multidimensional dust-acoustic rogue waves in electron-depleted complex magnetoplasmas,PEERJ
2023,September,wos,College of Science,Scientific,Multidimensional modelling and designing of efficient small molecule acceptors for organic solar cells,BMC PLANT BIOLOGY
2023,September,wos,College of Science,Scientific,"NaF-ZnO-B2O3-Y2O3 glasses reinforced cobalt(II): synthesis, physical properties, dielectric spectroscopy and photon attenuation competence",INTERNATIONAL JOURNAL OF PHYTOREMEDIATION
2023,September,wos,College of Science,Scientific,Natural Sweet Almond Oil as an Effective Green Inhibitor for Aluminum Corrosion in Sulfuric Acid Medium,RSC ADVANCES
2023,September,wos,College of Science,Scientific,Nebulizer-assisted spray pyrolysis development of rare earth (Pr3+) doped In2S3 thin films for an intense ultraviolet photocurrent response,AXIOMS
2023,September,wos,College of Science,Scientific,"Neutron attenuation features and elastic properties of silicate glasses containing Ta2O5, and Li2O",INTERNATIONAL JOURNAL OF FOOD PROPERTIES
2023,September,wos,College of Science,Scientific,New insight into the dynamics of non-Newtonian Powell-Eyring fluid conveying tiny particles on Riga plate with suction and injection,INTERNATIONAL JOURNAL OF GEOMETRIC METHODS IN MODERN PHYSICS
2023,September,wos,College of Science,Scientific,New optical soliton solutions and dynamical wave formations for a fractionally perturbed Chen-Lee-Liu (CLL) equation with a novel local fractional (NLF) derivative,JOURNAL OF ENZYME INHIBITION AND MEDICINAL CHEMISTRY
2023,September,wos,College of Science,Scientific,N-functionalization and defect engineering in ZnCo2O4 nanosheets boosted the performance of Zn-ion hybrid supercapacitor,JOURNAL OF MATERIALS SCIENCE-MATERIALS IN ELECTRONICS
2023,September,wos,College of Science,Scientific,Nitrogen plasma synthesis of flexible supercapacitors based on reduced graphene oxide/aloe vera/carbon nanotubes nanocomposite,LASER PHYSICS LETTERS
2023,September,wos,College of Science,Scientific,"Nitrogen plasma synthesis of flexible supercapacitors based on reduced graphene oxide/aloe vera/carbon nanotubes nanocomposite (Jun, 10.1007/s42823-023-00548-6, 2023)",INTERNATIONAL JOURNAL OF DATA WAREHOUSING AND MINING
2023,September,wos,College of Science,Scientific,Nonlinear optical and luminescence studies on Zinc Alumino-BoroSilicate glasses co-doped with Dy3+ and Sm3+ ions for optical limiting and W-LEDs applications,AIN SHAMS ENGINEERING JOURNAL
2023,September,wos,College of Science,Scientific,Novel Analysis between Two-Unit Hot and Cold Standby Redundant Systems with Varied Demand,MODERN PHYSICS LETTERS B
2023,September,wos,College of Science,Scientific,"Novel piperine-carboximidamide hybrids: design, synthesis, and antiproliferative activity via a multi-targeted inhibitory pathway",MATERIALS
2023,September,wos,College of Science,Scientific,"Observations into the reactivity, docking, DFT, and MD simulations of fludarabine and clofarabine in various solvents (vol 383, 122076, 2023)",OPTICAL MATERIALS
2023,September,wos,College of Science,Scientific,On Optimal and Quantum Code Construction from Cyclic Codes over F(q)PQ with Applications,ACS OMEGA
2023,September,wos,College of Science,Scientific,On the Dynamical Behavior of Solitary Waves for Coupled Stochastic Korteweg-De Vries Equations,MATERIALS TODAY COMMUNICATIONS
2023,September,wos,College of Science,Scientific,On the nonlinear dynamics of large scale dust-acoustic solitary waves in a superthermal bi-ion dusty ionospheric magnetoplasma,OPEN CHEMISTRY
2023,September,wos,College of Science,Scientific,On the Solitary Waves and Nonlinear Oscillations to the Fractional Schrodinger-KdV Equation in the Framework of the Caputo Operator,JOURNAL OF MOLECULAR STRUCTURE
2023,September,wos,College of Science,Scientific,"On tungsten barium phosphate glasses: Elastic moduli, gamma-ray shielding properties as well as transmission factor (TF)",JOURNAL OF TAIBAH UNIVERSITY FOR SCIENCE
2023,September,wos,College of Science,Scientific,"Optical and thermal characterization of pure CuO and Zn/CuO using laser-induced breakdown spectroscopy (LIBS), x-ray fluorescence (XRF), and ultraviolet-visible (UV-Vis) spectroscopy techniques",COLLOID AND POLYMER SCIENCE
2023,September,wos,College of Science,Scientific,Optical solitary solutions for the stochastic Sasa-Satsuma equation,JOURNAL OF BIG DATA
2023,September,wos,College of Science,Scientific,"Optical, Photocatalytic, Electrochemical, Magnetic, Dielectric, and Ferroelectric Properties of Cd- and Er-Doped BiFeO3 Prepared via a Facile Microemulsion Route",MICROMACHINES
2023,September,wos,College of Science,Scientific,"Optimization, Identification, and Quantification of Selected Phenolics in Three Underutilized Exotic Edible Fruits Using HPTLC",ADVANCED COMPOSITES AND HYBRID MATERIALS
2023,September,wos,College of Science,Scientific,Optimizing gamma radiation shielding with cobalt-titania hybrid nanomaterials,JOURNAL OF ENZYME INHIBITION AND MEDICINAL CHEMISTRY
2023,September,wos,College of Science,Scientific,Optimizing the Efficiency of Lead-Free Cs2TiI6-Based Double Halide Perovskite Solar Cells Using SCAPS-1D,POULTRY SCIENCE
2023,September,wos,College of Science,Scientific,Optimizing the Powder Metallurgy Parameters to Enhance the Mechanical Properties of Al-4Cu/xAl(2)O(3) Composites Using Machine Learning and Response Surface Approaches,FISHES
2023,September,wos,College of Science,Scientific,Orthopseudorings and congruences on distributive lattice with dual weak complementation,PLANTS-BASEL
2023,September,wos,College of Science,Scientific,Parametric analysis of processing variables for enhanced adhesion in metal-polymer composites fabricated by fused deposition modeling,ENVIRONMENTAL RESEARCH
2023,September,wos,College of Science,Scientific,Performance evaluation of different grown ber (Ziziphus mauritiana) cultivars under low-temperature storage,INTERNATIONAL COMMUNICATIONS IN HEAT AND MASS TRANSFER
2023,September,wos,College of Science,Scientific,Performance Evaluation of Healthcare Supply Chain in Industry 4.0 with Linear Diophantine Fuzzy Sine-Trigonometric Aggregation Operations,CARBON
2023,September,wos,College of Science,Scientific,Performance of Bayesian EWMA control chart with measurement error under ranked set sampling schemes with application in industrial engineering,ADVANCED COMPOSITES AND HYBRID MATERIALS
2023,September,wos,College of Science,Scientific,Performance Optimization of Inorganic Cs2TiBr6 Based Perovskite Solar Cell via Numerical Simulation,HELIYON
2023,September,wos,College of Science,Scientific,Photoluminescence enhancement of Nd3+doped antimony borate glasses by inclusion of silver nanoparticles,POLYMERS FOR ADVANCED TECHNOLOGIES
2023,September,wos,College of Science,Scientific,Photothermal excitation in non-local semiconductor materials with variable moisture thermal conductivity according to moisture diffusivity,JOURNAL OF SOLID STATE ELECTROCHEMISTRY
2023,September,wos,College of Science,Scientific,Physical and Thermal Characterizations of Newly Synthesized Liquid Crystals Based on Benzotrifluoride Moiety,TOXICS
2023,September,wos,College of Science,Scientific,"Physical properties of elastically and thermodynamically stable magnetic AcXO3 (X = Cr, Fe) perovskite oxides: a DFT investigation",DEMONSTRATIO MATHEMATICA
2023,September,wos,College of Science,Scientific,"Physical, Structural, and Optical Characteristics of Manganese Ion-Containing Low-Melting Borate Glasses",INTERNATIONAL JOURNAL OF FOOD PROPERTIES
2023,September,wos,College of Science,Scientific,Post-synthetic Ln@modified MIL (Ti) framework in sono-photocatalysis degradation of carbaryl,ADVANCED THEORY AND SIMULATIONS
2023,September,wos,College of Science,Scientific,"Predicting structural, optoelectronic and mechanical properties of germanium based AGeF(3) (A = Ga and In) halides perovskites using the DFT computational approach",RUSSIAN JOURNAL OF BIOORGANIC CHEMISTRY
2023,September,wos,College of Science,Scientific,Preparation of dual mode encoding photochromic electrospun glass nanofibers for anticounterfeiting applications,APPLIED BIOLOGICAL CHEMISTRY
2023,September,wos,College of Science,Scientific,Preparation of fluorescent ink using perylene-encapsulated silica nanoparticles toward authentication of documents,PHYSICA SCRIPTA
2023,September,wos,College of Science,Scientific,Preparation of glass nanofibers to reinforce polymethyl methacrylate toward persistent photoluminescent bricks,JOURNAL OF PHOTOCHEMISTRY AND PHOTOBIOLOGY A-CHEMISTRY
2023,September,wos,College of Science,Scientific,Preparation of photochromic solution blow spun polycarbonate nanofibers from recycled plastic for optical anticounterfeiting,JOURNAL OF PHOTOCHEMISTRY AND PHOTOBIOLOGY A-CHEMISTRY
2023,September,wos,College of Science,Scientific,Product of Spacing Estimation of Stress-Strength Reliability for Alpha Power Exponential Progressively Type-II Censored Data,AIP ADVANCES
2023,September,wos,College of Science,Scientific,Propagation of Nonlinear Dust-Acoustic Waves in a Self-Gravitating Collision Magnetized Dusty Plasma in Earth's Magnetosphere,JOURNAL OF PHYSICS AND CHEMISTRY OF SOLIDS
2023,September,wos,College of Science,Scientific,Radiation shielding and nuclear security functions of Na2O-Fe2O3-B2O3-La2O3 glass system,JOURNAL OF INORGANIC AND ORGANOMETALLIC POLYMERS AND MATERIALS
2023,September,wos,College of Science,Scientific,Rational Design of Trimetallic Sulfide Electrodes for Alkaline Water Electrolysis with Ampere-Level Current Density,PHYSICA B-CONDENSED MATTER
2023,September,wos,College of Science,Scientific,Resonance simulation of the coupled nonlinear Mathieu's equation,POLYCYCLIC AROMATIC COMPOUNDS
2023,September,wos,College of Science,Scientific,Review of different CdS/TiO2 and WO3/ g-C3N4 composite based photocatalyst for hydrogen production,INTERNATIONAL JOURNAL OF NUMERICAL METHODS FOR HEAT & FLUID FLOW
2023,September,wos,College of Science,Scientific,Role of Biosynthesized Silver Nanoparticles with Trigonella foenum-graecum Seeds in Wastewater Treatment,SILICON
2023,September,wos,College of Science,Scientific,Role of time-dependent foreign molecules bonding in the degradation mechanism of polymer field-effect transistors in ambient conditions,SOLID STATE SCIENCES
2023,September,wos,College of Science,Scientific,Second-Order Neutral Differential Equations with Distributed Deviating Arguments: Oscillatory Behavior,ELECTRONICS
2023,September,wos,College of Science,Scientific,Significance of generalized Fourier and Fick's law and stagnation point flow for magnetized viscoelastic liquids,JOURNAL OF BUILDING ENGINEERING
2023,September,wos,College of Science,Scientific,Singularity properties of timelike circular surfaces in Minkowski 3-space,AXIOMS
2023,September,wos,College of Science,Scientific,Sol-Gel synthesis of Ni-doped Zn-based spinel nanoferrites with structural and dielectric characterizations along with magnetic analysis,JOURNAL OF MATERIALS RESEARCH AND TECHNOLOGY-JMR&T
2023,September,wos,College of Science,Scientific,Statistical Analysis and Applications of Adaptive Progressively Type-II Hybrid Poisson-Exponential Censored Data,MATERIALS CHEMISTRY AND PHYSICS
2023,September,wos,College of Science,Scientific,Statistical Analysis of Type-II Generalized Progressively Hybrid Alpha-PIE Censored Data and Applications in Electronic Tubes and Vinyl Chloride,JOURNAL OF TAIBAH UNIVERSITY FOR SCIENCE
2023,September,wos,College of Science,Scientific,Statistical Evaluations and Applications for IER Parameters from Generalized Progressively Type-II Hybrid Censored Data,INTERNATIONAL JOURNAL OF NUMERICAL METHODS FOR HEAT & FLUID FLOW
2023,September,wos,College of Science,Scientific,"Structural, dielectric, and magnetic properties of nickel rich manganese substituted Li2Ni6MnxCo2-xO10 nanomaterial synthesized via sol-gel method",ALEXANDRIA ENGINEERING JOURNAL
2023,September,wos,College of Science,Scientific,Structure of a generalized class of weights satisfy weighted reverse Holder's inequality,CERAMICS INTERNATIONAL
2023,September,wos,College of Science,Scientific,"Study of electronic, mechanical, thermoelectric and optical properties of K(2)ScAuZ(6) (Z = Br, I) for energy harvesting",HELIYON
2023,September,wos,College of Science,Scientific,"Study of optoelectronic, thermoelectric, mechanical properties of double perovskites Cs2AgAsX6 (X = cl, br, I) for solar cells and energy harvesting",CRYSTALS
2023,September,wos,College of Science,Scientific,"Superior and effective adsorption of amoxicillin by using novel metal organic framework and its composite: Thermodynamic, kinetic, and optimization by Box-Behnken design",MOLECULAR PHYSICS
2023,September,wos,College of Science,Scientific,"Surface hardness, thermal, optical, and photon attenuation coefficients assessment for dysprosium-doped tellurite glasses",EMBO REPORTS
2023,September,wos,College of Science,Scientific,Synergistic Impacts of Plant-Growth-Promoting Bacteria and Selenium Nanoparticles on Improving the Nutritional Value and Biological Activities of Three Cultivars of Brassica Sprouts,MATERIALS SCIENCE AND ENGINEERING B-ADVANCED FUNCTIONAL SOLID-STATE MATERIALS
2023,September,wos,College of Science,Scientific,"Synthesis and Biological Activities of Some 3,5-Disubstituted-6-Oxo-1,2,4-Triazine-2-Thiocarboxamide Derivatives as Anti-Breast Cancer (MCF) and a-Glucosidase Inhibitors",INTERNATIONAL JOURNAL OF HYPERTHERMIA
2023,September,wos,College of Science,Scientific,Synthesis of Cd-substituted NiCoPrFe2O4@CNTs via sol-gel method: Investigating the structural and photocatalytic properties,HELIYON
2023,September,wos,College of Science,Scientific,Synthesis of graphene-based Ag-doped CuFe2O4 composite for improved photocatalytic activity against industrial effluents,MATERIALS RESEARCH BULLETIN
2023,September,wos,College of Science,Scientific,Synthesis of photoluminescence carbon dots from red beetroot and utilizing its extract as blue-emitted fluorescence probes for spectrofluorimetric determination of tenoxicam in varied pharmaceutical samples,ALEXANDRIA ENGINEERING JOURNAL
2023,September,wos,College of Science,Scientific,"Synthesis of Zr-Fe2O3/In2O3 photocatalyst by novel hydrothermal method for highly selective photo inhibition of pathogens, pollutant degradation and DPPH stabilization",INTERNATIONAL JOURNAL OF BIOLOGICAL MACROMOLECULES
2023,September,wos,College of Science,Scientific,"Synthesis, DFT calculations, and anti-proliferative evaluation of pyrimidine and selenadiazolopyrimidine derivatives as dual Topoisomerase II and HSP90 inhibitors",INTERNATIONAL JOURNAL OF BIOLOGICAL MACROMOLECULES
2023,September,wos,College of Science,Scientific,"Synthesis, molecular modelling and docking studies of new thieno[2,3-b:4,5-b'] dipyridine compounds as antimicrobial agents",ANNALEN DER PHYSIK
2023,September,wos,College of Science,Scientific,"Synthesis, optical, structural, physical, and experimental gamma-ray transmission properties of high-density lead-boro-tellurite glasses: A multi-phases investigation towards providing a behavioral symmetry through Lead(II) oxide",INTERNATIONAL JOURNAL OF HYDROGEN ENERGY
2023,September,wos,College of Science,Scientific,"Synthesis, Spectroscopic Analysis, Molecular Docking, Molecular Dynamics Simulation of 5-(Adamantan-1-yl)-4-(3-Chlorophenyl)-2,4-Dihydro-3H-1,2,4-Triazole-3-Thione, a Potential Anti-proliferative Agent",FRONTIERS IN PHYSICS
2023,September,wos,College of Science,Scientific,"Tailoring a Behavioral Symmetry on KERMA, Mass Stopping Power and Projected Range Parameters against Heavy-Charged Particles in Zinc-Tellurite Glasses for Nuclear Applications",CHAOS SOLITONS & FRACTALS
2023,September,wos,College of Science,Scientific,Tailoring the magneto-electronic and optical properties of cobalt doped strontium titanate by first-principles calculations,PHYSICS OF FLUIDS
2023,September,wos,College of Science,Scientific,Techno-economic case study of applying heat recovery and CO2 capture systems on a gas turbine power plant; 4E analysis,MATERIALS SCIENCE AND ENGINEERING B-ADVANCED FUNCTIONAL SOLID-STATE MATERIALS
2023,September,wos,College of Science,Scientific,Textile effluents decolourization potential of metal tolerant Aspergillus species and optimization of biomass concentration and temperature,OPTICAL AND QUANTUM ELECTRONICS
2023,September,wos,College of Science,Scientific,The Discrete Exponentiated-Chen Model and Its Applications,INTERNATIONAL JOURNAL OF ELECTROCHEMICAL SCIENCE
2023,September,wos,College of Science,Scientific,"The effects of microbial fertilizers application on growth, yield and some biochemical changes in the leaves and seeds of guar (Cyamopsis tetragonoloba L.)",MATERIALS CHEMISTRY AND PHYSICS
2023,September,wos,College of Science,Scientific,The function of long non-coding RNA SNHG11 and its working mechanism in triple-negative breast cancer,APPLIED RADIATION AND ISOTOPES
2023,September,wos,College of Science,Scientific,The immunomodulatory effects of probiotics and azithromycin in dextran sodium sulfate-induced ulcerative colitis in rats via TLR4-NF-xB and p38-MAPK pathway,NANOTECHNOLOGY
2023,September,wos,College of Science,Scientific,The Krylov-Bogoliubov-Mitropolsky method for modeling a forced damped quadratic pendulum oscillator,MODERN PHYSICS LETTERS B
2023,September,wos,College of Science,Scientific,The optical and electronic properties of inorganic halide perovskite Sr3NCl3 under applied biaxial strain,ELECTROCHIMICA ACTA
2023,September,wos,College of Science,Scientific,The protective effect of 7-hydroxycoumarin against cisplatin-induced liver injury is mediated via attenuation of oxidative stress and inflammation and upregulation of Nrf2/HO-1 pathway,CARBON LETTERS
2023,September,wos,College of Science,Scientific,The Solitary Solutions for the Stochastic Jimbo-Miwa Equation Perturbed by White Noise,CARBON LETTERS
2023,September,wos,College of Science,Scientific,The Valorization of Agro-Wastes and Stevia Leaves as a Sugar Replacer in Cupcake Formulas: Histological and In Vivo Studies on Diabetic Rats,PHYSICA SCRIPTA
2023,September,wos,College of Science,Scientific,"Thermal, mechanical characteristics as well as gamma-ray shielding capabilities of sodium-barium borosilicate glasses with Y3+ions",SYMMETRY-BASEL
2023,September,wos,College of Science,Scientific,Thermal-optical mechanical waves of the microelongated semiconductor medium with fractional order heat time derivatives in a rotational field,JOURNAL OF ENZYME INHIBITION AND MEDICINAL CHEMISTRY
2023,September,wos,College of Science,Scientific,Thermoluminescence kinetic parameters of beta irradiated the zinc gallate phosphor using different methods,JOURNAL OF MOLECULAR LIQUIDS
2023,September,wos,College of Science,Scientific,Thiophene functionalized cellulose immobilized with metal organic framework for removal of heavy metals,ENTROPY
2023,September,wos,College of Science,Scientific,Thirty-Fold Increase in Relative Sensitivity of Dy3+ Luminescent Boltzmann Thermometers Using Multiparameter and Multilevel Cascade Temperature Readings,MATHEMATICS
2023,September,wos,College of Science,Scientific,Torsional vibration of simply supported nanoplate using nonlocal mathematical model,PHYSICS OF FLUIDS
2023,September,wos,College of Science,Scientific,Tuning the optoelectronic properties of acridine-triphenylamine (ACR-TPA) based novel hole transporting material for high efficiency perovskite and organic solar cell,SYMMETRY-BASEL
2023,September,wos,College of Science,Scientific,"Two-dimensional molybdenum disulfide/polymer-coated bioactive glass scaffolds for tissue engineering: Fabrication, structural, mechanical, bioactivity, and radiation interaction properties",JOURNAL OF THE AUSTRALIAN CERAMIC SOCIETY
2023,September,wos,College of Science,Scientific,Unlocking the synergistic potential of peanut shell derived activated carbon-doped TiO2 for highly efficient photocatalytic removal of organic dye under visible light irradiation,LASER PHYSICS LETTERS
2023,September,wos,College of Science,Scientific,"Unveiling the structural, optical, and electromagnetic attenuation characteristics of B2O3-SiO2-CaO-Bi2O3 glasses with varied WO3 content",RESULTS IN PHYSICS
2023,September,wos,College of Science,Scientific,Virtual mining of polymer monomers for photodetectors application and regression-aided reorganization energy prediction,ACS OMEGA
2023,September,wos,College of Science,Scientific,Warm to neutral white light emissions from Dy3+-Eu3+ co-doped glass ceramics containing NaBSiO4 crystalline phase for W-LEDs applications,SUSTAINABILITY
2023,September,wos,College of Science,Scientific,YOLO-Based Model for Automatic Detection of Broiler Pathological Phenomena through Visual and Thermal Images in Intensive Poultry Houses,SCIENTIFIC REPORTS
2023,September,wos,College of Science,Scientific,"Zinc and Potassium Fertilizer Synergizes Plant Nutrient Availability and Affects Growth, Yield, and Quality of Wheat Genotypes",ENERGY TECHNOLOGY
2023,September,wos,College of Science,Scientific,Zinc oxide nanoparticles produced by Zingiber officinale ameliorates acute toxoplasmosis-induced pathological and biochemical alterations and reduced parasite burden in mice model,APPLIED SCIENCES-BASEL
2023,September,wos,College of Science,Scientific,"Zn and Ni doping effect on barium hexaferrite ferroelectric, optical properties and photocatalytic activity under visible light irradiation",HELIYON
2023,September,wos,College of Science,Scientific,"A bismuth-based (III) hybrid perovskite as a highly air-stable, potential absorber with photoconductive response",JOURNAL OF ADHESION SCIENCE AND TECHNOLOGY
2023,September,wos,College of Science,Scientific,A case study of monkeypox disease in the United States using mathematical modeling with real data,INTERNATIONAL JOURNAL OF FOOD PROPERTIES
2023,September,wos,College of Science,Scientific,"A class of power inverted Topp-Leone distribution: Properties, different estimation methods & applications",MATHEMATICS
2023,September,wos,College of Science,Scientific,A comprehensive first-principles study on the physical properties of Sr2ScBiO6 for low-cost energy technologies,SCIENTIFIC REPORTS
2023,September,wos,College of Science,Scientific,"A comprehensive numerical study on the fluid flow, thermal and exergetic performance of longitudinally ribbed spirally coiled tube with various shapes",ENERGY TECHNOLOGY
2023,September,wos,College of Science,Scientific,A Cuckoo Search-Based Trained Artificial Neural Network for Symmetric Flow Problems,JOURNAL OF LUMINESCENCE
2023,September,wos,College of Science,Scientific,A Flexible Dispersed Count Model Based on Bernoulli Poisson-Lindley Convolution and Its Regression Model,FRONTIERS IN MATERIALS
2023,September,wos,College of Science,Scientific,A fluorescent receptor for alkylammonium ions based on an anthryl-linked triazole-modified hexahomotrioxacalix[3]arene,MATERIALS
2023,September,wos,College of Science,Scientific,A New Cu/Fe Layer Double Hydroxide Nanocomposite Exerts Anticancer Effects against PC-3 Cells by Inducing Cell Cycle Arrest and Apoptosis,PHYSICA SCRIPTA
2023,September,wos,College of Science,Scientific,Cyclodextrin nanoparticles in targeted cancer theranostics,JOURNAL OF ELECTRONIC MATERIALS
2023,September,wos,College of Science,Scientific,Deciphering the role of zinc oxide nanoparticles on physiochemical attributes of Zea mays exposed to saline conditions through modulation in antioxidant enzyme defensive system,MATERIALS CHEMISTRY AND PHYSICS
2023,September,wos,College of Science,Scientific,Decoration of sea-urchin-like NiCoP coated with WSe2@ZnS as an advanced electrode material for hybrid supercapacitors,OPTICAL AND QUANTUM ELECTRONICS
2023,September,wos,College of Science,Scientific,"Delving into the properties of nanostructured Mg ferrite and PEG composites: A comparative study on structure, electrical conductivity, and dielectric relaxation",CERAMICS INTERNATIONAL
2023,September,wos,College of Science,Scientific,Design and synthesis of new N-substituted benzimidazolidinone as predicted human BRD4 and human chymase inhibitors via molecular docking studies,JOURNAL OF PHOTOCHEMISTRY AND PHOTOBIOLOGY A-CHEMISTRY
2023,September,wos,College of Science,Scientific,"Design, synthesis and antiproliferative screening of newly synthesized acrylate derivatives as potential anticancer agents",JOURNAL OF PHOTOCHEMISTRY AND PHOTOBIOLOGY A-CHEMISTRY
2023,September,wos,College of Science,Scientific,"Developing a Simple, Effective, and Quick Process to Make Silver Nanowires with a High Aspect Ratio",OPTICAL MATERIALS
2023,September,wos,College of Science,Scientific,Development of glow-in-the-dark and color-tunable poly(methyl methacrylate) plastic concrete immobilized with rare-earth aluminate,AXIOMS
2023,September,wos,College of Science,Scientific,DFT insight into magnetoelectronic and optical properties of Mo-modified BaTiO3,ADVANCES IN ASTRONOMY
2023,September,wos,College of Science,Scientific,"DFT-based systematic study on the structural, optoelectronic, thermodynamic, vibrational, and mechanical behavior of Ruddlesden Popper perovskites Sr2XO4 (X = Zr, Hf) for optoelectronic applications",RADIATION PHYSICS AND CHEMISTRY
2023,September,wos,College of Science,Scientific,Divalent metal Co2+ ions substituted ZnFe2O4 nanoparticles and their hybrid with carbonaceous matrix for the degradation of toxic dyes,CHEMSUSCHEM
2023,September,wos,College of Science,Scientific,DNA Polymorphisms and mRNA Levels of Immune Biomarkers as Candidates for Inflammatory Postpartum Disorders Susceptibility in Italian Buffaloes,AIP ADVANCES
2023,September,wos,College of Science,Scientific,"Do functional traits and biochemical biomarkers of the nematode Oncholaimus campylocercoides De Coninck and Schuurmans Stekhoven, 1933 affected by fluoranthene and polystyrene microplastics? Results from a microcosm bioassay and molecular modeling",ARABIAN JOURNAL OF CHEMISTRY
2023,September,wos,College of Science,Scientific,Drug repurposing of FDA-approved anti-viral drugs via computational screening against novel 6M03 SARS-COVID-19,PROCESSES
2023,September,wos,College of Science,Scientific,Dual biocontrol potential of the entomopathogenic fungus Akanthomyces muscarius against Thaumetopoea pityocampa and plant pathogenic fungi,ROYAL SOCIETY OPEN SCIENCE
2023,September,wos,College of Science,Scientific,Dynamical analysis and new solitary wave patterns of coupled nonlinear Schrodinger model arising in birefringent fibers,MATHEMATICS
2023,September,wos,College of Science,Scientific,Dynamics of newly created soliton solutions via Atangana-Baleanu Fractional (ABF) for system of (ISALWs) equations,MATERIALS SCIENCE AND ENGINEERING B-ADVANCED FUNCTIONAL SOLID-STATE MATERIALS
2023,September,wos,College of Science,Scientific,"Ecofriendly synthesis and nematicidal application of copper nanoparticles fabricated from Bacillus subtilis AM18, against root-knot nematode of cucumber",INTERNATIONAL JOURNAL OF GEOMETRIC METHODS IN MODERN PHYSICS
2023,September,wos,College of Science,Scientific,Effect of AgCl NPs on structure-elastic evolution of telluro-dolo-borate (TDB) glasses: An experimental and theoretical scrutiny,COLLOIDS AND SURFACES A-PHYSICOCHEMICAL AND ENGINEERING ASPECTS
2023,September,wos,College of Science,Scientific,Effect of brain-like shape polypyrrole nanomaterial on the capacitance and stability enhancements of β-Ni(OH)2 two-symmetric electrodes supercapacitor,AXIOMS
2023,September,wos,College of Science,Scientific,Effect of dysprosium on the radiation-shielding features of SiO2-PbO-B2O3 glasses,AXIOMS
2023,September,wos,College of Science,Scientific,Effect of ZnO on Radiation Shielding Performance and Gamma Dose of Boron Silicate Glasses,AXIOMS
2023,September,wos,College of Science,Scientific,Effects of dual rotations of two circular cylinders on thermosolutal convection of a nanofluid mobilized by a heterogeneous porous cavity,PHYSICA B-CONDENSED MATTER
2023,September,wos,College of Science,Scientific,Effects of entropy generation and magnetic field on blood flow of jeffrey fluid in a catheterized artery: A mathematical study,JOURNAL OF INEQUALITIES AND APPLICATIONS
2023,September,wos,College of Science,Scientific,Efficient Disposal of Rhodamine 6G and Acid Orange 10 Dyes from Aqueous Media Using ZrO2/CdMn2O4/CdO as Novel and Facilely Synthesized Nanocomposites,EUROPEAN PHYSICAL JOURNAL PLUS
2023,September,wos,College of Science,Scientific,Efficient Removal of Deltamethrin from Aqueous Solutions Using a Novel Lanthanum Metal-Organic Framework: Adsorption Models and Optimization via Box-Behnken Design,OPTICAL AND QUANTUM ELECTRONICS
2023,September,wos,College of Science,Scientific,Efficient Samarium-Grafted-C3N4-Doped α-MoO3 Used as a Dye Degrader and Antibacterial Agent: In Silico Molecular Docking Study,APPLIED ORGANOMETALLIC CHEMISTRY
2023,September,wos,College of Science,Scientific,"Electric, Dielectric, and Magnetic Properties of Strontium-Based Spinel Ferrites for the High-Frequency Applications",JOURNAL OF RARE EARTHS
2023,September,wos,College of Science,Scientific,Electrochemical CO2 reduction to gaseous methane and carbon monoxide using plasma-synthesized copper nanowires,ACS OMEGA
2023,September,wos,College of Science,Scientific,Electrophoretically deposited rigid-flexible hybrid graphene oxide-polyethyleneimine on carbon fibers for synergistically reinforced epoxy nanocomposites,RUSSIAN JOURNAL OF BIOORGANIC CHEMISTRY
2023,September,wos,College of Science,Scientific,"Elevated CO2 reduced antimony toxicity in wheat plants by improving photosynthesis, soil microbial content, minerals, and redox status",PHYSICA B-CONDENSED MATTER
2023,September,wos,College of Science,Scientific,"Elicitor-Mediated Response of Growth, Yield, and Quality of Kalmegh (Andrographis paniculata Wall. ex Nees, Family Acanthaceae)",JOURNAL OF TAIBAH UNIVERSITY FOR SCIENCE
2023,September,wos,College of Science,Scientific,Energy performance based optimization of building envelope containing PCM combined with insulation considering various configurations,JOURNAL OF PHOTOCHEMISTRY AND PHOTOBIOLOGY A-CHEMISTRY
2023,September,wos,College of Science,Scientific,Enhance the oral insulin delivery route using a modified chitosan-based formulation fabricated by microwave,MATERIALS CHEMISTRY AND PHYSICS
2023,September,wos,College of Science,Scientific,Enhanced DFT predictions of the structural and optoelectronic properties of MoTe2 for high performance photodetection: Application to GW-based functionals and Hubbard U and V corrections,JOURNAL OF ENZYME INHIBITION AND MEDICINAL CHEMISTRY
2023,September,wos,College of Science,Scientific,"Enhanced electrocaloric effect, energy storage density and pyroelectric response from a domain-engineered lead-free BaTi0.91Sn0.08Zr0.01O3 ferroelectric ceramic (vol 12, pg 30771, 2022)",ARABIAN JOURNAL OF CHEMISTRY
2023,September,wos,College of Science,Scientific,Entropy generation and heat transfer performance analysis of a non-Newtonian NEPCM in an inclined chamber with complicated heater inside,CERAMICS INTERNATIONAL
2023,September,wos,College of Science,Scientific,Entropy minimization of GO-Ag/KO cross-hybrid nanofluid over a convectively heated surface,POLYCYCLIC AROMATIC COMPOUNDS
2023,September,wos,College of Science,Scientific,Equilibrium stability in the triangular restricted four-body problem with non-spherical primaries,SYMMETRY-BASEL
2023,September,wos,College of Science,Scientific,Estimation and Prediction for Alpha-Power Weibull Distribution Based on Hybrid Censoring,PHYSICA B-CONDENSED MATTER
2023,September,wos,College of Science,Scientific,Evaluation of Lacc134 Oxidoreductase of Ganoderma multistipitatum in Detoxification of Dye Wastewater under Different Nutritional Conditions,CASE STUDIES IN THERMAL ENGINEERING
2023,September,wos,College of Science,Scientific,Evidences of noncovalent interactions between indole and dichloromethane under different solvent conditions,ENVIRONMENTAL RESEARCH
2023,September,wos,College of Science,Scientific,"Evidences of noncovalent interactions between indole and dichloromethane under different solvent conditions (vol 29, 246, 2023)",SYMMETRY-BASEL
2023,September,wos,College of Science,Scientific,Experimental and Theoretical Studies of Hydrogen Storage in LaNi4.4Al0.3Fe0.3 Hydride Bed,FOOD RESEARCH INTERNATIONAL
2023,September,wos,College of Science,Scientific,Experimental Study on the Radiation Shielding Performance of B2O3-SiO2-TeO2-Bi2O3-ZnO-BaO Glass Systems Containing Europium (III) Oxide,PATHOLOGY RESEARCH AND PRACTICE
2023,September,wos,College of Science,Scientific,Expired Antifungal Drugs as Effective Corrosion Inhibitors for Carbon Steel in 1 M HCl Solution: Practical and Theoretical Approaches,BIOMEDICINE & PHARMACOTHERAPY
2023,September,wos,College of Science,Scientific,"Exploring Salinity Tolerance Mechanisms in Diverse Wheat Genotypes Using Physiological, Anatomical, Agronomic and Gene Expression Analyses",AIP ADVANCES
2023,September,wos,College of Science,Scientific,"Exploring the KERMA, mass stopping power and projected range values against heavy-charged particles: A focusing study on Sm, Yb, and Nd reinforced tellurite glass shields",JOURNAL OF MATERIALS SCIENCE
2023,September,wos,College of Science,Scientific,Exploring the mechanical behavior and gamma ray attenuation properties of Bi2O3-BaO-V2O5 glasses,ENVIRONMENTAL SCIENCE AND POLLUTION RESEARCH
2023,September,wos,College of Science,Scientific,"Exploring the physical, vibrational, optical, and dielectric properties of chromium-doped bismo-borate barium glasses for potential use in optical applications",SYMMETRY-BASEL
2023,September,wos,College of Science,Scientific,Exploring the potential of nano technology: A assessment of nano-scale multi-layered-composite coatings for cutting tool performance,SUSTAINABILITY
2023,September,wos,College of Science,Scientific,Extremophilic bacterial strains as plant growth promoters and biocontrol agents against Pythium ultimum and Rhizocotnia solani,RADIATION PHYSICS AND CHEMISTRY
2023,September,wos,College of Science,Scientific,Fabrication of low over-potential manganese doped samarium oxide as synergistic electro-catalyst for generation of sustainable energy,SCIENTIFIC REPORTS
2023,September,wos,College of Science,Scientific,Facile cubic Nd doped MnO nanostructure synthesis as effective electrocatalyst for oxygen evolution reaction,CERAMICS INTERNATIONAL
2023,September,wos,College of Science,Scientific,Facile Development of Mn Doped NiO Nanoarrays Supported on a Reduced Graphene Oxide Nanocomposite as a Supercapacitor,CELLULOSE
2023,September,wos,College of Science,Scientific,Facile Synthesis and Characterization of Novel Nanostructures for the Efficient Disposal of Crystal Violet Dye from Aqueous Media,CRYSTALS
2023,September,wos,College of Science,Scientific,"Facile synthesis of carbon quantum dot/silver nanocomposite and its antimicrobial, catalytic and sensing applications",ALEXANDRIA ENGINEERING JOURNAL
2023,September,wos,College of Science,Scientific,"Fat deposition, fatty acid profiles, antioxidant capacity and differentially expressed genes in subcutaneous fat of Tibetan sheep fed wheat-based diets with and without xylanase supplementation",JOURNAL OF MOLECULAR GRAPHICS & MODELLING
2023,September,wos,College of Science,Scientific,"Ferroelectric, dielectric, magnetic and photocatalytic properties of Mn doped Ca-hexaferrite prepared via microemulsion route",CERAMICS INTERNATIONAL
2023,September,wos,College of Science,Scientific,First mesomorphic and DFT characterizations for 3-(or 4-) n -alkanoyloxy benzoic acids and their optical applications,MATERIALS SCIENCE AND ENGINEERING B-ADVANCED FUNCTIONAL SOLID-STATE MATERIALS
2023,September,wos,College of Science,Scientific,"First principles studies on optoelectronics and transport properties of KSrY (Y = Sb, Bi) for renewable energy application",RADIATION PHYSICS AND CHEMISTRY
2023,September,wos,College of Science,Scientific,First-principle computation of some physical properties of half-Heusler compounds for possible thermoelectric applications,CHEMICAL PHYSICS LETTERS
2023,September,wos,College of Science,Scientific,"First-principles calculations to investigate structural, electronic, optical and thermoelectric properties of novel double perovskite Cs2CeAgX6 (X = Cl, Br) for optoelectronic and thermoelectric applications",APPLIED PHYSICS A-MATERIALS SCIENCE & PROCESSING
2023,September,wos,College of Science,Scientific,"First-Principles Insights into Structural, Optoelectronic, and Elastic Properties of Fluoro-Perovskites KXF3 (X = Ru, Os)",AGRICULTURE-BASEL
2023,September,wos,College of Science,Scientific,Fullerene-derived boron-doped defective nanocarbon for highly selective H2O2 electrosynthesis,PLANTS-BASEL
2023,September,wos,College of Science,Scientific,GC-MS-based profiling and ameliorative potential of Carissa opaca Stapf ex Haines fruit against cardiac and testicular toxicity: An In vivo study,PLOS NEGLECTED TROPICAL DISEASES
2023,September,wos,College of Science,Scientific,Genetic Associations Underpinning the Metabolite-Mediated Salt Stress Tolerance in Barley,PHYSICA B-CONDENSED MATTER
2023,October,WOS,College of Science,Scientific,Genome-wide exploration of bZIP transcription factors and their contribution to alkali stress response in Helianthus annuus,OPTICAL MATERIALS
2023,October,WOS,College of Science,Scientific,Geometric classifications of k-almost Ricci solitons admitting paracontact metrices,MATHEMATICS AND COMPUTERS IN SIMULATION
2023,October,WOS,College of Science,Scientific,Graphene/polyacrylamide interpenetrating structure hydrogels for wastewater treatment,JOURNAL OF RADIATION RESEARCH AND APPLIED SCIENCES
2023,October,WOS,College of Science,Scientific,Green Synthesis and Molecular Docking Study of Some New Thiazoles Using Terephthalohydrazide Chitosan Hydrogel as Ecofriendly Biopolymeric Catalyst,OPTICAL AND QUANTUM ELECTRONICS
2023,October,WOS,College of Science,Scientific,Green Synthesis of a Carbon Quantum Dots-Based Superhydrophobic Membrane for Efficient Oil/Water Separation,CASE STUDIES IN THERMAL ENGINEERING
2023,October,WOS,College of Science,Scientific,"Green synthesis of magnetic Fe3O4 nanoflakes using vegetables extracts and their magnetic, structural and antibacterial properties evaluation",SYMMETRY-BASEL
2023,October,WOS,College of Science,Scientific,Green Synthesis of Zinc Oxide Nanoparticles Using Cymbopogon citratus Extract and Its Antibacterial Activity,AXIOMS
2023,October,WOS,College of Science,Scientific,"Green synthesis of ZnO and Co-ZnO using Brassica rapa leave's extract and their activities as antioxidant agents, efficient adsorbents, and dye removal",JOURNAL OF MOLECULAR STRUCTURE
2023,October,WOS,College of Science,Scientific,Ground states of Schrodinger systems with the Chern-Simons gauge fields,BIOMEDICINES
2023,October,WOS,College of Science,Scientific,"Half metallicity and optical properties of Ba2B′ReO6 (B′ = Cd, Er): a DFT insight",FRONTIERS IN PHARMACOLOGY
2023,October,WOS,College of Science,Scientific,"Half-metallic ferromagnetism and thermoelectric effect in spinel chalcogenides SrX2S4 (X = Mn, Fe, Co) for spintronics and energy harvesting",SOUTH AFRICAN JOURNAL OF BOTANY
2023,October,WOS,College of Science,Scientific,Heat and mass transport behavior in bio-convective reactive flow of nanomaterials with Soret and Dufour characteristics,ELECTROCHIMICA ACTA
2023,October,WOS,College of Science,Scientific,"Highly Uniform Spherical MoO2-MoO3/Polypyrrole Core-Shell Nanocomposite as an Optoelectronic Photodetector in UV, Vis, and IR Domains",HELIYON
2023,October,WOS,College of Science,Scientific,High-performance chrysanthemum flower-like structure of Ni doped ZnO nanoflowers for pseudo-supercapacitors,JOURNAL OF MOLECULAR STRUCTURE
2023,October,WOS,College of Science,Scientific,High-Selectivity Hydrogen Gas Sensors based on Mesoporous PbOx-ZnO Nanocomposites,RSC ADVANCES
2023,October,WOS,College of Science,Scientific,Hybrid multi-criteria decision-making technique for the selection of best cryptographic multivalued Boolean function,MATERIALS
2023,October,WOS,College of Science,Scientific,Hybrid near Algebra,JOURNAL OF PHOTOCHEMISTRY AND PHOTOBIOLOGY A-CHEMISTRY
2023,October,WOS,College of Science,Scientific,Hydrothermal Synthesis of Fe-Doped Cadmium Oxide Showed Bactericidal Behavior and Highly Efficient Visible Light Photocatalysis,PHYSICA B-CONDENSED MATTER
2023,October,WOS,College of Science,Scientific,"Identification, forensic evidences and effect of the most used lip cosmetics on the human STR profiling at Kingdom of Saudi Arabia",INTERNATIONAL JOURNAL OF QUANTUM CHEMISTRY
2023,October,WOS,College of Science,Scientific,"Imidazopyridine-Based Thiazole Derivatives as Potential Antidiabetic Agents: Synthesis, In Vitro Bioactivity, and In Silico Molecular Modeling Approach",MATERIALS SCIENCE AND ENGINEERING B-ADVANCED FUNCTIONAL SOLID-STATE MATERIALS
2023,October,WOS,College of Science,Scientific,"Impact of Arbuscular mycorrhizal Fungal Strains Isolated from Soil on the Growth, Yield, and Fruit Quality of Tomato Plants under Different Fertilization Regimens",VETERINARY SCIENCES
2023,October,WOS,College of Science,Scientific,Impact of WO3 and BaO nanoparticles on the radiation shielding characteristics of polydimethylsiloxane composites,MARINE POLLUTION BULLETIN
2023,October,WOS,College of Science,Scientific,"Impacts of kinetin implementation on leaves, floral and root-related traits during seed production in hybrid rice under water deficiency",IRISH JOURNAL OF MEDICAL SCIENCE
2023,October,WOS,College of Science,Scientific,Impacts of micro-size PbO on the gamma-ray shielding performance of polyepoxide resin,SAUDI JOURNAL OF BIOLOGICAL SCIENCES
2023,October,WOS,College of Science,Scientific,Impacts of thermal radiation with nanoparticle aggregation and variable viscosity on unsteady bidirectional rotating stagnation point flow of nanofluid,RESULTS IN PHYSICS
2023,October,WOS,College of Science,Scientific,Improvement in Some Inequalities via Jensen-Mercer Inequality and Fractional Extended Riemann-Liouville Integrals,MODERN PHYSICS LETTERS B
2023,October,WOS,College of Science,Scientific,"In vitro studies on the pharmacological potential, anti-tumor, antimicrobial, and acetylcholinesterase inhibitory activity of marine-derived Bacillus velezensis AG6 exopolysaccharide",EUROPEAN JOURNAL OF PLANT PATHOLOGY
2023,October,WOS,College of Science,Scientific,Inferences of inverted gompertz parameters from an adaptive type-ii progressive hybrid censoring,MATERIALS CHEMISTRY AND PHYSICS
2023,October,WOS,College of Science,Scientific,Influence of Alkaline Earth Metals on the Optical Properties and Radiation-Shielding Effectiveness of Sm3+-Doped Zinc Borophosphate Glasses,JOURNAL OF MATERIALS SCIENCE-MATERIALS IN ELECTRONICS
2023,October,WOS,College of Science,Scientific,"Influence of Chemical, Organic, and Biological Silicon Fertilization on Physiological Studies of Egyptian Japonica Green Super Rice (Oryza sativa L.)",OPEN PHYSICS
2023,October,WOS,College of Science,Scientific,"Influence of Ni content on structural, magnetocaloric and electrical properties in manganite La0.6Ba0.2Sr0.2Mn1-xNixO3 (0 ≤ x ≤ 0.1) type perovskites (vol 12, pg 3935, 2022)",SILICON
2023,October,WOS,College of Science,Scientific,Insecticidal Activity of Tannins from Selected Brown Macroalgae against the Cotton Leafhopper Amrasca devastans,EUROPEAN PHYSICAL JOURNAL PLUS
2023,October,WOS,College of Science,Scientific,Insight into the Influence of the Integrated Chitosan on the Adsorption Properties of Chitosan/Al-MCM-41 Composite for As (V) Metal Ions: Characterization and Advanced Equilibrium Studies,TRIBOLOGY INTERNATIONAL
2023,October,WOS,College of Science,Scientific,"Insight into the synergetic, steric and energetic properties of zeolitization and cellulose fiber functionalization of diatomite during the adsorption of Cd(ii): advanced equilibrium studies",INORGANICS
2023,October,WOS,College of Science,Scientific,In-silico screening of Acacia pennata and Bridelia retusa reveals pinocembrin-7-O-β-D-glucopyranoside as a promising β-lactamase inhibitor to combat antibiotic resistance,ACS OMEGA
2023,October,WOS,College of Science,Scientific,"Integrated analysis of antimicrobial, antioxidant, and phytochemical properties of Cinnamomum verum: A comprehensive In vitro and In silico study",ACS OMEGA
2023,October,WOS,College of Science,Scientific,Inverse power Ramos-Louzada distribution with various classical estimation methods and modeling to engineering data,JOM
2023,October,WOS,College of Science,Scientific,"In-vitro and in-vivo assessment of the anti-diabetic, analgesic, and anti-inflammatory potenstials of metal-based carboxylates derivative",JOURNAL OF SOLID STATE ELECTROCHEMISTRY
2023,October,WOS,College of Science,Scientific,"Iron porphyrin for selective electrochemical reduction of CO2: Synthesis, characterization and effect of electrolyte",ADVANCED COMPOSITES AND HYBRID MATERIALS
2023,October,WOS,College of Science,Scientific,Kinematic-geometry of a line trajectory and the invariants of the axodes,FRONTIERS IN PLANT SCIENCE
2023,October,WOS,College of Science,Scientific,"Lanthanum doped hybrid LaxBi2, xSn2O7/SnO2(8-Bi2O3) nanostructures for energy storage applications",AGRONOMY-BASEL
2023,October,WOS,College of Science,Scientific,Laser-Induced breakdown spectroscopy and Energy-Dispersive X-ray analyses for green mineral fluorite (CaF2),ENERGY REPORTS
2023,October,WOS,College of Science,Scientific,"LCMS/MS Phytochemical Profiling, Molecular, Pathological, and Immune-Histochemical Studies on the Anticancer Properties of Annona muricata",INTERNATIONAL JOURNAL OF BIOLOGICAL MACROMOLECULES
2023,October,WOS,College of Science,Scientific,Magnetic solid phase extraction of aminoglycosides residue in chicken egg samples using Fe3O4-GO-Agarose-Chitosan composite,CHEMICAL PHYSICS
2023,October,WOS,College of Science,Scientific,"Magnetic, optoelectronic, and thermoelectric characteristics of Ln2MnSe4 (Ln = Yb, Lu) spinel chalcogenides: A DFT investigation",RSC ADVANCES
2023,October,WOS,College of Science,Scientific,Main Sequence Star Super-flare Frequency based on Entire Kepler Data,JOURNAL OF ENERGY STORAGE
2023,October,WOS,College of Science,Scientific,Mathematical analysis of fractional order alcoholism model,NANOTECHNOLOGY REVIEWS
2023,October,WOS,College of Science,Scientific,Mathematical Modeling and Theoretical Analysis of Bioconvective Magnetized Sutterby Nanofluid Flow Over Rotating Disk with Activation Energy,CHAOS SOLITONS & FRACTALS
2023,October,WOS,College of Science,Scientific,"Mechanical, optoelectronic and thermoelectric properties of lead-free inorganic Li-based double perovskites Li2GeZ6 (Z = Cl, Br, I) for energy applications",SYMMETRY-BASEL
2023,October,WOS,College of Science,Scientific,Microplastics in soil differentially interfere with nutritional aspects of chilli pepper,MICROBIOLOGY RESEARCH
2023,October,WOS,College of Science,Scientific,Micro-segmentation of retinal image lesions in diabetic retinopathy using energy-based fuzzy C-Means clustering (EFM-FCM),JOURNAL OF MOLECULAR MODELING
2023,October,WOS,College of Science,Scientific,Mixed micellization between sunset yellow dye and hexadecyltrimethylammonium chloride/sodium tetradecyl sulphate surfactants in an aqueous medium,JOURNAL OF MOLECULAR MODELING
2023,October,WOS,College of Science,Scientific,Modeling of System Availability and Bayesian Analysis of Bivariate Distribution,MATERIALS
2023,October,WOS,College of Science,Scientific,"Modeling of the photophysical and photovoltaic properties of an active layer based on the organic composite poly(2-methoxy-5-(2-ethyl-hexyloxy)-1,4-phenylene-vinylene) (MEH-PPV)-poly(3-hexylthiophene) (P3HT): (6,6)-phenyl C61 butyric acid methyl ester (PCBM)",ECS JOURNAL OF SOLID STATE SCIENCE AND TECHNOLOGY
2023,October,WOS,College of Science,Scientific,Modified generalized Weibull distribution: theory and applications,ACS OMEGA
2023,October,WOS,College of Science,Scientific,"Modulated Magnetic, Electronic, and Optical Properties of Vanadium-Doped LaAlO3: A First-Principles Study",PLANTS-BASEL
2023,October,WOS,College of Science,Scientific,Modulation of optical and structural properties of CoFe2O4/ZnO@CNTs for photocatalytic removal of crystal violet and phenol,RADIATION PHYSICS AND CHEMISTRY
2023,October,WOS,College of Science,Scientific,"Molecular docking, DFT studies, and anti-inflammatory evaluation of peshawaraquinone isolated from Fernandoa adenophylla",JOURNAL OF MATERIALS SCIENCE-MATERIALS IN ELECTRONICS
2023,October,WOS,College of Science,Scientific,Molecular mechanisms of conjugated zinc nano-particles for nano drug delivery against hepatic cirrhosis in CCl4-induced rats model,OPTICAL AND QUANTUM ELECTRONICS
2023,October,WOS,College of Science,Scientific,"Momentum, heat and mass transfer in the hydrodynamic electrically conducting fluid flow over a stretching sheet",ARABIAN JOURNAL OF CHEMISTRY
2023,October,WOS,College of Science,Scientific,Monitoring the genetic variation of some Escherichia coli strains in wild birds and cattle,JOURNAL OF PLANT PATHOLOGY
2023,October,WOS,College of Science,Scientific,Monopodial and Sympodial Bamboos Grown in Tropic and Sub-tropic Countries-A Review,MATERIALS CHEMISTRY AND PHYSICS
2023,October,WOS,College of Science,Scientific,MoS42- exchanged NO3- in poly-phenylglycine spherical particles for efficient removal of Pb2+ ions,JOURNAL OF ELECTROANALYTICAL CHEMISTRY
2023,October,WOS,College of Science,Scientific,Multidrug resistant and multivirulent avian bacterial pathogens: tackling experimental leg disorders using phytobiotics and antibiotics alone or in combination,ENERGY & FUELS
2023,October,WOS,College of Science,Scientific,"Multifaceted analysis of PbO-Bi2O3-ZnO-B2O3 glasses: unveiling structural, Optical, and gamma-ray shielding behaviour",INORGANICS
2023,October,WOS,College of Science,Scientific,"Multi-target action of Garcinia livingstonei extract and secondary metabolites against fatty acid synthase, a-glucosidase, and xanthine oxidase",ENVIRONMENTAL RESEARCH
2023,October,WOS,College of Science,Scientific,Myco-Synthesized Selenium Nanoparticles as Wound Healing and Antibacterial Agent: An In Vitro and In Vivo Investigation,JOURNAL OF ANIMAL PHYSIOLOGY AND ANIMAL NUTRITION
2023,October,WOS,College of Science,Scientific,Mycotoxins Associated with Maize Wastes Treated with Comprised Capsule of Spirulina platensis Biomass,MATERIALS CHEMISTRY AND PHYSICS
2023,October,WOS,College of Science,Scientific,Nanotheranostic fabrication of iron oxide for rapid photocatalytic degradation of organic dyes and antifungal potential,HELIYON
2023,October,WOS,College of Science,Scientific,Natural polymers as potential P-glycoprotein inhibitors: Pre-ADMET profile and computational analysis as a proof of concept to fight multidrug resistance in cancer,MATERIALS SCIENCE AND ENGINEERING B-ADVANCED FUNCTIONAL SOLID-STATE MATERIALS
2023,October,WOS,College of Science,Scientific,"New Functionalized Chitosan with Thio-Thiadiazole Derivative with Enhanced Inhibition of Pathogenic Bacteria, Plant Threatening Fungi, and Improvement of Seed Germination",RSC ADVANCES
2023,October,WOS,College of Science,Scientific,New Results for the Investigation of the Asymptotic Behavior of Solutions of Nonlinear Perturbed Differential Equations,CHEMICAL PHYSICS
2023,October,WOS,College of Science,Scientific,"New solitary waves, bifurcation and chaotic patterns of Coupled Nonlinear Schrodinger System arising in fibre optics",ACS OMEGA
2023,October,WOS,College of Science,Scientific,NiO and magnetic CuFe2O4-based composite electrocatalyst for enhanced oxygen evolution reaction,NANO RESEARCH
2023,October,WOS,College of Science,Scientific,Nonlinear optical coefficients of Samarium-activated lithium zinc borate glasses in femtosecond and nanosecond regimes,HELIYON
2023,October,WOS,College of Science,Scientific,Nonlinear refractive index enhancement of Nd3+ ions loaded borate glasses in the near-infrared region by silver nanoparticles,PLANT MOLECULAR BIOLOGY REPORTER
2023,October,WOS,College of Science,Scientific,Nonlinear Skew Lie-Type Derivations on *-Algebra,PLANT STRESS
2023,October,WOS,College of Science,Scientific,"Novel Aminopyrimidine-2,4-diones, 2-Thiopyrimidine-4-ones, and 6-Arylpteridines as Dual-Target Inhibitors of BRD4/PLK1: Design, Synthesis, Cytotoxicity, and Computational Studies",OPEN MATHEMATICS
2023,October,WOS,College of Science,Scientific,"Occurrence and Health Risk Assessment of Heavy Metals in Lychee (Litchi chinensis Sonn., Sapindaceae) Fruit Samples",ADVANCED COMPOSITES AND HYBRID MATERIALS
2023,October,WOS,College of Science,Scientific,On Cyclic LA-Hypergroups,CATALYSTS
2023,October,WOS,College of Science,Scientific,On the modulational of Schamel nonlinear Schrodinger equation and the associated envelope excitations in a degenerate relativistic quantum complex plasma,MATERIALS
2023,October,WOS,College of Science,Scientific,One-Parameter Hyperbolic Spatial Locomotions and Invariants of the Axode,ZEITSCHRIFT FUR PHYSIKALISCHE CHEMIE-INTERNATIONAL JOURNAL OF RESEARCH IN PHYSICAL CHEMISTRY & CHEMICAL PHYSICS
2023,October,WOS,College of Science,Scientific,Optical Properties and Radiation Shielding Performance of Boron Silicate Glasses Containing CrO3 and SrTiO3,ACS OMEGA
2023,October,WOS,College of Science,Scientific,Optical properties and radiation shielding performance of tellurite glassy composites: Role of rare earth oxides,JOURNAL OF SAUDI CHEMICAL SOCIETY
2023,October,WOS,College of Science,Scientific,Optimal Auxiliary Function Method for Analyzing Nonlinear System of Belousov-Zhabotinsky Equation with Caputo Operator,ADVANCED NONLINEAR STUDIES
2023,October,WOS,College of Science,Scientific,Optimal scheme and estimation for a bivariate step-stress accelerated life test with the inverse Weibull distribution under type-I progressive censored samples,PHYSICA SCRIPTA
2023,October,WOS,College of Science,Scientific,Optimizing oxygen vacancies and electrochemical performance of CeO2-d nanosheets through the combination of di- and tri-valent doping,JOURNAL OF PHYSICS AND CHEMISTRY OF SOLIDS
2023,October,WOS,College of Science,Scientific,Opto-electronic and thermoelectric properties of free-lead inorganic double perovskites Rb/Cs2ScAuI6 for energy devices,CASE STUDIES IN THERMAL ENGINEERING
2023,October,WOS,College of Science,Scientific,Partnering essential oils with antibiotics: proven therapies against bovine Staphylococcus aureus mastitis,MICROMACHINES
2023,October,WOS,College of Science,Scientific,Patterns of insect succession and decomposition on rabbit carcasses over the summer and winter seasons,JOURNAL OF ENERGY STORAGE
2023,October,WOS,College of Science,Scientific,Performance and genotypic variability in diverse date palm (Phoenix dactylifera L.) cultivars for fruit characteristics,CHEMISTRY-AN ASIAN JOURNAL
2023,October,WOS,College of Science,Scientific,Photo-electrochemical degradation of rhodamine B using electrodeposited Mn3(PO4)2.3H2O thin films,COMPLEX & INTELLIGENT SYSTEMS
2023,October,WOS,College of Science,Scientific,Physicochemical modeling and characterization of the adsorption mechanism of seven pharmaceutical molecules onto SARS-CoV-2 virus,AXIOMS
2023,October,WOS,College of Science,Scientific,"Planophila laetevirens-Mediated Synthesis of Silver Nanoparticles: Optimization, Characterization, and Anticancer and Antibacterial Potentials",ACS OMEGA
2023,October,WOS,College of Science,Scientific,Potassium Nitrate and Ascorbic Acid Priming Improved Tissue Chemical Composition and Antioxidant and Antimicrobial Activities of Linseed (Linum usitatissimum L.) Sprouts,FORENSIC SCIENCE INTERNATIONAL
2023,October,WOS,College of Science,Scientific,Predicting compressive strength of eco-friendly plastic sand paver blocks using gene expression and artificial intelligence programming,PHARMACEUTICALS
2023,October,WOS,College of Science,Scientific,Preparation and Characterization of Polyhedron Mn(III) Oxide/-β-Mn(IV) Oxide/Poly-o-chloroaniline Porous Nanocomposite for Electroanalytical Photon Detection,HORTICULTURAE
2023,October,WOS,College of Science,Scientific,Preparation of polyoxometalate ionic liquids (POM-ILs) coated on metal coins for anticorrosion activity,E-POLYMERS
2023,October,WOS,College of Science,Scientific,Prevalence and risk factors associated with Toxocara canis in dogs and humans in Egypt: A comparative approach,BMC PLANT BIOLOGY
2023,October,WOS,College of Science,Scientific,Probe-Sonicated Synthesis of CuO-ZnO Hybrid Nanocomposite for Photocatalytic and Supercapacitor Applications,E-POLYMERS
2023,October,WOS,College of Science,Scientific,Protective effect of Salvia hispanica (chia seeds) against obesity induced ovarian disorders in rat model,MATERIALS TODAY COMMUNICATIONS
2023,October,WOS,College of Science,Scientific,"PVC doped with Ni0.5Pb0.5Fe2O4 spinel ferrites nanoparticles: Fabrication, structural, optical, and radiation shielding properties",AXIOMS
2023,October,WOS,College of Science,Scientific,Quantum Dot Supernova-like-Shaped Arsenic (III) Sulfide-Oxide/Polypyrrole Thin Film for Optoelectronic Applications in a Wide Optical Range from Ultraviolet to Infrared,RSC ADVANCES
2023,October,WOS,College of Science,Scientific,Radiation Attenuation Properties of Zinc-Borosilicate Glasses Containing Al2O3 and Gd2O3,PHYSICA SCRIPTA
2023,October,WOS,College of Science,Scientific,Radioactivity concentration and radiological risk assessment of beach sand along the coastline in the Mediterranean Sea,JOURNAL OF ELECTRONIC MATERIALS
2023,October,WOS,College of Science,Scientific,"Recent trends on MIL-Fe metal-organic frameworks: synthesis approaches, structural insights, and applications in organic pollutant adsorption and photocatalytic degradation",SUSTAINABILITY
2023,October,WOS,College of Science,Scientific,Reducing Herbicide Dependency: Impact of Murraya koenigii Leaf Extract on Weed Control and Growth of Wheat (Triticum aestivum) and Chickpea (Cicer arietinum),RSC ADVANCES
2023,October,WOS,College of Science,Scientific,"Relativistic configurations of Tolman stellar spheres in f (G, T ) gravity",PLANTS-BASEL
2023,October,WOS,College of Science,Scientific,Reliability Analysis of Kavya Manoharan Kumaraswamy Distribution under Generalized Progressive Hybrid Data,NANOMATERIALS AND NANOTECHNOLOGY
2023,October,WOS,College of Science,Scientific,Reliability analysis of the triple modular redundancy system under step-partially accelerated life tests using Lomax distribution,RSC ADVANCES
2023,October,WOS,College of Science,Scientific,Reproducible Preparation of Thin Graphene Films Using a Green and Efficient Liquid-Phase Exfoliation Method for Applications in Photovoltaics,JOURNAL OF BIOMOLECULAR STRUCTURE & DYNAMICS
2023,October,WOS,College of Science,Scientific,Role of TiO2 addition on recycling of TV screen waste glasses: Experimental and theoretical studies on structure and radiation attenuation properties,BIOCHEMICAL SYSTEMATICS AND ECOLOGY
2023,October,WOS,College of Science,Scientific,SERS study of classical and newly β-lactams-metal complexation based on in situ laser-induced coral reefs-like silver photomicroclusters: In vitro study of antibacterial activity,AIP ADVANCES
2023,October,WOS,College of Science,Scientific,Significant photocatalytic decomposition of malachite green dye in aqueous solutions utilizing facilely synthesized barium titanate nanoparticles,HELIYON
2023,October,WOS,College of Science,Scientific,Silica binary hybrid particles based on reduced graphene oxide for natural rubber composites with enhanced thermal conductivity and mechanical properties,INORGANIC CHEMISTRY COMMUNICATIONS
2023,October,WOS,College of Science,Scientific,"Sm3+-Doped Alumino Borophospho-Silicate Glasses: An Examination of the Optical, Structural, and Gamma-ray Protective Features",DEMONSTRATIO MATHEMATICA
2023,October,WOS,College of Science,Scientific,"Sm3+ions doped Sm2Si2O7-based glass ceramics: Crystallization, luminescence and energy transfer process through heat treatment*",JOURNAL OF ALLOYS AND COMPOUNDS
2023,October,WOS,College of Science,Scientific,Some Classification Theorems and Endomorphisms in New Classes,RESULTS IN PHYSICS
2023,October,WOS,College of Science,Scientific,Spectroscopic investigation of phase transformation of calcium oxalate dehydrates (renal calculi) using acidic Bryophyllum pinnatom powder,MOLECULES
2023,October,WOS,College of Science,Scientific,Stabilization of the Antioxidant Properties in Spray-Dried Microcapsules of Fish and Chia Oil Blends,FOOD CHEMISTRY
2023,October,WOS,College of Science,Scientific,Statistical analysis of the Gompertz-Makeham model using adaptive progressively hybrid Type-II censoring and its applications in various sciences,JOURNAL OF SOLID STATE CHEMISTRY
2023,October,WOS,College of Science,Scientific,Statistical inference based on lower record values for the inverse Weibull distribution under the modified loss function,RESEARCH IN ASTRONOMY AND ASTROPHYSICS
2023,October,WOS,College of Science,Scientific,Statistical study for Covid-19 spread during the armed crisis faced by Ukrainians,ALEXANDRIA ENGINEERING JOURNAL
2023,October,WOS,College of Science,Scientific,Stimulating the efficiency of Cd-phytoremediation from contaminated soils by Solanum nigrum L.: Effect of foliar and soil application of yeast extract,BIONANOSCIENCE
2023,October,WOS,College of Science,Scientific,"Strontium-doped borate glasses: synthesis, structure, optical, and radiation attenuation characteristics",PHYSICA SCRIPTA
2023,October,WOS,College of Science,Scientific,"Structural, dielectric and electronic properties of Ba1-xSrxZr0.3Ti0.7O3 (x=0.0, 0.1, 0.2, 0.24, 0.27, 0.3) ceramics: Combined experimental and ab-initio study",SOUTH AFRICAN JOURNAL OF BOTANY
2023,October,WOS,College of Science,Scientific,"Structural, electrical, and photocatalytic properties of Y-type hexaferrite/carbon dot composite",MICROSCOPY RESEARCH AND TECHNIQUE
2023,October,WOS,College of Science,Scientific,"Study of mechanical, optical, and thermoelectric characteristics of Ba2XMoO6 (X = Zn, Cd) double perovskite for energy harvesting",CHEMICAL PAPERS
2023,October,WOS,College of Science,Scientific,"Study of optical, thermoelectric and mechanical properties of cerium based perovskites CePO3 (P = be, Ca, Mg)",SYMMETRY-BASEL
2023,October,WOS,College of Science,Scientific,Study of spin control on half metallic ferromagnetism and thermoelectric properties of MgEu2(S/Se)4 for spintronic and energy harvesting devices,INTERNATIONAL JOURNAL OF QUANTUM CHEMISTRY
2023,October,WOS,College of Science,Scientific,Study on the synthesis and activity of Ag/LaFeO3/CNTs for photodegradation of harmful pollutants under visible light irradiation,SCIENTIFIC REPORTS
2023,October,WOS,College of Science,Scientific,Synergistic redox enhancement: silver phosphate augmentation for optimizing magnesium copper phosphate in efficient energy storage devices and oxygen evolution reaction,PHYSICA STATUS SOLIDI B-BASIC SOLID STATE PHYSICS
2023,October,WOS,College of Science,Scientific,"Synergized toxicity exhibited by indigenous entomopathogenic fungal strains, plant extracts and synthetic insecticides against fall armyworm Spodoptera frugiperda (JE Smith) under laboratory and semi-field conditions",ZEITSCHRIFT FUR PHYSIKALISCHE CHEMIE-INTERNATIONAL JOURNAL OF RESEARCH IN PHYSICAL CHEMISTRY & CHEMICAL PHYSICS
2023,October,WOS,College of Science,Scientific,"Synthesis and Characterization of Methoxy-Exfoliated Montmorillonite Nanosheets as Potential Carriers of 5-Fluorouracil Drug with Enhanced Loading, Release, and Cytotoxicity Properties",JOURNAL OF BIOMOLECULAR STRUCTURE & DYNAMICS
2023,October,WOS,College of Science,Scientific,Synthesis and Characterization of Mg-Hydroxyapatite and Its β-Cyclodextrin Composite as Enhanced Bio-Carrier of 5-Fluorouracil Drug; Equilibrium and Release Kinetics,RENDICONTI LINCEI-SCIENZE FISICHE E NATURALI
2023,October,WOS,College of Science,Scientific,"SYNTHESIS AND CHARACTERIZATION OF SOME NOVEL HETEROANNULATED CHROMENO[4,3-b]QUINOLINES",MODERN PHYSICS LETTERS B
2023,October,WOS,College of Science,Scientific,"Synthesis and optimization of B2O3-based glass: Influence of MgO on hardness, structure properties, and radiation shielding performance",ONDERSTEPOORT JOURNAL OF VETERINARY RESEARCH
2023,October,WOS,College of Science,Scientific,"Synthesis and Optimization of Bi2O3-B2O3-Cr2O3 Glass System for Structural, Optical, and Radiation Shielding Properties",BIORESOURCES
2023,October,WOS,College of Science,Scientific,Synthesis of Oval-Shaped Bi2Al4O9 Nanoparticles and Their Applications for the Degradation of Acid Green 25 and as Fuel Additives,MATERIALS TODAY COMMUNICATIONS
2023,October,WOS,College of Science,Scientific,Synthesis of PS/RB-Cs and its use in the treatment of water polluted with heavy metals,POULTRY SCIENCE
2023,October,WOS,College of Science,Scientific,"Synthesis, Biological Evaluation, and Molecular Docking of Novel Azolylhydrazonothiazoles as Potential Anticancer Agents",JOURNAL OF MATERIALS SCIENCE-MATERIALS IN ELECTRONICS
2023,October,WOS,College of Science,Scientific,"Synthesis, crystal structure, antifungal activities, Hirshfeld surface analysis and molecular docking studies of (2-cycloheptylidenehydrazene-1-carbothioamide) and its complex bis (2-cycloheptylidenehydrazene-1-carbothioamide)Zn(II)",SAUDI PHARMACEUTICAL JOURNAL
2023,October,WOS,College of Science,Scientific,"Systematic investigation of magneto-electronic, structural, thermoelectric and optical properties of Nd2MgX4 (X = S, Se) compounds",MICROORGANISMS
2023,October,WOS,College of Science,Scientific,Tailoring electronic structure and charge transport in thiophene-based hole transport materials: An end-capping acceptor strategy for efficient perovskite solar cells,BIORESOURCES
2023,October,WOS,College of Science,Scientific,Tailoring of electrochemical properties on Nd-doped Ni3S2 electrode via doping strategy for supercapacitor application,JOURNAL OF SAUDI CHEMICAL SOCIETY
2023,October,WOS,College of Science,Scientific,"Targeted synthesis of hollow titania microspheres with sustained release behaviors of 1,2-benzisothiazolin-3-one (BIT) for good marine antifouling performance",HELIYON
2023,October,WOS,College of Science,Scientific,"TD-DFT, DFT, docking, MD simulations, and concentration-dependent SERS investigations of a bioactive trifluoromethyl derivative having human acetylcholinesterase and butyrylcholinesterase in silver colloids",CHEMISTRY-SWITZERLAND
2023,October,WOS,College of Science,Scientific,"Techno-functional, antioxidants, microstructural, and sensory characteristics of biscuits as affected by fat replacer using roasted and germinated chickpea (Cicer arietinum L.)",AXIOMS
2023,October,WOS,College of Science,Scientific,The bio-convection analysis for non-Newtonian nano-fluid due to accelerating surface,OPTICAL AND QUANTUM ELECTRONICS
2023,October,WOS,College of Science,Scientific,"The comparative investigations of structural, optoelectronic, and mechanical properties of AgBeX3 (X = F and Cl) metal halide-perovskites for prospective energy applications utilizing DFT approach",EUROPEAN PHYSICAL JOURNAL PLUS
2023,October,WOS,College of Science,Scientific,The impact of cu-doping on Ni0.5-Co0.5Fe2O4 @graphitic carbon nitride for the degradation of organic pollutants,OPTICS AND LASER TECHNOLOGY
2023,October,WOS,College of Science,Scientific,The melatonin receptor agonist agomelatine protects against acute pancreatitis induced by cadmium by attenuating inflammation and oxidative stress and modulating Nrf2/HO-1 pathway,OPTICAL MATERIALS
2023,October,WOS,College of Science,Scientific,"The multifaceted effects of fluoranthene and polystyrene on the taxonomic composition and associated functional traits of marine meiofauna, by using single and mixture applications",MATHEMATICS
2023,October,WOS,College of Science,Scientific,"The role of Eu3+ ions on FTIR, UV-vis spectroscopy, photoluminescence, and mechanical properties of newly fabricated borate-based glasses",PHARMACEUTICALS
2023,October,WOS,College of Science,Scientific,"The seasonal variation of ambient gamma radiation dose rate and health risk assessment in North Coast, Mediterranean Sea",HORTICULTURAE
2023,October,WOS,College of Science,Scientific,The soliton solutions for stochastic Calogero-Bogoyavlenskii Schiff equation in plasma physics/fluid mechanics,SYMMETRY-BASEL
2023,October,WOS,College of Science,Scientific,"The study optical, thermoelectric, and thermodynamic properties of double perovskites K2CuBiX6 (X = Cl, Br, I) for energy harvesting",RESULTS IN PHYSICS
2023,October,WOS,College of Science,Scientific,The use of low-density polyethylene-molybdenum oxide polymer composites as radiation shielding laminates in dental radiology physical structures,MATHEMATICS
2023,October,WOS,College of Science,Scientific,Theoretical analysis of Arrhenius activation energy on 3D MHD nanofluid flow with convective boundary condition,SILICON
2023,October,WOS,College of Science,Scientific,"Theoretical insights into the structural, optoelectronic, thermoelectric, and thermodynamic behavior of novel quaternary LiZrCoX (X = Ge, Sn) compounds based on first-principles study",RADIATION PHYSICS AND CHEMISTRY
2023,October,WOS,College of Science,Scientific,Thermal decomposition of hybrid nanofluid confined by radiated curved stagnated surface capturing partial slip effects,AXIOMS
2023,October,WOS,College of Science,Scientific,Towards Development of High-Performance Perovskite Solar Cells Based on Pyrrole Materials for Hole Transport Layer by Using Computational Approach,QUALITY AND RELIABILITY ENGINEERING INTERNATIONAL
2023,October,WOS,College of Science,Scientific,"Tunable electronic structures, Rashba splitting, and optical and photocatalytic responses of MSSe-PtO2 (M = Mo, W) van der Waals heterostructures",RSC ADVANCES
2023,October,WOS,College of Science,Scientific,"Uncovering the attributes of Bi2O3-CdO-TeO2 glasses: examining their structural, optical, and gamma ray shielding properties",PHYSICA SCRIPTA
2023,October,WOS,College of Science,Scientific,"Unusual heating rates, dose responses and kinetic parameters detected on thermoluminescence from YAl3(BO3)4:Sm3+ phosphors",FRONTIERS IN CELLULAR AND INFECTION MICROBIOLOGY
2023,October,WOS,College of Science,Scientific,Validated spectrofluorimetric and resonance Rayleigh scattering methods for determining naftidrofuryl in varied pharmaceutical samples based on its interaction with erythrosin B,INTERNATIONAL JOURNAL OF TROPICAL INSECT SCIENCE
2023,October,WOS,College of Science,Scientific,Validation of a Cost-Effective RP-HPLC Method for Quantitative Investigation of Daclatasvir Dihydrochloride in Pharmaceutical Formulations,GENETIC RESOURCES AND CROP EVOLUTION
2023,October,WOS,College of Science,Scientific,Zinc oxide nanoparticles and PGPR strengthen salinity tolerance and productivity of wheat irrigated with saline water in sodic-saline soil,JOURNAL OF PHOTOCHEMISTRY AND PHOTOBIOLOGY A-CHEMISTRY
2023,October,WOS,College of Science,Scientific,Zn/Mn co-doped NiO synthesized by sol-gel route for the photocatalytic degradation of methylene blue dye,MATERIALS CHEMISTRY AND PHYSICS
2023,October,WOS,College of Science,Scientific,3D thin-film nanofluid flow with heat transfer on an inclined disc by using HWCM,ACS OMEGA
2023,October,WOS,College of Science,Scientific,"A Closer Look at the Fabrication of Iron(II)-Doped Borate Glasses and their Structural, Optical, and Gamma-Ray Shielding Characteristics",ACS OMEGA
2023,October,WOS,College of Science,Scientific,A comprehensive first-principles study on the physical properties of Sr2ScBiO6 for low-cost energy technologies,SCIENTIFIC REPORTS
2023,October,WOS,College of Science,Scientific,A computational study on entropy optimized nonlinear convective dual diffusive slip flow of rate type liquid under modern diffusion concepts,PROCESSES
2023,October,WOS,College of Science,Scientific,A Fuzzy Parameterized Multiattribute Decision-Making Framework for Supplier Chain Management Based on Picture Fuzzy Soft Information,POLYHEDRON
2023,October,WOS,College of Science,Scientific,A Modified Viscosity-Type Self-Adaptive Iterative Algorithm for Common Solution of Split Problems with Multiple Output Sets in Hilbert Spaces,VETERINARY MEDICINE AND SCIENCE
2023,October,WOS,College of Science,Scientific,A New Sine-Based Distributional Method with Symmetrical and Asymmetrical Natures: Control Chart with Industrial Implication,INORGANICS
2023,October,WOS,College of Science,Scientific,A Novel Biosensing Approach: Improving SnS2 FET Sensitivity with a Tailored Supporter Molecule and Custom Substrate,TISSUE & CELL
2023,October,WOS,College of Science,Scientific,A Novel Generalization of Q-Rung Orthopair Fuzzy Aczel Alsina Aggregation Operators and Their Application in Wireless Sensor Networks,RADIATION PHYSICS AND CHEMISTRY
2023,October,WOS,College of Science,Scientific,A Novel Interval-Valued Decision Theoretic Rough Set Model with Intuitionistic Fuzzy Numbers Based on Power Aggregation Operators and Their Application in Medical Diagnosis,CATALYSTS
2023,October,WOS,College of Science,Scientific,A Probabilistic Version of Eneström-Kakeya Theorem for Certain Random Polynomials,SILICON
2023,October,WOS,College of Science,Scientific,"A study on zinc-borate glasses: synthesis, structure, FTIR spectroscopy, optical, mechanical, dielectric properties, and radiation protection competence",MARINE POLLUTION BULLETIN
2023,October,WOS,College of Science,Scientific,A Time-Fractional Differential Inequality of Sobolev Type on an Annulus,ENVIRONMENTAL SCIENCE-NANO
2023,October,WOS,College of Science,Scientific,Adaptive Type-II Hybrid Progressive Censoring Samples for Statistical Inference of Comparative Inverse Weibull Distributions,AGRICULTURE-BASEL
2023,October,WOS,College of Science,Scientific,AN ECOSYSTEM MODEL WITH MEMORY EFFECT CONSIDERING GLOBAL WARMING PHENOMENA AND AN EXPONENTIAL FEAR FUNCTION,INTERNATIONAL JOURNAL OF GEOMETRIC METHODS IN MODERN PHYSICS
2023,October,WOS,College of Science,Scientific,An Extension of Strict Almost Contractions Employing Control Function and Binary Relation with Applications to Boundary Value Problems,SYMMETRY-BASEL
2023,October,WOS,College of Science,Scientific,"An in-vitro evaluation of antifungal, anti-lungcancer (A549), and anti-hyperglycemic activities potential of Andrographis paniculata (Burm. f.) flower extract",SCIENTIFIC REPORTS
2023,October,WOS,College of Science,Scientific,"Analysis of genetic diversity, population structure and phylogenetic relationships of rice (Oryza sativa L.) cultivars using simple sequence repeat (SSR) markers",COATINGS
2023,October,WOS,College of Science,Scientific,Analysis of the Stress-Strength Model Using Uniform Truncated Negative Binomial Distribution under Progressive Type-II Censoring,CERAMICS INTERNATIONAL
2023,October,WOS,College of Science,Scientific,Antibiotic Resistance Profiling and Phylogenicity of Uropathogenic Bacteria Isolated from Patients with Urinary Tract Infections,JOURNAL OF PHARMACEUTICAL AND BIOMEDICAL ANALYSIS
2023,October,WOS,College of Science,Scientific,Approximate Controllability of Neutral Differential Systems with Fractional Deformable Derivatives,DISCOVER NANO
2023,October,WOS,College of Science,Scientific,Assessment of patient and occupational exposure and radiation risk from cath-lab procedure,ADVANCED COMPOSITES AND HYBRID MATERIALS
2023,October,WOS,College of Science,Scientific,Asymptotic Results of Some Conditional Nonparametric Functional Parameters in High-Dimensional Associated Data,SILICON
2023,October,WOS,College of Science,Scientific,Authentication of Roasted Coffee Beans via LIBS: Statistical Principal Component Analysis,JOURNAL OF RARE EARTHS
2023,October,WOS,College of Science,Scientific,"Ba2-xHoxSr2-yNiyFe12O22 and its composite with MXene: synthesis, characterization and enhanced visible light mediated photocatalytic activity for colored dye and pesticide",MATHEMATICS
2023,October,WOS,College of Science,Scientific,Bäcklund transformation for analyzing a cylindrical Korteweg-de Vries equation and investigating multiple soliton solutions in a plasma,SPECTROCHIMICA ACTA PART A-MOLECULAR AND BIOMOLECULAR SPECTROSCOPY
2023,October,WOS,College of Science,Scientific,"Batch adsorption study in liquid phase under agitation, rotation, and nanobubbles: comparisons in a multi-parametric study",ACS OMEGA
2023,October,WOS,College of Science,Scientific,Bimetallic NiCe/Lay catalysts facilitated co-pyrolysis of oleic acid and methanol for efficiently preparing anaerobic hydrocarbon fuels,JOURNAL OF RADIATION RESEARCH AND APPLIED SCIENCES
2023,October,WOS,College of Science,Scientific,"Cadmium-induced lung injury is associated with oxidative stress, apoptosis, and altered SIRT1 and Nrf2/HO-1 signaling; protective role of the melatonin agonist agomelatine",ALEXANDRIA ENGINEERING JOURNAL
2023,October,WOS,College of Science,Scientific,Calligraphic pencil-on-paper strain sensors,ALEXANDRIA ENGINEERING JOURNAL
2023,October,WOS,College of Science,Scientific,Characterisation of the essential oil from Iphiona grantioides and investigation of its antibacterial and antioxidant properties,SOUTH AFRICAN JOURNAL OF BOTANY
2023,October,WOS,College of Science,Scientific,Characterization of wheat flour millstreams for friabilin prevalence and nutrient composition,JOURNAL OF MATERIALS SCIENCE-MATERIALS IN ELECTRONICS
2023,October,WOS,College of Science,Scientific,"Chemical composition, seasonal variation and antiaging activities of essential oil from Callistemon subulatus leaves growing in Egypt",MATERIALS SCIENCE AND ENGINEERING B-ADVANCED FUNCTIONAL SOLID-STATE MATERIALS
2023,October,WOS,College of Science,Scientific,Chemically reactive Squeezed flow of Maxwell nanofluid confined by parallel stratified walls subjected to radiative flux,JOURNAL OF MATERIALS SCIENCE-MATERIALS IN ELECTRONICS
2023,October,WOS,College of Science,Scientific,Chiral resolution of (±)-flurbiprofen using molecularly imprinted hydrazidine-modified cellulose microparticles,JOURNAL OF COMPUTATIONAL CHEMISTRY
2023,October,WOS,College of Science,Scientific,Cobalt Ferrite Surface-Modified Carbon Nanotube Fibers as an Efficient and Flexible Electrode for Overall Electrochemical Water Splitting Reactions,PHYSICA B-CONDENSED MATTER
2023,October,WOS,College of Science,Scientific,Comparative Study of Augmented Classical Least Squares Models for UV Assay of Co-Formulated Antiemetics Together with Related Impurities,JOURNAL OF PHYSICS AND CHEMISTRY OF SOLIDS
2023,October,WOS,College of Science,Scientific,Computational insight into the fundamental physical properties of ternary ABCl3 chloroperovskites compounds using the DFT approach,JOURNAL OF THE KOREAN CERAMIC SOCIETY
2023,October,WOS,College of Science,Scientific,Construction of optimum multivalued cryptographic Boolean function using artificial bee colony optimization and multi-criterion decision-making,NANOSCALE ADVANCES
2023,October,WOS,College of Science,Scientific,Controlling Multi-Drug-Resistant Traits of Salmonella Obtained from Retail Poultry Shops Using Metal-Organic Framework (MOF) as a Novel Technique,JOURNAL OF PLANT DISEASES AND PROTECTION
2023,October,WOS,College of Science,Scientific,"Copper-Doped Borate Glass Systems: Fabrication, Physical and Optical Characteristics, and Efficiency of Radiation Attenuation",MOLECULES
2023,October,WOS,College of Science,Scientific,CoSe2@ZnS microsphere arrays with remarkable electrochemical performance for hybrid asymmetric supercapacitor,ACS OMEGA
2023,October,WOS,College of Science,Scientific,Crushing behavior optimization of octagonal lattice-structured thin-walled 3D printed carbon fiber reinforced PETG (CF/PETG) composite tubes under axial loading,HETEROCYCLES
2023,October,WOS,College of Science,Scientific,Customized structural and mechanical characteristics of Eu3+ imbued boro-telluro-dolomite glasses: effect of Dy3+ co-doping,MATERIALS TODAY COMMUNICATIONS
2023,October,WOS,College of Science,Scientific,"Design and synthesis of novel rigid dibenzo[b,f]azepines through ring closure technique as promising anticancer candidates against leukaemia and acting as selective topoisomerase II inhibitors and DNA intercalators",JOURNAL OF ELECTRONIC MATERIALS
2023,October,WOS,College of Science,Scientific,"Design, synthesis, apoptotic, and antiproliferative effects of 5-chloro-3-(2-methoxyvinyl)-indole-2-carboxamides and pyrido[3,4-b]indol-1-ones as potent EGFRWT/EGFRT790M inhibitors",ACS OMEGA
2023,October,WOS,College of Science,Scientific,"Design, synthesis, docking, and anticancer evaluations of new thiazolo[3,2-a] pyrimidines as topoisomerase II inhibitors",JOURNAL OF SAUDI CHEMICAL SOCIETY
2023,October,WOS,College of Science,Scientific,"Design, synthesis, molecular modelling and antitumor evaluation of S-glucosylated rhodanines through topo II inhibition and DNA intercalation",ACS OMEGA
2023,October,WOS,College of Science,Scientific,DFT modeling techniques to understand the potential applicability of novel double perovskite semiconductor Ba2LuNbO6 for sustainable thermoelectrics and optoelectronic perspectives,JOURNAL OF MOLECULAR STRUCTURE
2023,October,WOS,College of Science,Scientific,Different methods for resolving overlapping UV spectra of combination medicinal dose forms of ciprofloxacin and metronidazole,CHALCOGENIDE LETTERS
2023,October,WOS,College of Science,Scientific,Dissipative Kawahara ion-acoustic solitary and cnoidal waves in a degenerate magnetorotating plasma,JOURNAL OF PHYSICS AND CHEMISTRY OF SOLIDS
2023,October,WOS,College of Science,Scientific,"Effect of dietary supplementation of betaine and organic minerals on growth performance, serum biochemical parameters, nutrients digestibility, and growth-related genes in broilers under heat stress",ELECTROCHIMICA ACTA
2023,October,WOS,College of Science,Scientific,Effect of poling on electrochemical properties of Ag/Ba0.85Ca0.15Zr0.1Ti0.9O3 composites,ADVANCED COMPOSITES AND HYBRID MATERIALS
2023,October,WOS,College of Science,Scientific,Effect of κ-deformed Kaniadakis distribution on the modulational instability of electron-acoustic waves in a non-Maxwellian plasma,JOURNAL OF MOLECULAR MODELING
2023,October,WOS,College of Science,Scientific,Effectiveness of exergaming in reducing cancer-related fatigue among children with acute lymphoblastic leukemia: a randomized controlled trial,INTERNATIONAL JOURNAL OF FOOD PROPERTIES
2023,October,WOS,College of Science,Scientific,"Effects of dietary forage-to-concentrate ratio on fat deposition, fatty acid composition, oxidative stability and mRNA expression of sirtuins genes of subcutaneous fat in sheep (Ovis aries)",JOURNAL OF THERMAL ANALYSIS AND CALORIMETRY
2023,October,WOS,College of Science,Scientific,Effects of LTNE on Two-Component Convective Instability in a Composite System with Thermal Gradient and Heat Source,OPTICAL AND QUANTUM ELECTRONICS
2023,October,WOS,College of Science,Scientific,Effects of slippage and permeability of couple stress fluid squeezed between two concentric rotating spheres,FLATCHEM
2023,October,WOS,College of Science,Scientific,Effects of Temperature-Dependent Conductivity and Magnetic Field on the Radiated Carreau Nanofluid Flow and Entropy Generation,INTERNATIONAL IMMUNOPHARMACOLOGY
2023,October,WOS,College of Science,Scientific,Efficient and simultaneous removal of four antibiotics with silicone polymer adsorbent from aqueous solution,MARINE POLLUTION BULLETIN
2023,October,WOS,College of Science,Scientific,Enhanced nonlinear optical absorption and optical limiting performance of nanoparticles embedded lanthanum alkali borate glasses bearing holmium ions at off-resonant spectral excitation,JOURNAL OF THE AUSTRALIAN CERAMIC SOCIETY
2023,October,WOS,College of Science,Scientific,Enhancing Sugarcane Yield and Sugar Quality through Optimal Application of Polymer-Coated Single Super Phosphate and Irrigation Management,JOURNAL OF RADIOANALYTICAL AND NUCLEAR CHEMISTRY
2023,October,WOS,College of Science,Scientific,Enhancing thermoelectric properties of CuNiO thin films through post-annealing: Effect on Seebeck coefficient and power generation,OPEN PHYSICS
2023,October,WOS,College of Science,Scientific,Evaluation of the immuno-stimulatory effect of aqueous neem (Azadirachta indica) leaf extract against highly pathogenic avian influenza (H5N8) in experimental chickens,MATERIALS SCIENCE AND ENGINEERING B-ADVANCED FUNCTIONAL SOLID-STATE MATERIALS
2023,October,WOS,College of Science,Scientific,"Examining the role of AMF-Biochar in the regulation of spinach growth attributes, nutrients concentrations, and antioxidant enzymes in mitigating drought stress",JOURNAL OF APPLIED POLYMER SCIENCE
2023,October,WOS,College of Science,Scientific,Exploring Radiographers' Engagement in Research: Motivation and Barriers in Five Arab Countries,MODERN PHYSICS LETTERS B
2023,October,WOS,College of Science,Scientific,Exploring the antibacterial mechanisms of chemically characterized essential oils from leaves and buds of Syzygium aromaticum (L.) Merr. et Perry against Staphylococcus aureus and Pseudomonas aeruginosa,RSC ADVANCES
2023,October,WOS,College of Science,Scientific,"Exploring the hidden treasures of Nitella hyalina: a comprehensive study on its biological compounds, nutritional profile, and unveiling its antimicrobial, antioxidative, and hypoglycemic properties",RESULTS IN ENGINEERING
2023,October,WOS,College of Science,Scientific,Fabrication of Asymmetric Supercapacitors (AC@GQDs//AC) with High Electrochemical Performance Utilizing Activated Carbon and Graphene Quantum Dots,JOURNAL OF COMPUTATIONAL BIOPHYSICS AND CHEMISTRY
2023,October,WOS,College of Science,Scientific,Facile fabrication of SnSe nanorods embedded in GO nanosheet for robust oxygen evolution reaction,NANOSCALE ADVANCES
2023,October,WOS,College of Science,Scientific,"Facile synthesis and eco-friendly analytical methods for concurrent estimation of selected pharmaceutical drugs in their solutions: application to quality by design, lean six sigma, and stability studies",PHYSICA SCRIPTA
2023,October,WOS,College of Science,Scientific,"First Approaches for the Novel Pyrido[1'',2'':2',3'][1,2,4]Triazolo [5',1',2,3][1,3]Thiazolo[4,5-b] Pyridines: Synthesis, Characterization and Antimicrobial Efficiency",CERAMICS INTERNATIONAL
2023,October,WOS,College of Science,Scientific,Fractional-order modeling: Analysis of foam drainage and Fisher's equations,LUMINESCENCE
2023,October,WOS,College of Science,Scientific,GLAD Fabricated Self-Powered Photodetector Based on WO3 with SiO2 as Interfacial Layer,JOURNAL OF CHEMISTRY
2023,October,WOS,College of Science,Scientific,Global genomic epidemiology of chromosomally mediated non-enzymatic carbapenem resistance in Acinetobacter baumannii: on the way to predict and modify resistance,PLANT AND SOIL
2023,October,WOS,College of Science,Scientific,Green synthesis and characterization of silver and copper nanoparticles and their use as an effective adsorbent for chromium removal and recovery from wastewater,CHEMISTRYSELECT
2023,November,wos,College of Science,Scientific,"Green synthesis of copper nanoparticles using Citrullus colocynthis leaves extract: photocatalytic, antimicrobial and antioxidant studies",OPEN PHYSICS
2023,November,wos,College of Science,Scientific,Hall current and thermal radiation effects of 3D rotating hybrid nanofluid reactive flow via stretched plate with internal heat absorption,JOURNAL OF ELECTRONIC MATERIALS
2023,November,wos,College of Science,Scientific,Head-on collision of ion-acoustic (modified) Korteweg-de Vries solitons in Saturn's magnetosphere plasmas with two temperature superthermal electrons,OPTICAL AND QUANTUM ELECTRONICS
2023,November,wos,College of Science,Scientific,High-Efficiency and Low-Energy-Loss Organic Solar Cells Enabled by Tuning the End Group Modification of the Terthiophene-Based Acceptor Molecules to Enhance Photovoltaic Properties,TRIBOLOGY INTERNATIONAL
2023,November,wos,College of Science,Scientific,Highly uniform nanocomposite through the decoration of MnS on graphitic carbon nitride as electrodes for symmetric supercapacitor,SYMMETRY-BASEL
2023,November,wos,College of Science,Scientific,Highly Wrinkled Porous Polypyrrole for the Enhancement of the Performance of an Fe2S3-Fe2O3/poly-O-amino Benzenethiol Supercapacitor from a Basic Medium,MATHEMATICS
2023,November,wos,College of Science,Scientific,Identification of novel dual acting ligands targeting the adenosine A2A and serotonin 5-HT1A receptors,SYMMETRY-BASEL
2023,November,wos,College of Science,Scientific,"Identification of sheep eimerian parasites, Eimeria crandallis and Eimeria faurei, employing microscopic and molecular tools",ADVANCED SCIENCE
2023,November,wos,College of Science,Scientific,Identification of sustainable urban settlement sites using interrelationship based multi-influencing factor technique and GIS,SENSORS
2023,November,wos,College of Science,Scientific,"Impact of PbO on structural, thermal, optical and gamma ray shielding behaviour of TeO2-CdO based glasses",MATHEMATICS
2023,November,wos,College of Science,Scientific,Impact of slippage on the wall correction rotation factor of MHD couple stress fluid between two concentric spheres,MATHEMATICS
2023,November,wos,College of Science,Scientific,Improved photo sensing behavior of the terbium doped In2S3 thin films synthesized by spray pyrolysis technique,JOURNAL OF MATERIALS SCIENCE-MATERIALS IN ELECTRONICS
2023,November,wos,College of Science,Scientific,Improvement in oxidative stability and quality characteristics of functional chicken meat product supplemented with aqueous coriander extract,AXIOMS
2023,November,wos,College of Science,Scientific,"Influence of the addition of WO3 on TeO2-Na2O glass systems in view of the feature of mechanical, optical, and photon attenuation",AXIOMS
2023,November,wos,College of Science,Scientific,"Insight into thermodynamic, optoelectronic, and magnetic characteristics of V doped BeSe",FRACTALS-COMPLEX GEOMETRY PATTERNS AND SCALING IN NATURE AND SOCIETY
2023,November,wos,College of Science,Scientific,Integrative omics analysis of Rosa chinensis reveals insights into its transcriptome and in silico characterization of potassium transport genes,MATHEMATICS
2023,November,wos,College of Science,Scientific,Investigating the impact of non-spherical bodies and three-body interactions on equilibrium dynamics in the circular restricted three-body problem,ENVIRONMENTAL RESEARCH
2023,November,wos,College of Science,Scientific,Investigation of manganese doped BaSe for energy harvesting and spintronics devices,GENETIC RESOURCES AND CROP EVOLUTION
2023,November,wos,College of Science,Scientific,"Investigation of mechanical, optoelectronic, and thermoelectric properties of double perovksites Li2CuBiZ6 (Z = Cl, Br, I) for solar cell applications",AXIOMS
2023,November,wos,College of Science,Scientific,Investigation of the adsorption mechanism of two nitro musk odorants on OR1A1: Advanced modeling and thermodynamic study,ANTIBIOTICS-BASEL
2023,November,wos,College of Science,Scientific,"Investigation of the structural, optical and thermoelectric performances of flash-evaporated cobalt-doped copper sulfide thin films",FRACTAL AND FRACTIONAL
2023,November,wos,College of Science,Scientific,Isolation of anticancer bioactive secondary metabolites from the sponge-derived endophytic fungi Penicillium sp. and in-silico computational docking approach,APPLIED RADIATION AND ISOTOPES
2023,November,wos,College of Science,Scientific,Kinematic Geometry of a Timelike Line Trajectory in Hyperbolic Locomotions,MATHEMATICS
2023,November,wos,College of Science,Scientific,Lead-free bismuth glass system towards eco-friendly radiation shielding applications,COATINGS
2023,November,wos,College of Science,Scientific,Low-frequency nonlinear ion-acoustic cnoidal waves in a superthermal plasma with a monoenergetic electron beam,RSC ADVANCES
2023,November,wos,College of Science,Scientific,Lung response to propolis treatment during experimentally induced lung adenocarcinoma,PHYSICS OF FLUIDS
2023,November,wos,College of Science,Scientific,Metabolic Profiling Analysis Uncovers the Role of Carbon Nanoparticles in Enhancing the Biological Activities of Amaranth in Optimal Salinity Conditions,ENVIRONMENTAL SCIENCE AND POLLUTION RESEARCH
2023,November,wos,College of Science,Scientific,Methotrexate-conjugated zinc oxide nanoparticles exert a substantially improved cytotoxic effect on lung cancer cells by inducing apoptosis,NEW JOURNAL OF CHEMISTRY
2023,November,wos,College of Science,Scientific,Mild magnetic hyperthermia is synergistic with an antibiotic treatment against dual species biofilms consisting of S. aureus and P. aeruginosa by enhancing metabolic activity,NAUNYN-SCHMIEDEBERGS ARCHIVES OF PHARMACOLOGY
2023,November,wos,College of Science,Scientific,"Modelling Pennes', bioheat transfer equation in thermoelasticity with one relaxation time",PROCEEDINGS OF THE INDIAN NATIONAL SCIENCE ACADEMY
2023,November,wos,College of Science,Scientific,Modulated Optoelectronic and Magnetic Properties of Mn-Doped SrTiO3: A Density Functional Theory Insight,NATURAL PRODUCT RESEARCH
2023,November,wos,College of Science,Scientific,Nanocomposite Fe3O4-MWCNTs based on femtosecond pulsed laser ablation for catalytic degradation,INTERNATIONAL JOURNAL OF FOOD PROPERTIES
2023,November,wos,College of Science,Scientific,Navigating radiopharmaceutical dynamics in Ra-223 alpha emitter radiotherapy: Implications for treatment optimization and personalization,JOURNAL OF ENZYME INHIBITION AND MEDICINAL CHEMISTRY
2023,November,wos,College of Science,Scientific,NEW FIXED POINT RESULTS FOR GERAGHTY CONTRACTIONS AND THEIR APPLICATIONS,TRIBOLOGY INTERNATIONAL
2023,November,wos,College of Science,Scientific,New Monotonic Properties for Solutions of a Class of Functional Differential Equations and Their Applications,INTERNATIONAL JOURNAL OF BIOLOGICAL MACROMOLECULES
2023,November,wos,College of Science,Scientific,New Results on the Oscillation of Solutions of Third-Order Differential Equations with Multiple Delays,ACS OMEGA
2023,November,wos,College of Science,Scientific,"New thiazolidine-2,4-diones as effective anti-proliferative and anti-VEGFR-2 agents: Design, synthesis, in vitro, docking, MD simulations, DFT, ADMET, and toxicity studies",MOLECULES
2023,November,wos,College of Science,Scientific,"Novel piperine-carboximidamide hybrids: design, synthesis, and antiproliferative activity via a multi-targeted inhibitory pathway",PHYSICA SCRIPTA
2023,November,wos,College of Science,Scientific,Occurrence of Virulence Genes among Methicillin-Resistant Staphylococcus aureus Isolated from Subclinical Bovine Mastitis,SOFT COMPUTING
2023,November,wos,College of Science,Scientific,On Sharp Bounds of Local Fractional Metric Dimension for Certain Symmetrical Algebraic Structure Graphs,MICROORGANISMS
2023,November,wos,College of Science,Scientific,On skew derivations and antiautomorphisms in prime rings,JOURNAL OF ELECTRONIC MATERIALS
2023,November,wos,College of Science,Scientific,On the localized and periodic solutions to the time-fractional Klein-Gordan equations: Optimal additive function method and new iterative method,JOURNAL OF ENERGY STORAGE
2023,November,wos,College of Science,Scientific,On the modified versions of (G′/G)-expansion technique for analyzing the fractional coupled Higgs system,POLYMER COMPOSITES
2023,November,wos,College of Science,Scientific,On the shock wave structures in anisotropy magnetoplasmas,JOURNAL OF TAIBAH UNIVERSITY FOR SCIENCE
2023,November,wos,College of Science,Scientific,On the Timelike Circular Surface and Singularities in Minkowski 3-Space,JOURNAL OF ENZYME INHIBITION AND MEDICINAL CHEMISTRY
2023,November,wos,College of Science,Scientific,Optical modeling and characterization of bifacial SiNx/AlOx dielectric layers for surface passivation and antireflection in PERC,JOURNAL OF ENZYME INHIBITION AND MEDICINAL CHEMISTRY
2023,November,wos,College of Science,Scientific,Optimal auxiliary function method for analyzing nonlinear system of coupled Schrödinger-KdV equation with Caputo operator,JOURNAL OF ENZYME INHIBITION AND MEDICINAL CHEMISTRY
2023,November,wos,College of Science,Scientific,"Optimizing Sugarcane Growth, Yield, and Quality in Different Ecological Zones and Irrigation Sources Amidst Environmental Stressors",JOURNAL OF ENZYME INHIBITION AND MEDICINAL CHEMISTRY
2023,November,wos,College of Science,Scientific,"Oxides dispersion-strengthened (ODS) FeCoNiCuZn high entropy alloys through different rare earth elements: Synthesis, structural, physical, and experimental radiation transmission properties",JOURNAL OF SOLID STATE CHEMISTRY
2023,November,wos,College of Science,Scientific,Phase-sensitive manipulation of atom localization using probe field transmission spectrum,BMC CHEMISTRY
2023,November,wos,College of Science,Scientific,"Physical, mechanical, and gamma ray shielding properties of the Bi2O3-BaO-B2O3-ZnO-As2O3-MgO-Na2O glass system",JOURNAL OF TAIBAH UNIVERSITY FOR SCIENCE
2023,November,wos,College of Science,Scientific,"Phytochemical profile, assessment of antimicrobial and antioxidant properties of essential oils of Artemisia herba-alba Asso., and Artemisia dracunculus L.: Experimental and computational approaches*",POULTRY SCIENCE
2023,November,wos,College of Science,Scientific,Phytochemical profiling and neuroprotective activity of Callistemon subulatus leaves against cyclophosphamide-induced chemobrain,ENVIRONMENTAL PROGRESS & SUSTAINABLE ENERGY
2023,November,wos,College of Science,Scientific,"Plasma-assisted in-situ preparation of silver nanoparticles and polypyrrole toward superhydrophobic, antimicrobial and electrically conductive nonwoven fabrics from recycled polyester waste",PHYSICS OF FLUIDS
2023,November,wos,College of Science,Scientific,Porous-spherical MnO2-Mn(OH)2/polypyrrole nanocomposite thin film photodetector in a wide optical range from UV to IR,ANNALS OF MEDICINE
2023,November,wos,College of Science,Scientific,Predicting the multiple parameters of organic acceptors through machine learning using RDkit descriptors: An easy and fast pipeline,JOURNAL OF APPLIED ANIMAL RESEARCH
2023,November,wos,College of Science,Scientific,Prediction of Short Stellar Activity Cycles using Derived and Established Empirical Relations between Activity and Rotation Periods,MATHEMATICS
2023,November,wos,College of Science,Scientific,Probing the elasticity and radiation protection potential of neodymium(III) doped zinc and niobium tellurite glasses: An integrated simulated and applied physics perspective,PHYSICS OF FLUIDS
2023,November,wos,College of Science,Scientific,Promotion impact of different strontium doping on Ni-9La+Zr catalyst for dry reforming of methane,SYMMETRY-BASEL
2023,November,wos,College of Science,Scientific,Qualitative and Quantitative Investigation of Biochar-Cu0 Composite for Nickel Adsorption,EMERGING CONTAMINANTS
2023,November,wos,College of Science,Scientific,Radiation attenuation and optical properties of P2O5-based glass system,OPTICAL MATERIALS
2023,November,wos,College of Science,Scientific,Radiation shielding properties of high-density polyethylene (C2H4)/ molybdenum III oxide (MoO3) polymer composites for dental diagnostic applications,PLANTS-BASEL
2023,November,wos,College of Science,Scientific,Radio-lytic degradation of reactive dyes in aqueous solution: comparative analysis using gamma/H2O2 and UV/H2O2 processes,MATERIALS LETTERS
2023,November,wos,College of Science,Scientific,"Recent Advances in the Development of Li-Air Batteries, Experimental and Predictive Approaches - Prospective, Challenges, and Opportunities",POULTRY SCIENCE
2023,November,wos,College of Science,Scientific,Reduce the recombination rate by facile synthesis of MoS2/g-C3N4 heterostructures as a solar light responsive catalyst for organic dye degradation,PLANT STRESS
2023,November,wos,College of Science,Scientific,Relative biochemical and physiological docking of cucumber varieties for supporting innate immunity against Podosphaera xanthii,HEALTHCARE
2023,November,wos,College of Science,Scientific,Remarkable Removal of Pb(II) Ions from Aqueous Media Using Facilely Synthesized Sodium Manganese Silicate Hydroxide Hydrate/Manganese Silicate as a Novel Nanocomposite,INDUSTRIAL CROPS AND PRODUCTS
2023,November,wos,College of Science,Scientific,Salinity stress-induced phosphorylation of INDETERMINATE-DOMAIN 4 (IDD4) by MPK6 regulates plant growth adaptation in Arabidopsis,WORLD JOURNAL OF MICROBIOLOGY & BIOTECHNOLOGY
2023,November,wos,College of Science,Scientific,Self-Regenerating Solar Evaporation System for Simultaneous Salt Collection and Freshwater from Seawater,ACS OMEGA
2023,November,wos,College of Science,Scientific,SILAR-Deposited CuO Nanostructured Films Doped with Zinc and Sodium for Improved CO2 Gas Detection,JOURNAL OF TAIBAH UNIVERSITY FOR SCIENCE
2023,November,wos,College of Science,Scientific,SOME NEW INEQUALITIES FOR n-POLYNOMIAL s-TYPE CONVEXITY PERTAINING TO INTER-VALUED FUNCTIONS GOVERNED BY FRACTIONAL CALCULUS,BMC CHEMISTRY
2023,November,wos,College of Science,Scientific,Studying of the Covid-19 model by using the finite element method: theoretical and numerical simulation,POLYCYCLIC AROMATIC COMPOUNDS
2023,November,wos,College of Science,Scientific,"Supercapacitor electrodes based on single crystal layered ZrX2 (X = S, Se) using chemical vapor transport method",OPEN PHYSICS
2023,November,wos,College of Science,Scientific,Synergistic Power of Piceatannol and/or Vitamin D in Bleomycin-Induced Pulmonary Fibrosis In Vivo: A Preliminary Study,INTERNATIONAL JOURNAL OF ENERGY RESEARCH
2023,November,wos,College of Science,Scientific,"Synergistic role of Biomolecules and Bio-chelating agents in the sustainable development of an efficient BaCe0.97M0.03O3-6 (M = Sm, Gd) perovskite electrolyte for IT-SOFC",FRONTIERS IN MICROBIOLOGY
2023,November,wos,College of Science,Scientific,Synthesis and characterization of Mg-hydroxyapatite and its cellulose hybridized structure as enhanced bio-carrier of oxaliplatin drug; equilibrium and release kinetics,ENVIRONMENTAL SCIENCE AND POLLUTION RESEARCH
2023,November,wos,College of Science,Scientific,Synthesis and Characterization of New Spirooxindoles Including Triazole and Benzimidazole Pharmacophores via [3+2] Cycloaddition Reaction: An MEDT Study of the Mechanism and Selectivity,ZEITSCHRIFT FUR PHYSIKALISCHE CHEMIE-INTERNATIONAL JOURNAL OF RESEARCH IN PHYSICAL CHEMISTRY & CHEMICAL PHYSICS
2023,November,wos,College of Science,Scientific,Synthesis of composites and their characterization for high-frequency applications,RESULTS IN PHYSICS
2023,November,wos,College of Science,Scientific,Synthesis of graphene-based Ag-doped CuFe2O4 composite for improved photocatalytic activity against industrial effluents,PHYSICS OF FLUIDS
2023,November,wos,College of Science,Scientific,"Synthesis, Crystal Structure Analyses, and Antibacterial Evaluation of the Cobalt(II) Complex with Sulfadiazine-Pyrazole Prodrug",ACS OMEGA
2023,November,wos,College of Science,Scientific,"Synthesis, DFT calculations, and anti-proliferative evaluation of pyrimidine and selenadiazolopyrimidine derivatives as dual Topoisomerase II and HSP90 inhibitors",PHYSICA SCRIPTA
2023,November,wos,College of Science,Scientific,"Synthesis, structural characterization, and optical properties of PVA/MnO2 materials for optoelectronics applications",INORGANICS
2023,November,wos,College of Science,Scientific,"Synthesis, structure characterization, DFT calculations, and computational anticancer activity investigations of 1-phenyl ethanol derivatives",JOURNAL OF BIOMOLECULAR STRUCTURE & DYNAMICS
2023,November,wos,College of Science,Scientific,"Synthesis, X-ray Structures and Hirshfeld Analysis of Two Novel Thiocyanate-Bridged Ag(I) Coordination Polymers",JOURNAL OF ANIMAL PHYSIOLOGY AND ANIMAL NUTRITION
2023,November,wos,College of Science,Scientific,Tandem Photooxidation/Acetalization of Alcohols to Acetals/Ketals with Sulfur-doped Carbon Nitride,GEOCARTO INTERNATIONAL
2023,November,wos,College of Science,Scientific,The effect of dust streaming on arbitrary amplitude solitary waves in superthermal polarized space dusty plasma,PHYSICA SCRIPTA
2023,November,wos,College of Science,Scientific,The influence of rotation and viscosity on generalized conformable fractional micropolar thermoelasticity with two temperatures,RESULTS IN ENGINEERING
2023,November,wos,College of Science,Scientific,The solitary wave solutions of the stochastic Heisenberg ferromagnetic spin chain equation using two different analytical methods,PHYSICA SCRIPTA
2023,November,wos,College of Science,Scientific,"The study of structural, magnetic, and microwave absorbing properties of graphene/hexagonal ferrite for microwave absorber",INTERNATIONAL JOURNAL OF FOOD PROPERTIES
2023,November,wos,College of Science,Scientific,Thermal analysis of micropolar hybrid nanofluid inspired by 3D stretchable surface in porous media,OPEN CHEMISTRY
2023,November,wos,College of Science,Scientific,"Unveiling a novel terpolymer-metal complex: A detailed exploration of synthesis, characterization, and its potential as an antimicrobial and antioxidant agent",PHYSICA B-CONDENSED MATTER
2023,November,wos,College of Science,Scientific,"Unveiling the potentials of polyvinyl alcohol/manganese chloride nanocomposites films: A detailed examination of their structural, spectral, and radiation properties",PLANT STRESS
2023,November,wos,College of Science,Scientific,"( is an element of, is an element of 2 _ ' q. k) -Uni-Intuitionistic Fuzzy Soft h-Ideals in Subtraction BG-Algebras",CHAOS SOLITONS & FRACTALS
2023,November,wos,College of Science,Scientific,"A closer inspection of the structural, mechanical, optical and radiation shielding properties of GeO2-doped magnesium-telluroborate glasses",PHYSICA SCRIPTA
2023,November,wos,College of Science,Scientific,A closer look at the utilized radiation doses during computed tomography pulmonary angiography (CTPA) for COVID-19 patients,SOLAR ENERGY
2023,November,wos,College of Science,Scientific,A Comparative Analysis of Fractional-Order Fokker–Planck Equation,JOURNAL OF MOLECULAR LIQUIDS
2023,November,wos,College of Science,Scientific,A Comparative Study of the Fractional-Order Belousov–Zhabotinsky System,PHYSICA B-CONDENSED MATTER
2023,November,wos,College of Science,Scientific,"A concept for the biotechnological minimizing of emerging plastics, micro- and nano-plastics pollutants from the environment: A review",FRONTIERS IN MICROBIOLOGY
2023,November,wos,College of Science,Scientific,A fractionally time-delayed SD-Van der Pol oscillator with a non-perturbative approach,AXIOMS
2023,November,wos,College of Science,Scientific,A Laser-Induced Mo2CTx MXene Hybrid Anode for High-Performance Li-Ion Batteries,RESULTS IN PHYSICS
2023,November,wos,College of Science,Scientific,"A New Flexible Four Parameter Bathtub Curve Failure Rate Model, and Its Application to Right-Censored Data",AIP ADVANCES
2023,November,wos,College of Science,Scientific,"A novel heat recovery for a marine diesel engine with power and cooling outputs; exergetic, economic, and net present value investigation and multi-criteria NSGA-II optimization",JOURNAL OF TAIBAH UNIVERSITY FOR SCIENCE
2023,November,wos,College of Science,Scientific,A novel HIV model through fractional enlarged integral and differential operators,SUSTAINABILITY
2023,November,wos,College of Science,Scientific,A simplistic approach for the synthesis of Covalent Organic Frameworks (COFs) comprising of tetrafunctionalized porphyrin and polyoxometalates to uncover catalytic applications,FRONTIERS IN PHARMACOLOGY
2023,November,wos,College of Science,Scientific,A simplistic approach for the synthesis of Covalent Organic Frameworks(COFs) comprising of tetrafunctionalized porphyrin and polyoxometalates to uncover catalytic applications,INTERNATIONAL JOURNAL OF HYPERTHERMIA
2023,November,wos,College of Science,Scientific,A Variety of Weighted Opial-Type Inequalities with Applications for Dynamic Equations on Time Scales,JOURNAL OF ELECTROMAGNETIC WAVES AND APPLICATIONS
2023,November,wos,College of Science,Scientific,Abundant Solitary Wave Solutions for the Boiti-Leon-Manna-Pempinelli Equation with M-Truncated Derivative,PHYSICA STATUS SOLIDI B-BASIC SOLID STATE PHYSICS
2023,November,wos,College of Science,Scientific,Acid protease functionalized novel silver nanoparticles (APTs-AgNPs): A new approach towards photocatalytic and biological applications,DIAMOND AND RELATED MATERIALS
2023,November,wos,College of Science,Scientific,Action of projections on Banach algebras,JOURNAL OF RADIATION RESEARCH AND APPLIED SCIENCES
2023,November,wos,College of Science,Scientific,"Adsorption and Removal of Tetrabromobisphenol A by Adsorption on Functionalized Mesoporous Silica Nanotubes: Isotherms, Kinetics, Thermodynamics, and Optimization via Box-Behnken Design",JOURNAL OF APPLIED ANALYSIS AND COMPUTATION
2023,November,wos,College of Science,Scientific,"Adsorption of Ibuprofen as a pharmaceutical pollutant from aqueous phase using zinc oxide nanoparticles: Green synthesis, batch adsorption, and biological activities",SYMMETRY-BASEL
2023,November,wos,College of Science,Scientific,Advanced investigation of the olfactory perception of semiochemical TMT on OR5K1 and Olfr175 by statistical physics approach,SYMMETRY-BASEL
2023,November,wos,College of Science,Scientific,An Experimental and Computational Analysis of Plant Compounds from Whole Urtica dioica L. Plant’s Essential Oil for Antioxidant and Antibacterial Activities,COMPUTATIONAL BIOLOGY AND CHEMISTRY
2023,November,wos,College of Science,Scientific,An extended Painlevé integrable Kadomtsev--Petviashvili equation with lumps and multiple soliton solutions,JOURNAL OF ENZYME INHIBITION AND MEDICINAL CHEMISTRY
2023,November,wos,College of Science,Scientific,An optimized stability framework for three-dimensional Hartman flow via Chebyshev collocation simulations,ACS OMEGA
2023,November,wos,College of Science,Scientific,Analysis of a conformable generalized geophysical KdV equation with Coriolis effect,SYMMETRY-BASEL
2023,November,wos,College of Science,Scientific,ANALYSIS OF THE CONFORMABLE TEMPORAL-FRACTIONAL SWIFT-HOHENBERG EQUATION USING A NOVEL COMPUTATIONAL TECHNIQUE,GEORGIAN MATHEMATICAL JOURNAL
2023,November,wos,College of Science,Scientific,Analytical and numerical solutions with bifurcation analysis for the nonlinear evolution equation in (2+1)-dimensions,OPEN PHYSICS
2023,November,wos,College of Science,Scientific,Analytical Solutions for a New Form of the Generalized q-Deformed Sinh–Gordon Equation:(Formula Presented)=eαu[sinhq(uγ)]p-δ,AIP ADVANCES
2023,November,wos,College of Science,Scientific,Antibacterial Activity of Bioactive Compounds Extracted from the Egyptian Untapped Green Alga Rhizoclonium hieroglyphicum,AIP ADVANCES
2023,November,wos,College of Science,Scientific,Antifungal Activity of Cell-Free Filtrate of Probiotic Bacteria Lactobacillus rhamnosus ATCC-7469 against Fungal Strains Isolated from a Historical Manuscript,AXIOMS
2023,November,wos,College of Science,Scientific,Application of the q-Homotopy Analysis Transform Method to Fractional-Order Kolmogorov and Rosenau–Hyman Models within the Atangana–Baleanu Operator,PROGRESS IN PHOTOVOLTAICS
2023,November,wos,College of Science,Scientific,Assessment of cytotoxic and apoptotic activities of the Cassia angustifolia aqueous extract against SW480 colon cancer,OPEN PHYSICS
2023,November,wos,College of Science,Scientific,"Assessment of Structural, Optical, and Antibacterial Properties of Green Sn(Fe: Ni)O2Nanoparticles Synthesized Using Azadirachta indica Leaf Extract",PLANTS-BASEL
2023,November,wos,College of Science,Scientific,Assessment of the physicochemical and sensory characteristics of fermented camel milk fortified with Cordia myxa and its biological effects against oxidative stress and hyperlipidemia in rats,CERAMICS INTERNATIONAL
2023,November,wos,College of Science,Scientific,Association between interleukin-27 gene polymorphisms and Plasmodium falciparum Malaria,OPTICAL AND QUANTUM ELECTRONICS
2023,November,wos,College of Science,Scientific,Atangana–Baleanu–Caputo differential equations with mixed delay terms and integral boundary conditions,OPEN CHEMISTRY
2023,November,wos,College of Science,Scientific,Battery management system enhancement for lithium-ions battery cells using switched shunt resistor approach based on finite state machine control algorithm,JOURNAL OF MOLECULAR STRUCTURE
2023,November,wos,College of Science,Scientific,Binuclear spin-crossover [Fe(bt)(NCS)2]2(bpm) complex: A study using first principles calculations,BIOMEDICINE & PHARMACOTHERAPY
2023,November,wos,College of Science,Scientific,"Bioactive Compounds, Antioxidant, and Antibacterial Activity Against MDR and Food-Borne Pathogenic Bacteria of Psidium guajava. L Fruit During Ripening",JOURNAL OF INDUSTRIAL AND ENGINEERING CHEMISTRY
2023,November,wos,College of Science,Scientific,Biochemical and phenological characterization of diverse wheats and their association with drought tolerance genes,OPTICAL AND QUANTUM ELECTRONICS
2023,November,wos,College of Science,Scientific,Biodegradable wound dressing-based collagen/hyaluronic acid loaded antibacterial agents for wound healing application,INTERNATIONAL JOURNAL OF QUANTUM CHEMISTRY
2023,November,wos,College of Science,Scientific,"Biological evaluation, docking studies, and in silico ADME prediction of some pyrimidine and pyridine derivatives as potential EGFRWT and EGFRT790M inhibitors",RESEARCH IN ASTRONOMY AND ASTROPHYSICS
2023,November,wos,College of Science,Scientific,Bi-slant lightlike submanifolds of golden semi-Riemannian manifolds,MATERIALS TODAY COMMUNICATIONS
2023,November,wos,College of Science,Scientific,"Bismuth tungstate Bi2WO6: a review on structural, photophysical and photocatalytic properties",ENERGY SCIENCE & ENGINEERING
2023,November,wos,College of Science,Scientific,Bright and dark optical modulated soliton solutions for the fourth-order (2+1)-dimensional Schrödinger equation with higher-order odd and even terms,ACS OMEGA
2023,November,wos,College of Science,Scientific,"Characterization of cellulose-functionalized phillipsite biocomposite as an enhanced carrier of oxaliplatin drug during the treatment of colorectal cancer: loading, release, and cytotoxicity",JOURNAL OF RADIATION RESEARCH AND APPLIED SCIENCES
2023,November,wos,College of Science,Scientific,Chemometrics and Spectroscopic Analyses of Peganum harmala Plant’s Seeds by Laser-Induced Breakdown Spectroscopy,JOURNAL OF RADIATION RESEARCH AND APPLIED SCIENCES
2023,November,wos,College of Science,Scientific,"Circulation of thermophilic Campylobacter in pigeons, turkeys, and humans at live bird markets in Egypt",ZEITSCHRIFT FUR PHYSIKALISCHE CHEMIE-INTERNATIONAL JOURNAL OF RESEARCH IN PHYSICAL CHEMISTRY & CHEMICAL PHYSICS
2023,November,wos,College of Science,Scientific,Clustering of COVID-19 Multi-Time Series-Based K-Means and PCA With Forecasting,CHEMBIOENG REVIEWS
2023,November,wos,College of Science,Scientific,CO2 storage in porous media unsteady thermosolutal natural convection -Application in deep saline aquifer reservoirs,DIAMOND AND RELATED MATERIALS
2023,November,wos,College of Science,Scientific,"Co-doped yttria borate glasses: investigation of physical, FTIR spectroscopy, optical and radiation interaction characteristics",MICROBIAL PATHOGENESIS
2023,November,wos,College of Science,Scientific,Comparative Analysis of Darcy–Forchheimer Radiative Flow of a Water-Based Al2O3-Ag/TiO2 Hybrid Nanofluid over a Riga Plate with Heat Sink/Source,JOURNAL OF INORGANIC AND ORGANOMETALLIC POLYMERS AND MATERIALS
2023,November,wos,College of Science,Scientific,Comparative Effects of Hydropriming and Iron Priming on Germination and Seedling Morphophysiological Attributes of Stay-Green Wheat,FRONTIERS IN PLANT SCIENCE
2023,November,wos,College of Science,Scientific,Comparative genomics reveals the presence of simple sequence repeats in genes related to virulence in plant pathogenic Pythium ultimum and Pythium vexans,WATER
2023,November,wos,College of Science,Scientific,Comparative morpho-anatomical study on Leptadenia pyrotechnica (Apocynaceae) growing in the hyper-arid and arid habitats of Saudi Arabia,NANOMATERIALS
2023,November,wos,College of Science,Scientific,"Composition, Abundance, and Diversity of the Soil Microbiome Associated with the Halophytic Plants Tamarix aphylla and Halopeplis perfoliata on Jeddah Seacoast, Saudi Arabia",FRACTALS-COMPLEX GEOMETRY PATTERNS AND SCALING IN NATURE AND SOCIETY
2023,November,wos,College of Science,Scientific,Composted Bagasse and/or Cyanobacteria-Based Bio-Stimulants Maintain Barley Growth and Productivity under Salinity Stress,SOFT COMPUTING
2023,November,wos,College of Science,Scientific,Comprehensive evaluation of zeolite/marine alga nanocomposite in the removal of waste dye from industrial wastewater,MATERIALS SCIENCE AND ENGINEERING B-ADVANCED FUNCTIONAL SOLID-STATE MATERIALS
2023,November,wos,College of Science,Scientific,Computational Analysis for Fréchet Parameters of Life from Generalized Type-II Progressive Hybrid Censored Data with Applications in Physics and Engineering,BIOMEDICINES
2023,November,wos,College of Science,Scientific,"Construction of Te-ZnO@S-g-C3N4 Heterojunction Nanocomposites for the Efficient Removal of Methylene Blue, Antifungal Activity, and Adsorption of Cr(VI) Ion",CERAMICS INTERNATIONAL
2023,November,wos,College of Science,Scientific,"Controlling the oxide film destruction, metal dissolution, and H2 generation on Al in acid solutions",RSC ADVANCES
2023,November,wos,College of Science,Scientific,"Crystal structure of 4-chloro-N′-[(1E)-pyridin-3-ylmethylidene]benzohydrazide, C13H10ClN3O",MOLECULES
2023,November,wos,College of Science,Scientific,Darcy–Brinkman Double Diffusive Convection in an Anisotropic Porous Layer with Gravity Fluctuation and Throughflow,INORGANIC CHEMISTRY COMMUNICATIONS
2023,November,wos,College of Science,Scientific,Defect characteristic of oxygen-deficient Ge-doped preform using photoluminescence spectroscopy,JOURNAL OF TAIBAH UNIVERSITY FOR SCIENCE
2023,November,wos,College of Science,Scientific,Design of Metaheuristic Optimization with Deep-Learning-Assisted Solar-Operated On-Board Smart Charging Station for Mass Transport Passenger Vehicle,INORGANICS
2023,November,wos,College of Science,Scientific,"DESIGN, SYNTHESIS, AND CYTOTOXIC ACTIVITY OF SOME NOVEL N-(SUBSTITUTED) BENZAMIDE DERIVATIVES BEARING COUMARIN AND 1-AZOCOUMARIN COMPOUNDS",JOURNAL OF ENZYME INHIBITION AND MEDICINAL CHEMISTRY
2023,November,wos,College of Science,Scientific,"Design, Synthesis, Antiproliferative Actions, and DFT Studies of NewBis-PyrazolineDerivatives asDual EGFR/BRAF(V600E) Inhibitors",MACROMOLECULAR RESEARCH
2023,November,wos,College of Science,Scientific,"Design, synthesis, apoptotic, and antiproliferative effects of 5-chloro-3-(2-methoxyvinyl)-indole-2-carboxamides and pyrido[3,4-b]indol-1-ones as potent EGFR(WT/)EGFR(T790M) inhibitors",JOURNAL OF MOLECULAR STRUCTURE
2023,November,wos,College of Science,Scientific,Designing CuSe-gCN nanocomposite as an active electrocatalyst for water oxidation,INORGANICS
2023,November,wos,College of Science,Scientific,Designing of novel organic semiconductors materials for organic solar cells: A machine learning assisted proficient pipeline,ASIAN JOURNAL OF ORGANIC CHEMISTRY
2023,November,wos,College of Science,Scientific,Development of Ce3+- and Yb3+-doped borate glasses for optical and radiation protection materials,ZEITSCHRIFT FUR NATURFORSCHUNG SECTION A-A JOURNAL OF PHYSICAL SCIENCES
2023,November,wos,College of Science,Scientific,Development of rare-earth doped aluminate embedded into electrospun polyvinyl chloride nanofibers for information encryption,FRONTIERS IN PHYSICS
2023,November,wos,College of Science,Scientific,"Development of sustainable superhydrophobic coatings on aluminum substrate using magnesium nanoparticles for enhanced catalytic activity, self-cleaning, and corrosion resistance",FRONTIERS IN PHYSICS
2023,November,wos,College of Science,Scientific,Discovery of chalcone derivatives as potential α-glucosidase and cholinesterase inhibitors: Effect of hyperglycemia in paving a path to dementia,PHYSICA SCRIPTA
2023,November,wos,College of Science,Scientific,Dual Impacts of Bi2O3/B2O3 Substitution on Mechanical and Attenuation Properties of Zinc–Bismuth–Borate Ternary Glasses for Diagnosis γ-Rays Shielding Materials Application,NANOSCALE ADVANCES
2023,November,wos,College of Science,Scientific,Dual rotations of rods on thermosolutal convection in a porous cavity suspended by nanoencapsulated phase change materials,HELIYON
2023,November,wos,College of Science,Scientific,Ecofriendly and radiation shielding properties of newly developed epoxy with waste marble and WO3nanoparticles,MATERIALS TODAY COMMUNICATIONS
2023,December,Wos,College of Science,Scientific,Ecofriendly green synthesis of Ag@Cu bimetallic nanoparticles using Seidlitzia stocksii stem extract: photocatalytic degradation of methylene blue,JOURNAL OF RADIATION RESEARCH AND APPLIED SCIENCES
2023,December,Wos,College of Science,Scientific,Effect of Acute Melatonin Injection on Metabolomic and Testicular Artery Hemodynamic Changes and Circulating Hormones in Shiba Goats under Sub-Tropical Environmental Conditions,JOURNAL OF MOLECULAR STRUCTURE
2023,December,Wos,College of Science,Scientific,Effect of an excited non-local microelongated semiconductor with variable thermal conductivity on the propagation of photo-thermoelastic waves,CRYSTALS
2023,December,Wos,College of Science,Scientific,Effect of Cr-Doping on the Structural and Magnetic Properties of Mechanically Alloyed FeCoNiAlMn1-x Cr x High-Entropy Alloy Powder,JOURNAL OF RADIATION RESEARCH AND APPLIED SCIENCES
2023,December,Wos,College of Science,Scientific,"Effect of external static pressure on structural, electronic, and optical properties of 2-D hetero-junction MoS2 for a photocatalytic applications: A DFT study",JOURNAL OF ENERGY STORAGE
2023,December,Wos,College of Science,Scientific,"Effect of Foliar Application of Phosphorus, Zinc, and Silicon Nanoparticles along with Mineral NPK Fertilization on Yield and Chemical Compositions of Rice (Oryza sativa L.)",PHYSICA B-CONDENSED MATTER
2023,December,Wos,College of Science,Scientific,Effect of inclined magnetic field on radiative heat and mass transfer in chemically reactive hybrid nanofluid flow due to dual stretching,JOURNAL OF RADIATION RESEARCH AND APPLIED SCIENCES
2023,December,Wos,College of Science,Scientific,Effect of jasmonic acid on the phytoremediation of dinitrophenol from wastewater by Solanum nigrum L. and Atriplex lentiformis (Torr.) S. Watson,VACUUM
2023,December,Wos,College of Science,Scientific,Effect of orbital angular momentum on dust-ion-acoustic waves in a superthermal plasma,OPEN CHEMISTRY
2023,December,Wos,College of Science,Scientific,Effect of Polypyrrole on the Capacitance Enhancement of the Spherical ZnS-ZnO/g-C3N4 Nanocomposite for Supercapacitor Applications,APPLIED RADIATION AND ISOTOPES
2023,December,Wos,College of Science,Scientific,Effective three-dimensional thermal conductivity networks in polystyrene/multi-walled carbon nanotubes/aluminum oxide@hexagonal boron nitride composites based on synergistic effects and isolated structures,JOURNAL OF RADIATION RESEARCH AND APPLIED SCIENCES
2023,December,Wos,College of Science,Scientific,Efficient Difference and Ratio-Type Imputation Methods under Ranked Set Sampling,JOURNAL OF MOLECULAR STRUCTURE
2023,December,Wos,College of Science,Scientific,Efficient Removal and Conditions Optimization of Textile Dyes Using UV/TiO2 Based Advanced Oxidation Process,MICROBIAL PATHOGENESIS
2023,December,Wos,College of Science,Scientific,Electrically charged isotropic stars with Tolman−IV model,Journal of Biomolecular Structure and Dynamics
2023,December,wos,College of Science,Scientific,"Electronic, Structural, Optical, and Magnetic Characteristics A2MgS4 of (A=Dy, Er) Spinel Sulfides: A Density Functional Theory Study",Mathematics
2023,December,wos,College of Science,Scientific,Elucidation of novel compounds and epitope-based peptide vaccine design against C30 endopeptidase regions of SARS-CoV-2 using immunoinformatics approaches,Fractals
2023,December,wos,College of Science,Scientific,Engineering preparation of the nanocomposite containing CoWO4 nanodots and its high electrochemical activities,Alexandria Engineering Journal
2023,December,Wos,College of Science,Scientific,Enhanced Photoresponsivity UV-C Photodetectors Using a p-n Junction Based on Ultra-Wide-Band Gap Sn-Doped β-Ga2O3 Microflake/MnO Quantum Dots,RADIATION PHYSICS AND CHEMISTRY
2023,December,Wos,College of Science,Scientific,Enhanced thermoelectric performance of P-type SnTe thin film through Sr doping and Post-Annealing treatment,JOURNAL OF RADIATION RESEARCH AND APPLIED SCIENCES
2023,December,Wos,College of Science,Scientific,Enhancing the Performance of Cobalt-based Oxide Electrode Material for Asymmetric Supercapacitor Devices,LIFE-BASEL
2023,December,Wos,College of Science,Scientific,Entropy analysis of a Sisko nanofluid on a stretching sheet under the Hall effect,AXIOMS
2023,December,Wos,College of Science,Scientific,Environmental impact of endocrine-disrupting chemicals and heavy metals in biological samples of petrochemical industry workers with perspective management,AXIOMS
2023,December,Wos,College of Science,Scientific,"Eriodictyol attenuates Furan induced testicular toxicity in Rats: Role of oxidative stress, steroidogenic enzymes and apoptosis",Open Physics
2023,December,Wos,College of Science,Scientific,Exact solutions of the Schrödinger equation using extended Nikiforov-Uvarov formalism for generalized pseudo-harmonic oscillator,AIP Advances
2023,December,Wos,College of Science,Scientific,Experimental assessment for the photon shielding features of silicone rubber reinforced by tellurium borate oxides,Micro and Nano Letters
2023,December,Wos,College of Science,Scientific,Fabrication of Molecularly Imprinted Polymer Films Based on Graphene Oxide and Carbon Nanotubes for Nitrogenous Compound Sensing in Fuel Chemicals,BIOLOGY-BASEL
2023,December,Wos,College of Science,Scientific,Fabrication of novel Zn (II)-imidazole based mixed matrix membranes for heavy metal removals from drinking water,PLoS ONE
2023,December,Wos,College of Science,Scientific,"Fabrication, physical, optical, and gamma-ray attenuation properties of platinum-doped borate glasses: experimental and theoretical investigation",Desalination and Water Treatment
2023,December,Wos,College of Science,Scientific,Facile fabrication of CoAl2O4 based rGO nanohybrid as an environmental purifier for photodegradation of methylene blue,Scientific Reports
2023,December,Wos,College of Science,Scientific,Facile Hydrothermal Synthesis of Visible-Light-Driven MnS/rGO Nanocomposite for Photocatalytic Degradation of Methylene Blue Dye,Environmental Science and Pollution Research
2023,December,Wos,College of Science,Scientific,Facile Synthesis of Vanadium Oxide/Carbon Spheres-Doped Nickel Oxide Functioned as a Nanocatalyst and Bactericidal Behavior with Molecular Docking Analysis,Crystals
2023,December,Wos,College of Science,Scientific,"First-principles calculations to investigate structural, electronic, phonon, magnetic and thermal properties of stable halide perovskite semiconductors Cs2GeMnI6 and Cs2GeNiI6",Heliyon
2023,December,Wos,College of Science,Scientific,Functional annotation of rhizospheric phageome of the wild plant species Moringa oleifera,"Chaos, Solitons and Fractals"
2023,December,Wos,College of Science,Scientific,Gamma-Nabla Hardy-Hilbert-Type Inequalities on Time Scales,Mathematics
2023,December,Wos,College of Science,Scientific,Generalized Bayes Estimation Based on a Joint Type-II Censored Sample from K-Exponential Populations,BioResources
2023,December,Wos,College of Science,Scientific,Glycine differentially improved the growth and biochemical composition of Synechocystis sp. PAK13 and Chlorella variabilis DT025,Food and Chemical Toxicology
2023,December,Wos,College of Science,Scientific,Graphitic-carbon nitride and poly acrylic acid doped vanadium oxide for efficient catalytic and antimicrobial activity: In silico molecular docking studies,IEEE Access
2023,December,Wos,College of Science,Scientific,Green Synthesis of Nanomagnetic Copper and Cobalt Ferrites Using Corchorus Olitorius,Nanoscale Advances
2023,December,Wos,College of Science,Scientific,Green synthesis of strontium-doped tin dioxide (SrSnO2) nanoparticles using the Mahonia bealei leaf extract and evaluation of their anticancer and antimicrobial activities,Symmetry
2023,December,Wos,College of Science,Scientific,Hybrid GO/TiO2 nanoparticles reinforced NaAlg/PVA blend: Nanocomposites for high-performance energy storage devices,Digest Journal of Nanomaterials and Biostructures
2023,December,Wos,College of Science,Scientific,Hyperstructure Theory Applied to BF-Algebras,Journal of Biomolecular Structure and Dynamics
2023,December,Wos,College of Science,Scientific,"Impact of high concentration of the Bi2O3 on the physical, mechanical and gamma ray shielding capability of the Bi2O3-TeO2-CdO glass system",Journal of Molecular Liquids
2023,December,Wos,College of Science,Scientific,Improving the Recombination Losses by the Inclusion of Bi-HTM (CuO/Silicon) Layers for Formamidinium Tin-Based Perovskite Solar Cells,Biomedical Chromatography
2023,December,Wos,College of Science,Scientific,In Silico Subtractive Proteomics and Molecular Docking Approaches for the Identification of Novel Inhibitors against Streptococcus pneumoniae Strain D39,AIP Advances
2023,December,Wos,College of Science,Scientific,In vitro repress of breast cancer by bio-product of edible Pleurotus ostreatus loaded with chitosan nanoparticles,APPLIED SCIENCES-BASEL
2023,December,Wos,College of Science,Scientific,Integrability of linear structure of components of modified Korteweg-De Vries hierarchy: multiple soliton solutions and breathers solutions,Journal of Molecular Liquids
2023,December,Wos,College of Science,Scientific,Investigation of Elastic Moduli and Gamma-Ray Shielding Parameters of P2O5-SiO2-BaO Glasses Doped with Varying WO3,Biomedicines
2023,December,Wos,College of Science,Scientific,"Investigation of structural, opto-electronic, mechanical and thermoelectric properties of Rb- based fluoro-perovskites RbXF3 (X = Rh, Os, Ir) via first-principles calculations",Horticulturae
2023,December,Wos,College of Science,Scientific,Irradiation as a Promising Technology to Improve Bacteriological and Physicochemical Quality of Fish,Sensors
2023,December,Wos,College of Science,Scientific,Kinematic Differential Geometry of a Line Trajectory in Spatial Movement,Agriculture (Switzerland)
2023,December,Wos,College of Science,Scientific,kNN local linear estimation of the conditional density and mode for functional spatial high dimensional data,Ecotoxicology and Environmental Safety
2023,December,Wos,College of Science,Scientific,L-Cysteine functionalized coral-like Ag doped MnO2 nanostructures for the real-time electrochemical detection of lead and cadmium ions,Applied Ecology and Environmental Research
2023,December,Wos,College of Science,Scientific,Magneto-bioconvection flow in a porous annulus between circular cylinders containing oxytactic microorganisms and NEPCM,Bulletin of the Chemical Society of Ethiopia
2023,December,Wos,College of Science,Scientific,Mathematical analysis of neurological disorder under fractional order derivative,RSC Advances
2023,December,Wos,College of Science,Scientific,Mechanochemical Synthesis and Molecular Docking Studies of New Azines Bearing Indole as Anticancer Agents,OPEN CHEMISTRY
2023,December,Wos,College of Science,Scientific,Metabolic and genotypic mechanisms involved in early defensive response of powdery mildew-infected wheat,Asymptotic Analysis
2023,December,Wos,College of Science,Scientific,Micellization of phenothiazine drug and nonionic surfactant TX-165 mixture in different composition and media: surface tension and UV-visible study,JOURNAL OF ENZYME INHIBITION AND MEDICINAL CHEMISTRY
2023,December,Wos,College of Science,Scientific,Microbe-induced drought tolerance by ABA-mediated root architecture and epigenetic reprogramming,JOURNAL OF MOLECULAR MODELING
2023,December,Wos,College of Science,Scientific,Multidimensional dust-acoustic rogue waves in electron-depleted complex magnetoplasmas,RADIATION PHYSICS AND CHEMISTRY
2023,December,Wos,College of Science,Scientific,Natural Sweet Almond Oil as an Effective Green Inhibitor for Aluminum Corrosion in Sulfuric Acid Medium,MATERIALS CHEMISTRY AND PHYSICS
2023,December,wos,College of Science,Scientific,New Comparison Theorems to Investigate the Asymptotic Behavior of Even-Order Neutral Differential Equations,ACS Omega
2023,December,Wos,College of Science,Scientific,"New enantiornithine bird from the uppermost Cretaceous (Maastrichtian) of southern Patagonia, Argentina",AIMS Mathematics
2023,December,Wos,College of Science,Scientific,New insight into the dynamics of non-Newtonian Powell-Eyring fluid conveying tiny particles on Riga plate with suction and injection,AIMS Mathematics
2023,December,Wos,College of Science,Scientific,New optical soliton solutions and dynamical wave formations for a fractionally perturbed Chen-Lee-Liu (CLL) equation with a novel local fractional (NLF) derivative,AIMS Mathematics
2023,December,Wos,College of Science,Scientific,N-functionalization and defect engineering in ZnCo2O4 nanosheets boosted the performance of Zn-ion hybrid supercapacitor,AIMS Mathematics
2023,December,Wos,College of Science,Scientific,Nitrogen plasma synthesis of flexible supercapacitors based on reduced graphene oxide/aloe vera/carbon nanotubes nanocomposite,AXIOMS
2023,December,wos,College of Science,Scientific,Novel Approximations to the Damped Parametric Driven Pendulum Oscillators,Biomedicine and Pharmacotherapy
2023,December,wos,College of Science,Scientific,Numerical solution of an electrically conducting spinning flow of hybrid nanofluid comprised of silver and gold nanoparticles across two parallel surfaces,Bulletin of the Chemical Society of Ethiopia
2023,December,wos,College of Science,Scientific,"Observations into the reactivity, docking, DFT, and MD simulations of fludarabine and clofarabine in various solvents",Case Studies in Thermal Engineering
2023,December,wos,College of Science,Scientific,On the Dynamics of Solitary Waves to a (3+1)-Dimensional Stochastic Boiti-Leon-Manna-Pempinelli Model in Incompressible Fluid,Case Studies in Thermal Engineering
2023,December,wos,College of Science,Scientific,"On the propagation and interaction of ion-acoustic solitary, periodic, shock, and breather waves in a non-Maxwellian electron-positron-ion magnetoplasma",Cellular and Molecular Biology
2023,December,wos,College of Science,Scientific,On the super positron-acoustic rogue waves in q-nonextensive magnetoplasmas,Cellular and Molecular Biology
2023,December,wos,College of Science,Scientific,"On tungsten barium phosphate glasses: Elastic moduli, gamma-ray shielding properties as well as transmission factor (TF)",Ceramics International
2023,December,Wos,College of Science,Scientific,Optimized framework for Darcy-Forchheimer flow with chemical reaction in the presence of Soret and Dufour effects: A shooting technique,Desalination and Water Treatment
2023,December,Wos,College of Science,Scientific,Optimizing gamma radiation shielding with cobalt-titania hybrid nanomaterials,Digest Journal of Nanomaterials and Biostructures
2023,December,Wos,College of Science,Scientific,"PbO effect on physical, mechanical, optical, structural, and radiation characteristics of P2O5-BaO-PbO glass system",Energy and Buildings
2023,December,Wos,College of Science,Scientific,Performance Optimization of Inorganic Cs2TiBr6 Based Perovskite Solar Cell via Numerical Simulation,ENERGY TECHNOLOGY
2023,December,Wos,College of Science,Scientific,Phase transformation of alpha-MnO2 to beta-MnO2 induced by Cu doping: Improved electrochemical performance for next generation supercapacitor,Frontiers in Materials
2023,December,Wos,College of Science,Scientific,Photocatalytic Decomposition of Indigo Carmine and Methylene Blue Dyes using Facilely Synthesized Lithium Borate/Copper Oxide Nanocomposite,Heliyon
2023,December,Wos,College of Science,Scientific,Photocatalytic degradation of atrazine and abamectin using Chenopodium album leaves extract mediated copper oxide nanoparticles,Heliyon
2023,December,Wos,College of Science,Scientific,Photoelectrochemical Green Hydrogen Production Utilizing ZnO Nanostructured Photoelectrodes,Heliyon
2023,December,Wos,College of Science,Scientific,Photoluminescence enhancement of Nd3+doped antimony borate glasses by inclusion of silver nanoparticles,INORGANIC CHEMISTRY COMMUNICATIONS
2023,December,Wos,College of Science,Scientific,Photo-thermoelastic wave propagation with changing thermal conductivity on excited pulsed laser nanoscale microelongated semiconductor material,Inorganic Chemistry Communications
2023,December,Wos,College of Science,Scientific,Polymer quantum dots doped in metal organic framework for sono-catalytic degradation of sulfamethazine,INTERNATIONAL JOURNAL OF BIOLOGICAL MACROMOLECULES
2023,December,wos,College of Science,Scientific,Potential Application of Innovative Aspergillus terreus/Sodium Alginate Composite Beads as Eco-Friendly and Sustainable Adsorbents for Alizarin Red S Dye: Isotherms and Kinetics Models,International Journal of Modern Physics B
2023,December,wos,College of Science,Scientific,Prediction of Inhibition Activity of Dihydrofolate Reductase Inhibitors With Multivariate Adaptive Regression Splines,Journal of Applied Mathematics and Computing
2023,December,wos,College of Science,Scientific,Prevalence of residual risks of the transfusion-transmitted infections in Riyadh hospitals: A two-year retrospective study,Journal of Biomolecular Structure and Dynamics
2023,December,wos,College of Science,Scientific,Qualitative Study on Solutions of Piecewise Nonlocal Implicit Fractional Differential Equations,Journal of Biomolecular Structure and Dynamics
2023,December,wos,College of Science,Scientific,"Reactive magnetron sputtered AlN thin films: structural, linear and nonlinear optical characteristics",Journal of Computational Biophysics and Chemistry
2023,December,Wos,College of Science,Scientific,Recent Advances in the Pharmaceutical and Biomedical Applications of Cyclodextrin-Capped Gold Nanoparticles,JOURNAL OF ENGINEERING
2023,December,Wos,College of Science,Scientific,Revealing the properties of the out-of-plane points of equilibrium of the restricted 3-body problem with non-spherical radiating bodies,Journal of Experimental Zoology Part A: Ecological and Integrative Physiology
2023,December,Wos,College of Science,Scientific,Rhizobacterial Colonization and Management of Bacterial Speck Pathogen in Tomato by Pseudomonas spp.,Journal of King Saud University - Science
2023,December,Wos,College of Science,Scientific,Ricci Soliton of CR-Warped Product Manifolds and Their Classifications,Journal of Materials Research and Technology
2023,December,Wos,College of Science,Scientific,Room-temperature multiferroic properties of Ni-doped PbTiO3 nanocrystals,Journal of Materials Science: Materials in Electronics
2023,December,Wos,College of Science,Scientific,Schiff-Based Modified Bentonite Clay Composites for Wastewater Treatment: Experimental and DFT-Based Analysis,Journal of Molecular Liquids
2023,December,Wos,College of Science,Scientific,Seasonal Variations in Yield and Biochemical Composition of the Mediterranean Saltbush (Atriplex halimus L.) Under Saline Agriculture in Semi-Arid Regions,JOURNAL OF PHYSICS AND CHEMISTRY OF SOLIDS
2023,December,Wos,College of Science,Scientific,SignExplainer: An Explainable AI-Enabled Framework for Sign Language Recognition With Ensemble Learning,JOURNAL OF RADIATION RESEARCH AND APPLIED SCIENCES
2023,December,Wos,College of Science,Scientific,Singularity properties of timelike circular surfaces in Minkowski 3-space,JOURNAL OF RADIATION RESEARCH AND APPLIED SCIENCES
2023,December,Wos,College of Science,Scientific,Soliton Solutions of Fractional Stochastic Kraenkel-Manna-Merle Equations in Ferromagnetic Materials,Journal of Radioanalytical and Nuclear Chemistry
2023,December,Wos,College of Science,Scientific,"Some well known inequalities for (h1, h2)-convex stochastic process via interval set inclusion relation",Journal of Rare Earths
2023,December,Wos,College of Science,Scientific,Spacelike Lines with Special Trajectories and Invariant Axodes,Journal of the Australian Ceramic Society
2023,December,Wos,College of Science,Scientific,Statistical analysis for solution of non-linear integro-differential equation by using odinary and accerlated technique of Kamal-Adomian Decomposition,Journal of Thermal Analysis and Calorimetry
2023,December,Wos,College of Science,Scientific,Statistical Analysis of Inverse Lindley Data Using Adaptive Type-II Progressively Hybrid Censoring with Applications,Luminescence
2023,December,Wos,College of Science,Scientific,Statistical Inference on the Entropy Measures of Gamma Distribution under Progressive Censoring: EM and MCMC Algorithms,Marine Pollution Bulletin
2023,December,Wos,College of Science,Scientific,"Stereoselective Synthesis of New 4-Aryl-5-indolyl-1,2,4-triazole S- and N-beta-Galactosides: Characterizations, X-ray Crystal Structure and Hirshfeld Surface Analysis",Materials
2023,December,Wos,College of Science,Scientific,Structure of a generalized class of weights satisfy weighted reverse Holder's inequality,MATERIALS TODAY COMMUNICATIONS
2023,December,Wos,College of Science,Scientific,Study of CoCe0.05Fe1.95O4-polypyrrole composite for efficient electromagnetic interference shielding,Mathematics
2023,December,Wos,College of Science,Scientific,Study of nonlinear generalized Fisher equation under fractional fuzzy concept,Molecular Biotechnology
2023,December,Wos,College of Science,Scientific,Study of role of spin in ferromagnetism and thermoelectric characteristics of spinel chalcognides MgEr2(S/Se)4 for spintronic and clean energy,Molecules
2023,December,Wos,College of Science,Scientific,Synergistic photodegradation of methylene blue by Sm doped Fe2O3 photocatalyst under sunlight,Nutrients
2023,December,Wos,College of Science,Scientific,"Synthesis, in vitro biological assessment, and molecular docking study of benzimidazole-based thiadiazole derivatives as dual inhibitors of alpha-amylase and alpha-glucosidase",OPEN PHYSICS
2023,December,Wos,College of Science,Scientific,"Synthesis, molecular docking and ADMET studies of bis-benzimidazole-based thiadiazole derivatives as potent inhibitors, in vitro a-amylase and a-glucosidase",OPTICAL MATERIALS
2023,December,Wos,College of Science,Scientific,"Synthesis, Spectroscopic Analysis, Molecular Docking, Molecular Dynamics Simulation of 5-(Adamantan-1-yl)-4-(3-Chlorophenyl)-2,4-Dihydro-3H-1,2,4-Triazole-3-Thione, a Potential Anti-proliferative Agent",Optical Materials
2023,December,Wos,College of Science,Scientific,"Synthesis, Thermal, Structural, Microhardness Properties and Gamma-Ray Attenuation Efficiency of Cd2+ and Fe3+ Co-doped Na2O-CaO-SiO2 Glasses",Phytotaxa
2023,December,Wos,College of Science,Scientific,Tailoring a symmetry for material properties of tellurite glasses through tungsten(vi) oxide addition: Mechanical properties and gamma-ray transmissions properties,Plant Stress
2023,December,Wos,College of Science,Scientific,The effect of visco-Pasternak foundation on the free vibration behavior of exponentially graded sandwich plates with various boundary conditions,Polycyclic Aromatic Compounds
2023,December,Wos,College of Science,Scientific,The First Complete Chloroplast Genome of Cordia monoica: Structure and Comparative Analysis,Polycyclic Aromatic Compounds
2023,December,Wos,College of Science,Scientific,The Impact of ECAP Parameters on the Structural and Mechanical Behavior of Pure Mg: A Combination of Experimental and Machine Learning Approaches,Polycyclic Aromatic Compounds
2023,December,Wos,College of Science,Scientific,The Influence of White Noise and the Beta Derivative on the Solutions of the BBM Equation,Poultry Science
2023,December,Wos,College of Science,Scientific,The Process Capability Index of Pareto Model under Progressive Type-II Censoring: Various Bayesian and Bootstrap Algorithms for Asymmetric Data,Results in Physics
2023,December,Wos,College of Science,Scientific,The protective effect of 7-hydroxycoumarin against cisplatin-induced liver injury is mediated via attenuation of oxidative stress and inflammation and upregulation of Nrf2/HO-1 pathway,Results in Physics
2023,December,Wos,College of Science,Scientific,The Solitary Solutions for the Stochastic Jimbo-Miwa Equation Perturbed by White Noise,Reviews on Advanced Materials Science
2023,December,Wos,College of Science,Scientific,The Valorization of Agro-Wastes and Stevia Leaves as a Sugar Replacer in Cupcake Formulas: Histological and In Vivo Studies on Diabetic Rats,SCIENTIFIC REPORTS
2023,December,Wos,College of Science,Scientific,Thermally Radiative Darcy–Forchheimer Flow of Cu/Ag Nanoliquid in Water Past a Heated Stretchy Sheet with Magnetic and Viscous Dissipation Impacts,Silicon
2023,December,Wos,College of Science,Scientific,Thermal-optical mechanical waves of the microelongated semiconductor medium with fractional order heat time derivatives in a rotational field,Spectrochimica Acta - Part A: Molecular and Biomolecular Spectroscopy
2023,December,Wos,College of Science,Scientific,"Tramadol Biological Effects: 4: Effective Therapeutic Efficacy of Lagenaria siceraria Preparation (Gamal & Aref1) and Melatonin on Cell Biological, Histochemical, and Histopathological Changes in the Kidney of Tramadol-Induced Male Mice (vol 27, pg 613, 2021)",SUSTAINABILITY
2023,December,Wos,College of Science,Scientific,Transition metal doped CeO2 for photocatalytic removal of 2-chlorophenol in the exposure of indoor white light and antifungal activity,JOURNAL OF BIOMOLECULAR STRUCTURE & DYNAMICS
2023,December,Wos,College of Science,Scientific,Tungsten oxide-copper oxide supported on reduced graphene oxide as a proficient electrocatalyst with enhanced hydrogen evolution efficiency in an alkaline media,APPLIED SCIENCES-BASEL
2023,December,Wos,College of Science,Scientific,Understanding the influence of Cu ions implantation towards highly efficient MAPbBr3 perovskite solar cells,POULTRY SCIENCE
2023,December,Wos,College of Science,Scientific,Understanding the spatial configurations of Sm2O3 in NiO interfaces Embedded-Loaded for Electrocatalytic OER process,RADIATION PHYSICS AND CHEMISTRY
2023,December,Wos,College of Science,Scientific,Univariate and multivariate analyses of the asset returns using new statistical models and penalized regression techniques,SCIENCE OF THE TOTAL ENVIRONMENT
2023,December,Wos,College of Science,Scientific,"Vibrational, mechanical, electronic and thermodynamic properties of rhenium-based perovskites XReO3(X = Li, Be) by an ab-initio computation",FRACTALS-COMPLEX GEOMETRY PATTERNS AND SCALING IN NATURE AND SOCIETY
2023,September,wos,College of Medicine,Health-related / Medical,Zinc Nanocomposite Supported Chitosan for Nitrite Sensing and Hydrogen Evolution Applications,HUMAN GENETICS
2023,September,wos,College of Medicine,Health-related / Medical,2D MXenes Embedded Perovskite Hydrogels for Efficient and Stable Solar Evaporation,HEALTHCARE
2023,September,wos,College of Medicine,Health-related / Medical,A case study of monkeypox disease in the United States using mathematical modeling with real data,MICROSCOPY RESEARCH AND TECHNIQUE
2023,September,wos,College of Medicine,Health-related / Medical,"A comprehensive numerical study on the fluid flow, thermal and exergetic performance of longitudinally ribbed spirally coiled tube with various shapes",JOURNAL OF BIOCHEMICAL AND MOLECULAR TOXICOLOGY
2023,September,wos,College of Medicine,Health-related / Medical,"A flavonoid-rich fraction of Euphorbia peplus attenuates hyperglycemia, insulin resistance, and oxidative stress in a type 2 diabetes rat model",MEDICINA-LITHUANIA
2023,September,wos,College of Medicine,Health-related / Medical,A mathematical model for cilia actuated transport of Gold-Silver hybrid nanofluid EMHD flow with activation energy phenomena,AMERICAN JOURNAL OF PERINATOLOGY
2023,September,wos,College of Medicine,Health-related / Medical,A New Xgamma-Weibull Model Using Type-II Adaptive Progressive Hybrid Censoring and Its Applications in Engineering and Medicine,BUSINESS STRATEGY AND THE ENVIRONMENT
2023,September,wos,College of Medicine,Health-related / Medical,A non-standard computational method for stochastic anthrax epidemic model,INTERNATIONAL JOURNAL OF FOOD PROPERTIES
2023,September,wos,College of Medicine,Health-related / Medical,A novel route to the synthesis of CdS/& alpha;-Fe2O3 nanocomposite for enhanced photocatalytic performance,JOURNAL OF PLANT INTERACTIONS
2023,October,WOS,College of Medicine,Health-related / Medical,A Novel Study of Fuzzy Bi-Ideals in Ordered Semirings,MOLECULES
2023,October,WOS,College of Medicine,Health-related / Medical,A Pair of Derivations on Prime Rings with Antiautomorphism,PSYCHONEUROENDOCRINOLOGY
2023,November,wos,College of Medicine,Health-related / Medical,A sustainable improvement of mortar by incorporation of marble dust and Zr2O3-NPs for radiation shielding applications,FRONTIERS IN SUSTAINABLE FOOD SYSTEMS
2023,January,wos,College of Medicine,Health-related / Medical,A Transmuted Modified Power-Generated Family of Distributions with Practice on Submodels in Insurance and Reliability,CASE STUDIES IN THERMAL ENGINEERING
2023,January,scopus,College of Medicine,Health-related / Medical,Abundant optical solutions for the Sasa-Satsuma equation with M-truncated derivative,Case Studies in Thermal Engineering
2023,January,wos,College of Medicine,Health-related / Medical,Acetic acid positively modulates proline metabolism for mitigating PEG-mediated drought stress in Maize and Arabidopsis,SUSTAINABILITY
2023,January,wos,College of Medicine,Health-related / Medical,"Adsorption behaviour on silver nanocolloids at various concentrations of a bioactive therapeutic derivative of methylhydrazine: Experimental, DFT and molecular docking investigations",FOOD AND CHEMICAL TOXICOLOGY
2023,January,wos,College of Medicine,Health-related / Medical,Adsorption of toxic dye using red seaweeds from synthetic aqueous solution and its application to industrial wastewater effluents,GENE
2023,January,scopus,College of Medicine,Health-related / Medical,"An Eco-Friendly Approach Utilizing Green Synthesized Titanium Dioxide Nanoparticles for Leather Conservation against a Fungal Strain, Penicillium expansum AL1, Involved in the Biodeterioration of a Historical Manuscript",Journal of Transcultural Nursing
2023,January,scopus,College of Medicine,Health-related / Medical,An Efficient Ensemble Approach for Alzheimer's Disease Detection Using an Adaptive Synthetic Technique and Deep Learning,Journal of Molecular Liquids
2023,January,scopus,College of Medicine,Health-related / Medical,An Evaluation of ANN Algorithm Performance for MPPT Energy Harvesting in Solar PV Systems,Pharmacological Research
2023,May,wos,College of Medicine,Scientific,"An exploration of the physical, optical, mechanical, and radiation shielding properties of PbO-MgO-ZnO-B2O3 glasses",VACCINES
2023,May,wos,College of Medicine,Health-related / Medical,An in-silico investigation based on molecular simulations of novel and potential brain-penetrant GluN2B NMDA receptor antagonists as anti-stroke therapeutic agents,MEDICINA-LITHUANIA
2023,May,wos,College of Medicine,Scientific,Analysis of fractional non-linear tsunami shallow-water mathematical model with singular and non singular kernels,HEALTHCARE
2023,May,scopus,College of Medicine,Health-related / Medical,Analysis of Muth parameters using generalized progressive hybrid censoring with application to sodium sulfur battery,Biomedicines
2023,May,wos,College of Medicine,Health-related / Medical,Analytical analysis of fractional nonlinear Jaulent-Miodek system with energy-dependent Schrodinger potential,GREEN PROCESSING AND SYNTHESIS
2023,May,wos,College of Medicine,Health-related / Medical,Annealing and intensity dependent femtosecond nonlinear optical studies of sodium zinc borate oxide glasses incorporated with gold nanoparticles,OPEN CHEMISTRY
2023,May,wos,College of Medicine,Health-related / Medical,"Anti-Helicobacter pylori, Antioxidant, Antidiabetic, and Anti-Alzheimer's Activities of Laurel Leaf Extract Treated by Moist Heat and Molecular Docking of Its Flavonoid Constituent, Naringenin, against Acetylcholinesterase and Butyrylcholinesterase",PITUITARY
2023,May,wos,College of Medicine,Health-related / Medical,"Antioxidant, Volatile Compounds; Antimicrobial, Anti-Inflammatory, and Dermatoprotective Properties of Cedrus atlantica (Endl.) Manetti Ex Carriere Essential Oil: In Vitro and In Silico Investigations",CURRENT PSYCHIATRY REPORTS
2023,May,wos,College of Medicine,Health-related / Medical,Application of Metal-Organic Frameworks for Efficient Removal of Doxorubicin Hydrochloride: Removal Process Optimization and Biological Activity,MOLECULES
2023,May,wos,College of Medicine,Health-related / Medical,Applications of Fuzzy Semiprimary Ideals under Group Action,DIAGNOSTICS
2023,May,wos,College of Medicine,Health-related / Medical,Approximate Controllability of & psi;-Hilfer Fractional Neutral Differential Equation with Infinite Delay,FOOD AND CHEMICAL TOXICOLOGY
2023,August,WOS,College of Medicine,Health-related / Medical,Are iron ore microparticles toxic for the European clam Ruditapes decussatus? Response elements from biomarker activities and in silico modeling,BMC MEDICAL EDUCATION
2023,August,WOS,College of Medicine,Health-related / Medical,Atrazine reclamation from an aqueous environment using a ruthenium-based metal-organic framework,CUREUS JOURNAL OF MEDICAL SCIENCE
2023,August,WOS,College of Medicine,Health-related / Medical,Bamboo fiber strengthened poly(lactic acid) composites with enhanced interfacial compatibility through a multi-layered coating of synergistic treatment strategy,HEALTHCARE
2023,August,WOS,College of Medicine,Health-related / Medical,"Bioaccumulation of heavy metals in water, sediments, and tissues and their histopathological effects on Unio tigridis (Bourguignat 1852)",GENE
2023,August,WOS,College of Medicine,Health-related / Medical,"Bioconvection transport of upper convected Maxwell nanoliquid with gyrotactic microorganism, nonlinear thermal radiation, and chemical reaction",JOURNAL OF BIOMOLECULAR STRUCTURE & DYNAMICS
2023,August,WOS,College of Medicine,Health-related / Medical,Biogenic silicon nanoparticles mitigate cadmium (Cd) toxicity in rapeseed (Brassica napus L.) by modulating the cellular oxidative stress metabolism and reducing Cd translocation,CUREUS JOURNAL OF MEDICAL SCIENCE
2023,August,WOS,College of Medicine,Health-related / Medical,Biological control of the root-knot nematode (Meloidogyne incognita) on eggplants with various chitinase-producing Streptomyces strains,ECOTOXICOLOGY AND ENVIRONMENTAL SAFETY
2023,August,WOS,College of Medicine,Health-related / Medical,Bioremediation of Battery Scrap Waste Contaminated Soils Using Coco Grass (Cyperus rotundus L.): A Prediction Modeling Study for Cadmium and Lead Phytoextraction,JOURNAL OF BIOLOGICAL REGULATORS AND HOMEOSTATIC AGENTS
2023,August,WOS,College of Medicine,Health-related / Medical,Biostimulants in Corn Cultivation as a Means to Alleviate the Impacts of Irregular Water Regimes Induced by Climate Change,CUREUS JOURNAL OF MEDICAL SCIENCE
2023,August,WOS,College of Medicine,Health-related / Medical,Black Hole Solutions with Dark Matter Halos in the Four-Dimensional Einstein-Gauss-Bonnet Gravity,FRONTIERS IN SUSTAINABLE FOOD SYSTEMS
2023,August,WOS,College of Medicine,Health-related / Medical,Boundary layer and heat transfer analysis of mixed convective nanofluid flow capturing the aspects of nanoparticles over a needle,BIOMEDICINE & PHARMACOTHERAPY
2023,August,WOS,College of Medicine,Health-related / Medical,"Bragg curve, dose distribution, and target fragmentation for thyroid proton therapy",JOURNAL OF CLINICAL MEDICINE
2023,August,WOS,College of Medicine,Health-related / Medical,Chemical activation and magnetization of onion waste derived carbon for arsenic removal,INTERNATIONAL JOURNAL OF ADVANCED COMPUTER SCIENCE AND APPLICATIONS
2023,August,WOS,College of Medicine,Health-related / Medical,Classical and quantum correlations between two qubits interacting with a field in thermal spin states,FRONTIERS IN PHARMACOLOGY
2023,August,WOS,College of Medicine,Health-related / Medical,Compact and Polarization Insensitive Satellite Band Perfect Metamaterial Absorber for Effective Electromagnetic Communication System,CUREUS JOURNAL OF MEDICAL SCIENCE
2023,August,scopus,College of Medicine,Health-related / Medical,Comparative dynamics of mixed convection heat transfer under thermal radiation effect with porous medium flow over dual stretched surface,Biodiversitas
2023,August,scopus,College of Medicine,Health-related / Medical,Comparative Study between First and Second Harmonics of a Nd:YAG Laser for Cleaning Manifestation Damages That Appeared in Pigments Used on Archaeological Cartonnage,JAAD Case Reports
2023,August,scopus,College of Medicine,Health-related / Medical,"Comparison of Phytochemical Composition, Antibacterial, and Antifungal Activities of Extracts from Three Organs of Pistacia lentiscus from Saudi Arabia",Brazilian Journal of Biology
2023,August,scopus,College of Medicine,Health-related / Medical,Computational analysis of the coronavirus epidemic model involving nonlinear stochastic differential equations,Biomass Conversion and Biorefinery
2023,August,scopus,College of Medicine,Health-related / Medical,Development of Sensitive Spectrofluorimetric Methods for Determining Netilmicin Based on Selective Condensation Reactions of its Amine Moiety with each Acetylacetone/Formaldehyde and Ninhydrin/ Phenylacetaldehyde Reagents,Diagnostics
2023,August,scopus,College of Medicine,Health-related / Medical,"DFT-based systematic study on the structural, optoelectronic, thermodynamic, vibrational, and mechanical behavior of Ruddlesden Popper perovskites Sr2XO4 (X = Zr, Hf) for optoelectronic applications",BMC Women's Health
2023,August,scopus,College of Medicine,Health-related / Medical,Association of genetic polymorphism of glutathione S-transferases with colorectal cancer susceptibility in snuff (Naswar) addicts,Dermatology Reports
2023,August,scopus,College of Medicine,Health-related / Medical,Bicriteria multi-machine scheduling with equal processing times subject to release dates,Reproductive Sciences
2023,August,scopus,College of Medicine,Health-related / Medical,"Biochemical and histopathological effects of copper oxide nanoparticles exposure on the bivalve Chambardia rubens (Lamarck, 1819)",Shoulder and Elbow
2023,September,wos,College of Medicine,Health-related / Medical,Albendazole repurposing on VEGFR-2 for possible anticancer application: In-silico analysis,JOURNAL OF ENZYME INHIBITION AND MEDICINAL CHEMISTRY
2023,September,wos,College of Medicine,Health-related / Medical,"Alkalihalobacillus deserti sp. nov., Isolated from the Saline-Alkaline Soil",RENDICONTI LINCEI-SCIENZE FISICHE E NATURALI
2023,September,wos,College of Medicine,Health-related / Medical,An investigation on gamma-ray and neutron attenuation properties of multi-layered Al/B4C composite,TRENDS IN CARDIOVASCULAR MEDICINE
2023,September,wos,College of Medicine,Health-related / Medical,Angiotensin II modulates THP-1-like macrophage phenotype and inflammatory signatures via angiotensin II type 1 receptor,FOOD & FUNCTION
2023,September,wos,College of Medicine,Health-related / Medical,Apigetrin-enriched Pulmeria alba extract prevents assault of STZ on pancreatic beta-cells and neuronal oxidative stress with concomitant attenuation of tissue damage and suppression of inflammation in the brain of diabetic rats,PHARMACEUTICALS
2023,September,wos,College of Medicine,Health-related / Medical,Assessment of Circulating lncRNA H19 in Ankylosing Spondylitis Patients and Its Correlation with Disease Activity,GENE
2023,September,wos,College of Medicine,Health-related / Medical,Association between interleukin-27 gene polymorphisms and Plasmodium falciparum Malaria,CURRENT ISSUES IN MOLECULAR BIOLOGY
2023,September,wos,College of Medicine,Health-related / Medical,Bacteriophage-mediated biosynthesis of MnO(2)NPs and MgONPs and their role in the protection of plants from bacterial pathogens,INTERNATIONAL JOURNAL OF EMERGENCY MEDICINE
2023,September,wos,College of Medicine,Health-related / Medical,"Bee venom ameliorates oxidative stress and histopathological changes of hippocampus, liver and testis during status epileptics",ANTIOXIDANTS
2023,September,wos,College of Medicine,Health-related / Medical,"Bioactive Compounds, Antioxidant, and Antibacterial Activity Against MDR and Food-Borne Pathogenic Bacteria of Psidium guajava. L Fruit During Ripening",PHARMACEUTICALS
2023,September,wos,College of Medicine,Health-related / Medical,Biosynthesized Nanosilver from Ginger Extract Exhibits Antioxidant and Hepatic Responses during Eimeria papillata Infection,PHARMACEUTICALS
2023,September,wos,College of Medicine,Health-related / Medical,Blood Biomarkers of Neonatal Sepsis with Special Emphasis on the Monocyte Distribution Width Value as an Early Sepsis Index,CUREUS JOURNAL OF MEDICAL SCIENCE
2023,September,wos,College of Medicine,Health-related / Medical,Characterization of beta-Cyclodextrin Hybridized Diatomite as Potential Delivery Systems of Oxaliplatin and 5-Fluorouracil Drugs; Equilibrium Modeling of Loading and Release Kinetics,FRONTIERS IN MARINE SCIENCE
2023,September,wos,College of Medicine,Health-related / Medical,"Characterization of cellulose-functionalized phillipsite biocomposite as an enhanced carrier of oxaliplatin drug during the treatment of colorectal cancer: loading, release, and cytotoxicity",BMC MUSCULOSKELETAL DISORDERS
2023,October,WOS,College of Medicine,Health-related / Medical,Comparative analysis of analytical and numerical approximations for the flow and heat transfer in mixed convection stagnation point flow of Casson fluid,ANTIBIOTICS-BASEL
2023,October,WOS,College of Medicine,Health-related / Medical,Comparative genomics reveals the presence of simple sequence repeats in genes related to virulence in plant pathogenic Pythium ultimum and Pythium vexans,MEDICAL SCIENCE MONITOR
2023,October,WOS,College of Medicine,Health-related / Medical,"Comparison of Thawing Treatments on Quality, Microbiota, and Organoleptic Characteristics of Chicken Meat Fillets",EUROPEAN JOURNAL OF INFLAMMATION
2023,October,WOS,College of Medicine,Health-related / Medical,"Composition, Abundance, and Diversity of the Soil Microbiome Associated with the Halophytic Plants Tamarix aphylla and Halopeplis perfoliata on Jeddah Seacoast, Saudi Arabia",HELIYON
2023,October,WOS,College of Medicine,Health-related / Medical,Cr2S3-Cr2O3/Poly-2-aminobenzene-1-thiol as a Highly Photocatalytic Material for Green Hydrogen Generation from Sewage Water,FOOD & FUNCTION
2023,October,WOS,College of Medicine,Health-related / Medical,Cyclin Dependent Kinase Inhibitor 2A Genetic and Epigenetic Alterations Interfere with Several Immune Components and Predict Poor Clinical Outcome,EUROPEAN JOURNAL OF OBSTETRICS & GYNECOLOGY AND REPRODUCTIVE BIOLOGY
2023,October,WOS,College of Medicine,Health-related / Medical,Degradation of cefadroxil drug by newly designed solar light responsive alcoholic template-based lanthanum ferrite nanoparticles,INFECTIOUS AGENTS AND CANCER
2023,October,WOS,College of Medicine,Health-related / Medical,"Design, synthesis, apoptotic, and antiproliferative effects of 5-chloro-3-(2-methoxyvinyl)-indole-2-carboxamides and pyrido[3,4-b]indol-1-ones as potent EGFR(WT/)EGFR(T790M) inhibitors",BIOLOGICAL TRACE ELEMENT RESEARCH
2023,October,WOS,College of Medicine,Health-related / Medical,"Design, synthesis, docking, and anticancer evaluations of new thiazolo[3,2-a] pyrimidines as topoisomerase II inhibitors",GREEN PROCESSING AND SYNTHESIS
2023,October,WOS,College of Medicine,Health-related / Medical,"Design, synthesis, molecular modelling and antitumor evaluation of S-glucosylated rhodanines through topo II inhibition and DNA intercalation",CUREUS JOURNAL OF MEDICAL SCIENCE
2023,October,WOS,College of Medicine,Health-related / Medical,Designing CuSe-gCN nanocomposite as an active electrocatalyst for water oxidation,TOXICS
2023,October,WOS,College of Medicine,Health-related / Medical,Designing highly active core/shell cathode materials for low-temperature PCFCs,FRONTIERS IN SUSTAINABLE FOOD SYSTEMS
2023,October,WOS,College of Medicine,Health-related / Medical,Designing of fluorine-substituted benzodithiophene-based small molecules with efficient photovoltaic parameters,DIAGNOSTICS
2023,October,WOS,College of Medicine,Health-related / Medical,Designing of near-IR organic semiconductors for photodetectors: Machine learning and data mining assisted efficient pipeline,BIOMEDICINE & PHARMACOTHERAPY
2023,October,WOS,College of Medicine,Health-related / Medical,Desulfurization of coal using SnO2/TiO2 nanocomposite immobilized on glass beads under solar light irradiation,JOURNAL OF CLINICAL MEDICINE
2023,October,WOS,College of Medicine,Health-related / Medical,Development and synergistic effects of magnetodielectric Dy-Gd co-doped YIG nanoferrites based meta-absorber for improved absorption applications,FRONTIERS IN BIOENGINEERING AND BIOTECHNOLOGY
2023,October,WOS,College of Medicine,Health-related / Medical,Development of a Microbial-Assisted Process for Enhanced Astaxanthin Recovery from Crab Exoskeleton Waste,JOURNAL OF CLINICAL MEDICINE
2023,November,wos,College of Medicine,Health-related / Medical,Development of Ce3+- and Yb3+-doped borate glasses for optical and radiation protection materials,DIAGNOSTICS
2023,November,wos,College of Medicine,Health-related / Medical,Development of glow-in-the-dark and color-tunable poly(methyl methacrylate) plastic concrete immobilized with rare-earth aluminate,JOURNAL OF ENZYME INHIBITION AND MEDICINAL CHEMISTRY
2023,November,wos,College of Medicine,Health-related / Medical,Dielectrically modified Nd3+doped (Ni-Mn) based spinel ferrite Ni0.5Mn0.5NdxFe2-xO4 nanoparticles for energy storage applications,MICROORGANISMS
2023,November,wos,College of Medicine,Health-related / Medical,Dissipative Kawahara ion-acoustic solitary and cnoidal waves in a degenerate magnetorotating plasma,LIFE-BASEL
2023,November,wos,College of Medicine,Health-related / Medical,Double-diffusive natural convection with Soret/Dufour effects and energy optimization of Nano-Encapsulated Phase Change Material in a novel form of a wavy-walled I-shaped domain,RENDICONTI LINCEI-SCIENZE FISICHE E NATURALI
2023,November,wos,College of Medicine,Health-related / Medical,Ecofriendly green synthesis of Ag@Cu bimetallic nanoparticles using Seidlitzia stocksii stem extract: photocatalytic degradation of methylene blue,JOURNAL OF APPLIED GENETICS
2023,November,wos,College of Medicine,Health-related / Medical,Effect of Acute Melatonin Injection on Metabolomic and Testicular Artery Hemodynamic Changes and Circulating Hormones in Shiba Goats under Sub-Tropical Environmental Conditions,INTERNATIONAL JOURNAL OF FOOD PROPERTIES
2023,November,wos,College of Medicine,Health-related / Medical,Effect of an excited non-local microelongated semiconductor with variable thermal conductivity on the propagation of photo-thermoelastic waves,JOURNAL OF PLANT INTERACTIONS
2023,November,wos,College of Medicine,Health-related / Medical,"Effect of Boron Incorporation on the Mechanical, and Radiation Shielding Behaviors of Borosilicate Bioactive Glasses",BEHAVIORAL SCIENCES
2023,November,wos,College of Medicine,Health-related / Medical,"Effect of Boron Incorporation on the Mechanical, and Radiation Shielding Behaviors of Borosilicate Bioactive Glasses (Jun, 10.1007/s12633-023-02562-9, 2023)",LIFE-BASEL
2023,November,wos,College of Medicine,Health-related / Medical,"Effect of CuO Nanoparticles on the Optical, Structural, and Electrical Properties in the PMMA/PVDF Nanocomposite",EUROPEAN JOURNAL OF OBSTETRICS & GYNECOLOGY AND REPRODUCTIVE BIOLOGY
2023,November,wos,College of Medicine,Health-related / Medical,"Effect of external static pressure on structural, electronic, and optical properties of 2-D hetero-junction MoS2 for a photocatalytic applications: A DFT study",CUREUS JOURNAL OF MEDICAL SCIENCE
2023,February,scopus,College of Medicine,Health-related / Medical,Effect of jasmonic acid on the phytoremediation of dinitrophenol from wastewater by Solanum nigrum L. and Atriplex lentiformis (Torr.) S. Watson,International Journal of General Medicine
2023,February,scopus,College of Medicine,Health-related / Medical,"Effect of one-dimensional nanostructures copolymer based poly (9-vinylcarbazole) and poly [(9,9-dioctylfluorenyl-2,7-diyl)-co-(bithiophene)] PVK-F8T2 nanowires on their photophysical properties",European Journal of Plastic Surgery
2023,February,scopus,College of Medicine,Health-related / Medical,Effect of orbital angular momentum on dust-ion-acoustic waves in a superthermal plasma,Medicina (Lithuania)
2023,February,scopus,College of Medicine,Health-related / Medical,Effect of Polypyrrole on the Capacitance Enhancement of the Spherical ZnS-ZnO/g-C3N4 Nanocomposite for Supercapacitor Applications,Pharmaceuticals
2023,February,scopus,College of Medicine,Health-related / Medical,"Effect of silver oxide additives on structural, optical dispersion and protection features of lead boro-phosphate glasses",European Journal of Ophthalmology
2023,February,scopus,College of Medicine,Health-related / Medical,Effect of source to the substrate distance on thermoelectric properties of copper nitride thin films grown by thermal evaporation method,Reproductive Biology and Endocrinology
2023,February,wos,College of Medicine,Health-related / Medical,Effective three-dimensional thermal conductivity networks in polystyrene/multi-walled carbon nanotubes/aluminum oxide@hexagonal boron nitride composites based on synergistic effects and isolated structures,HEALTHCARE
2023,February,wos,College of Medicine,Health-related / Medical,"Effective three-dimensional thermal conductivity networks in polystyrene/multi-walled carbon nanotubes/aluminum oxide@hexagonal boron nitride composites based on synergistic effects and isolated structures (vol 6, 125, 2023)",MATHEMATICS
2023,February,wos,College of Medicine,Health-related / Medical,Effectiveness of exergaming in reducing cancer-related fatigue among children with acute lymphoblastic leukemia: a randomized controlled trial,FRONTIERS IN MICROBIOLOGY
2023,February,wos,College of Medicine,Health-related / Medical,"Effects of dietary forage-to-concentrate ratio on fat deposition, fatty acid composition, oxidative stability and mRNA expression of sirtuins genes of subcutaneous fat in sheep (Ovis aries)",LIFE-BASEL
2023,February,wos,College of Medicine,Health-related / Medical,Effects of substrate material on the electrical properties of self-assembled InAs quantum dots-based laser structures,INTERNATIONAL JOURNAL OF PHARMACEUTICAL RESEARCH AND ALLIED SCIENCES
2023,February,wos,College of Medicine,Health-related / Medical,Effects of the Wiener Process and Beta Derivative on the Exact Solutions of the Kadomtsev-Petviashvili Equation,INTERNATIONAL JOURNAL OF PHARMACEUTICAL RESEARCH AND ALLIED SCIENCES
2023,March,WOS,College of Medicine,Health-related / Medical,Effects of varied nutrient regimes on soil health and long-term productivity in a rice-wheat system: insights from a 29-year study in the mollisols of the Himalayan Tarai region,Molecules
2023,March,WOS,College of Medicine,Health-related / Medical,Efficient Difference and Ratio-Type Imputation Methods under Ranked Set Sampling,OPEN CHEMISTRY
2023,March,WOS,College of Medicine,Health-related / Medical,Efficient Disposal of Rhodamine 6G and Acid Orange 10 Dyes from Aqueous Media Using ZrO2/CdMn2O4/CdO as Novel and Facilely Synthesized Nanocomposites,Rendiconti Lincei
2023,March,WOS,College of Medicine,Health-related / Medical,Electrically conducting mixed convective flow of a hybrid nanoliquid over a rotating sphere with nonlinear thermal radiation,Biomedicines
2023,March,WOS,College of Medicine,Health-related / Medical,Enabling fast ionic transport in CeO2-La1-2xBaxBixFeO3 nanocomposite electrolyte for low temperature solid oxide fuel cell application,Brain Sciences
2023,March,WOS,College of Medicine,Health-related / Medical,Endoscopic balloon dilation of a stenosed artery stenting via cfd tool open-foam: Physiology of angioplasty and stent placement,Journal of Chemical Neuroanatomy
2023,March,WOS,College of Medicine,Health-related / Medical,Enhanced efficiency of flexible organic polymer solar cells by incorporation of titanium dioxide nanoparticles,JOURNAL OF ENDOCRINOLOGY AND METABOLISM
2023,March,WOS,College of Medicine,Health-related / Medical,"Enhancement of the structural, morphological, optical and thermoelectric power factor of polycrystalline BiInSe3 thin film",Pharmaceuticals
2023,March,scopus,College of Medicine,Health-related / Medical,Enhancing the Performance of Cobalt-based Oxide Electrode Material for Asymmetric Supercapacitor Devices,Archives of Physiology and Biochemistry
2023,March,WOS,College of Medicine,Health-related / Medical,"Evaluation of Biomedical Applications for Linseed Extract: Antimicrobial, Antioxidant, Anti-Diabetic, and Anti-Inflammatory Activities In Vitro",Animals
2023,March,scopus,College of Medicine,Health-related / Medical,"Evaluation of tetracycline removal by magnetic metal organic framework from aqueous solutions: Adsorption isotherm, kinetics, thermodynamics, and Box-Behnken design optimization",Colorectal Disease
2023,March,WOS,College of Medicine,Health-related / Medical,"Evidences of noncovalent interactions between indole and dichloromethane under different solvent conditions (vol 29, 246, 2023)",Journal of Molecular Modeling
2023,March,WOS,College of Medicine,Health-related / Medical,Existence Results of Langevin Equations with Caputo-Hadamard Fractional Operator,VACCINES
2023,March,WOS,College of Medicine,Health-related / Medical,Exohedrally and endohedrally doped 15-crown-5 (a crown ether) surface by metals for potential applications as high-performance NLO materials,MOLECULES
2023,March,WOS,College of Medicine,Health-related / Medical,"Experimental and computational study of binary transition metal oxides NaNi1/2 X1/2 O2 (X=Cr, Fe, Co and Cu) for energy storage applications",CUREUS JOURNAL OF MEDICAL SCIENCE
2023,March,WOS,College of Medicine,Health-related / Medical,Experimental assessment for the photon shielding features of silicone rubber reinforced by tellurium borate oxides,TOXICS
2023,March,WOS,College of Medicine,Health-related / Medical,Experimental study of CO2 and N-2 adsorption on activated carbon,JOURNAL OF PLANT INTERACTIONS
2023,March,WOS,College of Medicine,Health-related / Medical,Exploitation of selected plant extracts as bio-control against fungal contaminants in animal feed,MOLECULES
2023,March,WOS,College of Medicine,Health-related / Medical,"Exploring genotypic variability and interrelationships among growth, yield, and quality characteristics in diverse tomato genotypes",CUREUS JOURNAL OF MEDICAL SCIENCE
2023,April,WOS,College of Medicine,Health-related / Medical,"Exploring the candidacy of Mo(1-x) Ax X2 (A = [Cr, Ta], X = S) for photodetection solicitations: Showcasing the DFT predictions of the structural, elastic, and optoelectronic properties",JOURNAL OF ENDOCRINOLOGY AND METABOLISM
2023,April,SCOPUS,College of Medicine,Health-related / Medical,"Exploring the structural properties and the optoelectronic features of RbPbX3 (X = Cl, F) perovskite crystals for solar cells solicitations: Showcasing the DFT predictions.",Current Women's Health Reviews
2023,April,WOS,College of Medicine,Health-related / Medical,Extropy Based on Concomitants of Order Statistics in Farlie-Gumbel-Morgenstern Family for Random Variables Representing Past Life,INTERNATIONAL JOURNAL OF MORPHOLOGY
2023,April,WOS,College of Medicine,Health-related / Medical,Fabrication of Molecularly Imprinted Polymer Films Based on Graphene Oxide and Carbon Nanotubes for Nitrogenous Compound Sensing in Fuel Chemicals,TOXICS
2023,April,WOS,College of Medicine,Health-related / Medical,Fabrication of novel Zn (II)-imidazole based mixed matrix membranes for heavy metal removals from drinking water,SAGE OPEN MEDICINE
2023,April,SCOPUS,College of Medicine,Health-related / Medical,Fabrication of ZnO-CuFe2O4-CNTs ternary nanocomposite for harmful organic effluents degradation by sunlight irradiation,European Journal of Human Genetics
2023,April,SCOPUS,College of Medicine,Health-related / Medical,"Fabrication, physical and machine learning density prediction techniques of newly B2O3-ZnO-BaO-PtO2 glasses",Annals of Saudi medicine
2023,April,SCOPUS,College of Medicine,Health-related / Medical,"Fabrication, physical, optical, and gamma-ray attenuation properties of platinum-doped borate glasses: experimental and theoretical investigation",Saudi Pharmaceutical Journal
2023,April,WOS,College of Medicine,Health-related / Medical,"Fabrication, surface characterization and electrical properties of hydrogen-irradiated nanocomposite materials",JOURNAL OF COMPLEMENTARY MEDICINE RESEARCH
2023,June,WOS,College of Medicine,Health-related / Medical,"Facile auto-flash-combustion synthesis and characterization of visible-light-driven photocatalytic active Mn (II, III) loaded NiO nanoparticles",CUREUS JOURNAL OF MEDICAL SCIENCE
2023,June,scopus,College of Medicine,Health-related / Medical,Facile fabrication of CoAl2O4 based rGO nanohybrid as an environmental purifier for photodegradation of methylene blue,Molecules
2023,June,scopus,College of Medicine,Health-related / Medical,Facile fabrication of SnSe nanorods embedded in GO nanosheet for robust oxygen evolution reaction,Vaccines
2023,June,WOS,College of Medicine,Health-related / Medical,Facile Hydrothermal Synthesis of Visible-Light-Driven MnS/rGO Nanocomposite for Photocatalytic Degradation of Methylene Blue Dye,OPEN CHEMISTRY
2023,June,WOS,College of Medicine,Health-related / Medical,"FeCoNiMnCr high-entropy alloys (HEAs): Synthesis, structural, magnetic and nuclear radiation absorption properties",INTERNATIONAL JOURNAL OF MORPHOLOGY
2023,June,WOS,College of Medicine,Health-related / Medical,FGFR3 and FGFR4 overexpression in juvenile nasopharyngeal angiofibroma: impact of smoking history and implications for personalized management,MEDICINA-LITHUANIA
2023,June,WOS,College of Medicine,Health-related / Medical,"First-principle insight into the structural, electronic, elastic and optical properties of Cs-based double perovskites Cs2XCrCl6 (X = K, Na)",OPEN CHEMISTRY
2023,June,scopus,College of Medicine,Health-related / Medical,"First-principles calculations to investigate structural, electrical, elastic and optical characteristics of BWF3 (W = S and Si) fluoroperovskites",Healthcare (Switzerland)
2023,June,WOS,College of Medicine,Health-related / Medical,FLORISTIC COMPOSITION OF THE GARDENS WITH REFERENCE TO ECONOMIC VALUE AND SPECIES STATUS ACCORDING TO IUCN.,CUREUS JOURNAL OF MEDICAL SCIENCE
2023,June,WOS,College of Medicine,Health-related / Medical,Fractional study of radiative Brinkman-type nanofluid flow across a vertical plate with the effect of Lorentz force and Newtonian heating,BANGLADESH JOURNAL OF MEDICAL SCIENCE
2023,June,WOS,College of Medicine,Health-related / Medical,"Functionalization of pre-gelatinized Urad bean fermented by Saccharomyces cerevisiae MK-157 as a fat replacer and its impact on physico-chemical, micromorphology, nutritional and sensory characteristics of biscuits",MICROSCOPY RESEARCH AND TECHNIQUE
2023,June,WOS,College of Medicine,Health-related / Medical,Galerkin's method to solve a fractional time-delayed jerk oscillator,FRONTIERS IN SUSTAINABLE FOOD SYSTEMS
2023,June,WOS,College of Medicine,Health-related / Medical,"GC-MS Analysis, Antibacterial, and Anticancer Activities of Hibiscus sabdariffa L. Methanolic Extract: In Vitro and In Silico Studies",SAUDI MEDICAL JOURNAL
2023,June,WOS,College of Medicine,Health-related / Medical,Genome-wide analysis revealed the stepwise origin and functional diversification of HSDs from lower to higher plant species,JOURNAL OF THORACIC ONCOLOGY
2023,June,WOS,College of Medicine,Health-related / Medical,Genome-wide identification and analysis of B-box zinc finger gene family in sugarcane (Saccharum officinarum),PARKINSONISM & RELATED DISORDERS
2023,June,WOS,College of Medicine,Health-related / Medical,GeSe/MoS2 van der Waal heterostructure a potential photocatalyst candidate for overall water splitting: A DFT study,INTERNATIONAL JOURNAL OF FOOD PROPERTIES
2023,June,WOS,College of Medicine,Health-related / Medical,Global Potential Distribution of Sarcophaga dux and Sarcophaga haemorrhoidalis under Climate Change,ANNALS OF CLINICAL AND TRANSLATIONAL NEUROLOGY
2023,June,scopus,College of Medicine,Health-related / Medical,Glycine differentially improved the growth and biochemical composition of Synechocystis sp. PAK13 and Chlorella variabilis DT025,International Journal of Morphology
2023,June,WOS,College of Medicine,Health-related / Medical,"Green biopolymer and plasticizer for solid electrolyte preparation: FTIR, electrochemical properties and EDLC characteristics",INTERNATIONAL JOURNAL OF PHARMACOLOGY
2023,June,WOS,College of Medicine,Health-related / Medical,Green synthesis of strontium-doped tin dioxide (SrSnO2) nanoparticles using the Mahonia bealei leaf extract and evaluation of their anticancer and antimicrobial activities,CUREUS JOURNAL OF MEDICAL SCIENCE
2023,June,scopus,College of Medicine,Health-related / Medical,Photodetection Properties of CdS/Si Heterojunction Prepared by Pulsed Laser Ablation in DMSO Solution for Optoelectronic Application,Journal of Endocrinology and Metabolism
2023,June,WOS,College of Medicine,Health-related / Medical,"Phytochemical analysis and evaluation of antimicrobial, antioxidant, and antidiabetic activities of essential oils from Moroccan medicinal plants: Mentha suaveolens, Lavandula stoechas, and Ammi visnaga",JOURNAL OF GYNECOLOGY OBSTETRICS AND HUMAN REPRODUCTION
2023,June,WOS,College of Medicine,Health-related / Medical,"Phytohormones Promote the Growth, Pigment Biosynthesis and Productivity of Green Gram [Vigna radiata (L.) R. Wilczek]",BMC MUSCULOSKELETAL DISORDERS
2023,July,WOS,College of Medicine,Health-related / Medical,"Pleurospermum candollei Methanolic Extract Ameliorates CCl4-Induced Liver Injury by Modulating Oxidative Stress, Inflammatory, and Apoptotic Markers in Rats",EUROPEAN REVIEW FOR MEDICAL AND PHARMACOLOGICAL SCIENCES
2023,July,WOS,College of Medicine,Health-related / Medical,Prevalence of residual risks of the transfusion-transmitted infections in Riyadh hospitals: A two-year retrospective study,SCIENTIFIC REPORTS
2023,July,WOS,College of Medicine,Health-related / Medical,Seasonal Variations in Yield and Biochemical Composition of the Mediterranean Saltbush (Atriplex halimus L.) Under Saline Agriculture in Semi-Arid Regions,CURRENT ISSUES IN MOLECULAR BIOLOGY
2023,July,WOS,College of Medicine,Health-related / Medical,"Spectral Characterization and Antimicrobial Activity of Chenodeoxycholic Acid Complexes with Zn(II), Mg(II), and Ca(II) Ions",FRONTIERS IN MARINE SCIENCE
2023,July,WOS,College of Medicine,Health-related / Medical,"A New Zn(II) Azido Complex of L-Arginine: X-ray Crystal Structure, Hirshfeld, and AIM Studies",PHARMACEUTICALS
2023,July,WOS,College of Medicine,Health-related / Medical,A Newly Emerging Serotype A Strain in Foot-and-Mouth Disease Virus with Higher Severity and Mortality in Buffalo than in Cattle Calves in North Egypt,RENDICONTI LINCEI-SCIENZE FISICHE E NATURALI
2023,July,WOS,College of Medicine,Health-related / Medical,"A novel formulation of triethyl orthoformate mediated durable, smart and antibacterial chitosan cross-linked cellulose fabrics",AMERICAN JOURNAL OF PERINATOLOGY
2023,July,WOS,College of Medicine,Health-related / Medical,A novel route to the synthesis of CdS/α-Fe2O3 nanocomposite for enhanced photocatalytic performance,JOURNAL OF BIOCHEMICAL AND MOLECULAR TOXICOLOGY
2023,July,WOS,College of Medicine,Health-related / Medical,A Pair of Derivations on Prime Rings with Antiautomorphism,PHARMACEUTICALS
2023,July,WOS,College of Medicine,Health-related / Medical,A porous hydrogen-bonded organic framework for sensitive and highly selective fluorescence sensing of carcinoid biomarkers,INTERNATIONAL JOURNAL OF FOOD PROPERTIES
2023,July,WOS,College of Medicine,Health-related / Medical,A Weighted Cosine-G Family of Distributions: Properties and Illustration Using Time-to-Event Data,ANTIOXIDANTS
2023,July,WOS,College of Medicine,Health-related / Medical,Abundant resistome determinants in rhizosphere soil of the wild plant Abutilon fruticosum,HEALTHCARE
2023,December,Wos,College of Medicine,Health-related / Medical,Addition of acceptor moiety toward Quinoxaline-based conjugated framework of chromophores for highly efficient organic solar cells,JOURNAL OF BIOLOGICAL REGULATORS AND HOMEOSTATIC AGENTS
2023,December,Wos,College of Medicine,Health-related / Medical,Adsorption of toxic dye using red seaweeds from synthetic aqueous solution and its application to industrial wastewater effluents,Antibiotics
2023,December,Wos,College of Medicine,Health-related / Medical,Aggrandized Catalytic and Bactericidal Activity of Silver and Polyvinylpyrrolidone Capped Bismuth Oxybromide Quantum dots: In silico Molecular Docking Studies,Reproductive Sciences
2023,December,Wos,College of Medicine,Health-related / Medical,Algebraic Structure Graphs over the Commutative Ring Zm: Exploring Topological Indices and Entropies Using M-Polynomials,"Clinical, Cosmetic and Investigational Dermatology"
2023,December,wos,College of Medicine,Health-related / Medical,"Alleviating Effect of a Magnetite (Fe3O4) Nanogel against Waterborne-Lead-Induced Physiological Disturbances, Histopathological Changes, and Lead Bioaccumulation in African Catfish",Biochemical Genetics
2023,December,wos,College of Medicine,Health-related / Medical,"Alleviation of gadolinium stress on Medicago by elevated atmospheric CO2 is mediated by changes in carbohydrates, Anthocyanin, and proline metabolism",Biomedicines
2023,December,wos,College of Medicine,Health-related / Medical,An Efficient Ensemble Approach for Alzheimer's Disease Detection Using an Adaptive Synthetic Technique and Deep Learning,Case Reports in Women's Health
2023,December,wos,College of Medicine,Health-related / Medical,"An exploration of the physical, optical, mechanical, and radiation shielding properties of PbO-MgO-ZnO-B2O3 glasses",Journal of Cardiovascular Development and Disease
2023,December,wos,College of Medicine,Health-related / Medical,"An integrated phytochemical, in silico and in vivo approach to identify the protective effect of Caroxylon salicornicum against cisplatin hepatotoxicity",Journal of Clinical Medicine
2023,December,Wos,College of Medicine,Health-related / Medical,ANALYSIS OF BACTERIAL DIVERSITY IN MILK FROM FOUR VARIOUS ANIMAL SPECIES USING METAGENOMIC APPROACHES,Journal of Infection and Public Health
2023,December,wos,College of Medicine,Health-related / Medical,Analysis of fractional non-linear tsunami shallow-water mathematical model with singular and non singular kernels,Pharmaceuticals
2023,August,WOS,College of pharmacy,Health-related / Medical,Annealing and intensity dependent femtosecond nonlinear optical studies of sodium zinc borate oxide glasses incorporated with gold nanoparticles,FUTURE MEDICINAL CHEMISTRY
2023,August,WOS,College of pharmacy,Health-related / Medical,Antimalarial drug discovery against malaria parasites through haplopine modification: An advanced computational approach,PHARMACEUTICALS
2023,December,Wos,College of pharmacy,Health-related / Medical,"Antioxidant, Volatile Compounds; Antimicrobial, Anti-Inflammatory, and Dermatoprotective Properties of Cedrus atlantica (Endl.) Manetti Ex Carriere Essential Oil: In Vitro and In Silico Investigations",Scientific Reports
2023,January,wos,College of pharmacy,Health-related / Medical,Application of Metal-Organic Frameworks for Efficient Removal of Doxorubicin Hydrochloride: Removal Process Optimization and Biological Activity,JOURNAL OF CLINICAL MEDICINE
2023,January,wos,College of pharmacy,Health-related / Medical,Applying an internal transcribed spacer as a single molecular marker to differentiate between Tetraselmis and Chlorella species,DRUG DELIVERY
2023,January,scopus,College of pharmacy,Health-related / Medical,"Archipelagos, islands, necklaces, and other exotic structures in external force-driven chaotic dusty plasmas",How Synthetic Drugs Work: Insights into Molecular Pharmacology of Classic and New Pharmaceuticals
2023,January,wos,College of pharmacy,Health-related / Medical,Are iron ore microparticles toxic for the European clam Ruditapes decussatus? Response elements from biomarker activities and in silico modeling,JOURNAL OF MOLECULAR STRUCTURE
2023,May,wos,College of pharmacy,Scientific,Assessment of noise and vibration characteristics of Botryococcus braunii microalgae and hydrogen blends in internal combustion engines for highway vehicles,APPLIED SCIENCES-BASEL
2023,May,wos,College of pharmacy,Health-related / Medical,Asymptotic Normality of Nonparametric Kernel Regression Estimation for Missing at Random Functional Spatial Data,HORTICULTURAE
2023,May,wos,College of pharmacy,Health-related / Medical,Asymptotic Stability and Dependency of a Class of Hybrid Functional Integral Equations,PHARMACEUTICALS
2023,May,wos,College of pharmacy,Health-related / Medical,Atrazine reclamation from an aqueous environment using a ruthenium-based metal-organic framework,CELLS
2023,May,wos,College of pharmacy,Health-related / Medical,Attention-based deep learning framework to recognize diabetes disease from cellular retinal images,PHARMACEUTICALS
2023,May,wos,College of pharmacy,Health-related / Medical,B2O3 nanoparticles alleviate salt stress in maize leaf growth zones by enhancing photosynthesis and maintaining mineral and redox status,CLINICAL AND APPLIED THROMBOSIS-HEMOSTASIS
2023,May,scopus,College of pharmacy,Health-related / Medical,Bamboo fiber strengthened poly(lactic acid) composites with enhanced interfacial compatibility through a multi-layered coating of synergistic treatment strategy,Scientific Reports
2023,May,wos,College of pharmacy,Health-related / Medical,Bayesian and non-Bayesian estimations of truncated inverse power Lindley distribution under progressively type-II censored data with applications,RSC ADVANCES
2023,May,wos,College of pharmacy,Health-related / Medical,Beyond traditional boundaries: Exergo-economic and thermo-mechanical optimization of segmented thermoelectric generators with varied cross-sections,ACS OMEGA
2023,May,wos,College of pharmacy,Health-related / Medical,"Biochar with Organic and Inorganic Fertilizers Improves Defenses, Nitrogen Use Efficiency, and Yield of Maize Plants Subjected to Water Deficit in an Alkaline Soil",PHARMACEUTICS
2023,May,wos,College of pharmacy,Health-related / Medical,"Bioconvection transport of upper convected Maxwell nanoliquid with gyrotactic microorganism, nonlinear thermal radiation, and chemical reaction",PHARMACEUTICALS
2023,May,scopus,College of pharmacy,Health-related / Medical,Bio-functionalized nickel-silica nanoparticles suppress bacterial leaf blight disease in rice (Oryza sativa L.),Animals
2023,May,wos,College of pharmacy,Health-related / Medical,Biogenic silicon nanoparticles mitigate cadmium (Cd) toxicity in rapeseed (Brassica napus L.) by modulating the cellular oxidative stress metabolism and reducing Cd translocation,PLANTS-BASEL
2023,May,wos,College of pharmacy,Health-related / Medical,Biological control of the root-knot nematode (Meloidogyne incognita) on eggplants with various chitinase-producing Streptomyces strains,ZEITSCHRIFT FUR PHYSIKALISCHE CHEMIE-INTERNATIONAL JOURNAL OF RESEARCH IN PHYSICAL CHEMISTRY & CHEMICAL PHYSICS
2023,February,scopus,College of pharmacy,Health-related / Medical,Black Hole Solutions with Dark Matter Halos in the Four-Dimensional Einstein-Gauss-Bonnet Gravity,Apoptosis
2023,February,scopus,College of pharmacy,Health-related / Medical,Boundary value problem of weighted fractional derivative of a function with a respect to another function of variable order,Biocatalysis and Agricultural Biotechnology
2023,February,scopus,College of pharmacy,Health-related / Medical,"Brucellar, Pyogenic, and Tuberculous Spondylodiscitis at Tertiary Hospitals in Saudi Arabia: A Comparative Retrospective Cohort Study",PLoS ONE
2023,February,wos,College of pharmacy,Health-related / Medical,Calcium nanoparticles mitigate severe salt stress in Solanum lycopersicon by instigating the antioxidant defense system and renovating the protein profile,LIFE-BASEL
2023,February,wos,College of pharmacy,Health-related / Medical,Characterization of Non-Linear Bi-Skew Jordan n-Derivations on Prime *-Algebras,JOURNAL OF MEDICAL ECONOMICS
2023,February,wos,College of pharmacy,Health-related / Medical,"Characterizing the properties of Bi2O3-TeO2-CdO glasses: a multidimensional investigation of their structure, thermal behaviour, optical properties, and gamma ray shielding capability",INTERNATIONAL JOURNAL OF GENERAL MEDICINE
2023,February,wos,College of pharmacy,Health-related / Medical,Chemical activation and magnetization of onion waste derived carbon for arsenic removal,BIOMEDICINES
2023,February,wos,College of pharmacy,Health-related / Medical,"Chemoselective chlorination of 1,5-benzodiazepin-2-one derivatives by activated DMSO",MEDICINA-LITHUANIA
2023,March,scopus,College of pharmacy,Health-related / Medical,"Chitosan nanogel aqueous treatment improved blood biochemicals, antioxidant capacity, immune response, immune-related gene expression and infection resistance of Nile tilapia",BMC Infectious Diseases
2023,March,WOS,College of pharmacy,Health-related / Medical,Chitosan nanoparticles upregulate C and N metabolism in soybean plants grown under elevated levels of atmospheric carbon dioxide,Journal of Intensive Care Medicine
2023,March,WOS,College of pharmacy,Health-related / Medical,Comparative analysis of experimental and numerical investigation on multiple projectile impact of AA5083 friction stir welded targets,Pharmaceuticals
2023,March,WOS,College of pharmacy,Health-related / Medical,Comparative dynamics of mixed convection heat transfer under thermal radiation effect with porous medium flow over dual stretched surface,Clinical and Applied Thrombosis/Hemostasis
2023,March,WOS,College of pharmacy,Health-related / Medical,"Compost and Phosphorus/Potassium-Solubilizing Fungus Effectively Boosted Quinoa's Physio-Biochemical Traits, Nutrient Acquisition, Soil Microbial Community, and Yield and Quality in Normal and Calcareous Soils",Metabolites
2023,March,WOS,College of pharmacy,Health-related / Medical,"Comprehensive analysis of relativistic embedded class-I exponential compact spheres in f (R, φ) gravity via Karmarkar condition",Zeitschrift fur Physikalische Chemie
2023,March,scopus,College of pharmacy,Health-related / Medical,Computational analysis of the coronavirus epidemic model involving nonlinear stochastic differential equations,Dose-Response
2023,March,WOS,College of pharmacy,Health-related / Medical,Contrast-enhanced MRI synthesis using dense-dilated residual convolutions based 3D network toward elimination of gadolinium in neuro-oncology,Pharmaceuticals
2023,March,scopus,College of pharmacy,Health-related / Medical,Automated Arabic Text Classification Using Hyperparameter Tuned Hybrid Deep Learning Model,Drug Research
2023,March,WOS,College of pharmacy,Health-related / Medical,Automated Autism Spectral Disorder Classification Using Optimal Machine Learning Model,Healthcare (Switzerland)
2023,March,WOS,College of pharmacy,Health-related / Medical,Automated Deep Learning Based Melanoma Detection and Classification Using Biomedical Dermoscopic Images,BMC Infectious Diseases
2023,March,scopus,College of pharmacy,Health-related / Medical,Sailfish Optimizer with Deep Transfer Learning-Enabled Arabic Handwriting Character Recognition,International journal of environmental research and public health
2023,March,WOS,College of pharmacy,Health-related / Medical,Applied Linguistics with Mixed Leader Optimizer Based English Text Summarization Model,Pharmaceuticals
2023,March,WOS,College of pharmacy,Health-related / Medical,Discourse-Pragmatic Functions of Ya3ni in Najdi Arabic Interaction,AMERICAN JOURNAL OF HEALTH-SYSTEM PHARMACY
2023,March,WOS,College of pharmacy,Health-related / Medical,Improved Fruitf ly Optimization with Stacked Residual Deep Learning Based Email Classification,APPLIED SCIENCES-BASEL
2023,March,WOS,College of pharmacy,Health-related / Medical,Investigating Translation Shifts and Modulation in Literary Translation: A Case Study,LATIN AMERICAN JOURNAL OF PHARMACY
2023,March,WOS,College of pharmacy,Health-related / Medical,Modified Sine Cosine Optimization with Adaptive Deep Belief Network for Movie Review Classification,JOURNAL OF CANCER
2023,March,WOS,College of pharmacy,Health-related / Medical,Sine Cosine Optimization with Deep Learning-Based Applied Linguistics for Sentiment Analysis on COVID-19 Tweets,INTERNATIONAL JOURNAL OF CLINICAL PHARMACOLOGY AND THERAPEUTICS
2023,April,WOS,College of pharmacy,Health-related / Medical,Modified Aquila Optimizer with Stacked Deep Learning-Based Sentiment Analysis of COVID-19 Tweets,BRITISH JOURNAL OF CLINICAL PHARMACOLOGY
2023,April,WOS,College of pharmacy,Health-related / Medical,Benjamin Zephaniah's dub poetry and its appeal to children: an ecocritical reading,PLANTS-BASEL
2023,April,SCOPUS,College of pharmacy,Health-related / Medical,Attitudes and Behaviour towards More Sustainable Travel Options in the Kingdom of Saudi Arabia: An Emerging Social Change?,Life Sciences
2023,April,SCOPUS,College of pharmacy,Health-related / Medical,A lubricated stagnation point flow of nanofluid with heat and mass transfer phenomenon: Significance to hydraulic systems,Social Psychiatry and Psychiatric Epidemiology
2023,April,SCOPUS,College of pharmacy,Health-related / Medical,A robust hybrid cryptosystem based on DNA and Hyperchaotic for images encryption,Structural Chemistry
2023,April,SCOPUS,College of pharmacy,Health-related / Medical,Bioconvective Homann flow of tangent hyperbolic nanofluid due to spiraling disk with convective and zero mas flux constraints,Arabian Journal of Chemistry
2023,April,SCOPUS,College of pharmacy,Health-related / Medical,Cat and Mouse Optimizer with Artificial Intelligence Enabled Biomedical Data Classification,International Journal of Academic Medicine
2023,April,WOS,College of pharmacy,Health-related / Medical,CFD Aided Design: Case Studies,MEDICINA-LITHUANIA
2023,June,WOS,College of pharmacy,Health-related / Medical,Designing a new fast solution to control isolation rooms in hospitals depending on artificial intelligence decision,DRUG DEVELOPMENT RESEARCH
2023,June,WOS,College of pharmacy,Health-related / Medical,Features of hybridized AA7072 and AA7075 alloys nanomaterials with melting heat transfer past a movable cylinder with Thompson and Troian slip effect,PHARMACY EDUCATION
2023,June,scopus,College of pharmacy,Health-related / Medical,Hybridization of Metaheuristics Based Energy Efficient Scheduling Algorithm for Multi-Core Systems,Molecules
2023,June,WOS,College of pharmacy,Health-related / Medical,Magnetized squeezing nanofluid flow with viscous heating and Robin boundary conditions: A Buongiorno nanofluid model,GREEN PROCESSING AND SYNTHESIS
2023,June,scopus,College of pharmacy,Health-related / Medical,Magnetohydrodynamic squeezing Casson nanofluid flow between parallel convectively heated disks,Medicina (Lithuania)
2023,June,WOS,College of pharmacy,Health-related / Medical,Malicious URL Classification Using Artificial Fish Swarm Optimization and Deep Learning,ARABIAN JOURNAL OF CHEMISTRY
2023,June,WOS,College of pharmacy,Health-related / Medical,Numerical computing of Soret and linear radiative effects on MHD Casson fluid flow toward a vertical surface through a porous medium: Finite element analysis,SAUDI PHARMACEUTICAL JOURNAL
2023,June,WOS,College of pharmacy,Health-related / Medical,Numerical simulations for radiated bioconvection flow of nanoparticles with viscous dissipation and exponential heat source,JOURNAL OF ENZYME INHIBITION AND MEDICINAL CHEMISTRY
2023,June,WOS,College of pharmacy,Health-related / Medical,Performance Enhancement of Adaptive Neural Networks Based on Learning Rate,CLINICAL AND APPLIED THROMBOSIS-HEMOSTASIS
2023,June,WOS,College of pharmacy,Health-related / Medical,Robust Vehicle Detection Based on Improved You Look Only Once,BMC INFECTIOUS DISEASES
2023,June,WOS,College of pharmacy,Health-related / Medical,Sailfish Optimization with Deep Learning Based Oral Cancer Classification Model,MOLECULAR DIVERSITY
2023,June,scopus,College of pharmacy,Health-related / Medical,Smart Quarantine Environment Privacy through IoT Gadgets Using Blockchain,Journal of Saudi Chemical Society
2023,June,scopus,College of pharmacy,Health-related / Medical,Stagnation point flow of a water-based graphene-oxide over a stretching/ shrinking sheet under an induced magnetic field with homogeneous-heterogeneous chemical reaction,Plants
2023,June,WOS,College of pharmacy,Health-related / Medical,Variable chemical species and thermo-diffusion Darcy-Forchheimer squeezed flow of Jeffrey nanofluid in horizontal channel with viscous dissipation effects,JOURNAL OF BIOMOLECULAR STRUCTURE & DYNAMICS
2023,June,WOS,College of pharmacy,Health-related / Medical,Variable chemical species and thermo-diffusion Darcy–Forchheimer squeezed flow of Jeffrey nanofluid in horizontal channel with viscous dissipation effects,AMERICAN JOURNAL OF CASE REPORTS
2023,June,WOS,College of pharmacy,Health-related / Medical,Analysis of surface integrity of intermetallic composite based on titanium-aluminum machined by laser cutting,ACS OMEGA
2023,June,WOS,College of pharmacy,Health-related / Medical,Bioconvection Maxwell nanofluid flow over a stretching cylinder influenced by chemically reactive activation energy surrounded by a permeable medium,ACS OMEGA
2023,June,WOS,College of pharmacy,Health-related / Medical,Effective waste heat recovery from engine exhaust using fin prolonged heat exchanger with graphene oxide nanoparticles,BMC HEALTH SERVICES RESEARCH
2023,June,WOS,College of pharmacy,Health-related / Medical,Optimized RNN-based performance prediction of IoT and WSN-oriented smart city application using improved honey badger algorithm,SAUDI PHARMACEUTICAL JOURNAL
2023,June,WOS,College of pharmacy,Health-related / Medical,Thermal enhancement in buoyancy-driven stagnation point flow of ternary hybrid nanofluid over vertically oriented permeable cylinder integrated by nonlinear thermal radiations,MEDICAL SCIENCE
2023,June,WOS,College of pharmacy,Health-related / Medical,"Towards a sustainable, and economic production future: Proposing a new process for methanol production based on renewable hydrogen",MEDICINA-LITHUANIA
2023,July,WOS,College of pharmacy,Health-related / Medical,A Deep Learning-Based Framework for Retinal Disease Classification,BIOMEDICINE & PHARMACOTHERAPY
2023,July,WOS,College of pharmacy,Health-related / Medical,Artificial Hummingbird Algorithm with Transfer-Learning-Based Mitotic Nuclei Classification on Histopathologic Breast Cancer Images,EUROPEAN REVIEW FOR MEDICAL AND PHARMACOLOGICAL SCIENCES
2023,July,SCOPUS,College of pharmacy,Health-related / Medical,Combined influence of porosity and elastic foundation parameters on the bending behavior of advanced sandwich structures,Arabian Journal of Chemistry
2023,July,WOS,College of pharmacy,Health-related / Medical,Modeling of Fuzzy Cognitive Maps with a Metaheuristics-Based Rainfall Prediction System,PHARMACEUTICS
2023,July,WOS,College of pharmacy,Health-related / Medical,Human-Computer Interaction and Participation in Software Crowdsourcing,FRONTIERS IN MEDICINE
2023,July,WOS,College of pharmacy,Health-related / Medical,Analysis of Attitudes towards Food Waste in the Kingdom of Saudi Arabia Using Fuzzy Logic,SEPARATIONS
2023,July,WOS,College of pharmacy,Health-related / Medical,Comparative investigation of fractional bioconvection and magnetohydrodynamic flow induced by hybrid nanofluids through a channel,PHARMACEUTICS
2023,July,WOS,College of pharmacy,Health-related / Medical,Body-Worn Sensors for Recognizing Physical Sports Activities in Exergaming via Deep Learning Model,TOXICS
2023,July,WOS,College of pharmacy,Health-related / Medical,Earthworm Optimization with Improved SqueezeNet Enabled Facial Expression Recognition Model,ACS OMEGA
2023,July,WOS,College of pharmacy,Health-related / Medical,Enhancing Software-Defined Networks with Intelligent Controllers to Improve First Packet Processing Period,FUTURE MEDICINAL CHEMISTRY
2023,July,WOS,College of pharmacy,Health-related / Medical,Finite Difference Method to Evaluate the Characteristics of Optically Dense Gray Nanofluid Heat Transfer around the Surface of a Sphere and in the Plume Region,EXPERT REVIEW OF ANTI-INFECTIVE THERAPY
2023,July,WOS,College of pharmacy,Health-related / Medical,Hyperparameter Optimizer with Deep Learning-Based Decision-Support Systems for Histopathological Breast Cancer Diagnosis,MEDICINA-LITHUANIA
2023,July,WOS,College of pharmacy,Health-related / Medical,Impact of ferromagnetic nanoparticles on convectively heated radiative flow of Williamson nanofluid,LIFE-BASEL
2023,August,WOS,College of pharmacy,Health-related / Medical,Magnetohydrodynamic Bioconvective Flow of Williamson Nanofluid over a Moving Inclined Plate Embedded in a Porous Medium,ARTIFICIAL CELLS NANOMEDICINE AND BIOTECHNOLOGY
2023,August,WOS,College of pharmacy,Health-related / Medical,Modeling of Sensor Enabled Irrigation Management for Intelligent Agriculture Using Hybrid Deep Belief Network,JOURNAL OF AOAC INTERNATIONAL
2023,August,WOS,College of pharmacy,Health-related / Medical,Non-Similar Solutions of Dissipative Buoyancy Flow and Heat Transfer Induced by Water-Based Graphene Oxide Nanofluid through a Yawed Cylinder,SAUDI PHARMACEUTICAL JOURNAL
2023,August,WOS,College of pharmacy,Health-related / Medical,Optimized S-Curve Transformation and Wavelets-Based Fusion for Contrast Elevation of Breast Tomograms and Mammograms,MOLECULAR BIOTECHNOLOGY
2023,August,WOS,College of pharmacy,Health-related / Medical,Parametric assessment of a hybrid heat storage unit based on paired metal hydrides and phase change materials,MOLECULES
2023,August,WOS,College of pharmacy,Health-related / Medical,"PEG Capped NixCo1-xFe2O4 Nanocomposites: Microstructural, Morphological, Optical, Magnetic, Antimicrobial, and Photodegradable Properties",ANTIBIOTICS-BASEL
2023,August,WOS,College of pharmacy,Health-related / Medical,Secured MCDM Model for Crowdsource Business Intelligence,VACCINES
2023,August,WOS,College of pharmacy,Health-related / Medical,Triple diffusive Marangoni convection in a fluid-porous structure: Effects of a vertical magnetic field and temperature profiles,CASE STUDIES IN THERMAL ENGINEERING
2023,August,WOS,College of pharmacy,Health-related / Medical,Visco-elastic foundation effect on buckling response of exponentially graded sandwich plates under various boundary conditions,RSC MEDICINAL CHEMISTRY
2023,August,WOS,College of pharmacy,Health-related / Medical,Modify the Injection Machine Mechanism to Enhance the Recycling of Plastic Waste Mixed with MHD Nanoparticles,RSC ADVANCES
2023,August,WOS,College of pharmacy,Health-related / Medical,Analytic solutions for the MHD flow and heat transfer in a thin liquid film over an unsteady stretching surface with Lie symmetry and homotopy analysis method,JOURNAL OF EXPERIMENTAL NANOSCIENCE
2023,August,WOS,College of pharmacy,Health-related / Medical,Cryptographic Data Security for Reliable Wireless Sensor Network,DRUG DELIVERY
2023,August,WOS,College of pharmacy,Health-related / Medical,Insight into the significance of nanoparticle aggregation and non-uniform heat source/sink on titania–ethylene glycol nanofluid flow over a wedge,BIOMEDICINE & PHARMACOTHERAPY
2023,August,WOS,College of pharmacy,Health-related / Medical,Intelligent computing for entropy generation in Jeffrey nanofluid through radiated flow,CARDIOLOGY RESEARCH
2023,August,WOS,College of pharmacy,Health-related / Medical,Investigation of hydromagnetic bioconvection flow of Oldroyd-B nanofluid past a porous stretching surface,FRONTIERS IN MICROBIOLOGY
2023,August,WOS,College of pharmacy,Health-related / Medical,Onset of triple-diffusive convective stability in the presence of a heat source and temperature gradients: An exact method,RSC ADVANCES
2023,August,WOS,College of pharmacy,Health-related / Medical,"Publisher Correction: An efficient antenna system with improved radiation for multi-standard/multi-mode 5G cellular communications (Scientific Reports, (2023), 13, 1, (4179), 10.1038/s41598-023-31407-z)",COMPUTATIONAL BIOLOGY AND CHEMISTRY
2023,August,WOS,College of pharmacy,Health-related / Medical,Homogeneous-heterogeneous reactions for Maxwell nanofluid flow over an elongating cylindrical pipe via finite element method,ARABIAN JOURNAL OF CHEMISTRY
2023,August,WOS,College of pharmacy,Health-related / Medical,Thermal investigation into the Oldroyd-B hybrid nanofluid with the slip and Newtonian heating effect: Atangana-Baleanu fractional simulation,SAUDI PHARMACEUTICAL JOURNAL
2023,August,WOS,College of pharmacy,Health-related / Medical,An Experimental Comparison of the Performance of Various Evacuated Tube Solar Collector Designs,ARABIAN JOURNAL OF CHEMISTRY
2023,August,WOS,College of pharmacy,Health-related / Medical,A comprehensive investigation of a water and energy-based waste integrated system: Techno-eco-environmental-sustainability aspects,MOLECULES
2023,August,WOS,College of pharmacy,Health-related / Medical,Comparative investigation of fractional bioconvection and magnetohydrodynamic flow induced by hybrid nanofluids through a channel,MOLECULES
2023,August,WOS,College of pharmacy,Health-related / Medical,"Heat Transfer Enhancement of MHD Natural Convection in a Star-Shaped Enclosure, Using Heated Baffle and MWCNT-Water Nanofluid",PHARMACEUTICALS
2023,August,WOS,College of pharmacy,Health-related / Medical,Henry Gas Solubility Optimization Algorithm based Feature Extraction in Dermoscopic Images Analysis of Skin Cancer,SAUDI PHARMACEUTICAL JOURNAL
2023,August,WOS,College of pharmacy,Health-related / Medical,Homogeneous–heterogeneous reactions for Maxwell nanofluid flow over an elongating cylindrical pipe via finite element method,GELS
2023,August,WOS,College of pharmacy,Health-related / Medical,Human–Computer Interaction and Participation in Software Crowdsourcing,JOURNAL OF CHEMISTRY
2023,August,WOS,College of pharmacy,Health-related / Medical,Hybridization of Metaheuristics Based Energy Efficient Scheduling Algorithm for Multi-Core Systems,MOLECULES
2023,August,WOS,College of pharmacy,Health-related / Medical,Insight into the significance of nanoparticle aggregation and non-uniform heat source/sink on titania-ethylene glycol nanofluid flow over a wedge,OPEN FORUM INFECTIOUS DISEASES
2023,August,WOS,College of pharmacy,Health-related / Medical,Intelligent Bi-LSTM with Architecture Optimization for Heart Disease Prediction in WBAN through Optimal Channel Selection and Feature Selection,SAUDI PHARMACEUTICAL JOURNAL
2023,August,WOS,College of pharmacy,Health-related / Medical,Li–Yau-Type Gradient Estimate along Geometric Flow,BIOORGANIC CHEMISTRY
2023,August,WOS,College of pharmacy,Health-related / Medical,Minimizing energy consumption for NOMA multi-drone communications in automotive-industry 5.0,BMC CHEMISTRY
2023,August,WOS,College of pharmacy,Health-related / Medical,Modified Salp Swarm Algorithm With Deep Learning Based Gastrointestinal Tract Disease Classification on Endoscopic Images,JOURNAL OF MOLECULAR STRUCTURE
2023,August,WOS,College of pharmacy,Health-related / Medical,Molecular Dynamic Analysis of Carbapenem-Resistant Klebsiella pneumonia's Porin Proteins with Beta Lactam Antibiotics and Zinc Oxide Nanoparticles,INTERNATIONAL JOURNAL OF MOLECULAR SCIENCES
2023,August,WOS,College of pharmacy,Health-related / Medical,Nanometer-thin ZrO2 Coating for NiO on MWCNTs as Anode for Improved Performance of Sodium-Ion Batteries,SAUDI MEDICAL JOURNAL
2023,August,WOS,College of pharmacy,Health-related / Medical,Non-Similar Solutions of Dissipative Buoyancy Flow and Heat Transfer Induced by Water-Based Graphene Oxide Nanofluid through a Yawed Cylinder,FRONTIERS IN CHEMISTRY
2023,August,scopus,College of pharmacy,Health-related / Medical,Normative reference values for Obstacles Test and Curb Test and their correlation with demographic characteristics: A cross-sectional study in Saudi children,Journal of Infection and Public Health
2023,August,scopus,College of pharmacy,Health-related / Medical,Numerical simulations for radiated bioconvection flow of nanoparticles with viscous dissipation and exponential heat source,Clinical and Applied Thrombosis/Hemostasis
2023,August,scopus,College of pharmacy,Health-related / Medical,"One-Pot Synthesis of 1-Thia-4-azaspiro[4.4/5]alkan-3-ones via Schiff Base: Design, Synthesis, and Apoptotic Antiproliferative Properties of Dual EGFR/BRAF(V600E) Inhibitors",Food and Chemical Toxicology
2023,August,scopus,College of pharmacy,Health-related / Medical,"One-Step Phytofabrication Method of Silver and Gold Nanoparticles Using Haloxylon salicornicum for Anticancer, Antimicrobial, and Antioxidant Activities",Indian Journal of Pharmaceutical Education and Research
2023,August,scopus,College of pharmacy,Health-related / Medical,"Optimizing Structural, Optical, Dielectric, and Magnetic Properties of (Bi1-XLaX)FeO3 (0.00 < X < 0.06) Sintered Ceramics",Annals of Pharmacotherapy
2023,September,wos,College of pharmacy,Health-related / Medical,Optimizing Traffic Flow in Smart Cities: Soft GRU-Based Recurrent Neural Networks for Enhanced Congestion Prediction Using Deep Learning,GREEN PROCESSING AND SYNTHESIS
2023,September,wos,College of pharmacy,Health-related / Medical,Overcoming the monster! Perceptions of physiotherapy students regarding the use of stroke master plots for building therapeutic relationships; a vignette study,ARTIFICIAL CELLS NANOMEDICINE AND BIOTECHNOLOGY
2023,September,wos,College of pharmacy,Health-related / Medical,A Deep Learning-Based Innovative Technique for Phishing Detection in Modern Security with Uniform Resource Locators,TOXICS
2023,September,wos,College of pharmacy,Health-related / Medical,A Digital Twin-Based Visual Servoing with Extreme Learning Machine and Differential Evolution,FOOD AND CHEMICAL TOXICOLOGY
2023,September,wos,College of pharmacy,Health-related / Medical,Air Quality Prediction and Multi-Task Offloading based on Deep Learning Methods in Edge Computing,INDIAN JOURNAL OF PHARMACEUTICAL EDUCATION AND RESEARCH
2023,September,wos,College of pharmacy,Health-related / Medical,An unsteady bioconvective non-Newtonian nanofluid model with variable thermal properties and modified heat flux framework,JOURNAL OF ENZYME INHIBITION AND MEDICINAL CHEMISTRY
2023,September,wos,College of pharmacy,Health-related / Medical,Biomedical and engineering aspects of nonlinear radiative peristaltic transport in chemically reactive blood flow of Ellis nanofluid in an asymmetric channel with activation energy,SEPARATIONS
2023,September,wos,College of pharmacy,Health-related / Medical,Design and Development of a Non-Contact ECG-Based Human Emotion Recognition System Using SVM and RF Classifiers,CLINICAL AND APPLIED THROMBOSIS-HEMOSTASIS
2023,September,wos,College of pharmacy,Health-related / Medical,Development of a cloud-assisted classification technique for the preservation of secure data storage in smart cities,BMC INFECTIOUS DISEASES
2023,September,wos,College of pharmacy,Health-related / Medical,Effect of coconut fiber on low-density polyethylene plastic-sand paver blocks,EXPERT REVIEW OF ANTI-INFECTIVE THERAPY
2023,September,wos,College of pharmacy,Health-related / Medical,"Heat Transfer Enhancement of MHD Natural Convection in a Star-Shaped Enclosure, Using Heated Baffle and MWCNT–Water Nanofluid",LIFE-BASEL
2023,September,wos,College of pharmacy,Health-related / Medical,Homogeneous–heterogeneous reactions for Maxwell nanofluid flow over an elongating cylindrical pipe via finite element method,DRUG DELIVERY
2023,September,wos,College of pharmacy,Health-related / Medical,Human–Computer Interaction and Participation in Software Crowdsourcing,PHARMACEUTICS
2023,September,wos,College of pharmacy,Health-related / Medical,Hydrodynamic instability of graphene oxide-water (GO/H2O) suspension with thermo-capillary layers of shear-thinning fluid,JOURNAL OF SAUDI CHEMICAL SOCIETY
2023,September,wos,College of pharmacy,Health-related / Medical,Hyperparameter Optimization Based Deep Belief Network for Clean Buses Using Solar Energy Model,JOURNAL OF MEDICAL ECONOMICS
2023,September,wos,College of pharmacy,Health-related / Medical,Influence of heat generation/absorption on mixed convection flow field with porous matrix in a vertical channel,ACS OMEGA
2023,September,wos,College of pharmacy,Health-related / Medical,Multiple slot nano-jet impingement cooling of a sinusoidal hot surface by using active rotating cylinders under magnetic field,JOURNAL OF MOLECULAR STRUCTURE
2023,September,wos,College of pharmacy,Health-related / Medical,Numerical study of heat transfer and melting process in a NEPCM filled 3D cuboid cavity: Application non-uniform temperature,FUTURE MEDICINAL CHEMISTRY
2023,September,wos,College of pharmacy,Health-related / Medical,Stagnation point flow of a water-based graphene-oxide over a stretching/shrinking sheet under an induced magnetic field with homogeneous-heterogeneous chemical reaction,JOURNAL OF BIOMOLECULAR STRUCTURE & DYNAMICS
2023,September,wos,College of pharmacy,Health-related / Medical,Theoretical buckling analysis of inhomogeneous plates under various thermal gradients and boundary conditions,SAUDI PHARMACEUTICAL JOURNAL
2023,September,wos,College of pharmacy,Health-related / Medical,Thermal investigation into the Oldroyd-B hybrid nanofluid with the slip and Newtonian heating effect: Atangana–Baleanu fractional simulation,FRONTIERS IN MEDICINE
2023,September,wos,College of pharmacy,Health-related / Medical,Thin film flow of blood-based hybrid nanoparticles subject to slip effects: A stability assessment,ACS OMEGA
2023,September,wos,College of pharmacy,Health-related / Medical,Unsteady thin film flow with ohmic heating and chemical reactions,PHARMACEUTICS
2023,September,wos,College of pharmacy,Health-related / Medical,Variable chemical species and thermo-diffusion Darcy–Forchheimer squeezed flow of Jeffrey nanofluid in horizontal channel with viscous dissipation effects,BMC HEALTH SERVICES RESEARCH
2023,September,wos,College of pharmacy,Health-related / Medical,"Exergoeconomic evaluation of a novel multigeneration process using solar driven Kalina cycle integrated with gas turbine cycle, double-effect absorption chiller, and liquefied natural gas cold energy recovery",FRONTIERS IN MEDICINE
2023,September,wos,College of pharmacy,Health-related / Medical,Identifying Neuropeptides via Evolutionary and Sequential Based Multi-Perspective Descriptors by Incorporation With Ensemble Classification Strategy,SAUDI PHARMACEUTICAL JOURNAL
2023,September,wos,College of pharmacy,Health-related / Medical,Double diffusion Forchheimer flow of Carreau-Yasuda nanofluid with bioconvection and entropy generation: Thermal optimized analysis via non-Fourier model,BIOMEDICINE & PHARMACOTHERAPY
2023,September,wos,College of pharmacy,Health-related / Medical,Design and Analysis of Fractal-Shaped High-Impedance Surface Unit Cell Characteristics,MEDICINA-LITHUANIA
2023,September,wos,College of pharmacy,Health-related / Medical,Optimal Solution of Environmental Economic Dispatch Problems Using QPGPSO-& omega;,JOURNAL OF INFECTION AND PUBLIC HEALTH
2023,October,WOS,College of pharmacy,Health-related / Medical,A New Hybrid Forecasting Model Based on Dual Series Decomposition with Long-Term Short-Term Memory,TOXICS
2023,October,WOS,College of pharmacy,Health-related / Medical,Deep Belief Networks (DBN) with IoT-Based Alzheimer's Disease Detection and Classification,BIOMEDICINES
2023,October,WOS,College of pharmacy,Health-related / Medical,Oscillatory Behavior of Heat Transfer and Magnetic Flux of Electrically Conductive Fluid Flow along Magnetized Cylinder with Variable Surface Temperature,ARTIFICIAL CELLS NANOMEDICINE AND BIOTECHNOLOGY
2023,October,WOS,College of pharmacy,Health-related / Medical,Retinal Optical Coherence Tomography Image Denoising Using Modified Soft Thresholding Wavelet Transform,CARDIO-ONCOLOGY
2023,October,WOS,College of pharmacy,Health-related / Medical,Revolutionizing Small-Scale Retail: Introducing an Intelligent IoT-based Scale for Efficient Fruits and Vegetables Shops,MICROORGANISMS
2023,October,WOS,College of pharmacy,Health-related / Medical,Shoplifting Detection Using Hybrid Neural Network CNN-BiLSMT and Development of Benchmark Dataset,MOLECULAR BIOTECHNOLOGY
2023,October,WOS,College of pharmacy,Health-related / Medical,Thermal and phase change process of nanofluid in a wavy PCM installed triangular elastic walled ventilated enclosure under magnetic field,PLANTS-BASEL
2023,October,WOS,College of pharmacy,Health-related / Medical,Thermal and physical impact of viscoplastic nanoparticles in a complex divergent channel due to peristalsis phenomenon: Heat generation and multiple slip effects,MOLECULES
2023,October,WOS,College of pharmacy,Health-related / Medical,XGBoost with Q-learning for complex data processing in business logistics management,ANTIVIRAL THERAPY
2023,October,WOS,College of pharmacy,Health-related / Medical,Buckling analysis of FG plates via 2D and quasi-3D refined shear deformation theories,CASE STUDIES IN THERMAL ENGINEERING
2023,October,WOS,College of pharmacy,Health-related / Medical,Electro-osmotic effect on the heat and mass transfer of a viscoelastic nanofluid flow in a curved channel,ARABIAN JOURNAL OF CHEMISTRY
2023,October,WOS,College of pharmacy,Health-related / Medical,Investigation of Slip Conditions and Magnetic Force on Generalized 3D Flow with Heat Transfer Phenomenon Due To Lower Unbend Wall Channel,COMPUTATIONAL BIOLOGY AND CHEMISTRY
2023,October,WOS,College of pharmacy,Health-related / Medical,Nonlinear radiative oblique stagnation point flow of viscoelastic fluid due to stretching cylinder with polymer processing applications,RSC MEDICINAL CHEMISTRY
2023,October,WOS,College of pharmacy,Health-related / Medical,Prabhakar fractional model for viscous transient fluid with heat and mass transfer and Newtonian heating applications,RSC ADVANCES
2023,October,WOS,College of pharmacy,Health-related / Medical,Stagnation point flow of chemically reactive nanofluid due to the curved stretching surface with modified Fourier and Fick theories,JOURNAL OF EXPERIMENTAL NANOSCIENCE
2023,October,WOS,College of pharmacy,Health-related / Medical,"Thermal applications of copper oxide, silver, and titanium dioxide nanoparticles via fractional derivative approach",PHARMACEUTICS
2023,October,WOS,College of pharmacy,Health-related / Medical,Thermal Conductivity and Mixed Convection Influence on the Flow of Viscoelastic Fluid Due To Inclined Cylinder,DRUG DELIVERY
2023,October,WOS,College of pharmacy,Health-related / Medical,Comparative Analysis of COVID-19 Detection Methods Based on Neural Network,ENGINEERING APPLICATIONS OF ARTIFICIAL INTELLIGENCE
2023,October,WOS,College of pharmacy,Health-related / Medical,"Correction to: development of a cloud-assisted classification technique for the preservation of secure data storage in smart cities (Journal of Cloud Computing, (2023), 12, 1, (92), 10.1186/s13677-023-00469-9)",FUTURE MEDICINAL CHEMISTRY
2023,October,WOS,College of pharmacy,Health-related / Medical,"Corrigendum to “Modeling and numerical simulation of non-Newtonian arterial blood flow for mild to severe stenosis” [Alex. Eng. J. 72 (2023) 195–211, (S1110016823002594), (10.1016/j.aej.2023.03.088)]",BIOMEDICINE & PHARMACOTHERAPY
2023,October,WOS,College of pharmacy,Health-related / Medical,Design and Simulation of 24 GHz high gain pyramidal Horn Antenna for Bio-Radar Sensing Application,BMC PULMONARY MEDICINE
2023,October,WOS,College of pharmacy,Health-related / Medical,Design of ANN Based Non-Linear Network Using Interconnection of Parallel Processor,DOSE-RESPONSE
2023,October,WOS,College of pharmacy,Health-related / Medical,"Diving into the consumer's mind: Tools, roles, and ethical concerns of neuromarketing",RSC ADVANCES
2023,October,WOS,College of pharmacy,Health-related / Medical,Human Emotion Recognition Models Using Machine Learning Techniques,COMPUTATIONAL BIOLOGY AND CHEMISTRY
2023,October,WOS,College of pharmacy,Health-related / Medical,A Digital Twin-Based Visual Servoing with Extreme Learning Machine and Differential Evolution,SAUDI PHARMACEUTICAL JOURNAL
2023,October,WOS,College of pharmacy,Health-related / Medical,A New Hybrid Forecasting Model Based on Dual Series Decomposition with Long-Term Short-Term Memory,TOXICS
2023,October,WOS,College of pharmacy,Health-related / Medical,Air Quality Prediction and Multi-Task Offloading based on Deep Learning Methods in Edge Computing,TOXICS
2023,October,WOS,College of pharmacy,Health-related / Medical,Design and Analysis of Fractal-Shaped High-Impedance Surface Unit Cell Characteristics,BIOORGANIC CHEMISTRY
2023,October,WOS,College of pharmacy,Health-related / Medical,Design and Development of a Non-Contact ECG-Based Human Emotion Recognition System Using SVM and RF Classifiers,ARABIAN JOURNAL OF CHEMISTRY
2023,October,WOS,College of pharmacy,Health-related / Medical,Detection of Alzheimer's Disease Based on Cloud-Based Deep Learning Paradigm,MARINE DRUGS
2023,October,WOS,College of pharmacy,Health-related / Medical,Development of a cloud-assisted classification technique for the preservation of secure data storage in smart cities,MOLECULES
2023,October,WOS,College of pharmacy,Health-related / Medical,"development of a cloud-assisted classification technique for the preservation of secure data storage in smart cities (vol 12, 92, 2023)",NATURAL PRODUCT COMMUNICATIONS
2023,October,WOS,College of pharmacy,Health-related / Medical,Double diffusion Forchheimer flow of Carreau-Yasuda nanofluid with bioconvection and entropy generation: Thermal optimized analysis via non-Fourier model,JOURNAL OF CHEMISTRY
2023,October,WOS,College of pharmacy,Health-related / Medical,Electro-osmotic effect on the heat and mass transfer of a viscoelastic nanofluid flow in a curved channel,PHARMACEUTICALS
2023,October,WOS,College of pharmacy,Health-related / Medical,"Exergoeconomic evaluation of a novel multigeneration process using solar driven Kalina cycle integrated with gas turbine cycle, double-effect absorption chiller, and liquefied natural gas cold energy recovery",SAUDI PHARMACEUTICAL JOURNAL
2023,October,WOS,College of pharmacy,Health-related / Medical,Minimizing energy consumption for NOMA multi-drone communications in automotive-industry 5.0,RSC ADVANCES
2023,October,WOS,College of pharmacy,Health-related / Medical,Optimal Solution of Environmental Economic Dispatch Problems Using QPGPSO-& omega;,BIOORGANIC CHEMISTRY
2023,October,WOS,College of pharmacy,Health-related / Medical,Spectral-Spatial Features Exploitation Using Lightweight HResNeXt Model for Hyperspectral Image Classification,BMC CHEMISTRY
2023,October,WOS,College of pharmacy,Health-related / Medical,Thin film flow of blood-based hybrid nanoparticles subject to slip effects: A stability assessment,ARABIAN JOURNAL OF CHEMISTRY
2023,October,WOS,College of pharmacy,Health-related / Medical,Thin-Film Solar Energy Absorber Structure for Window Coatings for Self-Sufficient Futuristic Buildings,JOURNAL OF MOLECULAR STRUCTURE
2023,October,WOS,College of pharmacy,Health-related / Medical,A smart Alzheimer's patient monitoring system with IoT-assisted technology through enhanced deep learning approach,INTERNATIONAL JOURNAL OF MOLECULAR SCIENCES
2023,October,WOS,College of pharmacy,Health-related / Medical,Atomic Orbital Search Algorithm for Efficient Maximum Power Point Tracking in Partially Shaded Solar PV Systems,FRONTIERS IN CHEMISTRY
2023,November,wos,College of pharmacy,Health-related / Medical,Blockchain-Powered Healthcare Systems: Enhancing Scalability and Security with Hybrid Deep Learning,MOLECULES
2023,November,wos,College of pharmacy,Health-related / Medical,Experimental analysis of advanced control technique for a five-phase direct matrix converter based on space vector PWM,ARTIFICIAL CELLS NANOMEDICINE AND BIOTECHNOLOGY
2023,November,wos,College of pharmacy,Health-related / Medical,Heat and mass transfer analysis of assisting and opposing radiative flow conveying ternary hybrid nanofluid over an exponentially stretching surface,PHARMACEUTICS
2023,November,wos,College of pharmacy,Health-related / Medical,Investigation of CeO2 nanoparticles on the performance enhancement of insulating oils,MEDICINA-LITHUANIA
2023,November,wos,College of pharmacy,Health-related / Medical,Large-Signal Stability of the Quadratic Boost Converter Using a Disturbance Observer-Based Sliding-Mode Control,JOURNAL OF ENZYME INHIBITION AND MEDICINAL CHEMISTRY
2023,November,wos,College of pharmacy,Health-related / Medical,Prabhakar fractional simulation for thermal and solutal transport analysis of a Casson hybrid nanofluid flow over a channel with buoyancy effects,DRUG DELIVERY
2023,November,wos,College of pharmacy,Health-related / Medical,Risking it all in the metaverse ecosystem: forecasting resistance towards the enterprise metaverse,ACS OMEGA
2023,November,wos,College of pharmacy,Health-related / Medical,XGBoost with Q-learning for complex data processing in business logistics management,BMC PULMONARY MEDICINE
2023,November,wos,College of pharmacy,Health-related / Medical,A smart Alzheimer's patient monitoring system with IoT-assisted technology through enhanced deep learning approach,TOXICS
2023,November,wos,College of pharmacy,Health-related / Medical,An Adaptive Symmetrical Load Balancing Scheme for Next Generation Wireless Networks,DRUG DELIVERY
2023,November,wos,College of pharmacy,Health-related / Medical,Parameter Identification of Switched Reluctance Motor SRM Using Exponential Swept-Sine Signal,INTERNATIONAL JOURNAL OF BIOLOGICAL MACROMOLECULES
2023,November,wos,College of pharmacy,Health-related / Medical,"Extracellular Protease Production, Optimization, and Partial Purification from Bacillus nakamurai PL4 and its Applications",EGYPTIAN PEDIATRIC ASSOCIATION GAZETTE
2023,November,wos,College of pharmacy,Health-related / Medical,The effectiveness of adjuncts or alternatives to the use of orthodontic retainers in preserving posttreatment outcomes: A systematic review,JOURNAL OF INORGANIC AND ORGANOMETALLIC POLYMERS AND MATERIALS
2023,November,wos,College of pharmacy,Health-related / Medical,An analysis of dental articles in predatory journals and associated online engagement,ARCHIVES OF BIOCHEMISTRY AND BIOPHYSICS
2023,November,wos,College of pharmacy,Health-related / Medical,Comparing nanoleakage between class II bulkfill and incremental composite restorations using snowplow technique,FRONTIERS IN MICROBIOLOGY
2023,November,wos,College of pharmacy,Health-related / Medical,"Comparison of the postoperative anti-inflammatory efficacy of chlorhexidine, saline rinses and herbal mouthwashes after mechanical debridement in patients with peri-implant mucositis: A randomized controlled trial",JOURNAL OF MEDICAL ECONOMICS
2023,November,wos,College of pharmacy,Health-related / Medical,Effectiveness of various irrigant activation techniques on the penetration of sodium hypochlorite into lateral canals of mature permanent teeth: A systematic review and meta-analysis,JOURNAL OF CHEMICAL EDUCATION
2023,November,wos,College of pharmacy,Health-related / Medical,Habitual khat chewing and oral melanoacanthoma: A case report,BMC COMPLEMENTARY MEDICINE AND THERAPIES
2023,November,wos,College of pharmacy,Health-related / Medical,"Cyclic fatigue resistance of EdgeTaper Platinum, Protaper Gold, and TruNatomy Prime rotary files before and after autoclave sterilization",PLANTS-BASEL
2023,November,wos,College of pharmacy,Health-related / Medical,Immunoinformatics design of B and T-cell epitope-based SARS-CoV-2 peptide vaccination,PHARMACEUTICALS
2023,November,wos,College of pharmacy,Health-related / Medical,Ischlorhexidinemouthwasheffectiveinlowering COVID-19 viral load? A systematic review,FUTURE JOURNAL OF PHARMACEUTICAL SCIENCES
2023,November,wos,College of pharmacy,Health-related / Medical,Ulvan as a Reducing Agent for the Green Synthesis of Silver Nanoparticles: A Novel Mouthwash,JOURNAL OF SAUDI CHEMICAL SOCIETY
2023,November,wos,College of pharmacy,Health-related / Medical,Undergraduate Endodontic Training and Its Relation to Contemporary Practice: Multicenter Cross-Sectional Study in Saudi Arabia,MEDICINA-LITHUANIA
2023,November,wos,College of pharmacy,Health-related / Medical,Evaluation of a Picture Assisted Illustration Reinforcement (PAIR) System for Oral Hygiene in Children with Autism: A Double-Blind Randomized Controlled Trial,RENAL FAILURE
2023,June,scopus,College of pharmacy,Health-related / Medical,Pediatric Dental Fluorosis and Its Correlation with Dental Caries and Oral-Health-Related Quality of Life: A Descriptive Cross-Sectional Study among Preschool Children Living in Belagavi,International Journal of Environmental Research and Public Health
2023,December,Wos,College of pharmacy,Health-related / Medical,Targeting Some Key Metalloproteinases by Nano-Naringenin and Amphora coffeaeformis as a Novel Strategy for Treatment of Osteoarthritis in Rats,BMC COMPLEMENTARY MEDICINE AND THERAPIES
2023,December,Wos,College of pharmacy,Health-related / Medical,Analysis of the growth of dental plaque on the surface of orthodontic vacuum-formed retainers following the use of different cleaning methods,PROTEIN JOURNAL
2023,December,Wos,College of pharmacy,Health-related / Medical,The Effect of Varying Dentin Chroma and Enamel Thickness on the Color of A2 Double- layered Resin Composite,Journal of Biomolecular Structure and Dynamics
2023,December,Wos,College of pharmacy,Health-related / Medical,Effect of COVID-19 pandemic psychological behavior of dental assistants in Saudi Arabia: A cross-sectional survey,Saudi Pharmaceutical Journal
2023,December,Wos,College of pharmacy,Health-related / Medical,Impact of Harvesting Method and Donor Age on the Behavior of Human Osteoblast-Like Cells,Evolutionary Bioinformatics
2023,December,Wos,College of pharmacy,Health-related / Medical,Oral and emotional health experience of refugees' in the state of Massachusetts-A mixed methods approach,Scientific Reports
2023,December,Wos,College of pharmacy,Health-related / Medical,Application of laser on enamel surface with three types of bioactive glasses-based resin infiltrants: An in vitro study,SAGE Open Medicine
2023,December,Wos,College of pharmacy,Health-related / Medical,Assessment of the effect of spacer material on gap and void formation in an endodontic temporary restoration using micro-computed tomography,FUTURE MEDICINAL CHEMISTRY
2023,December,wos,College of pharmacy,Health-related / Medical,Comparison of a Novel Static Computer-aided Surgical and Freehand Techniques for Osteotomy and Root-end Resection,ACS Omega
2023,December,wos,College of pharmacy,Health-related / Medical,Curcumin and vitamin C improve immunity of kidney via gene expression against diethyl nitrosamine induced nephrotoxicity in rats:In vivo and molecular docking studies,Arabian Journal of Chemistry
2023,December,wos,College of pharmacy,Health-related / Medical,Photobiomodulation for Managing “Dry Socket”: A Randomised Controlled Trial,Clinical and Applied Thrombosis/Hemostasis
2023,December,Wos,College of pharmacy,Health-related / Medical,Evaluation of a “Picture Assisted Illustration Reinforcement” (PAIR) System for Oral Hygiene in Children with Autism: A Double-Blind Randomized Controlled Trial,CUREUS JOURNAL OF MEDICAL SCIENCE
2023,December,Wos,College of pharmacy,Health-related / Medical,Exploring the Perception of Dental Undergraduate Students and Faculty on Environmental Sustainability in Dentistry: A Cross-Sectional Survey in 26 Dental Schools in Saudi Arabia,Frontiers in Cellular Neuroscience
2023,December,Wos,College of pharmacy,Health-related / Medical,External Knowledge Flows and Small and Medium-Sized Enterprises’ Innovation Capabilities Enhancement: An Empirical Investigation,Risk Management and Healthcare Policy
2023,September,wos,College of Health and Rehabilitation Sciences,Health-related / Medical,Facial Reconstruction Using Sternocleidomastoid (SCM) Flap: A Review of the Literature,FRONTIERS IN PSYCHOLOGY
2023,September,wos,College of Health and Rehabilitation Sciences,Health-related / Medical,Flexibility and Fatigue Behavior in Metallic and Esthetic Clasps: A Comparative Study,PLOS ONE
2023,September,wos,College of Health and Rehabilitation Sciences,Health-related / Medical,In vitro comparison of natural tooth-whitening remedies and professional tooth-whitening systems,HEALTHCARE
2023,September,wos,College of Health and Rehabilitation Sciences,Health-related / Medical,Mucosal Genes Expression in Inflammatory Bowel Disease Patients: New Insights,JOURNAL OF RADIATION RESEARCH AND APPLIED SCIENCES
2023,September,wos,College of Health and Rehabilitation Sciences,Health-related / Medical,"Multicenter study on visual color difference thresholds. A secondary analysis of light, medium, and dark tooth-colored specimens",INTERNATIONAL JOURNAL OF REHABILITATION RESEARCH
2023,September,wos,College of Health and Rehabilitation Sciences,Health-related / Medical,Myricitrin: A promising herbal therapy for periodontitis in immunosuppressed status,GLOBAL HEALTH ACTION
2023,January,scopus,College of Health and Rehabilitation Sciences,Health-related / Medical,Nigella sativa oil as a treatment for gingivitis: A randomized active-control trial,Ultrasonics Sonochemistry
2023,May,scopus,College of Health and Rehabilitation Sciences,Health-related / Medical,No-Cap Flowable Bulk-Fill Composite: Physico-Mechanical Assessment,Medicina (Lithuania)
2023,May,wos,College of Health and Rehabilitation Sciences,Scientific,Optimal Energy Management for Hydrogen Economy in a Hybrid Electric Vehicle,FRONTIERS IN PSYCHOLOGY
2023,May,scopus,College of Health and Rehabilitation Sciences,Health-related / Medical,"Physical properties of elastically and thermodynamically stable magnetic AcXO3 (X = Cr, Fe) perovskite oxides: a DFT investigation",Musculoskeletal Science and Practice
2023,May,wos,College of Health and Rehabilitation Sciences,Health-related / Medical,Assessment of concerns about vaccination among recovered COVID-19 patients in Saudi Arabia,BRAIN SCIENCES
2023,May,wos,College of Health and Rehabilitation Sciences,Health-related / Medical,Correlation Between Perceived Patients' Satisfaction And Dental Students' Competence In Oral Surgery,BMC MEDICAL EDUCATION
2023,May,wos,College of Health and Rehabilitation Sciences,Health-related / Medical,Effects of metformin on human gingival fibroblasts: an in vitro study,DIAGNOSTICS
2023,February,scopus,College of Health and Rehabilitation Sciences,Health-related / Medical,Evaluation of a “Picture Assisted Illustration Reinforcement” (PAIR) System for Oral Hygiene in Children with Autism: A Double-Blind Randomized Controlled Trial,BMC Geriatrics
2023,February,wos,College of Health and Rehabilitation Sciences,Health-related / Medical,Hepatoprotective Effects of Hyaluronic Acid-Preconditioned Bone Marrow Mesenchymal Stem Cells against Liver Toxicity via the Inhibition of Apoptosis and the Wnt/beta-Catenin Signaling Pathway,HEALTHCARE
2023,February,wos,College of Health and Rehabilitation Sciences,Health-related / Medical,Oral and emotional health experience of refugees’ in the state of Massachusetts - A mixed methods approach,MEDICINA-LITHUANIA
2023,February,wos,College of Health and Rehabilitation Sciences,Health-related / Medical,Periodontal and peri-implant status and whole salivary interleukin 1-beta levels among individuals using selective serotonin reuptake inhibitors: an observational study,MEDICINA-LITHUANIA
2023,February,wos,College of Health and Rehabilitation Sciences,Health-related / Medical,Targeted Drug Administration onto Cancer Cells Using Hyaluronic Acid-Quercetin-Conjugated Silver Nanoparticles,INTERNATIONAL JOURNAL OF ENVIRONMENTAL RESEARCH AND PUBLIC HEALTH
2023,February,wos,College of Health and Rehabilitation Sciences,Health-related / Medical,Toward Optimum Light Curing of Resin Composite Restorations: A survey on Current Awareness and Practice among General Dentists in Saudi Arabia,HEALTHCARE
2023,March,scopus,College of Health and Rehabilitation Sciences,Health-related / Medical,"Retraction notice to “Synthesis and characterization of graphene-modified experimental adhesive system for bonding two-piece zirconia abutments: Electron microscopy and Raman spectroscopic analysis” [Int J Adhesion Adhes (2021) 109 102897] (International Journal of Adhesion and Adhesives (2021) 109, (S0143749621000956), (10.1016/j.ijadhadh.2021.102897))",American Journal of Hospice and Palliative Medicine
2023,March,WOS,College of Health and Rehabilitation Sciences,Health-related / Medical,Assessment of Penetrability for Different Endodontic Irrigation Activating Techniques Using Cone-Beam Computed Tomography and Periapical Digital Radiography-An In Vitro Study,International Journal of Rehabilitation Research
2023,March,scopus,College of Health and Rehabilitation Sciences,Health-related / Medical,"Clinical Practice Guidelines in an Era of Accountability, Saudi Arabia: A Call for Action",Journal of Dispersion Science and Technology
2023,March,WOS,College of Health and Rehabilitation Sciences,Health-related / Medical,Efficacy of adjunct photodynamic therapy on Candida growth and oral health quality of life in denture stomatitis patients with type 2 diabetes mellitus wearing implant-retained overdentures: A randomized clinical study,Neuroradiology Journal
2023,March,scopus,College of Health and Rehabilitation Sciences,Health-related / Medical,"Oxidized Natural Biopolymer for Enhanced Surface, Physical and Mechanical Properties of Glass Ionomer Luting Cement",Saudi Journal of Medicine and Medical Sciences
2023,March,WOS,College of Health and Rehabilitation Sciences,Health-related / Medical,"The emergent role of artificial intelligence, natural learning processing, and large language models in higher education and research",Medicina (Lithuania)
2023,March,WOS,College of Health and Rehabilitation Sciences,Health-related / Medical,A population-based study of the salivary prevalence of Porphyromonas gingivalis and Aggregatibacter actinomycetemcomitans in Saudi Arabian adults with chronic periodontitis,Healthcare (Switzerland)
2023,March,WOS,College of Health and Rehabilitation Sciences,Health-related / Medical,The dark side of fixed retainers: Case series,European Review for Medical and Pharmacological Sciences
2023,March,scopus,College of Health and Rehabilitation Sciences,Health-related / Medical,The evolution of maxillary protraction techniques in the early management of Class III malocclusion,American Journal of Health Promotion
2023,March,WOS,College of Health and Rehabilitation Sciences,Health-related / Medical,Efficacy of adjunct photodynamic therapy on Candida growth and oral health quality of life in denture stomatitis patients with type 2 diabetes mellitus wearing implant-retained overdentures: A randomized clinical study,DIAGNOSTICS
2023,March,WOS,College of Health and Rehabilitation Sciences,Health-related / Medical,Hepatoprotective Effects of Hyaluronic Acid-Preconditioned Bone Marrow Mesenchymal Stem Cells against Liver Toxicity via the Inhibition of Apoptosis and the Wnt/beta-Catenin Signaling Pathway,HEALTHCARE
2023,March,WOS,College of Health and Rehabilitation Sciences,Health-related / Medical,Myricitrin: A promising herbal therapy for periodontitis in immunosuppressed status,PHARMACEUTICS
2023,March,WOS,College of Health and Rehabilitation Sciences,Health-related / Medical,"Oxidized Natural Biopolymer for Enhanced Surface, Physical and Mechanical Properties of Glass Ionomer Luting Cement",ACS OMEGA
2023,April,SCOPUS,College of Health and Rehabilitation Sciences,Health-related / Medical,Application of advanced platelet-rich fibrin for through-and-through bony defect during endodontic surgery: Three case reports and review of the literature,International Journal of Audiology
2023,April,WOS,College of Health and Rehabilitation Sciences,Health-related / Medical,Biopolymer collagen-chitosan scaffold containing Aloe vera for chondrogenic efficacy on cartilage tissue engineering,JOURNAL OF PHYSICAL ACTIVITY & HEALTH
2023,April,WOS,College of Health and Rehabilitation Sciences,Health-related / Medical,Disparities in HPV and the HPV Vaccine Knowledge Among Non-Hispanic Black Adults in the US-HINTS 2017-2020,JOURNAL OF PERSONALIZED MEDICINE
2023,April,WOS,College of Health and Rehabilitation Sciences,Health-related / Medical,Physical workplace violence in the health sector in Saudi Arabia,JOURNAL OF RADIATION RESEARCH AND APPLIED SCIENCES
2023,April,SCOPUS,College of Health and Rehabilitation Sciences,Health-related / Medical,Assessment of Penetrability for Different Endodontic Irrigation Activating Techniques Using Cone-Beam Computed Tomography and Periapical Digital Radiography-An In Vitro Study,Radiology Case Reports
2023,June,WOS,College of Health and Rehabilitation Sciences,Health-related / Medical,"Clinical Practice Guidelines in an Era of Accountability, Saudi Arabia: A Call for Action",FRONTIERS IN PSYCHOLOGY
2023,June,WOS,College of Health and Rehabilitation Sciences,Health-related / Medical,Potential of barley enriched yogurt to improve probiotic growth for the management of hypercholesterolemia,JOURNAL OF BACK AND MUSCULOSKELETAL REHABILITATION
2023,June,WOS,College of Health and Rehabilitation Sciences,Health-related / Medical,Biopolymer collagen-chitosan scaffold containing Aloe vera for chondrogenic efficacy on cartilage tissue engineering,FRONTIERS IN MEDICINE
2023,June,scopus,College of Health and Rehabilitation Sciences,Health-related / Medical,Disparities in HPV and the HPV Vaccine Knowledge Among Non-Hispanic Black Adults in the US-HINTS 2017-2020,Medicina (Lithuania)
2023,June,WOS,College of Health and Rehabilitation Sciences,Health-related / Medical,"Hesperidin Attenuates Titanium Dioxide Nanoparticle-Induced Neurotoxicity in Rats by Regulating Nrf-2/TNF-a Signaling Pathway, the Suppression of Oxidative Stress, and Inflammation",EUROPEAN REVIEW FOR MEDICAL AND PHARMACOLOGICAL SCIENCES
2023,June,WOS,College of Health and Rehabilitation Sciences,Health-related / Medical,Influence of Layer and SinteringTemperature on the Optical Properties of Multi- layered Zirconia Materials,ANNALS OF MEDICINE
2023,June,WOS,College of Health and Rehabilitation Sciences,Health-related / Medical,Interrelationship between dental clinicians and laboratory technicians: a qualitative study,JOURNAL OF EPIDEMIOLOGY AND GLOBAL HEALTH
2023,June,WOS,College of Health and Rehabilitation Sciences,Health-related / Medical,The dark side of fixed retainers: Case series,MEDICINA-LITHUANIA
2023,June,WOS,College of Health and Rehabilitation Sciences,Health-related / Medical,"The emergent role of artificial intelligence, natural learning processing, and large language models in higher education and research",INTERNATIONAL JOURNAL OF MOLECULAR SCIENCES
2023,June,WOS,College of Health and Rehabilitation Sciences,Health-related / Medical,Workplace bullying and violence in health sector in Saudi Arabia,MEDICINA-LITHUANIA
2023,June,WOS,College of Health and Rehabilitation Sciences,Health-related / Medical,Comparison of Enamel Surface Integrity after De-Bracketing as Affected by Seven Different Orthodontic Residual Cement Removal Systems,FRONTIERS IN REHABILITATION SCIENCES
2023,June,scopus,College of Health and Rehabilitation Sciences,Health-related / Medical,Potential of barley enriched yogurt to improve probiotic growth for the management of hypercholesterolemia,Polymers
2023,June,scopus,College of Health and Rehabilitation Sciences,Health-related / Medical,(DBOF)-B-2-COVIDNet: A Framework of Deep Bayesian Optimization and Fusion-Assisted Optimal Deep Features for COVID-19 Classification Using Chest X-ray and MRI Scans,Diagnostics
2023,June,WOS,College of Health and Rehabilitation Sciences,Health-related / Medical,A Deep Learning for Alzheimer?s Stages Detection Using Brain Images,PLANTS-BASEL
2023,July,SCOPUS,College of Health and Rehabilitation Sciences,Health-related / Medical,A deep learning signed medical image based on cryptographic techniques,Geriatric Nursing
2023,July,WOS,College of Health and Rehabilitation Sciences,Health-related / Medical,A Double Threshold Energy Detection-Based Neural Network for Cognitive Radio Networks,INTERNATIONAL JOURNAL OF BIOMEDICINE
2023,July,WOS,College of Health and Rehabilitation Sciences,Health-related / Medical,A Dual Attention Encoder-Decoder Text Summarization Model,ANNALS OF MEDICINE
2023,July,WOS,College of Health and Rehabilitation Sciences,Health-related / Medical,A Framework of Deep Learning and Selection-Based Breast Cancer Detection from Histopathology Images,HEALTHCARE
2023,July,WOS,College of Health and Rehabilitation Sciences,Health-related / Medical,A Healthcare System for COVID19 Classification Using Multi-Type Classical Features Selection,INTERNATIONAL JOURNAL OF BIOMEDICINE
2023,July,WOS,College of Health and Rehabilitation Sciences,Health-related / Medical,A hybrid Harris Hawks optimizer for economic load dispatch problems,INTERNATIONAL JOURNAL OF BIOMEDICINE
2023,July,WOS,College of Health and Rehabilitation Sciences,Health-related / Medical,A modified reptile search algorithm for global optimization and image segmentation: Case study brain MRI images,INTERNATIONAL JOURNAL OF MOLECULAR SCIENCES
2023,July,WOS,College of Health and Rehabilitation Sciences,Health-related / Medical,A novel approach for brain tumour detection using deep learning based technique,JOURNAL OF MEDICAL ULTRASOUND
2023,July,WOS,College of Health and Rehabilitation Sciences,Health-related / Medical,Airstacknet: A Stacking Ensemble-Based Approach for Air Quality Prediction,MEDICINA-LITHUANIA
2023,August,WOS,College of Health and Rehabilitation Sciences,Health-related / Medical,Al-Biruni Earth Radius (BER) Metaheuristic Search Optimization Algorithm,VALUE IN HEALTH
2023,August,WOS,College of Health and Rehabilitation Sciences,Health-related / Medical,An adaptive quadratic interpolation and rounding mechanism sine cosine algorithm with application to constrained engineering optimization problems,JOURNAL OF HEALTH POPULATION AND NUTRITION
2023,August,scopus,College of Health and Rehabilitation Sciences,Health-related / Medical,An Automatic Threshold Selection Using ALO for Healthcare Duplicate Record Detection with Reciprocal Neuro-Fuzzy Inference System,Journal of Technology in Behavioral Science
2023,August,scopus,College of Health and Rehabilitation Sciences,Health-related / Medical,An Efficient Medical Image Deep Fusion Model Based on Convolutional Neural Networks,Health Promotion International
2023,August,scopus,College of Health and Rehabilitation Sciences,Health-related / Medical,An Intelligent Hazardous Waste Detection and Classification Model Using Ensemble Learning Techniques,Asia Pacific journal of clinical nutrition
2023,August,scopus,College of Health and Rehabilitation Sciences,Health-related / Medical,Artificial Fish Swarm Optimization with Deep Learning Enabled Opinion Mining Approach,International Medical Case Reports Journal
2023,August,scopus,College of Health and Rehabilitation Sciences,Health-related / Medical,Automated Machine Learning Enabled Cybersecurity Threat Detection in Internet of Things Environment,Primary Care Diabetes
2023,September,wos,College of Health and Rehabilitation Sciences,Health-related / Medical,Blockchain Driven Metaheuristic Route Planning in Secure Wireless Sensor Networks,INTERNATIONAL JOURNAL OF BIOMEDICINE
2023,September,wos,College of Health and Rehabilitation Sciences,Health-related / Medical,Boosted sooty tern optimization algorithm for global optimization and feature selection,GERIATRIC NURSING
2023,September,wos,College of Health and Rehabilitation Sciences,Health-related / Medical,Boosting carbon dioxide adsorption capacity applying Jellyfish optimization and ANFIS-based modelling,MEDICINA-LITHUANIA
2023,September,wos,College of Health and Rehabilitation Sciences,Health-related / Medical,Competitive Multi-Verse Optimization with Deep Learning Based Sleep Stage Classification,INTERNATIONAL JOURNAL OF MOLECULAR SCIENCES
2023,September,wos,College of Health and Rehabilitation Sciences,Health-related / Medical,Computational investigation of magneto-hydrodynamic flow of newtonian fluid behavior over obstacles placed in rectangular cavity,INTERNATIONAL JOURNAL OF BIOMEDICINE
2023,August,WOS,College of Health and Rehabilitation Sciences,Health-related / Medical,Crops Leaf Diseases Recognition: A Framework of Optimum Deep Learning Features,ENT-EAR NOSE & THROAT JOURNAL
2023,August,WOS,College of Health and Rehabilitation Sciences,Health-related / Medical,Data Mining Approach Based on Hierarchical Gaussian Mixture Representation Model,BMC SPORTS SCIENCE MEDICINE AND REHABILITATION
2023,August,WOS,College of Health and Rehabilitation Sciences,Health-related / Medical,Data Mining with Comprehensive Oppositional Based Learning for Rainfall Prediction,CASE STUDIES IN THERMAL ENGINEERING
2023,August,WOS,College of Health and Rehabilitation Sciences,Health-related / Medical,Dataset of Large Gathering Images for Person Identification and Tracking,MEDICINA-LITHUANIA
2023,August,WOS,College of Health and Rehabilitation Sciences,Health-related / Medical,Deep Fake Detection Using Computer Vision-Based Deep Neural Network with Pairwise Learning,DIAGNOSTICS
2023,August,WOS,College of Health and Rehabilitation Sciences,Health-related / Medical,Deep Learning Enabled Intelligent Healthcare Management System in Smart Cities Environment,FRONTIERS IN PHYSIOLOGY
2023,August,WOS,College of Health and Rehabilitation Sciences,Health-related / Medical,Deep Learning Prediction Model for Heart Disease for Elderly Patients,MEDICINE
2023,August,WOS,College of Health and Rehabilitation Sciences,Health-related / Medical,Detecting Deepfake Images Using Deep Learning Techniques and Explainable AI Methods,NUTRIENTS
2023,August,WOS,College of Health and Rehabilitation Sciences,Health-related / Medical,Development of a Model for Trust Management in the Social Internet of Things,NUTRIENTS
2023,August,WOS,College of Health and Rehabilitation Sciences,Health-related / Medical,Differential Evolution with Arithmetic Optimization Algorithm Enabled Multi-Hop Routing Protocol,JOURNAL OF CLINICAL MEDICINE
2023,September,wos,College of Health and Rehabilitation Sciences,Health-related / Medical,Digital Object Architecture for IoT Networks,INTERNATIONAL JOURNAL OF PEDIATRIC OTORHINOLARYNGOLOGY
2023,September,wos,College of Health and Rehabilitation Sciences,Health-related / Medical,Dipper Throated Algorithm for Feature Selection and Classification in Electrocardiogram,JOURNAL OF RADIATION RESEARCH AND APPLIED SCIENCES
2023,September,wos,College of Health and Rehabilitation Sciences,Health-related / Medical,Dipper Throated Optimization for Detecting Black-Hole Attacks in MANETs,MIDDLE EAST CURRENT PSYCHIATRY-MECPSYCH
2023,September,wos,College of Health and Rehabilitation Sciences,Health-related / Medical,Disaster Monitoring of Satellite Image Processing Using Progressive Image Classification,INTERNATIONAL JOURNAL OF BIOMEDICINE
2023,September,wos,College of Health and Rehabilitation Sciences,Health-related / Medical,Drivers of firms’ sociability on social media: Evidence from an emerging country,PRIMARY CARE DIABETES
2023,September,wos,College of Health and Rehabilitation Sciences,Health-related / Medical,Edge Computing Platform with Efficient Migration Scheme for 5G/6G Networks,ENGINEERING APPLICATIONS OF ARTIFICIAL INTELLIGENCE
2023,September,wos,College of Health and Rehabilitation Sciences,Health-related / Medical,Efficient cancellable multi-biometric recognition system based on deep learning and bio-hashing,ANNALS OF MEDICINE
2023,October,WOS,College of Health and Rehabilitation Sciences,Health-related / Medical,Efficient Hardware Design of a Secure Cancellable Biometric Cryptosystem,MOLECULES
2023,October,WOS,College of Health and Rehabilitation Sciences,Health-related / Medical,"EFND: A Semantic, Visual, and Socially Augmented Deep Framework for Extreme Fake News Detection",ENT-EAR NOSE & THROAT JOURNAL
2023,October,WOS,College of Health and Rehabilitation Sciences,Health-related / Medical,Encephalitis Detection from EEG Fuzzy Density-Based Clustering Model with Multiple Centroid,CASE STUDIES IN THERMAL ENGINEERING
2023,October,WOS,College of Health and Rehabilitation Sciences,Health-related / Medical,Energy-Efficient Routing Using Novel Optimization with Tabu Techniques for Wireless Sensor Network,DIAGNOSTICS
2023,October,WOS,College of Health and Rehabilitation Sciences,Health-related / Medical,Ensemble Deep Learning for IoT Based COVID 19 Health Care Pollution Monitor,OBESITY REVIEWS
2023,October,WOS,College of Health and Rehabilitation Sciences,Health-related / Medical,Evaluating an Automated Analysis Using Machine Learning and Natural Language Processing Approaches to Classify Computer Science Students' Reflective Writing,MEDICINE
2023,October,WOS,College of Health and Rehabilitation Sciences,Health-related / Medical,Explainable Heart Disease Prediction Using Ensemble-Quantum Machine Learning Approach,CURRENT RESEARCH IN NUTRITION AND FOOD SCIENCE
2023,October,WOS,College of Health and Rehabilitation Sciences,Health-related / Medical,Exploiting Human Pose and Scene Information for Interaction Detection,NUTRIENTS
2023,October,WOS,College of Health and Rehabilitation Sciences,Health-related / Medical,Forecasting and classification of new cases of COVID 19 before vaccination using decision trees and Gaussian mixture model,NUTRIENTS
2023,October,WOS,College of Health and Rehabilitation Sciences,Health-related / Medical,Hybrid Dipper Throated and Grey Wolf Optimization for Feature Selection Applied to Life Benchmark Datasets,COMPUTERS IN BIOLOGY AND MEDICINE
2023,October,WOS,College of Health and Rehabilitation Sciences,Health-related / Medical,Hybrid Grey Wolf and Dipper Throated Optimization in Network Intrusion Detection Systems,CHILDREN-BASEL
2023,October,WOS,College of Health and Rehabilitation Sciences,Health-related / Medical,Hybrid Metaheuristics Feature Selection with Stacked Deep Learning-Enabled Cyber-Attack Detection Model,BMC GERIATRICS
2023,October,WOS,College of Health and Rehabilitation Sciences,Health-related / Medical,Hybrid of Distributed Cumulative Histograms and Classification Model for Attack Detection,HEALTHCARE
2023,November,wos,College of Health and Rehabilitation Sciences,Health-related / Medical,Image Enhancement Using Adaptive Fractional Order Filter,CURRENT NUTRITION REPORTS
2023,November,wos,College of Health and Rehabilitation Sciences,Health-related / Medical,Improved Bat Algorithm with Deep Learning-Based Biomedical ECG Signal Classification Model,BMC HEALTH SERVICES RESEARCH
2023,November,wos,College of Health and Rehabilitation Sciences,Health-related / Medical,Intelligent Aquila Optimization Algorithm-Based Node Localization Scheme for Wireless Sensor Networks,EUROPEAN JOURNAL OF MEDICAL RESEARCH
2023,November,wos,College of Health and Rehabilitation Sciences,Health-related / Medical,Intelligent Cybersecurity Classification Using Chaos Game Optimization with Deep Learning Model,NUTRIENTS
2023,November,wos,College of Health and Rehabilitation Sciences,Health-related / Medical,Intelligent Intrusion Detection System for Industrial Internet of Things Environment,MEDICINA-LITHUANIA
2023,November,wos,College of Health and Rehabilitation Sciences,Health-related / Medical,IOT Based Crowd Management Tool,MEDICINE
2023,November,wos,College of Health and Rehabilitation Sciences,Health-related / Medical,IoT-Cloud Assisted Botnet Detection Using Rat Swarm Optimizer with Deep Learning,INTERNATIONAL FOOD RESEARCH JOURNAL
2023,November,wos,College of Health and Rehabilitation Sciences,Health-related / Medical,Language-Independent Text Tokenization Using Unsupervised Deep Learning,GLOBAL HEALTH ACTION
2023,November,wos,College of Health and Rehabilitation Sciences,Health-related / Medical,Latent Space Representational Learning of Deep Features for Acute Lymphoblastic Leukemia Diagnosis,BMC CARDIOVASCULAR DISORDERS
2023,November,wos,College of Health and Rehabilitation Sciences,Health-related / Medical,Modeling and Analysis of UAV-Assisted Mobile Network with Imperfect Beam Alignment,ANNALS OF MEDICINE
2023,November,wos,College of Health and Rehabilitation Sciences,Health-related / Medical,Multi-level threshold segmentation framework for breast cancer images using enhanced differential evolution,DIABETIC MEDICINE
2023,December,Wos,College of Health and Rehabilitation Sciences,Health-related / Medical,Multivariate Aggregated NOMA for Resource Aware Wireless Network Communication Security,JOURNAL OF RADIATION RESEARCH AND APPLIED SCIENCES
2023,December,Wos,College of Health and Rehabilitation Sciences,Health-related / Medical,Natural Language Processing with Optimal Deep Learning-Enabled Intelligent Image Captioning System,NUTRITION REVIEWS
2023,December,Wos,College of Health and Rehabilitation Sciences,Health-related / Medical,Network Intrusion Detection Based on Feature Selection and Hybrid Metaheuristic Optimization,Radiation Physics and Chemistry
2023,December,wos,College of Nursing,Health-related / Medical,Novel Optimized Feature Selection Using Metaheuristics Applied to Physical Benchmark Datasets,"Diabetes, Metabolic Syndrome and Obesity"
2023,January,wos,College of Nursing,Health-related / Medical,Novel Path Counting-Based Method for Fractal Dimension Estimation of the Ultra-Dense Networks,JOURNAL OF INFECTION AND PUBLIC HEALTH
2023,January,wos,College of Nursing,Health-related / Medical,Novel Scheme for Robust Confusion Component Selection Based on Pythagorean Fuzzy Set,BMC NURSING
2023,May,wos,College of Nursing,Scientific,Optical Ciphering Scheme for Cancellable Speaker Identification System,JOURNAL OF PERSONALIZED MEDICINE
2023,May,wos,College of Nursing,Health-related / Medical,Optimal Bottleneck-Driven Deep Belief Network Enabled Malware Classification on IoT-Cloud Environment,SUSTAINABILITY
2023,May,scopus,College of Nursing,Health-related / Medical,Optimal Deep Convolutional Neural Network for Vehicle Detection in Remote Sensing Images,Sustainability (Switzerland)
2023,May,wos,College of Nursing,Health-related / Medical,Optimal Deep Learning Driven Intrusion Detection in SDN-Enabled IoT Environment,ADVANCES IN NEONATAL CARE
2023,February,scopus,College of Nursing,Health-related / Medical,Optimal Deep Learning Enabled Communication System for Unmanned Aerial Vehicles,Nursing Open
2023,February,scopus,College of Nursing,Health-related / Medical,Optimal Deep Learning Model Enabled Secure UAV Classification for Industry 4.0,Journal of Infection and Public Health
2023,February,scopus,College of Nursing,Health-related / Medical,Optimal Fuzzy Logic Enabled Intrusion Detection for Secure IoT-Cloud Environment,Bosnian Journal of Basic Medical Sciences
2023,February,wos,College of Nursing,Health-related / Medical,Optimization of Electrocardiogram Classification Using Dipper Throated Algorithm and Differential Evolution,EUROPEAN JOURNAL OF INVESTIGATION IN HEALTH PSYCHOLOGY AND EDUCATION
2023,February,wos,College of Nursing,Health-related / Medical,Optimized Resource Allocation and Queue Management for Traffic Control in MANET,HEALTHCARE
2023,February,wos,College of Nursing,Health-related / Medical,Peak-Average-Power Ratio Techniques for 5G Waveforms Using D-SLM and D-PTS,HEALTHCARE
2023,February,wos,College of Nursing,Health-related / Medical,Performance Framework for Virtual Machine Migration in Cloud Computing,HEALTHCARE
2023,March,scopus,College of Nursing,Health-related / Medical,Political Optimizer with Deep Learning-Enabled Tongue Color Image Analysis Model,Disaster Medicine and Public Health Preparedness
2023,March,WOS,College of Nursing,Health-related / Medical,Predicting Violence-Induced Stress in an Arabic Social Media Forum,HEALTHCARE
2023,March,scopus,College of Nursing,Health-related / Medical,Proposed Privacy Preservation Technique for Color Medical Images,Disaster Medicine and Public Health Preparedness
2023,March,scopus,College of Nursing,Health-related / Medical,Real Objects Understanding Using 3D Haptic Virtual Reality for E-Learning Education,International Journal of Environmental Research and Public Health
2023,March,WOS,College of Nursing,Health-related / Medical,Robust ACO-Based Landmark Matching and Maxillofacial Anomalies Classification,JOURNAL OF MULTIDISCIPLINARY HEALTHCARE
2023,March,WOS,College of Nursing,Health-related / Medical,"Rock physics analysis from predicted Poisson's ratio using RVFL based on Wild Geese Algorithm in scarab gas field in WDDM concession, Egypt",VACCINES
2023,April,SCOPUS,College of Nursing,Health-related / Medical,Sailfish Optimizer with EfficientNet Model for Apple Leaf Disease Detection,"International Journal of Nutrition, Pharmacology, Neurological Diseases"
2023,April,SCOPUS,College of Nursing,Health-related / Medical,Scrutinization of Stefan suction/blowing on thermal slip flow of ethylene glycol/water based hybrid ferro-fluid with nano-particles shape effect and partial slip,Journal of Nursing Scholarship
2023,April,SCOPUS,College of Nursing,Health-related / Medical,Search and Rescue Optimization with Machine Learning Enabled Cybersecurity Model,Advances in Neonatal Care
2023,April,SCOPUS,College of Nursing,Health-related / Medical,Securing 3D Point and Mesh Fog Data Using Novel Chaotic Cat Map,Nursing Open
2023,April,SCOPUS,College of Nursing,Health-related / Medical,Spoofing Face Detection Using Novel Edge-Net Autoencoder for Security,Journal of the Pakistan Medical Association
2023,April,WOS,College of Nursing,Health-related / Medical,Spotted Hyena Optimizer with Deep Learning Driven Cybersecurity for Social Networks,HEALTHCARE
2023,June,WOS,College of Nursing,Health-related / Medical,Two-Stream Deep Learning Architecture-Based Human Action Recognition,EASTERN MEDITERRANEAN HEALTH JOURNAL
2023,June,WOS,College of Nursing,Health-related / Medical,Unmanned Aerial Vehicle Assisted Forest Fire Detection Using Deep Convolutional Neural Network,NURSING OPEN
2023,June,scopus,College of Nursing,Health-related / Medical,Voting Classifier and Metaheuristic Optimization for Network Intrusion Detection,Sustainability (Switzerland)
2023,June,WOS,College of Nursing,Health-related / Medical,Wireless Network Security Using Load Balanced Mobile Sink Technique,FRONTIERS IN PUBLIC HEALTH
2023,June,WOS,College of Nursing,Health-related / Medical,A Hybrid Multitask Learning Framework with a Fire Hawk Optimizer for Arabic Fake News Detection,INTERNATIONAL JOURNAL OF QUALITATIVE STUDIES ON HEALTH AND WELL-BEING
2023,June,WOS,College of Nursing,Health-related / Medical,A Low-Profile Antenna for On-Body and Off-Body Applications in the Lower and Upper ISM and WLAN Bands,FRONTIERS IN PUBLIC HEALTH
2023,June,WOS,College of Nursing,Health-related / Medical,A novel porous rod with nanosphere CuS2/NiFe2O4nanocomposite for low-cost high-performance energy storage system,HEALTHCARE
2023,June,scopus,College of Nursing,Health-related / Medical,A Self-Decoupling Technique to Realize Dense Packing of Antenna Elements in MIMO Arrays for Wideband Sub-6 GHz Communication Systems,Sustainability (Switzerland)
2023,June,WOS,College of Nursing,Health-related / Medical,Alumina supported copper oxide nanoparticles (CuO/Al2O3) as high-performance electrocatalysts for hydrazine oxidation reaction,ISSUES IN MENTAL HEALTH NURSING
2023,June,WOS,College of Nursing,Health-related / Medical,An artificial intelligence approach study for assessing hydrogen energy materials for energy saving in building,BMC HEALTH SERVICES RESEARCH
2023,June,WOS,College of Nursing,Health-related / Medical,An Automatic Deep Neural Network Model for Fingerprint Classification,NURSING OPEN
2023,June,scopus,College of Nursing,Health-related / Medical,An Energy-Efficient Multi-swarm Optimization in Wireless Sensor Networks,Healthcare (Switzerland)
2023,June,scopus,College of Nursing,Health-related / Medical,An Iterative Filtering Based ECG Denoising Using Lifting Wavelet Transform Technique,BMC Nursing
2023,July,WOS,College of Nursing,Health-related / Medical,"Analysis of buoyancy assisting and opposing flows of colloidal mixture of titanium oxide, silver, and aluminium oxide nanoparticles with water due to exponentially stretchable surface",JOURNAL OF MULTIDISCIPLINARY HEALTHCARE
2023,July,WOS,College of Nursing,Health-related / Medical,Content Caching in Mobile Edge Computing Based on User Location and Preferences Using Cosine Similarity and Collaborative Filtering,FRONTIERS IN NUTRITION
2023,July,WOS,College of Nursing,Health-related / Medical,Cooperative Content Caching Framework Using Cuckoo Search Optimization in Vehicular Edge Networks,BMC NURSING
2023,July,WOS,College of Nursing,Health-related / Medical,Deep Learning for Depression Detection Using Twitter Data,DIGITAL HEALTH
2023,August,WOS,College of Nursing,Health-related / Medical,Deep Transfer Learning Based Parkinson&#x2019;s Disease Detection Using Optimized Feature Selection,FRONTIERS IN PUBLIC HEALTH
2023,August,WOS,College of Nursing,Health-related / Medical,Female Saudi College students' e-learning experience amidst COVID-19 pandemic: An investigation and analysis,JOURNAL OF ADVANCED NURSING
2023,August,WOS,College of Nursing,Health-related / Medical,Integrated approach using deep neural network and CBR for detecting severity of coronary artery disease,HUMAN VACCINES & IMMUNOTHERAPEUTICS
2023,August,WOS,College of Nursing,Health-related / Medical,Interacting with educational chatbots: A systematic review,HEALTHCARE
2023,August,WOS,College of Nursing,Health-related / Medical,Machine Learning Based Diagnosis for Diabetic Retinopathy for SKPD-PSC,HEALTHCARE
2023,August,scopus,College of Nursing,Health-related / Medical,Proposed hybrid encryption framework for robust 3D image communication over wireless channels,Heliyon
2023,August,scopus,College of Nursing,Health-related / Medical,The intelligent modelling and optimization of an economic and ecosystem-friendly model for grid connected prosumer community,British Journal of Health Care Management
2023,August,scopus,College of Nursing,Health-related / Medical,Twitter use by the dementia community during COVID-19: a user classification and social network analysis,Military Medical Science Letters (Vojenske Zdravotnicke Listy)
2023,September,wos,College of Nursing,Health-related / Medical,Video quality enhancement using recursive deep residual learning network,NURSING OPEN
2023,September,wos,College of Nursing,Health-related / Medical,A Miniaturized Arc Shaped Near Isotropic Self-Complementary Antenna for Spectrum Sensing Applications,HELIYON
2023,September,wos,College of Nursing,Health-related / Medical,A Multilayered Audio Signal Encryption Approach for Secure Voice Communication,BMC NURSING
2023,September,wos,College of Nursing,Health-related / Medical,A Novel Framework for Classification of Different Alzheimer's Disease Stages Using CNN Model,DIGITAL HEALTH
2023,September,wos,College of Nursing,Health-related / Medical,A Novel Integrated UWB Sensing and 8-Element MIMO Communication Cognitive Radio Antenna System,INTERNATIONAL JOURNAL OF QUALITATIVE STUDIES ON HEALTH AND WELL-BEING
2023,September,wos,College of Nursing,Health-related / Medical,A Shorted Stub Loaded UWB Flexible Antenna for Small IoT Devices,FRONTIERS IN NUTRITION
2023,September,wos,College of Nursing,Health-related / Medical,Agreement-Induced Data Verification Model for Securing Vehicular Communication in Intelligent Transportation Systems,HEALTHCARE
2023,September,wos,College of Nursing,Health-related / Medical,An efficient audio watermarking scheme with scrambled medical images for secure medical internet of things systems,NURSING OPEN
2023,September,wos,College of Nursing,Health-related / Medical,An efficient honey badger algorithm for scheduling the microgrid energy management,HEALTHCARE
2023,October,WOS,College of Nursing,Health-related / Medical,Analysis of Challenges and Solutions of IoT in Smart Grids Using AI and Machine Learning Techniques: A Review,JOURNAL OF BIG DATA
2023,October,WOS,College of Nursing,Health-related / Medical,Brain Tumor Detection and Classification Using Deep Learning and Sine-Cosine Fitness Grey Wolf Optimization,FRONTIERS IN PUBLIC HEALTH
2023,October,WOS,College of Nursing,Health-related / Medical,Coded Assisted Transmit and Receive IQ Mismatch Compensation With Channel Estimation for AF Cooperative OFDM Systems,NURSE EDUCATION IN PRACTICE
2023,October,WOS,College of Nursing,Health-related / Medical,Efficient Bioinspired Feature Selection and Machine Learning Based Framework Using Omics Data and Biological Knowledge Data Bases in Cancer Clinical Endpoint Prediction,NURSE EDUCATION IN PRACTICE
2023,October,WOS,College of Nursing,Health-related / Medical,Efficient secure optical DWT-based watermarked 3D video transmission over MC-CDMA wireless channel,HEALTHCARE
2023,October,WOS,College of Nursing,Health-related / Medical,Epileptic Seizure Prediction Based on Hybrid Seek Optimization Tuned Ensemble Classifier Using EEG Signals,PLOS ONE
2023,October,WOS,College of Nursing,Health-related / Medical,"Evaluating the Potentials of PLSR and SVR Models for Soil Properties Prediction Using Field Imaging, Laboratory VNIR Spectroscopy and Their Combination",VACCINES
2023,October,WOS,College of Nursing,Health-related / Medical,Evaluation of feature extraction methods for different types of images,JOURNAL OF SAUDI CHEMICAL SOCIETY
2023,October,WOS,College of Nursing,Health-related / Medical,Gaussian Mixture with Max Expectation Guide for Stacked Architecture of Denoising Autoencoder and DRBM for Medical Chest Scans and Disease Identification,HUMAN VACCINES & IMMUNOTHERAPEUTICS
2023,October,WOS,College of Nursing,Health-related / Medical,Multi-Semantic Discriminative Feature Learning for Sign Gesture Recognition Using Hybrid Deep Neural Architecture,HEALTHCARE
2023,November,wos,College of Nursing,Health-related / Medical,Route Planning for Autonomous Mobile Robots Using a Reinforcement Learning Algorithm,MEDICINE
2023,November,wos,College of Nursing,Health-related / Medical,Runtime Management of Service Level Agreements through Proactive Resource Provisioning for a Cloud Environment,INTERNATIONAL JOURNAL OF QUALITATIVE STUDIES ON HEALTH AND WELL-BEING
2023,December,Wos,College of Nursing,Health-related / Medical,Smart Traffic Monitoring Through Pyramid Pooling Vehicle Detection and Filter-Based Tracking on Aerial Images,Journal of Multidisciplinary Healthcare
2023,December,Wos,College of Nursing,Health-related / Medical,Transfer Learning in Inorganic Compounds' Crystal Structure Classification,Psychology Research and Behavior Management
2023,May,wos,College of Arts and Design,Humanitarian ,Understanding Influencers of College Major Decision: The UAE Case,AXIOMS
2023,February,scopus,College of Arts and Design,Humanitarian ,Variational Approach for Joint Kidney Segmentation and Registration from DCE-MRI Using Fuzzy Clustering with Shape Priors,Systemic Practice and Action Research
2023,March,WOS,College of Arts and Design,Humanitarian ,Vision Transformer and Language Model Based Radiology Report Generation,Axioms
2023,March,WOS,College of Arts and Design,Humanitarian ,Wearables-Assisted Smart Health Monitoring for Sleep Quality Prediction Using Optimal Deep Learning,Fibers and Polymers
2023,August,WOS,College of Arts and Design,Humanitarian ,Wild Horse Optimization with Deep Learning-Driven Short-Term Load Forecasting Scheme for Smart Grids,JOURNAL OF GLOBAL FASHION MARKETING
2023,August,scopus,College of Arts and Design,Humanitarian ,Wildfire and Smoke Detection Using Staged YOLO Model and Ensemble CNN,Journal of Flow Visualization and Image Processing
2023,August,scopus,College of Arts and Design,Humanitarian ,Red Deer Optimization with Artificial Intelligence Enabled Image Captioning System for Visually Impaired People,"Arte, Individuo y Sociedad"
2023,August,scopus,College of Arts and Design,Humanitarian ,3D Path Optimisation of Unmanned Aerial Vehicles Using Q Learning-Controlled GWO-AOA,Dirasat: Human and Social Sciences
2023,August,scopus,College of Arts and Design,Humanitarian ,A Framework of Deep Optimal Features Selection for Apple Leaf Diseases Recognition,Journal of Interprofessional Education and Practice
2023,October,WOS,College of Arts and Design,Humanitarian ,A Multi Parameter Forecasting for Stock Time Series Data Using LSTM and Deep Learning Model,JOURNAL OF GLOBAL FASHION MARKETING
2023,January,wos,College of Education and Human Development,Humanitarian ,A Novel Deep Learning CNN for Heart Valve Disease Classification Using Valve Sound Detection,CURRENT PROBLEMS IN CARDIOLOGY
2023,January,scopus,College of Education and Human Development,Humanitarian ,A Powerful Joint Modulation and STBC Identification Algorithm for Multiuser Uplink SC-FDMA Transmissions,Basic and Clinical Pharmacology and Toxicology
2023,May,wos,College of Education and Human Development,Scientific,A smart IoMT based architecture for E-healthcare patient monitoring system using artificial intelligence algorithms,DESALINATION AND WATER TREATMENT
2023,May,wos,College of Education and Human Development,Humanitarian ,A smart secured framework for detecting and averting online recruitment fraud using ensemble machine learning techniques,ANIMALS
2023,May,wos,College of Education and Human Development,Humanitarian ,An Improved Deep Structure for Accurately Brain Tumor Recognition,FRONTIERS IN PLANT SCIENCE
2023,February,scopus,College of Education and Human Development,Humanitarian ,Application of Deep Learning in Software Defect Prediction: Systematic Literature Review and Meta-analysis,BMC Public Health
2023,February,wos,College of Education and Human Development,Humanitarian ,Artificial Algae Optimization with Deep Belief Network Enabled Ransomware Detection in IoT Environment,FOODS
2023,February,wos,College of Education and Human Development,Humanitarian ,Automated White Blood Cell Disease Recognition Using Lightweight Deep Learning,HEALTHCARE
2023,March,scopus,College of Education and Human Development,Humanitarian ,Battle Royale Optimization with Fuzzy Deep Learning for Arabic Sentiment Classification,Egyptian Journal of Chemistry
2023,March,WOS,College of Education and Human Development,Humanitarian ,Chaotic marine predators optimization based task scheduling scheme for resource limited cyber-physical systems,Fermentation
2023,March,scopus,College of Education and Human Development,Humanitarian ,Clinical Decision Support Systems to Predict Drug–Drug Interaction Using Multilabel Long Short-Term Memory with an Autoencoder,Journal of Higher Education Theory and Practice
2023,March,WOS,College of Education and Human Development,Humanitarian ,Co-Channel Interference Management for Heterogeneous Networks Using Deep Learning Approach,AGRICULTURE-BASEL
2023,March,WOS,College of Education and Human Development,Humanitarian ,Design and Analysis of Circular Polarized Two-Port MIMO Antennas with Various Antenna Element Orientations,TOXICS
2023,April,WOS,College of Education and Human Development,Humanitarian ,Digital Twin-Based Automated Fault Diagnosis in Industrial IoT Applications,CRYSTALS
2023,April,SCOPUS,College of Education and Human Development,Humanitarian ,Double Deep Q-Network Method for Energy Efficiency and Throughput in a UAV-Assisted Terrestrial Network,Heliyon
2023,April,SCOPUS,College of Education and Human Development,Humanitarian ,Early Detection and Diagnosis of Chronic Kidney Disease Based on Selected Predominant Features,International journal of environmental research and public health
2023,April,SCOPUS,College of Education and Human Development,Humanitarian ,Effectiveness of inquiry-based learning with the aid of BLOSSOMS video on students’ performance and motivation,Journal of International Women's Studies
2023,June,WOS,College of Education and Human Development,Humanitarian ,Efficient Framework for Video Communication in IoT Applications,CHEMISTRYSELECT
2023,June,scopus,College of Education and Human Development,Humanitarian ,Efficient Multi-Biometric Secure-Storage Scheme Based on Deep Learning and Crypto-Mapping Techniques,Medicina (Lithuania)
2023,June,WOS,College of Education and Human Development,Humanitarian ,Enhanced Cloud Storage Encryption Standard for Security in Distributed Environments,JOURNAL OF BIOBASED MATERIALS AND BIOENERGY
2023,June,WOS,College of Education and Human Development,Humanitarian ,Enhanced Gorilla Troops Optimizer with Deep Learning Enabled Cybersecurity Threat Detection,BULLETIN OF THE CHEMICAL SOCIETY OF ETHIOPIA
2023,June,WOS,College of Education and Human Development,Humanitarian ,Enhancing quality of experience in mobile edge computing using deep learning based data offloading and cyberattack detection technique,POLISH JOURNAL OF ENVIRONMENTAL STUDIES
2023,June,WOS,College of Education and Human Development,Humanitarian ,Estimation of IQI for AF Cooperative Single-Carrier Frequency Domain Equalization Systems Using Channel Decoder Feedback,JOURNAL OF BIOBASED MATERIALS AND BIOENERGY
2023,June,WOS,College of Education and Human Development,Humanitarian ,Fruit Leaf Diseases Classification: A Hierarchical Deep Learning Framework,ACS OMEGA
2023,June,WOS,College of Education and Human Development,Humanitarian ,HGRBOL2: Human gait recognition for biometric application using Bayesian optimization and extreme learning machine,FRONTIERS IN PLANT SCIENCE
2023,June,scopus,College of Education and Human Development,Humanitarian ,Hybrid Classifier-Based Federated Learning in Health Service Providers for Cardiovascular Disease Prediction,Animals
2023,June,WOS,College of Education and Human Development,Humanitarian ,Hybrid Watermarking and Encryption Techniques for Securing Medical Images,JOURNAL OF BIOBASED MATERIALS AND BIOENERGY
2023,June,WOS,College of Education and Human Development,Humanitarian ,"Image Retrieval using Convolutional Autoencoder, InfoGAN, and Vision Transformer Unsupervised Models",JOURNAL OF BIOBASED MATERIALS AND BIOENERGY
2023,June,WOS,College of Education and Human Development,Humanitarian ,Improved Chameleon Swarm Optimization-Based Load Scheduling for IoT-Enabled Cloud Environment,CRYSTALS
2023,June,WOS,College of Education and Human Development,Humanitarian ,Improved Feature Selection Based on Chaos Game Optimization for Social Internet of Things with a Novel Deep Learning Model,SUSTAINABILITY
2023,June,scopus,College of Education and Human Development,Humanitarian ,Improved Multi-Path Routing for QoS on MANET,Nutrients
2023,June,WOS,College of Education and Human Development,Humanitarian ,Impulsive Noise Cancellation in OFDM System Using Low Density Parity Check,CHEMISTRYSELECT
2023,July,WOS,College of Education and Human Development,Humanitarian ,Integrated Approach of Brain Disorder Analysis by Using Deep Learning Based on DNA Sequence,CURRENT PROBLEMS IN CARDIOLOGY
2023,July,WOS,College of Education and Human Development,Humanitarian ,Interactive Effect of Learning Rate and Batch Size to Implement Transfer Learning for Brain Tumor Classification,FRONTIERS IN EDUCATION
2023,July,WOS,College of Education and Human Development,Humanitarian ,Latency-Aware Dynamic Second Offloading Service in SDN-Based Fog Architecture,JOURNAL OF BIOBASED MATERIALS AND BIOENERGY
2023,July,WOS,College of Education and Human Development,Humanitarian ,LexDeep: Hybrid Lexicon and Deep Learning Sentiment Analysis Using Twitter for Unemployment-Related Discussions during COVID-19,FRONTIERS IN SUSTAINABLE FOOD SYSTEMS
2023,July,WOS,College of Education and Human Development,Humanitarian ,Lightweight-BIoV: Blockchain Distributed Ledger Technology (BDLT) for Internet of Vehicles (IoVs),ENVIRONMENTAL PROGRESS & SUSTAINABLE ENERGY
2023,July,WOS,College of Education and Human Development,Humanitarian ,Metaheuristics with Deep Learning Model for Cybersecurity and Android Malware Detection and Classification,MATERIALS EXPRESS
2023,July,WOS,College of Education and Human Development,Humanitarian ,Microservices-based student support framework (MicSSF) to enhance equity in education,MATERIALS EXPRESS
2023,August,WOS,College of Education and Human Development,Humanitarian ,Modified Garden Balsan Optimization Based Machine Learning for Intrusion Detection,PLANTS-BASEL
2023,August,WOS,College of Education and Human Development,Humanitarian ,"New ridge regression, artificial neural networks and support vector machine for wind speed prediction",RESEARCH IN DEVELOPMENTAL DISABILITIES
2023,August,WOS,College of Education and Human Development,Humanitarian ,Predicting Alzheimer’s Disease Using Deep Neuro-Functional Networks with Resting-State fMRI,ACS OMEGA
2023,August,WOS,College of Education and Human Development,Humanitarian ,Predicting STC Customers' Satisfaction Using Twitter,FRONTIERS IN SUSTAINABLE FOOD SYSTEMS
2023,August,WOS,College of Education and Human Development,Humanitarian ,"Retraction Note: Emotion-based music recommendation and classification using machine learning with IoT Framework(Soft Computing, (2021), 25, (12249–12260), 10.1007/s00500-021-05898-9)",BIOLOGY-BASEL
2023,August,WOS,College of Education and Human Development,Humanitarian ,Robust Image Watermarking Using LWT and Stochastic Gradient Firefly Algorithm,MATERIALS EXPRESS
2023,August,WOS,College of Education and Human Development,Humanitarian ,SkinNet-ENDO: Multiclass skin lesion recognition using deep neural network and Entropy-Normal distribution optimization algorithm with ELM,FRONTIERS IN SUSTAINABLE FOOD SYSTEMS
2023,August,WOS,College of Education and Human Development,Humanitarian ,V2X-Based Highly Reliable Warning System for Emergency Vehicles,LAND
2023,August,WOS,College of Education and Human Development,Humanitarian ,Water-Quality Prediction Based on H2O AutoML and Explainable AI Techniques,MATERIALS EXPRESS
2023,August,WOS,College of Education and Human Development,Humanitarian ,A Framework for Automatic Clustering of EHR Messages Using a Spatial Clustering Approach,JOURNAL OF FOOD QUALITY
2023,August,WOS,College of Education and Human Development,Humanitarian ,A URL-Based Social Semantic Attacks Detection With Character-Aware Language Model,JOURNAL OF AGRICULTURE AND FOOD RESEARCH
2023,August,scopus,College of Education and Human Development,Humanitarian ,An Efficient Intrusion Detection Framework for Industrial Internet of Things Security,Journal of Materials Research and Technology
2023,August,scopus,College of Education and Human Development,Humanitarian ,D2BOF-COVIDNet: A Framework of Deep Bayesian Optimization and Fusion-Assisted Optimal Deep Features for COVID-19 Classification Using Chest X-ray and MRI Scans,Archives of Medical Science
2023,August,scopus,College of Education and Human Development,Humanitarian ,Fan-beam projection based modulation classification for optical systems with phase noise effect,Information Sciences Letters
2023,August,scopus,College of Education and Human Development,Humanitarian ,Human Personality Assessment Based on Gait Pattern Recognition Using Smartphone Sensors,Emirates Journal of Food and Agriculture
2023,September,wos,College of Education and Human Development,Humanitarian ,Hyperspectral Images-Based Crop Classification Scheme for Agricultural Remote Sensing,CHEMISTRYSELECT
2023,September,wos,College of Education and Human Development,Humanitarian ,Intrusion Detection Systems for the Internet of Thing: A Survey Study,CURRENT PROBLEMS IN CARDIOLOGY
2023,September,wos,College of Education and Human Development,Humanitarian ,Modulation format recognition using CNN-based transfer learning models,JOURNAL OF MATERIALS RESEARCH AND TECHNOLOGY-JMR&T
2023,September,wos,College of Education and Human Development,Humanitarian ,Radiogenomic classification for MGMT promoter methylation status using multi-omics fused feature space for least invasive diagnosis through mpMRI scans,CURRENT PROBLEMS IN CARDIOLOGY
2023,September,wos,College of Education and Human Development,Humanitarian ,Sarcasm Detection over Social Media Platforms Using Hybrid Ensemble Model with Fuzzy Logic  ,INTERNATIONAL JOURNAL OF FOOD PROPERTIES
2023,September,wos,College of Education and Human Development,Humanitarian ,Studies of Performance of Cs2TiI6−XBrX (Where x = 0 to 6)-Based Mixed Halide Perovskite Solar Cell with CdS Electron Transport Layer,FRONTIERS IN PSYCHOLOGY
2023,September,wos,College of Education and Human Development,Humanitarian ,Adaptive Dynamic Dipper Throated Optimization for Feature Selection in Medical Data,ACS OMEGA
2023,September,wos,College of Education and Human Development,Humanitarian ,Al-Biruni Earth Radius Optimization Based Algorithm for Improving Prediction of Hybrid Solar Desalination System,FRONTIERS IN PLANT SCIENCE
2023,September,wos,College of Education and Human Development,Humanitarian ,Al-Biruni Earth Radius Optimization for COVID-19 Forecasting,FRONTIERS IN EDUCATION
2023,September,wos,College of Education and Human Development,Humanitarian ,Metaheuristic Optimization of Time Series Models for Predicting Networks Traffic,ENVIRONMENTAL PROGRESS & SUSTAINABLE ENERGY
2023,September,wos,College of Education and Human Development,Humanitarian ,Al-Biruni Based Optimization of Rainfall Forecasting in Ethiopia,CHEMISTRYSELECT
2023,October,WOS,College of Education and Human Development,Humanitarian ,The Knowledge and Perception about COVID-19 among Medical Imaging Professionals,RSC ADVANCES
2023,October,WOS,College of Education and Human Development,Humanitarian ,Replication-Based Dynamic Energy-Aware Resource Provisioning for Scientific Workflows,RESEARCH IN DEVELOPMENTAL DISABILITIES
2023,October,WOS,College of Education and Human Development,Humanitarian ,On Rotationally Symmetrical Planar Networks and Their Local Fractional Metric Dimension,ACS OMEGA
2023,October,WOS,College of Education and Human Development,Humanitarian ,Enhanced Chimp Optimization-Based Feature Selection with Fuzzy Logic-Based Intrusion Detection System in Cloud Environment,FRONTIERS IN SUSTAINABLE FOOD SYSTEMS
2023,October,WOS,College of Education and Human Development,Humanitarian ,Leveraging Metaheuristic Unequal Clustering for Hotspot Elimination in Energy-Aware Wireless Sensor Networks,FRONTIERS IN SUSTAINABLE FOOD SYSTEMS
2023,October,WOS,College of Education and Human Development,Humanitarian ,Randic energies for T-spherical fuzzy Hamacher graphs and their applications in decision making for business plans,FRONTIERS IN SUSTAINABLE FOOD SYSTEMS
2023,October,WOS,College of Education and Human Development,Humanitarian ,Energy-Efficient Clustering and Routing Using ASFO and a Cross-Layer-Based Expedient Routing Protocol for Wireless Sensor Networks,CHEMISTRYSELECT
2023,October,WOS,College of Education and Human Development,Humanitarian ,Smart Disease Detection System for Citrus Fruits Using Deep Learning with Edge Computing,COGNITIVE THERAPY AND RESEARCH
2023,October,WOS,College of Education and Human Development,Humanitarian ,"Joint Task Offloading, Resource Allocation, and Load-Balancing Optimization in Multi-UAV-Aided MEC Systems",FRONTIERS IN PSYCHOLOGY
2023,October,WOS,College of Education and Human Development,Humanitarian ,Infrared image fusion for quality enhancement,JOURNAL OF FOOD QUALITY
2023,November,wos,College of Education and Human Development,Humanitarian ,Optimal Energy Management for Hydrogen Economy in a Hybrid Electric Vehicle,INTERNATIONAL JOURNAL OF FOOD PROPERTIES
2023,November,wos,College of Education and Human Development,Humanitarian ,Enhancing NOMA's Spectrum Efficiency in a 5G Network through Cooperative Spectrum Sharing,INORGANIC CHEMISTRY COMMUNICATIONS
2023,November,wos,College of Education and Human Development,Humanitarian ,Voice Pathology Detection Using a Two-Level Classifier Based on Combined CNN-RNN Architecture,ANNALS OF ANIMAL SCIENCE
2023,November,wos,College of Education and Human Development,Humanitarian ,Blind Space Time Block Coding Categorization over AF Relaying Broadcasts,INTERNATIONAL JOURNAL OF FOOD PROPERTIES
2023,December,Wos,College of Education and Human Development,Humanitarian ,Quality of Service (QoS) Performance Analysis in a Traffic Engineering Model for Next-Generation Wireless Sensor Networks,Foods
2023,August,scopus,Foundation Year for Health Colleges,Humanitarian ,Performance Evaluation of Hydroponic Wastewater Treatment Plant Integrated with Ensemble Learning Techniques: A Feature Selection Approach,Malaysian Journal of Nutrition
2023,April,SCOPUS,Applied College,Humanitarian ,HyproBert: A Fake News Detection Model Based on Deep Hypercontext,Journal of Educational and Social Research
2023,April,SCOPUS,Applied College,Humanitarian ,Techniques Based on Metaheuristics Combined with an Adaptive Neurofuzzy System and Seismic Sensors for the Prediction of Earthquakes,Body Image
2023,August,scopus,Applied College,Humanitarian ,DeepBreastCancerNet: A Novel Deep Learning Model for Breast Cancer Detection Using Ultrasound Images,Sports
2023,August,WOS,Applied College,Humanitarian ,Optimized Artificial Intelligent Model to Boost the Efficiency of Saline Wastewater Treatment Based on Hunger Games Search Algorithm and ANFIS,BMC PSYCHOLOGY
2023,September,wos,Applied College,Humanitarian ,Fusion Model for Classification Performance Optimization in a Highly Imbalance Breast Cancer Dataset,SUSTAINABILITY
2023,September,wos,College of Computer and Information Sciences,Scientific,WFT-Fati-Dec: Enhanced Fatigue Detection AI System Based on Wavelet Denoising and Fourier Transform,MICROMACHINES
2023,September,wos,College of Computer and Information Sciences,Scientific,Abstractive text summarization of low- resourced languages using deep learning,APPLIED SCIENCES-BASEL
2023,September,wos,College of Computer and Information Sciences,Scientific,Hybrid Multilevel Thresholding Image Segmentation Approach for Brain MRI,BIOMIMETICS
2023,September,wos,College of Computer and Information Sciences,Scientific,Frequency Reconfigurable Quad-Element MIMO Antenna with Improved Isolation for 5G Systems,SYMMETRY-BASEL
2023,September,wos,College of Computer and Information Sciences,Scientific,Dispersal Foraging Strategy with Cuckoo Search Optimization based Path Planning in Unmanned Aerial Vehicle Networks,ENVIRONMENTAL RESEARCH
2023,September,wos,College of Computer and Information Sciences,Scientific,Chatbot design challenges and the effect on user behavior,PROCESSES
2023,September,wos,College of Computer and Information Sciences,Scientific,Contextually Enriched Meta-Learning Ensemble Model for Urdu Sentiment Analysis,HEALTHCARE
2023,September,wos,College of Computer and Information Sciences,Scientific,Reliable Resource Allocation and Management for IoT Transportation Using Fog Computing,SYMMETRY-BASEL
2023,September,wos,College of Computer and Information Sciences,Scientific,Decision Fault Tree Learning and Differential Lyapunov Optimal Control for Path Tracking,DIAGNOSTICS
2023,September,wos,College of Computer and Information Sciences,Scientific,Efficient algorithms for compression and classification of brain tumor images,CAAI TRANSACTIONS ON INTELLIGENCE TECHNOLOGY
2023,September,wos,College of Computer and Information Sciences,Scientific,Valency-Based Indices for Some Succinct Drugs by Using M-Polynomial,JOURNAL OF OPTICS-INDIA
2023,September,wos,College of Computer and Information Sciences,Scientific,Secure and Lightweight Authentication Protocol for Privacy Preserving Communications in Smart City Applications,SENSORS
2023,September,wos,College of Computer and Information Sciences,Scientific,Salp swarm algorithm with iterative mapping and local escaping for multi-level threshold image segmentation: a skin cancer dermoscopic case study,COMPUTERS IN BIOLOGY AND MEDICINE
2023,September,wos,College of Computer and Information Sciences,Scientific,Improving Sentiment Prediction of Textual Tweets Using Feature Fusion and Deep Machine Ensemble Model,JOURNAL OF OPTICS-INDIA
2023,September,wos,College of Computer and Information Sciences,Scientific,Advanced Deep Learning Approaches for Accurate Brain Tumor Classification in Medical Imaging,REMOTE SENSING
2023,September,wos,College of Computer and Information Sciences,Scientific,Image classification using gaussian curvature based local tetra pattern descriptor with enhanced feature selection technique,BIOMIMETICS
2023,September,wos,College of Computer and Information Sciences,Scientific,EECHS-ARO: Energy-efficient cluster head selection mechanism for livestock industry using artificial rabbits optimization and wireless sensor networks,DIAGNOSTICS
2023,September,wos,College of Computer and Information Sciences,Scientific,Reliable Data Transmission in Underwater Wireless Sensor Networks Using a Cluster-Based Routing Protocol Endorsed by Member Nodes,JOURNAL OF CLOUD COMPUTING-ADVANCES SYSTEMS AND APPLICATIONS
2023,September,wos,College of Computer and Information Sciences,Scientific,SDAFA: Secure Data Aggregation in Fog-Assisted Smart Grid Environment,JOURNAL OF BIONIC ENGINEERING
2023,September,wos,College of Computer and Information Sciences,Scientific,A Machine Learning-Based Intelligent Vehicular System (IVS) for Driver's Diabetes Monitoring in Vehicular Ad-Hoc Networks (VANETs),SENSORS
2023,September,wos,College of Computer and Information Sciences,Scientific,A Novel Design of Spike-Shaped Miniaturized 4 x 4 MIMO Antenna for Wireless UWB Network Applications Using Characteristic Mode Analysis,INFORMATION
2023,September,wos,College of Computer and Information Sciences,Scientific,A Hybrid Deep Learning Model Using CNN and K-Mean Clustering for Energy Efficient Modelling in Mobile EdgeIoT,MATERIALS TODAY COMMUNICATIONS
2023,September,wos,College of Computer and Information Sciences,Scientific,A neutrosophic WPM-based machine learning model for device trust in industrial internet of things,COMPUTERS
2023,September,wos,College of Computer and Information Sciences,Scientific,A Novel Classification Method for Group Decision-Making Dimensions,SCIENTIFIC REPORTS
2023,September,wos,College of Computer and Information Sciences,Scientific,Accompanying deep framework for faults in motor and gearbox with disproportion vibrational samples,HUMAN-CENTRIC COMPUTING AND INFORMATION SCIENCES
2023,November,wos,College of Computer and Information Sciences,Scientific,An Analysis of Machine Learning Algorithms for Smart Healthcare Systems,BMC HEALTH SERVICES RESEARCH
2023,November,wos,College of Computer and Information Sciences,Scientific,"Author Correction: Radiogenomic classification for MGMT promoter methylation status using multi-omics fused feature space for least invasive diagnosis through mpMRI scans (Scientific Reports, (2023), 13, 1, (3291), 10.1038/s41598-023-30309-4)",JOURNAL OF ARCHITECTURE AND PLANNING -KING SAUD UNIVERSITY
2023,January,wos,College of Computer and Information Sciences,Scientific,Automatic modulation classification in optical wireless communication systems based on cancellable biometric concepts,DIAGNOSTICS
2023,January,wos,College of Computer and Information Sciences,Scientific,"Correction to: Multi-objective approach for scheduling time-aware business processes in cloud-fog environment (The Journal of Supercomputing, (2023), 79, 8, (8153-8177), 10.1007/s11227-022-04690-2)",CMC-COMPUTERS MATERIALS & CONTINUA
2023,January,scopus,College of Computer and Information Sciences,Scientific,Cyber Security against Intrusion Detection Using Ensemble-Based Approaches,Indonesian Journal of Electrical Engineering and Computer Science
2023,January,wos,College of Computer and Information Sciences,Scientific,Depth Sensors-Based Action Recognition using a Modified K-Ary Entropy Classifier,COMPUTER SYSTEMS SCIENCE AND ENGINEERING
2023,January,wos,College of Computer and Information Sciences,Scientific,Multi-layer neural network algorithm for vehicle-to-everything communication in 5G networks,CMC-COMPUTERS MATERIALS & CONTINUA
2023,January,scopus,College of Computer and Information Sciences,Scientific,Multimodal brain tumor detection and classification using deep saliency map and improved dragonfly optimization algorithm,Computer Systems Science and Engineering
2023,January,wos,College of Computer and Information Sciences,Scientific,Multi-objective approach for scheduling time-aware business processes in cloud-fog environment,CMC-COMPUTERS MATERIALS & CONTINUA
2023,January,scopus,College of Computer and Information Sciences,Scientific,Optimal Parameter Identification of Single-Sensor Fractional Maximum Power Point Tracker for Thermoelectric Generator,Alexandria Engineering Journal
2023,January,scopus,College of Computer and Information Sciences,Scientific,"Photocatalytic activity of sol-gel self-combustion derived MCr2O4 (M= Mg, Ni) spinel chromites for photodegradation of organic dyes",Computers in Biology and Medicine
2023,January,scopus,College of Computer and Information Sciences,Scientific,Recent developments in chatbot usability and design methodologies,Biomedical Signal Processing and Control
2023,January,wos,College of Computer and Information Sciences,Scientific,Swarm intelligence for IoT attack detection in fog-enabled cyber-physical system,CMC-COMPUTERS MATERIALS & CONTINUA
2023,January,scopus,College of Computer and Information Sciences,Scientific,Waste classification using vision transformer based on multilayer hybrid convolution neural network,Computer Systems Science and Engineering
2023,January,wos,College of Computer and Information Sciences,Scientific,Effect of thermal radiation on convective heat transfer in MHD boundary layer Carreau fluid with chemical reaction,EXPERT SYSTEMS WITH APPLICATIONS
2023,January,scopus,College of Computer and Information Sciences,Scientific,Efficient chaotic-Baker-map-based cancelable face recognition,"Computers, Materials and Continua"
2023,January,scopus,College of Computer and Information Sciences,Scientific,EffiMob-Net: A Deep Learning-Based Hybrid Model for Detection and Identification of Tomato Diseases Using Leaf Images,"Computers, Materials and Continua"
2023,January,scopus,College of Computer and Information Sciences,Scientific,Enhanced Crow Search with Deep Learning-Based Cyberattack Detection in SDN-IoT Environment,"Computers, Materials and Continua"
2023,January,wos,College of Computer and Information Sciences,Scientific,Enhancing NOMA’s Spectrum Efficiency in a 5G Network through Cooperative Spectrum Sharing,COMPUTER SYSTEMS SCIENCE AND ENGINEERING
2023,January,wos,College of Computer and Information Sciences,Scientific,Enhancing the Breast Histopathology Image Analysis for Cancer Detection Using Variational Autoencoder,COMPUTER SYSTEMS SCIENCE AND ENGINEERING
2023,January,wos,College of Computer and Information Sciences,Scientific,Eres-UNet++: Liver CT image segmentation based on high-efficiency channel attention and Res-UNet++,CMC-COMPUTERS MATERIALS & CONTINUA
2023,January,wos,College of Computer and Information Sciences,Scientific,Hand Gesture Recognition for Disabled People Using Bayesian Optimization with Transfer Learning,EXPERT SYSTEMS WITH APPLICATIONS
2023,January,scopus,College of Computer and Information Sciences,Scientific,Hex-derived molecular descriptors via generalised valency-based entropies,Ain Shams Engineering Journal
2023,January,scopus,College of Computer and Information Sciences,Scientific,How to detect propaganda from social media? Exploitation of semantic and fine-tuned language models,Computer Systems Science and Engineering
2023,January,scopus,College of Computer and Information Sciences,Scientific,Hybrid mutation moth flame optimization with deep learning-based smart fabric defect detection,Alexandria Engineering Journal
2023,January,wos,College of Computer and Information Sciences,Scientific,Improved metaheuristics with deep learning based object detector for intelligent control in autonomous vehicles,CMC-COMPUTERS MATERIALS & CONTINUA
2023,January,wos,College of Computer and Information Sciences,Scientific,Metaheuristics with deep learning driven phishing detection for sustainable and secure environment,INTELLIGENT AUTOMATION AND SOFT COMPUTING
2023,January,scopus,College of Computer and Information Sciences,Scientific,Application of Deep Learning System Technology in Identification of Women's Breast Cancer,"Computers, Materials and Continua"
2023,January,scopus,College of Computer and Information Sciences,Scientific,A Double Threshold Energy Detection-Based Neural Network for Cognitive Radio Networks,"Computers, Materials and Continua"
2023,January,wos,College of Computer and Information Sciences,Scientific,A Healthcare System for COVID19 Classification Using Multi-Type Classical Features Selection,INTELLIGENT AUTOMATION AND SOFT COMPUTING
2023,January,scopus,College of Computer and Information Sciences,Scientific,A Low-Profile Antenna for On-Body and Off-Body Applications in the Lower and Upper ISM and WLAN Bands,"Computers, Materials and Continua"
2023,January,wos,College of Computer and Information Sciences,Scientific,A Miniaturized Arc Shaped Near Isotropic Self-Complementary Antenna for Spectrum Sensing Applications,INTELLIGENT AUTOMATION AND SOFT COMPUTING
2023,January,wos,College of Computer and Information Sciences,Scientific,Coded Assisted Transmit and Receive IQ Mismatch Compensation With Channel Estimation for AF Cooperative OFDM Systems,INTELLIGENT AUTOMATION AND SOFT COMPUTING
2023,January,wos,College of Computer and Information Sciences,Scientific,Digital Object Architecture for IoT Networks,ELECTRONICS
2023,January,scopus,College of Computer and Information Sciences,Scientific,Effectiveness of inquiry-based learning with the aid of BLOSSOMS video on students' performance and motivation,Computer Systems Science and Engineering
2023,January,wos,College of Computer and Information Sciences,Scientific,Efficient algorithms for compression and classification of brain tumor images,INTELLIGENT AUTOMATION AND SOFT COMPUTING
2023,January,scopus,College of Computer and Information Sciences,Scientific,Efficient Image Encryption Scheme Using Novel 1D Multiparametric Dynamical Tent Map and Parallel Computing,Computer Systems Science and Engineering
2023,January,wos,College of Computer and Information Sciences,Scientific,Efficient information hiding in medical optical images based on piecewise linear chaotic maps,CMC-COMPUTERS MATERIALS & CONTINUA
2023,January,wos,College of Computer and Information Sciences,Scientific,Efficient iterative implementation of regularized solutions for image and signal reconstruction problems,COMPUTER SYSTEMS SCIENCE AND ENGINEERING
2023,January,scopus,College of Computer and Information Sciences,Scientific,Efficient Trajectory Clustering with Road Network Constraints Based on Spatiotemporal Buffering,International Journal of Data and Network Science
2023,January,scopus,College of Computer and Information Sciences,Scientific,Energy-Aware IoT-Based Method for a Hybrid On-Wrist Fall Detection System Using a Supervised Dictionary Learning Technique,Computer Systems Science and Engineering
2023,January,scopus,College of Computer and Information Sciences,Scientific,Enhancing network lifespan in wireless sensor networks using deep learning based Graph Neural Network,Applied Intelligence
2023,January,wos,College of Computer and Information Sciences,Scientific,Enhancing Spam Message Classification and Detection Using Transformer-Based Embedding and Ensemble Learning,INTELLIGENT AUTOMATION AND SOFT COMPUTING
2023,January,wos,College of Computer and Information Sciences,Scientific,Evaluating an Automated Analysis Using Machine Learning and Natural Language Processing Approaches to Classify Computer Science Students’ Reflective Writing,SUSTAINABILITY
2023,January,wos,College of Computer and Information Sciences,Scientific,Explainable Artificial Intelligence Enabled Intrusion Detection Technique for Secure Cyber-Physical Systems,INTELLIGENT AUTOMATION AND SOFT COMPUTING
2023,January,scopus,College of Computer and Information Sciences,Scientific,Explainable Misinformation Detection Across Multiple Social Media Platforms,Computer Systems Science and Engineering
2023,January,wos,College of Computer and Information Sciences,Scientific,Female Saudi College students? e-learning experience amidst COVID-19 pandemic: An investigation and analysis,INTELLIGENT AUTOMATION AND SOFT COMPUTING
2023,January,wos,College of Computer and Information Sciences,Scientific,Graph Convolutional Neural Network Based Malware Detection in IoT-Cloud Environment,"PERVASIVE COMPUTING AND SOCIAL NETWORKING, ICPCSN 2022"
2023,January,wos,College of Computer and Information Sciences,Scientific,Growth Pattern Fingerprinting for Automatic Analysis of Lung Adenocarcinoma Overall Survival,INTELLIGENT AUTOMATION AND SOFT COMPUTING
2023,January,scopus,College of Computer and Information Sciences,Scientific,High-performance association rule mining: Mortality prediction model for cardiovascular patients with COVID-19 patterns,"Computers, Materials and Continua"
2023,January,wos,College of Computer and Information Sciences,Scientific,Hunter Prey Optimization with Hybrid Deep Learning for Fake News Detection on Arabic Corpus,ALEXANDRIA ENGINEERING JOURNAL
2023,January,scopus,College of Computer and Information Sciences,Scientific,Hybrid K-Medoids with Energy-Efficient Sunflower Optimization Algorithm for Wireless Sensor Networks,"Computers, Materials and Continua"
2023,January,scopus,College of Computer and Information Sciences,Scientific,Hybrid Multilevel Thresholding Image Segmentation Approach for Brain MRI,"Computers, Materials and Continua"
2023,January,scopus,College of Computer and Information Sciences,Scientific,"Identification, 3D-Reconstruction, and Classification of Dangerous Road Cracks",Computer Systems Science and Engineering
2023,January,scopus,College of Computer and Information Sciences,Scientific,IDriveGenes: Cancer Driver Genes Prediction Using Machine Learning,Computer Systems Science and Engineering
2023,January,scopus,College of Computer and Information Sciences,Scientific,IDTracS: an Interest-Data-flow tracking-based forwarding scheme for vehicular named data networks,Computer Systems Science and Engineering
2023,January,scopus,College of Computer and Information Sciences,Scientific,"Internet of Things-Aided Intelligent Transport Systems in Smart Cities: Challenges, Opportunities, and Future","Computers, Materials and Continua"
2023,January,wos,College of Computer and Information Sciences,Scientific,Intrusion Detection Using Chaotic Poor and Rich Optimization with Deep Learning Model for Smart City Environment,CMC-COMPUTERS MATERIALS & CONTINUA
2023,January,wos,College of Computer and Information Sciences,Scientific,Investigation of the brain carcinoma based on generalized variation coefficient similarity measures using complex q-rung orthopair fuzzy information,COMPUTER SYSTEMS SCIENCE AND ENGINEERING
2023,January,wos,College of Computer and Information Sciences,Scientific,Leveraging Marine Predators Algorithm with Deep Learning for Lung and Colon Cancer Diagnosis,COMPUTER SYSTEMS SCIENCE AND ENGINEERING
2023,January,scopus,College of Computer and Information Sciences,Scientific,Lie Recognition with Multi-Modal Spatial-Temporal State Transition Patterns Based on Hybrid Convolutional Neural Network-Bidirectional Long Short-Term Memory,Lecture Notes in Networks and Systems
2023,January,scopus,College of Computer and Information Sciences,Scientific,Lightweight Deep Learning-Based Model for Traffic Prediction in Fog-Enabled Dense Deployed IoT Networks,"Computers, Materials and Continua"
2023,January,wos,College of Computer and Information Sciences,Scientific,Modeling of Multi-Level Planning of Shifting Bottleneck Resources Integrated with Downstream Wards in a Hospital,INTELLIGENT AUTOMATION AND SOFT COMPUTING
2023,January,wos,College of Computer and Information Sciences,Scientific,Modified Earthworm Optimization With Deep Learning Assisted Emotion Recognition for Human Computer Interface,COMPUTER SYSTEMS SCIENCE AND ENGINEERING
2023,January,wos,College of Computer and Information Sciences,Scientific,Monitor the Strength Status of Buildings Using Hybrid Machine Learning Technique,CMC-COMPUTERS MATERIALS & CONTINUA
2023,January,wos,College of Computer and Information Sciences,Scientific,Multi-Drug Scheduling for Chemotherapy Using Fractional Order Internal Model Controller,BIOMEDICAL SIGNAL PROCESSING AND CONTROL
2023,January,wos,College of Computer and Information Sciences,Scientific,Multi-Objective ABC-NM Algorithm for Multi-Dimensional Combinatorial Optimization Problem,CMC-COMPUTERS MATERIALS & CONTINUA
2023,January,scopus,College of Computer and Information Sciences,Scientific,Multiple Pedestrian Detection and Tracking in Night Vision Surveillance Systems,"Computers, Materials and Continua"
2023,January,scopus,College of Computer and Information Sciences,Scientific,Multiple Site Dissimilarities of Herbaceous Species Due to Coal Fly Ash Dumping Based Soil Heavy Metal Toxication,"Computers, Materials and Continua"
2023,January,scopus,College of Computer and Information Sciences,Scientific,"Na-alginate, polyaniline and polypyrrole composites with cellulosic biomass for the adsorptive removal of herbicide: Kinetics, equilibrium and thermodynamic studies","Computers, Materials and Continua"
2023,January,wos,College of Computer and Information Sciences,Scientific,Neurological Consequences of Pulmonary Emboli in COVID-19 Patients: A Study of Incidence and Outcomes in the Kingdom of Saudi Arabia,INTELLIGENT AUTOMATION AND SOFT COMPUTING
2023,January,scopus,College of Computer and Information Sciences,Scientific,Non-Linear Determinants of Developing Countries' Sovereign Ratings: Evidence from a Panel Threshold Regression (PTR) Model,"Computers, Materials and Continua"
2023,January,scopus,College of Computer and Information Sciences,Scientific,Novel Copper Oxide-Integrated Carbon Paste Tirofiban Voltammetric Sensor,Computer Systems Science and Engineering
2023,January,scopus,College of Computer and Information Sciences,Scientific,"Novel piperine-carboximidamide hybrids: design, synthesis, and antiproliferative activity via a multi-targeted inhibitory pathway","Computers, Materials and Continua"
2023,January,scopus,College of Computer and Information Sciences,Scientific,Numerical simulations for radiated bioconvection flow of nanoparticles with viscous dissipation and exponential heat source,"Computers, Materials and Continua"
2023,January,scopus,College of Computer and Information Sciences,Scientific,On Rotationally Symmetrical Planar Networks and Their Local Fractional Metric Dimension,"Computers, Materials and Continua"
2023,January,wos,College of Computer and Information Sciences,Scientific,Optimal Deep Learning Enabled Communication System for Unmanned Aerial Vehicles,COMPUTER SYSTEMS SCIENCE AND ENGINEERING
2023,January,scopus,College of Computer and Information Sciences,Scientific,Optimal Energy Management for Hydrogen Economy in a Hybrid Electric Vehicle,"Computers, Materials and Continua"
2023,January,scopus,College of Computer and Information Sciences,Scientific,Optimal Fuzzy Logic Enabled Intrusion Detection for Secure IoT-Cloud Environment,"Computers, Materials and Continua"
2023,January,scopus,College of Computer and Information Sciences,Scientific,Optimal Fuzzy Logic Enabled Intrusion Detection for Secure IoT-Cloud Environment,"Computers, Materials and Continua"
2023,January,scopus,College of Computer and Information Sciences,Scientific,"Optimising the physical, thermal, optical, and gamma-ray shielding features of B2O3-As2O3-Li2O-PbO glasses",Computer Systems Science and Engineering
2023,January,scopus,College of Computer and Information Sciences,Scientific,Optimized Artificial Intelligent Model to Boost the Efficiency of Saline Wastewater Treatment Based on Hunger Games Search Algorithm and ANFIS,Computer Systems Science and Engineering
2023,January,scopus,College of Computer and Information Sciences,Scientific,Optimized deep learning architecture for brain tumor classification using improved Hunger Games Search Algorithm,"Computers, Materials and Continua"
2023,January,scopus,College of Computer and Information Sciences,Scientific,A Machine Learning-Based Intelligent Vehicular System (IVS) for Driver’s Diabetes Monitoring in Vehicular Ad-Hoc Networks (VANETs),Computer Systems Science and Engineering
2023,January,wos,College of Computer and Information Sciences,Scientific,A Multimodal IoT-Based Locomotion Classification System Using Features Engineering and Recursive Neural Network,INTELLIGENT AUTOMATION AND SOFT COMPUTING
2023,January,wos,College of Computer and Information Sciences,Scientific,A Novel Design of Spike-Shaped Miniaturized 4 × 4 MIMO Antenna for Wireless UWB Network Applications Using Characteristic Mode Analysis,INTELLIGENT AUTOMATION AND SOFT COMPUTING
2023,January,wos,College of Computer and Information Sciences,Scientific,A Novel Framework for Classification of Different Alzheimer’s Disease Stages Using CNN Model,CMC-COMPUTERS MATERIALS & CONTINUA
2023,January,wos,College of Computer and Information Sciences,Scientific,A robust NIfTI image authentication framework to ensure reliable and safe diagnosis,INTELLIGENT AUTOMATION AND SOFT COMPUTING
2023,January,wos,College of Computer and Information Sciences,Scientific,A smart IoMT based architecture for E-healthcare patient monitoring system using artificial intelligence algorithms,MARINE AND PETROLEUM GEOLOGY
2023,January,wos,College of Computer and Information Sciences,Scientific,Accurate Detection of Alzheimer’s Disease Using Lightweight Deep Learning Model on MRI Data,CMC-COMPUTERS MATERIALS & CONTINUA
2023,January,wos,College of Computer and Information Sciences,Scientific,Accurate Prediction of Anxiety Levels in Asian Countries Using a Fuzzy Expert System,JOURNAL OF MAGNETISM AND MAGNETIC MATERIALS
2023,January,scopus,College of Computer and Information Sciences,Scientific,Acoustic Wave Reflection in Water Affects Underwater Wireless Sensor Networks,Computer Systems Science and Engineering
2023,January,scopus,College of Computer and Information Sciences,Scientific,Automated Video-Based Face Detection Using Harris Hawks Optimization with Deep Learning,"Computers, Materials and Continua"
2023,January,wos,College of Computer and Information Sciences,Scientific,Brain Tumor Segmentation Using Deep Learning on MRI Images,INTELLIGENT AUTOMATION AND SOFT COMPUTING
2023,January,scopus,College of Computer and Information Sciences,Scientific,Classification of Diabetes Using Feature Selection and Hybrid Al-Biruni Earth Radius and Dipper Throated Optimization,Computer Systems Science and Engineering
2023,January,scopus,College of Computer and Information Sciences,Scientific,Coati Optimization-Based Energy Efficient Routing Protocol for Unmanned Aerial Vehicle Communication,"Computers, Materials and Continua"
2023,January,wos,College of Computer and Information Sciences,Scientific,Comparative analysis of metaheuristic load balancing algorithms for efficient load balancing in cloud computing,INTELLIGENT AUTOMATION AND SOFT COMPUTING
2023,January,scopus,College of Computer and Information Sciences,Scientific,COVID-19 Classification from X-Ray Images: An Approach to Implement Federated Learning on Decentralized Dataset,"Computers, Materials and Continua"
2023,January,wos,College of Computer and Information Sciences,Scientific,COVID-19 detection and analysis from lung CT images using novel channel boosted CNNs,INTELLIGENT AUTOMATION AND SOFT COMPUTING
2023,May,wos,College of Computer and Information Sciences,Scientific,Deep Transfer Lear ning-Enabled Activity Identification and Fall Detection for Disabled People,COMPUTER SYSTEMS SCIENCE AND ENGINEERING
2023,May,wos,College of Computer and Information Sciences,Scientific,Deep Transfer Learning Based Parkinson's Disease Detection Using Optimized Feature Selection,CMC-COMPUTERS MATERIALS & CONTINUA
2023,May,wos,College of Computer and Information Sciences,Scientific,DeepMist: Towards Deep Learning Assisted Mist Computing Framework for Managing Healthcare Big Data,SENSORS
2023,May,wos,College of Computer and Information Sciences,Scientific,Detection and Classification of Histopathological Breast Images Using a Fusion of CNN Frameworks,SENSORS
2023,May,wos,College of Computer and Information Sciences,Scientific,Efficient algorithms for compression and classification of brain tumor images,IEEE ACCESS
2023,May,wos,College of Computer and Information Sciences,Scientific,Efficient Convolutional Neural Network-Based Keystroke Dynamics for Boosting User Authentication,INTELLIGENT AUTOMATION AND SOFT COMPUTING
2023,May,wos,College of Computer and Information Sciences,Scientific,Efficient frameworks for statistical seizure detection and prediction,EDUCATION AND INFORMATION TECHNOLOGIES
2023,May,scopus,College of Computer and Information Sciences,Scientific,Efficient hybrid digital image watermarking,Journal of Optics (India)
2023,May,wos,College of Computer and Information Sciences,Scientific,Efficient implementation of multi-level Dragonfly networks with Hamming graph for future optical networks,MATHEMATICS
2023,May,wos,College of Computer and Information Sciences,Scientific,Electroencephalography-Based Depression Detection Using Multiple Machine Learning Techniques,JOURNAL OF OPTICS-INDIA
2023,May,wos,College of Computer and Information Sciences,Scientific,Empowering and conquering infirmity of visually impaired using AI-technology equipped with object detection and real-time voice feedback system in healthcare application,JOURNAL OF OPTICS-INDIA
2023,May,wos,College of Computer and Information Sciences,Scientific,Evaluating an Automated Analysis Using Machine Learning and Natural Language Processing Approaches to Classify Computer Science Students’ Reflective Writing,ISPRS INTERNATIONAL JOURNAL OF GEO-INFORMATION
2023,May,wos,College of Computer and Information Sciences,Scientific,Fog computing network security based on resources management,SENSORS
2023,May,scopus,College of Computer and Information Sciences,Scientific,GaitDONet: Gait Recognition Using Deep Features Optimization and Neural Network,Physical Communication
2023,May,scopus,College of Computer and Information Sciences,Scientific,GastroNet: A robust attention-based deep learning and cosine similarity feature selection framework for gastrointestinal disease classification from endoscopic images,Sensors
2023,May,scopus,College of Computer and Information Sciences,Health-related / Medical,Hybrid Deep Learning and Discrete Wavelet Transform-Based ECG Biometric Recognition for Arrhythmic Patients and Healthy Controls,Lecture Notes in Networks and Systems
2023,May,wos,College of Computer and Information Sciences,Scientific,Hybrid Muddy Soil Fish Optimization-Based Energy Aware Routing in IoT-Assisted Wireless Sensor Networks,APPLIED SCIENCES-BASEL
2023,May,wos,College of Computer and Information Sciences,Scientific,Improvising and Enhancing the Patterned Surface Performance of MIMO Antenna Parameters and Emphasizing the Efficiency Using Tampered Miniature Sizes and Layers,IEEE ACCESS
2023,May,wos,College of Computer and Information Sciences,Scientific,Intelligent lung cancer MRI prediction analysis based on cluster prominence and posterior probabilities utilizing intelligent Bayesian methods on extracted gray-level co-occurrence (GLCM) features,HELIYON
2023,May,wos,College of Computer and Information Sciences,Scientific,IQM Mitigation Algorithm with Channel Awareness for Upstream SC-FDMA Systems in the Context of Dual-Hop Broadcasts,INTELLIGENT AUTOMATION AND SOFT COMPUTING
2023,May,wos,College of Computer and Information Sciences,Scientific,MaizeNet: A Deep Learning Approach for Effective Recognition of Maize Plant Leaf Diseases,IEEE ACCESS
2023,May,wos,College of Computer and Information Sciences,Scientific,Manufacturing industry based on dynamic soft sensors in integrated with feature representation and classification using fuzzy logic and deep learning architecture,ALEXANDRIA ENGINEERING JOURNAL
2023,May,scopus,College of Computer and Information Sciences,Scientific,Modeling of Combined Economic and Emission Dispatch Using Improved Sand Cat Optimization Algorithm,"Computers, Materials and Continua"
2023,May,wos,College of Computer and Information Sciences,Scientific,Monitoring Acute Heart Failure Patients Using Internet-of-Things-Based Smart Monitoring System,SUSTAINABILITY
2023,May,wos,College of Computer and Information Sciences,Scientific,Multifunctional twelve port frequency agile diversity antenna for indoor wireless applications,DIAGNOSTICS
2023,May,wos,College of Computer and Information Sciences,Scientific,Multi-objective Boolean grey wolf optimization based decomposition algorithm for high-frequency and high-utility itemset mining,SENSORS
2023,May,wos,College of Computer and Information Sciences,Scientific,Non-Gaussian Traffic Modelling for Multicore Architecture Using Wavelet Based Rosenblatt Process,IEEE ACCESS
2023,May,wos,College of Computer and Information Sciences,Scientific,Optical image embedding in speech signals with sensitivity analysis,JOURNAL OF SUPERCOMPUTING
2023,May,scopus,College of Computer and Information Sciences,Scientific,Optimized Fractional Maximum Power Point Tracking Using Bald Eagle Search for Thermoelectric Generation System,Wireless Communications and Mobile Computing
2023,May,wos,College of Computer and Information Sciences,Scientific,Parametric Classification of Furniture From Point Cloud Developed Using Low Cost Trolley Based Laser Scanning System,SUSTAINABILITY
2023,May,scopus,College of Computer and Information Sciences,Scientific,Plant Disease Detection and Classification: A Systematic Literature Review,Soft Computing
2023,May,wos,College of Computer and Information Sciences,Scientific,Pneumothorax prediction using a foraging and hunting based ant colony optimizer assisted support vector machine,CANCERS
2023,May,wos,College of Computer and Information Sciences,Scientific,Postures anomaly tracking and prediction learning model over crowd data analytics,BRAIN SCIENCES
2023,May,scopus,College of Computer and Information Sciences,Scientific,Randić energies for T-spherical fuzzy Hamacher graphs and their applications in decision making for business plans,Journal of Electrical Engineering and Technology
2023,May,wos,College of Computer and Information Sciences,Scientific,Revolutionizing Solar Power Production with Artificial Intelligence: A Sustainable Predictive Model,APPLIED SCIENCES-BASEL
2023,May,wos,College of Computer and Information Sciences,Scientific,Sarcasm Detection over Social Media Platforms Using Hybrid Ensemble Model with Fuzzy Logic,IEEE ACCESS
2023,May,wos,College of Computer and Information Sciences,Scientific,Selection of Metaheuristic Algorithm to Design Wireless Sensor Network,IEEE ACCESS
2023,May,wos,College of Computer and Information Sciences,Scientific,Sentiment Analysis Technique for Textual Reviews Using Neutrosophic Set Theory in the Multi-Criteria Decision- Making System,MATHEMATICS
2023,May,wos,College of Computer and Information Sciences,Scientific,SFBC Recognition over Orthogonal Frequency Division Multiplexing Schemes in the Presence of Inphase and Quadrature Phase Discrepancies for Cognitive Radio Applications,AXIOMS
2023,May,wos,College of Computer and Information Sciences,Scientific,Sine-Cosine-Adopted African Vultures Optimization with Ensemble Autoencoder-Based Intrusion Detection for Cybersecurity in CPS Environment,CMC-COMPUTERS MATERIALS & CONTINUA
2023,May,wos,College of Computer and Information Sciences,Scientific,Spatio-Temporal Cluster Mapping System in Smart Beds for Patient Monitoring,BIOMEDICAL SIGNAL PROCESSING AND CONTROL
2023,May,wos,College of Computer and Information Sciences,Scientific,Spotted hyena optimizer with deep learning enabled vehicle counting and classification model for intelligent transportation systems,CMC-COMPUTERS MATERIALS & CONTINUA
2023,May,wos,College of Computer and Information Sciences,Scientific,Toxic Fake News Detection and Classification for Combating COVID-19 Misinformation,CMC-COMPUTERS MATERIALS & CONTINUA
2023,May,wos,College of Computer and Information Sciences,Scientific,Traffic Management in Internet of Vehicles Using Improved Ant Colony Optimization,APPLIED SCIENCES-BASEL
2023,May,wos,College of Computer and Information Sciences,Scientific,Transfer Learning in Inorganic Compounds’ Crystal Structure Classification,MATHEMATICS
2023,May,wos,College of Computer and Information Sciences,Scientific,TS2HGRNet: A paradigm of two stream best deep learning feature fusion assisted framework for human gait analysis using controlled environment in smart cities,SENSORS
2023,May,wos,College of Computer and Information Sciences,Scientific,Urban Traffic Flow Estimation System Based on Gated Recurrent Unit Deep Learning Methodology for Internet of Vehicles,SUSTAINABILITY
2023,May,scopus,College of Computer and Information Sciences,Scientific,Vision-Based Support for the Detection and Recognition of Drones with Small Radar Cross Sections,Diagnostics
2023,May,wos,College of Computer and Information Sciences,Scientific,Waterwheel Plant Algorithm: A Novel Metaheuristic Optimization Method,CMC-COMPUTERS MATERIALS & CONTINUA
2023,May,wos,College of Computer and Information Sciences,Scientific,Wind speed forecasting using optimized bidirectional LSTM based on dipper throated and genetic optimization algorithms,COMPUTER SYSTEMS SCIENCE AND ENGINEERING
2023,May,wos,College of Computer and Information Sciences,Scientific,Optimal Fuzzy Wavelet Neural Network Based Road Damage Detection,SUSTAINABILITY
2023,May,wos,College of Computer and Information Sciences,Scientific,Scale-adaptive model for detection and grading of age-related macular degeneration from color retinal fundus images,APPLIED SCIENCES-BASEL
2023,May,wos,College of Computer and Information Sciences,Scientific,Machine learning and deep learning techniques for driver fatigue and drowsiness detection: a review,CMC-COMPUTERS MATERIALS & CONTINUA
2023,May,scopus,College of Computer and Information Sciences,Scientific,Fractional order adaptive hunter-prey optimizer for feature selection,PLoS ONE
2023,May,wos,College of Computer and Information Sciences,Scientific,Improving Automotive Air Conditioning System Performance Using Composite Nano-Lubricants and Fuzzy Modeling Optimization,INTELLIGENT AUTOMATION AND SOFT COMPUTING
2023,February,scopus,College of Computer and Information Sciences,Scientific,Using a Resnet50 with a Kernel Attention Mechanism for Rice Disease Diagnosis,Mathematics
2023,February,scopus,College of Computer and Information Sciences,Scientific,Improved Dipper-Throated Optimization for Forecasting Metamaterial Design Bandwidth for Engineering Applications,Sensors
2023,February,scopus,College of Computer and Information Sciences,Scientific,Breast Cancer Classification Depends on the Dynamic Dipper Throated Optimization Algorithm,Journal of Materials Science: Materials in Electronics
2023,February,scopus,College of Computer and Information Sciences,Scientific,Optimized ensemble model for wind power forecasting using hybrid whale and dipper-throated optimization algorithms,Sensors
2023,February,scopus,College of Computer and Information Sciences,Scientific,A Compact MIMO Multiband Antenna for 5G/WLAN/WIFI-6 Devices,Chemosphere
2023,February,scopus,College of Computer and Information Sciences,Scientific,Anomaly Detection in Pedestrian Walkways for Intelligent Transportation System Using Federated Learning and Harris Hawks Optimizer on Remote Sensing Images,Sustainable Energy Technologies and Assessments
2023,February,scopus,College of Computer and Information Sciences,Scientific,A Dynamic Multi-Layer Steganography Approach Based on Arabic Letters' Diacritics and Image Layers,Intelligent Automation and Soft Computing
2023,February,scopus,College of Computer and Information Sciences,Scientific,Pelican Optimization Algorithm with Federated Learning Driven Attack Detection model in Internet of Things environment,Intelligent Automation and Soft Computing
2023,February,scopus,College of Computer and Information Sciences,Scientific,Accelerating SARS-CoV-2 Vaccine Development: Leveraging Novel Hybrid Deep Learning Models and Bioinformatics Analysis for Epitope Selection and Classification,Electronics (Switzerland)
2023,February,scopus,College of Computer and Information Sciences,Scientific,Transforming Healthcare Analytics with FHIR: A Framework for Standardizing and Analyzing Clinical Data,Arabian Journal of Chemistry
2023,February,scopus,College of Computer and Information Sciences,Scientific,Hybrid machine learning techniques for gender identification from handwritten images using textural features,Electronics (Switzerland)
2023,February,scopus,College of Computer and Information Sciences,Scientific,An improved hybrid framework for brain tumor detection,Applied Sciences (Switzerland)
2023,February,scopus,College of Computer and Information Sciences,Scientific,A Novel Cluster Matching-Based Improved Kernel Fisher Criterion for Image Classification in Unsupervised Domain Adaptation,Intelligent Automation and Soft Computing
2023,February,scopus,College of Computer and Information Sciences,Scientific,Analysis of EPON-WiMAX and EPON-LTE integrated networks with power consumption modeling,IEEE Access
2023,February,scopus,College of Computer and Information Sciences,Scientific,Fuzzy Modelling and Optimization to Decide Optimal Parameters of the PEMFC,Heliyon
2023,February,scopus,College of Computer and Information Sciences,Scientific,An Adaptive Fatigue Detection System Based on 3D CNNs and Ensemble Models,Alexandria Engineering Journal
2023,February,scopus,College of Computer and Information Sciences,Scientific,Optimizing residential DC microgrid energy management system using artificial intelligence,Education and Information Technologies
2023,February,scopus,College of Computer and Information Sciences,Scientific,Design Optimization of Counter-Flow Double-Pipe Heat Exchanger Using Hybrid Optimization Algorithm,Intelligent Automation and Soft Computing
2023,February,scopus,College of Computer and Information Sciences,Scientific,A Cancelable Biometric System Based on Deep Style Transfer and Symmetry Check for Double-Phase User Authentication,Optik
2023,February,scopus,College of Computer and Information Sciences,Scientific,A closer look at the current knowledge and prospects of artificial intelligence integration in dentistry practice: A cross-sectional study,PLoS ONE
2023,February,scopus,College of Computer and Information Sciences,Scientific,A diversified context-based privacy-preserving scheme (DCP2S) for internet of vehicles,Online Information Review
2023,February,scopus,College of Computer and Information Sciences,Scientific,A Novel Bio-Inspired Optimization Algorithm Design for Wind Power Engineering Applications Time-Series Forecasting,"Signal, Image and Video Processing"
2023,February,wos,College of Computer and Information Sciences,Scientific,A Novel Deep Learning Approach for Brain Tumors Classification Using MRI Images,SENSORS
2023,February,wos,College of Computer and Information Sciences,Scientific,A novel hybrid cryptosystem based on DQFrFT watermarking and 3D-CLM encryption for healthcare services,ELECTRONICS
2023,February,wos,College of Computer and Information Sciences,Scientific,A novel perspective for M-polynomials to compute molecular descriptors of borophene nanosheet,ELECTRONICS
2023,February,wos,College of Computer and Information Sciences,Scientific,"A Proposed Deep-Learning-Based Framework for Medical Image Communication, Storage and Diagnosis",ELECTRONICS
2023,February,wos,College of Computer and Information Sciences,Scientific,A UAV-Assisted Stackelberg Game Model for Securing loMT Healthcare Networks,SENSORS
2023,February,wos,College of Computer and Information Sciences,Scientific,Accurate and Efficient Energy Management System of Fuel Cell/Battery/Supercapacitor/AC and DC Generators Hybrid Electric Vehicles,IEEE TRANSACTIONS ON INTELLIGENT TRANSPORTATION SYSTEMS
2023,February,wos,College of Computer and Information Sciences,Scientific,AI-based voltage and power quality control of high-penetration grid-connected photovoltaic power plant,MULTIMEDIA TOOLS AND APPLICATIONS
2023,February,wos,College of Computer and Information Sciences,Scientific,Algorithmic Approach to Virtual Machine Migration in Cloud Computing with Updated SESA Algorithm,ENERGY REPORTS
2023,February,wos,College of Computer and Information Sciences,Scientific,An Advanced Strategy for Addressing Heterogeneity in SDN-IoT Networks for Ensuring QoS,ELECTRONICS
2023,February,wos,College of Computer and Information Sciences,Scientific,An efficient algorithm for energy harvesting in IIoT based on machine learning and swarm intelligence*,BIOENGINEERING-BASEL
2023,February,wos,College of Computer and Information Sciences,Scientific,An efficient and secure compression technique for data protection using burrows-wheeler transform algorithm,IEEE ACCESS
2023,February,wos,College of Computer and Information Sciences,Scientific,Analysis of the opportunities and costs of energy saving in lightning system of library buildings with the aid of building information modelling and Internet of things,IEEE ACCESS
2023,February,wos,College of Computer and Information Sciences,Scientific,Anomaly Detection in 6G Networks Using Machine Learning Methods,JOURNAL OF OPTICS-INDIA
2023,February,wos,College of Computer and Information Sciences,Scientific,Application of nanotechnology in breast cancer screening under obstetrics and gynecology through the use of CNN and ANFIS,SENSORS
2023,February,wos,College of Computer and Information Sciences,Scientific,Application of resolution enhancement techniques on medical images,CMES-COMPUTER MODELING IN ENGINEERING & SCIENCES
2023,February,wos,College of Computer and Information Sciences,Scientific,Blockchain and Machine Learning Inspired Secure Smart Home Communication Network,JOURNAL OF OPTICS-INDIA
2023,February,wos,College of Computer and Information Sciences,Scientific,Blockchain with Quantum Mayfly Optimization-Based Clustering Scheme for Secure and Smart Transport Systems,ELECTRONICS
2023,February,wos,College of Computer and Information Sciences,Scientific,Boosted local dimensional mutation and all-dimensional neighborhood slime mould algorithm for feature selection,IEEE ACCESS
2023,February,wos,College of Computer and Information Sciences,Scientific,Breast Cancer Classification through Meta-Learning Ensemble Technique Using Convolution Neural Networks,ACTUATORS
2023,February,wos,College of Computer and Information Sciences,Scientific,Capacity analysis of infrastructure-to-vehicle visible light communication with an optimized non-orthogonal multiple access scheme,ELECTRONICS
2023,February,wos,College of Computer and Information Sciences,Scientific,Classification of Breast Cancer Using Transfer Learning and Advanced Al-Biruni Earth Radius Optimization,IEEE ACCESS
2023,February,wos,College of Computer and Information Sciences,Scientific,Cluster-Based Vehicle-to-Everything Model with a Shared Cache,CRYSTALS
2023,February,wos,College of Computer and Information Sciences,Scientific,Design and Implementation of a Planar MIMO Antenna for Spectrum-Sensing Applications,EDUCATION SCIENCES
2023,February,wos,College of Computer and Information Sciences,Scientific,Development of hybrid ANFIS-GAN-XGBOOST models for accurate prediction of material removal rates from PCB-polluted concrete surfaces using laser technology for sustainable energy generation,BIOMEDICINES
2023,February,wos,College of Computer and Information Sciences,Scientific,Diagnosis of Monkeypox Disease Using Transfer Learning and Binary Advanced Dipper Throated Optimization Algorithm,IEEE ACCESS
2023,February,wos,College of Computer and Information Sciences,Scientific,Dung Beetle Optimization with Deep Feature Fusion Model for Lung Cancer Detection and Classification,SUSTAINABILITY
2023,February,wos,College of Computer and Information Sciences,Scientific,Effect of Thermal Radiation on Electrically Conducting Nanofluid with Slip Conditions and Heat Source Using Artificial Neural Networks,SUSTAINABILITY
2023,February,wos,College of Computer and Information Sciences,Scientific,Efficient image transmission in high-degradation scenarios,ELECTRONICS
2023,March,scopus,College of Computer and Information Sciences,Scientific,Efficient implementation of cancelable face recognition based on elliptic curve cryptography,Computer Systems Science and Engineering
2023,March,scopus,College of Computer and Information Sciences,Scientific,Emerging advances in deep learning and computer vision for visual data search and mining in E-commerce,Computer Systems Science and Engineering
2023,March,WOS,College of Computer and Information Sciences,Scientific,Enhanced Dual Convolutional Neural Network Model Using Explainable Artificial Intelligence of Fault Prioritization for Industrial 4.0,"Computers, Materials and Continua"
2023,March,WOS,College of Computer and Information Sciences,Scientific,Enhancing Prediction of Brain Tumor Classification Using Images and Numerical Data Features,Mathematics
2023,March,WOS,College of Computer and Information Sciences,Scientific,"Ethical leadership and environmental performance: The role of green IT capital, green technology innovation, and technological orientation",Electronics (Switzerland)
2023,March,WOS,College of Computer and Information Sciences,Scientific,Evaluation of Mutual Information and Feature Selection for SARS-CoV-2 Respiratory Infection,Applied Sciences (Switzerland)
2023,March,WOS,College of Computer and Information Sciences,Scientific,Finite-time complete periodic synchronization of memristive neural networks with mixed delays,Frontiers in Physiology
2023,March,WOS,College of Computer and Information Sciences,Scientific,Forecasting wind power based on an improved al-Biruni Earth radius metaheuristic optimization algorithm,PEERJ COMPUTER SCIENCE
2023,March,scopus,College of Computer and Information Sciences,Scientific,Green hydrogen production ensemble forecasting based on hybrid dynamic optimization algorithm,Computer Systems Science and Engineering
2023,March,scopus,College of Computer and Information Sciences,Scientific,Human Activity Recognition Using Hybrid Coronavirus Disease Optimization Algorithm for Internet of Medical Things,Information and Software Technology
2023,March,scopus,College of Computer and Information Sciences,Scientific,Hybrid Majority Voting: Prediction and Classification Model for Obesity,Computer Systems Science and Engineering
2023,March,scopus,College of Computer and Information Sciences,Scientific,Improving solar radiation source efficiency using adaptive dynamic squirrel search optimization algorithm and long short-term memory,Computer Systems Science and Engineering
2023,March,scopus,College of Computer and Information Sciences,Scientific,Innovative composite machine learning approach for biodiesel production in public vehicles,Computer Systems Science and Engineering
2023,March,WOS,College of Computer and Information Sciences,Scientific,"Investigating the Role of Perceived Risk, Perceived Security and Perceived Trust on Smart m-Banking Application Using SEM",Computers and Electrical Engineering
2023,March,scopus,College of Computer and Information Sciences,Scientific,IoT enabled healthcare environment using intelligent deep learning enabled skin lesion diagnosis model,International Journal of Environmental Research and Public Health
2023,March,WOS,College of Computer and Information Sciences,Scientific,Kidney Segmentation from Dynamic Contrast-Enhanced Magnetic Resonance Imaging Integrating Deep Convolutional Neural Networks and Level Set Methods,Information (Switzerland)
2023,March,WOS,College of Computer and Information Sciences,Scientific,Low Power Blockchain in Industry 4.0 Case Study: Water Management in Tunisia,Micromachines
2023,March,WOS,College of Computer and Information Sciences,Scientific,Mud Ring Optimization Algorithm with Deep Learning Model for Disease Diagnosis on ECG Monitoring System,"Computers, Materials and Continua"
2023,March,scopus,College of Computer and Information Sciences,Scientific,Multi-attribute group decision-making based on q-rung orthopair fuzzy Aczel-Alsina power aggregation operators,Computer Systems Science and Engineering
2023,March,scopus,College of Computer and Information Sciences,Scientific,Multi-threshold image segmentation using an enhanced fruit fly optimization for COVID-19 X-ray images,Journal of Healthcare Engineering
2023,March,WOS,College of Computer and Information Sciences,Scientific,Optimal Design and Sizing of Hybrid Photovoltaic/Fuel Cell Electrical Power System,Education and Information Technologies
2023,March,WOS,College of Computer and Information Sciences,Scientific,Optimal Parameter Identification of a PEM Fuel Cell Using Recent Optimization Algorithms,Wireless Personal Communications
2023,March,WOS,College of Computer and Information Sciences,Scientific,Optimizing the impact of data augmentation for low-resource grammatical error correction,Mathematics
2023,March,WOS,College of Computer and Information Sciences,Scientific,Precise Modeling of Proton Exchange Membrane Fuel Cell Using the Modified Bald Eagle Optimization Algorithm,Electronics (Switzerland)
2023,March,scopus,College of Computer and Information Sciences,Scientific,Privacy-Aware Collaborative Learning for Skin Cancer Prediction,Computer Systems Science and Engineering
2023,March,scopus,College of Computer and Information Sciences,Scientific,Proliferative Diabetic Retinopathy Diagnosis Using Varying-Scales Filter Banks and Double-Layered Thresholding,Cluster Computing
2023,March,WOS,College of Computer and Information Sciences,Scientific,Ride comfort and segmental vibration transmissibility analysis of an automobile passenger model under whole body vibration,ELECTRONICS
2023,March,WOS,College of Computer and Information Sciences,Scientific,Secure Transmission in Wireless Sensor Networks via Reconfigurable Intelligent Surface,"Computers, Materials and Continua"
2023,March,WOS,College of Computer and Information Sciences,Scientific,"Self-decoupled tri band MIMO antenna operating over ISM, WLAN and C-band for 5G applications",Future Generation Computer Systems
2023,March,WOS,College of Computer and Information Sciences,Scientific,SIFT and ORB performance assessment for object identification in different test cases,Applied Sciences (Switzerland)
2023,March,scopus,College of Computer and Information Sciences,Scientific,Smart Agricultural-Industrial Crop-Monitoring System Using Unmanned Aerial Vehicle-Internet of Things Classification Techniques,Computer Systems Science and Engineering
2023,March,WOS,College of Computer and Information Sciences,Scientific,Smart Wireless Sensor Technology for Healthcare Monitoring System Using Cognitive Radio Networks,IEEE Access
2023,March,scopus,College of Computer and Information Sciences,Scientific,Textual emotion analysis using improved metaheuristics with deep learning model for intelligent systems,Computer Systems Science and Engineering
2023,March,WOS,College of Computer and Information Sciences,Scientific,Transformer Architecture-Based Transfer Learning for Politeness Prediction in Conversation,Mathematics
2023,March,scopus,College of Computer and Information Sciences,Scientific,Unintended Data Behaviour Analysis Using Cryptography Stealth Approach Against Security and Communication Network,Computer Systems Science and Engineering
2023,March,scopus,College of Computer and Information Sciences,Scientific,Video quality enhancement using dual-transmission-map dehazing,Computer Systems Science and Engineering
2023,March,scopus,College of Computer and Information Sciences,Scientific,Visual Analytics Using Machine Learning for Transparency Requirements,Computer Systems Science and Engineering
2023,March,WOS,College of Computer and Information Sciences,Scientific,Visual Intelligence in Precision Agriculture: Exploring Plant Disease Detection via Efficient Vision Transformers,Electronics (Switzerland)
2023,March,WOS,College of Computer and Information Sciences,Scientific,A Boosting-Based Hybrid Feature Selection and Multi-Layer Stacked Ensemble Learning Model to Detect Phishing Websites,"Computers, Materials and Continua"
2023,March,WOS,College of Computer and Information Sciences,Scientific,A Clustering-Based Approach to Feature Selection for Breast-Cancer Classification,"Computers, Materials and Continua"
2023,March,WOS,College of Computer and Information Sciences,Scientific,A novel cancellable biometric recognition system based on Rubik's cube technique for cyber-security applications,Electronics (Switzerland)
2023,March,WOS,College of Computer and Information Sciences,Scientific,Water Classification using Convolutional Neural Network,APPLIED SCIENCES-BASEL
2023,March,WOS,College of Computer and Information Sciences,Scientific,Web Intelligence with Enhanced Sunflower Optimization Algorithm for Sentiment Analysis,Computer Applications in Engineering Education
2023,March,scopus,College of Computer and Information Sciences,Scientific,Wireless modulation classification based on Radon transform and convolutional neural networks,Computer Systems Science and Engineering
2023,March,WOS,College of Computer and Information Sciences,Scientific,A critical glance on the use of blockchain in business and its futuristic approach,Advances in Engineering Software
2023,March,WOS,College of Computer and Information Sciences,Scientific,A Hybrid Attention-Based Residual Unet for Semantic Segmentation of Brain Tumor,Electronics (Switzerland)
2023,March,scopus,College of Computer and Information Sciences,Scientific,A Hybrid Neuro-Fuzzy Approach for Heterogeneous Patch Encoding in ViTs Using Contrastive Embeddings &#x0026; Deep Knowledge Dispersion,IEEE Transactions on Computational Social Systems
2023,March,scopus,College of Computer and Information Sciences,Scientific,A new deep boosted CNN and ensemble learning based IoT malware detection,Soft Computing
2023,March,WOS,College of Computer and Information Sciences,Scientific,A New Hyperspectral Image Classification Method Based on Extended Wavelets Transform,"Computers, Materials and Continua"
2023,March,WOS,College of Computer and Information Sciences,Scientific,A Novel Combined DenseNet and Gated Recurrent Unit Approach to Detect Energy Thefts in Smart Grids,International Journal of Imaging Systems and Technology
2023,March,WOS,College of Computer and Information Sciences,Scientific,A Smart Traffic Control System Based on Pixel-labeling and SORT Tracker,Applied Sciences (Switzerland)
2023,March,WOS,College of Computer and Information Sciences,Scientific,A state-of-the-art analysis of pharmacological delivery and artificial intelligence techniques for inner ear disease treatment,Water (Switzerland)
2023,March,WOS,College of Computer and Information Sciences,Scientific,Agent-Based Reactive Geographic Routing Protocol for Internet of Vehicles,Healthcare (Switzerland)
2023,March,WOS,College of Computer and Information Sciences,Scientific,An Approach Toward Pattern Recognition and Decision-Making Using the Concept of Bipolar T-Spherical Fuzzy Sets,IEEE Access
2023,March,scopus,College of Computer and Information Sciences,Scientific,An Artificial Intelligence Peer-To-Peer Car Repair Platform,Computer Systems Science and Engineering
2023,March,scopus,College of Computer and Information Sciences,Scientific,An efficient algorithm for energy harvesting in IIoT based on machine learning and swarm intelligence,Diagnostics
2023,March,scopus,College of Computer and Information Sciences,Scientific,An efficient optimizer for the 0/1 knapsack problem using group counseling,Journal of Optics (India)
2023,March,scopus,College of Computer and Information Sciences,Scientific,An Innovation of Algebric Mathamatical Based Statistical Analysis Model for Complex Number Theory,Computer Systems Science and Engineering
2023,March,scopus,College of Computer and Information Sciences,Scientific,An Intelligent Hybrid Neural Collaborative Filtering Approach for True Recommendations,Computer Systems Science and Engineering
2023,March,scopus,College of Computer and Information Sciences,Scientific,Analysis of non-linear RIM system and neural computing of ringworm spread using the Levenberg–Marquardt back propagated scheme: Supervised learning,Wireless Personal Communications
2023,March,scopus,College of Computer and Information Sciences,Scientific,Arabic Sentiment Analysis and Sarcasm Detection Using Probabilistic Projections-Based Variational Switch Transformer,Optical and Quantum Electronics
2023,March,WOS,College of Computer and Information Sciences,Scientific,Automated Android Malware Detection Using Optimal Ensemble Learning Approach for Cybersecurity,Scientific Reports
2023,March,WOS,College of Computer and Information Sciences,Scientific,Automated Cardiovascular Disease Diagnosis Using Honey Badger Optimization with Modified Deep Learning Model,Electronics (Switzerland)
2023,March,WOS,College of Computer and Information Sciences,Scientific,Automated Red Palm Weevil Detection Using Gorilla Troops Optimizer with Deep Learning Model,Micromachines
2023,March,WOS,College of Computer and Information Sciences,Scientific,Automated Segmentation of Brain Tumor MRI Images Using Deep Learning,"Computers, Materials and Continua"
2023,March,WOS,College of Computer and Information Sciences,Scientific,Brain Tumor Detection and Multi-Grade Segmentation Through Hybrid Caps-VGGNet Model,Energies
2023,March,scopus,College of Computer and Information Sciences,Scientific,CDEIR: Intelligent Routing for Efficient Wireless Sensor Networks Using BUG Algorithm,Computer Systems Science and Engineering
2023,March,WOS,College of Computer and Information Sciences,Scientific,Chaotic Jaya Optimization Algorithm With Computer Vision-Based Soil Type Classification for Smart Farming,"Computers, Materials and Continua"
2023,March,scopus,College of Computer and Information Sciences,Scientific,Computer Aided Diagnosis for Gastrointestinal Cancer Classification using Hybrid Rice Optimization with Deep Learning,Computer Systems Science and Engineering
2023,March,WOS,College of Computer and Information Sciences,Scientific,Context Aware Crowd Tracking and Anomaly Detection via Deep Learning and Social Force Model,HEALTH & SOCIAL CARE IN THE COMMUNITY
2023,March,WOS,College of Computer and Information Sciences,Scientific,Deep vs. Shallow: A Comparative Study of Machine Learning and Deep Learning Approaches for Fake Health News Detection,APPLIED SCIENCES-BASEL
2023,March,WOS,College of Computer and Information Sciences,Scientific,DeepFert: An Intelligent Fertility Rate Prediction Approach for Men Based on Deep Learning Neural Networks.,SYMMETRY-BASEL
2023,March,WOS,College of Computer and Information Sciences,Scientific,Design and Analysis of New Version of Cryptographic Hash Function Based on Improved Chaotic Maps with Induced DNA Sequences,APPLIED SCIENCES-BASEL
2023,March,WOS,College of Computer and Information Sciences,Scientific,Detecting Rotational Symmetry in Polar Domain Based on SIFT,SENSORS
2023,March,WOS,College of Computer and Information Sciences,Scientific,Double Medical Image Cryptosystem Based on Quantum Walk,COMPUTATIONAL & APPLIED MATHEMATICS
2023,March,WOS,College of Computer and Information Sciences,Scientific,End-to-End Encryption in Resource-Constrained IoT Device,SENSORS
2023,March,WOS,College of Computer and Information Sciences,Scientific,Enhancing Time Series Forecasting with an Optimized Binary Gravitational Search Algorithm for Echo State Networks,SUSTAINABILITY
2023,March,WOS,College of Computer and Information Sciences,Scientific,Gauss-Mapping Black Widow Optimization with Deep Extreme Learning Machine for Android Malware Classification Model,APPLIED SCIENCES-BASEL
2023,March,WOS,College of Computer and Information Sciences,Scientific,Henry Gas Solubility Optimization With Deep Learning Based Facial Emotion Recognition for Human Computer Interface,JOURNAL OF OPTICS-INDIA
2023,March,WOS,College of Computer and Information Sciences,Scientific,Heuristic Optimization Algorithm Based Watermarking on Content Authentication and Tampering Detection for English Text,SUSTAINABILITY
2023,March,WOS,College of Computer and Information Sciences,Scientific,Innovative Feature Selection Method Based on Hybrid Sine Cosine and Dipper Throated Optimization Algorithms,ELECTRONICS
2023,March,WOS,College of Computer and Information Sciences,Scientific,Intracranial Haemorrhage Diagnosis using Willow Catkin Optimization with Voting Ensemble Deep Learning on CT Brain Imaging,SUSTAINABILITY
2023,March,WOS,College of Computer and Information Sciences,Scientific,Leveraging Brain MRI for Biomedical Alzheimer&#x2019;s Disease Diagnosis using Enhanced Manta ray Foraging Optimization based Deep Learning,APPLIED SCIENCES-BASEL
2023,March,WOS,College of Computer and Information Sciences,Scientific,Leveraging Regression Analysis to Predict Overlapping Symptoms of Cardiovascular Diseases,SYMMETRY-BASEL
2023,March,WOS,College of Computer and Information Sciences,Scientific,Metaheuristics Algorithm-Based Minimization of Communication Costs in Federated Learning,PROCESSES
2023,March,WOS,College of Computer and Information Sciences,Scientific,Modelling of Blockchain Assisted Intrusion Detection on IoT Healthcare System using Ant Lion Optimizer with Hybrid Deep Learning,SYMMETRY-BASEL
2023,March,WOS,College of Computer and Information Sciences,Scientific,Modified Red Fox Optimizer with Deep Learning enabled False Data Injection Attack Detection,JOURNAL OF SENSORS
2023,March,WOS,College of Computer and Information Sciences,Scientific,Monkeypox Diagnosis with Interpretable Deep Learning,APPLIED SCIENCES-BASEL
2023,March,WOS,College of Computer and Information Sciences,Scientific,"Optimizing Clustering Algorithms for Anti-Microbial Evaluation Data: A Majority Score-based Evaluation of K-Means, Gaussian Mixture Model, and Multivariate T-Distribution Mixtures",SUSTAINABILITY
2023,March,WOS,College of Computer and Information Sciences,Scientific,Performance and Scalability Analysis of Ethereum and Hyperledger Fabric,ELECTRONICS
2023,March,WOS,College of Computer and Information Sciences,Scientific,Smart Healthcare Hand Gesture Recognition using CNN-based Detector and Deep Belief Network,APPLIED SCIENCES-BASEL
2023,March,WOS,College of Computer and Information Sciences,Scientific,Transfer Learning-Based Smart Features Engineering for Osteoarthritis Diagnosis from Knee X-Ray Images,PEERJ COMPUTER SCIENCE
2023,March,WOS,College of Computer and Information Sciences,Scientific,Automated Spam Review Detection Using Hybrid Deep Learning on Arabic Opinions,DIAGNOSTICS
2023,March,WOS,College of Computer and Information Sciences,Scientific,Bargaining based Design Mechanism for delay sensitive tasks of mobile crowdsensing in IoT,ELECTRONICS
2023,April,SCOPUS,College of Computer and Information Sciences,Scientific,BotNet Prediction in Social Media based on Feature Extraction with Classification using Machine Learning Algorithms,IEEE Access
2023,April,SCOPUS,College of Computer and Information Sciences,Scientific,Breaking down linguistic complexities: A structured approach to aspect-based sentiment analysis,"Trends, Applications, and Challenges of Chatbot Technology"
2023,April,WOS,College of Computer and Information Sciences,Scientific,Understanding Software Performance Challenges an Empirical Study on Stack Overflow,SYMMETRY-BASEL
2023,April,WOS,College of Computer and Information Sciences,Scientific,"Correction to: Investigation of the brain carcinoma based on generalized variation coefficient similarity measures using complex q-rung orthopair fuzzy information (Soft Computing, (2023), 10.1007/s00500-023-08014-1)",ELECTRONICS
2023,April,WOS,College of Computer and Information Sciences,Scientific,"Correction:An Enhanced Feed-Forward Back Propagation Levenberg–Marquardt Algorithm for Suspended Sediment Yield Modeling(Water, (2022), 14, (3714), 10.3390/w14223714)",ENTROPY
2023,April,WOS,College of Computer and Information Sciences,Scientific,Data Security in Healthcare Industrial Internet of Things with Blockchain,JOURNAL OF OPTICS-INDIA
2023,April,WOS,College of Computer and Information Sciences,Scientific,Deep learning enabled class imbalance with sand piper optimization based intrusion detection for secure cyber physical systems,SYMMETRY-BASEL
2023,April,WOS,College of Computer and Information Sciences,Scientific,Deep Transfer Learning-Enabled Activity Identification and Fall Detection for Disabled People,SUSTAINABILITY
2023,April,WOS,College of Computer and Information Sciences,Scientific,Detection and Prediction of Epileptic Seizures Using Machine Learning Model,JOURNAL OF COMPUTATIONAL DESIGN AND ENGINEERING
2023,April,WOS,College of Computer and Information Sciences,Scientific,Dynamic Coati Optimization Algorithm for Biomedical Classification Tasks,ELECTRONICS
2023,April,WOS,College of Computer and Information Sciences,Scientific,Extended-GS optimum solution for multi-criteria and multi-alternative problem,SYMMETRY-BASEL
2023,April,WOS,College of Computer and Information Sciences,Scientific,Facial Expression Recognition Model Depending on Optimized Support Vector Machine,JOURNAL OF INTELLIGENT & FUZZY SYSTEMS
2023,April,WOS,College of Computer and Information Sciences,Scientific,Forecasting Energy Consumption Using a Novel Hybrid Dipper Throated Optimization and Stochastic Fractal Search Algorithm,ELECTRONIC RESEARCH ARCHIVE
2023,April,WOS,College of Computer and Information Sciences,Scientific,Frequency selective surfaces-based miniaturized wideband high-gain monopole antenna for UWB systems,ELECTRONICS
2023,April,WOS,College of Computer and Information Sciences,Scientific,Gaussian-Filtered High-Frequency-Feature Trained Optimized BiLSTM Network for Spoofed-Speech Classification,SUSTAINABILITY
2023,April,WOS,College of Computer and Information Sciences,Scientific,Hybrid precoding design for secure smart-grid enabled MIMO wireless communications in Industry 5.0,APPLIED SCIENCES-BASEL
2023,April,WOS,College of Computer and Information Sciences,Scientific,Improved Metaheuristics with Deep Learning Enabled Movie Review Sentiment Analysis,MICROMACHINES
2023,April,WOS,College of Computer and Information Sciences,Scientific,A message recovery attack on multivariate polynomial trapdoor function,ELECTRONICS
2023,April,SCOPUS,College of Computer and Information Sciences,Scientific,A New Blockchain-Based Authentication Framework for Secure IoT Networks,Journal of Ambient Intelligence and Humanized Computing
2023,April,SCOPUS,College of Computer and Information Sciences,Scientific,Design Optimization of Counter-Flow Double-Pipe Heat Exchanger Using Hybrid Optimization Algorithm,Communications in Computer and Information Science
2023,April,SCOPUS,College of Computer and Information Sciences,Scientific,Double Deep Q-Network Next-Generation Cyber-Physical Systems: A Reinforcement Learning-Enabled Anomaly Detection Framework for Next-Generation Cyber-Physical Systems,Neural Computing and Applications
2023,April,SCOPUS,College of Computer and Information Sciences,Scientific,Downlink Power Allocation for CR-NOMA-Based Femtocell D2D Using Greedy Asynchronous Distributed Interference Avoidance Algorithm,Lecture Notes in Networks and Systems
2023,April,SCOPUS,College of Computer and Information Sciences,Scientific,Efficient hybrid digital image watermarking,Scientific Reports
2023,April,SCOPUS,College of Computer and Information Sciences,Scientific,Efficient implementation of multi-level Dragonfly networks with Hamming graph for future optical networks,Optical and Quantum Electronics
2023,April,SCOPUS,College of Computer and Information Sciences,Scientific,Efficient Nanosystem for Nanomedicine Applications Based on Molecular Communications,Journal of Supercomputing
2023,April,SCOPUS,College of Computer and Information Sciences,Scientific,Empowering and conquering infirmity of visually impaired using AI-technology equipped with object detection and real-time voice feedback system in healthcare application,Security and Communication Networks
2023,April,SCOPUS,College of Computer and Information Sciences,Scientific,Enhanced Slime Mould Optimization with Deep-Learning-Based Resource Allocation in UAV-Enabled Wireless Networks,IEEE Access
2023,April,SCOPUS,College of Computer and Information Sciences,Scientific,Enhancing Object Detection for VIPs Using YOLOv4_Resnet101 and Text-to-Speech Conversion Model,International Journal of Communication Systems
2023,April,SCOPUS,College of Computer and Information Sciences,Scientific,Enhancing security and capacity in FSO transmission for next-generation networks using OFDM/OCDMA-based ICSM codes,International Journal of Imaging Systems and Technology
2023,April,SCOPUS,College of Computer and Information Sciences,Scientific,Exploring Performance Degradation in Virtual Machines Sharing a Cloud Server,Journal of Supercomputing
2023,April,SCOPUS,College of Computer and Information Sciences,Scientific,Fog computing network security based on resources management,Sustainability (Switzerland)
2023,April,SCOPUS,College of Computer and Information Sciences,Scientific,Fractional order adaptive hunter-prey optimizer for feature selection,Materials Today Communications
2023,April,SCOPUS,College of Computer and Information Sciences,Scientific,"From Hype to Reality: Unveiling the Promises, Challenges and Opportunities of Blockchain in Supply Chain Systems","Trends, Applications, and Challenges of Chatbot Technology"
2023,April,SCOPUS,College of Computer and Information Sciences,Scientific,Fuel Economy Energy Management of Electric Vehicles Using Harris Hawks Optimization,Computers and Electrical Engineering
2023,April,SCOPUS,College of Computer and Information Sciences,Scientific,Fuzzy Modelling and Optimization to Decide Optimal Parameters of the PEMFC,Urban Climate
2023,April,SCOPUS,College of Computer and Information Sciences,Scientific,GastroNet: A robust attention-based deep learning and cosine similarity feature selection framework for gastrointestinal disease classification from endoscopic images,Scientific Reports
2023,April,SCOPUS,College of Computer and Information Sciences,Scientific,Hessian Distributed Ant Optimized Perron-Frobenius Eigen Centrality for Social Networks,Journal of Ambient Intelligence and Humanized Computing
2023,April,SCOPUS,College of Computer and Information Sciences,Scientific,Hybrid Feature-Learning-Based PSO-PCA Feature Engineering Approach for Blood Cancer Classification,Agriculture (Switzerland)
2023,April,SCOPUS,College of Computer and Information Sciences,Scientific,Hybrid machine learning techniques for gender identification from handwritten images using textural features,Intelligent Automation and Soft Computing
2023,April,SCOPUS,College of Computer and Information Sciences,Scientific,Improved Dipper-Throated Optimization for Forecasting Metamaterial Design Bandwidth for Engineering Applications,Electronics (Switzerland)
2023,April,SCOPUS,College of Computer and Information Sciences,Scientific,Improving Automotive Air Conditioning System Performance Using Composite Nano-Lubricants and Fuzzy Modeling Optimization,International Journal of Environmental Research and Public Health
2023,April,SCOPUS,College of Computer and Information Sciences,Scientific,Improvising and Enhancing the Patterned Surface Performance of MIMO Antenna Parameters and Emphasizing the Efficiency Using Tampered Miniature Sizes and Layers,Computers in Biology and Medicine
2023,April,SCOPUS,College of Computer and Information Sciences,Scientific,Intelligent Localization and Deep Human Activity Recognition through IoT Devices,Intelligent Automation and Soft Computing
2023,April,SCOPUS,College of Computer and Information Sciences,Scientific,"Investigation of the brain carcinoma based on generalized variation coefficient similarity measures using complex q-rung orthopair fuzzy information (Apr, 10.1007/s00500-023-08014-1, 2023)",IEEE Access
2023,April,SCOPUS,College of Computer and Information Sciences,Scientific,LoRa Communication Using TVWS Frequencies: Range and Data Rate,PeerJ Computer Science
2023,April,SCOPUS,College of Computer and Information Sciences,Scientific,Low-Power Very-Large-Scale Integration Implementation of Fault-Tolerant Parallel Real Fast Fourier Transform Architectures Using Error Correction Codes and Algorithm-Based Fault-Tolerant Techniques,Computers and Electrical Engineering
2023,April,SCOPUS,College of Computer and Information Sciences,Scientific,Machine learning and deep learning techniques for driver fatigue and drowsiness detection: a review,Computers and Electrical Engineering
2023,April,SCOPUS,College of Computer and Information Sciences,Scientific,Manufacturing industry based on dynamic soft sensors in integrated with feature representation and classification using fuzzy logic and deep learning architecture,Sustainable Energy Technologies and Assessments
2023,April,WOS,College of Computer and Information Sciences,Scientific,Matching evaluation based on image content discriminative features for different image types,MEDICINA-LITHUANIA
2023,June,scopus,College of Computer and Information Sciences,Scientific,Official Statistics and Big Data Processing with Artificial Intelligence: Capacity Indicators for Public Sector Organizations,Applied Sciences (Switzerland)
2023,June,WOS,College of Computer and Information Sciences,Scientific,Optimal Load Sharing between Lithium-Ion Battery and Supercapacitor for Electric Vehicle Applications,SENSORS
2023,June,scopus,College of Computer and Information Sciences,Scientific,Optimal Sizing and Management of Hybrid Renewable Energy System for DC-Powered Commercial Building,Micromachines
2023,June,scopus,College of Computer and Information Sciences,Scientific,Optimized ensemble model for wind power forecasting using hybrid whale and dipper-throated optimization algorithms,Electronics (Switzerland)
2023,June,WOS,College of Computer and Information Sciences,Scientific,Optimizing residential DC microgrid energy management system using artificial intelligence,PEERJ COMPUTER SCIENCE
2023,June,WOS,College of Computer and Information Sciences,Scientific,Pelican Optimization Algorithm with Federated Learning Driven Attack Detection model in Internet of Things environment,FRONTIERS IN PHYSIOLOGY
2023,June,scopus,College of Computer and Information Sciences,Scientific,SFBC Recognition over Orthogonal Frequency Division Multiplexing Schemes in the Presence of Inphase and Quadrature Phase Discrepancies for Cognitive Radio Applications,Diagnostics
2023,June,WOS,College of Computer and Information Sciences,Scientific,Simultaneous compressed sensing and single-image super resolution for SAR image reconstruction,HEALTHCARE
2023,June,WOS,College of Computer and Information Sciences,Scientific,Smart Home Automation-Based Hand Gesture Recognition Using Feature Fusion and Recurrent Neural Network,SENSORS
2023,June,WOS,College of Computer and Information Sciences,Scientific,Toxic Fake News Detection and Classification for Combating COVID-19 Misinformation,CMC-COMPUTERS MATERIALS & CONTINUA
2023,June,WOS,College of Computer and Information Sciences,Scientific,Transforming Healthcare Analytics with FHIR: A Framework for Standardizing and Analyzing Clinical Data,DIAGNOSTICS
2023,June,WOS,College of Computer and Information Sciences,Scientific,TS2HGRNet: A paradigm of two stream best deep learning feature fusion assisted framework for human gait analysis using controlled environment in smart cities,DIAGNOSTICS
2023,June,WOS,College of Computer and Information Sciences,Scientific,Using a Resnet50 with a Kernel Attention Mechanism for Rice Disease Diagnosis,CMC-COMPUTERS MATERIALS & CONTINUA
2023,June,WOS,College of Computer and Information Sciences,Scientific,Utilization of adaptive filtering for biometric template masking,JOURNAL OF CLOUD COMPUTING-ADVANCES SYSTEMS AND APPLICATIONS
2023,June,WOS,College of Computer and Information Sciences,Scientific,Wind speed forecasting using optimized bidirectional LSTM based on dipper throated and genetic optimization algorithms,CMC-COMPUTERS MATERIALS & CONTINUA
2023,June,WOS,College of Computer and Information Sciences,Scientific,A Kullback-Liebler divergence-based representation algorithm for malware detection,EXPERT SYSTEMS WITH APPLICATIONS
2023,June,WOS,College of Computer and Information Sciences,Scientific,A New Technological Model on Investigating the Utilization of Mobile Learning Applications: Extending the TAM,CMC-COMPUTERS MATERIALS & CONTINUA
2023,June,scopus,College of Computer and Information Sciences,Scientific,A novel perspective for M-polynomials to compute molecular descriptors of borophene nanosheet,IEEE Access
2023,June,scopus,College of Computer and Information Sciences,Scientific,"A novel perspective for M-polynomials to compute molecular descriptors of borophene nanosheet (vol 13, 12016, 2023)",IEEE Access
2023,June,WOS,College of Computer and Information Sciences,Scientific,"A Proposed Deep-Learning-Based Framework for Medical Image Communication, Storage and Diagnosis",DIAGNOSTICS
2023,June,scopus,College of Computer and Information Sciences,Scientific,A White Shark Equilibrium Optimizer with a Hybrid Deep-Learning-Based Cybersecurity Solution for a Smart City Environment,Journal of Optics (India)
2023,June,WOS,College of Computer and Information Sciences,Scientific,AI-based voltage and power quality control of high-penetration grid-connected photovoltaic power plant,SENSORS
2023,June,WOS,College of Computer and Information Sciences,Scientific,An Efficient Brain Tumor Segmentation Method Based on Adaptive Moving Self-Organizing Map and Fuzzy K-Mean Clustering,JOURNAL OF SUPERCOMPUTING
2023,June,WOS,College of Computer and Information Sciences,Scientific,"An overview of GAN-DeepFakes detection: proposal, improvement, and evaluation",JOURNAL OF OPTICS-INDIA
2023,June,WOS,College of Computer and Information Sciences,Scientific,An Ultra-Wide Band MIMO Antenna System with Enhanced Isolation for Microwave Imaging Applications,JOURNAL OF OPTICS-INDIA
2023,June,WOS,College of Computer and Information Sciences,Scientific,Anomaly Detection in 6G Networks Using Machine Learning Methods,DIAGNOSTICS
2023,June,WOS,College of Computer and Information Sciences,Scientific,Application of nanotechnology in breast cancer screening under obstetrics and gynecology through the use of CNN and ANFIS,CAAI TRANSACTIONS ON INTELLIGENCE TECHNOLOGY
2023,June,scopus,College of Computer and Information Sciences,Scientific,Application of resolution enhancement techniques on medical images,Lecture Notes in Networks and Systems
2023,June,WOS,College of Computer and Information Sciences,Scientific,Automated Diagnosis for Colon Cancer Diseases Using Stacking Transformer Models and Explainable Artificial Intelligence,EURASIP JOURNAL ON WIRELESS COMMUNICATIONS AND NETWORKING
2023,June,WOS,College of Computer and Information Sciences,Scientific,Automated diagnosis of EEG abnormalities with different classification techniques,CMC-COMPUTERS MATERIALS & CONTINUA
2023,June,WOS,College of Computer and Information Sciences,Scientific,Blockchain with Quantum Mayfly Optimization-Based Clustering Scheme for Secure and Smart Transport Systems,CAAI TRANSACTIONS ON INTELLIGENCE TECHNOLOGY
2023,June,WOS,College of Computer and Information Sciences,Scientific,Blockchain-Assisted Machine Learning with Hybrid Metaheuristics-Empowered Cyber Attack Detection and Classification Model,SENSORS
2023,June,WOS,College of Computer and Information Sciences,Scientific,Boosting CO2 Uptake from Waste Concrete Powder Using Artificial Intelligence and the Marine Predators Algorithm,SUSTAINABILITY
2023,June,WOS,College of Computer and Information Sciences,Scientific,Capacity analysis of infrastructure-to-vehicle visible light communication with an optimized non-orthogonal multiple access scheme,PLASMONICS
2023,June,WOS,College of Computer and Information Sciences,Scientific,Classification of Breast Cancer Using Transfer Learning and Advanced Al-Biruni Earth Radius Optimization,DIGITAL HEALTH
2023,June,WOS,College of Computer and Information Sciences,Scientific,"Combining docking, molecular dynamics simulations, AD-MET pharmacokinetics properties, and MMGBSA calculations to create specialized protocols for running effective virtual screening campaigns on the autoimmune disorder and SARS-CoV-2 main protease",APPLIED SCIENCES-BASEL
2023,June,WOS,College of Computer and Information Sciences,Scientific,Construction of Pilgrim Framework-Information Seeking Based on New Norm Selection Criteria of Hajj,IEEE ACCESS
2023,June,WOS,College of Computer and Information Sciences,Scientific,CyberHero: An Adaptive Serious Game to Promote Cybersecurity Awareness,INTERNATIONAL JOURNAL OF ADVANCED MANUFACTURING TECHNOLOGY
2023,June,WOS,College of Computer and Information Sciences,Scientific,"Decoupling Methods in Planar Ultra-Wideband Multiple-Input-Multiple-Output Antennas: A Review of the Design, State-of-the-Art, and Research Challenges",CMC-COMPUTERS MATERIALS & CONTINUA
2023,June,WOS,College of Computer and Information Sciences,Scientific,Design and Implementation of a Planar MIMO Antenna for Spectrum-Sensing Applications,SENSORS
2023,June,WOS,College of Computer and Information Sciences,Scientific,Dung Beetle Optimization with Deep Feature Fusion Model for Lung Cancer Detection and Classification,SCIENTIFIC REPORTS
2023,June,WOS,College of Computer and Information Sciences,Scientific,Dynamic Coati Optimization Algorithm for Biomedical Classification Tasks,AIMS MATHEMATICS
2023,June,scopus,College of Computer and Information Sciences,Scientific,Effect of Thermal Radiation on Electrically Conducting Nanofluid with Slip Conditions and Heat Source Using Artificial Neural Networks,IEEE Access
2023,June,WOS,College of Computer and Information Sciences,Scientific,Efficient color image enhancement using piecewise linear transformation and gamma correction,JOURNAL OF OPTICS-INDIA
2023,June,WOS,College of Computer and Information Sciences,Scientific,Efficient image transmission in high-degradation scenarios,ENERGIES
2023,June,WOS,College of Computer and Information Sciences,Scientific,Efficient implementation of cancelable face recognition based on elliptic curve cryptography,IEEE ACCESS
2023,June,WOS,College of Computer and Information Sciences,Scientific,Emerging advances in deep learning and computer vision for visual data search and mining in E-commerce,SENSORS
2023,June,WOS,College of Computer and Information Sciences,Scientific,Enhanced Dual Convolutional Neural Network Model Using Explainable Artificial Intelligence of Fault Prioritization for Industrial 4.0,COMPUTERS IN BIOLOGY AND MEDICINE
2023,June,WOS,College of Computer and Information Sciences,Scientific,Enhancing Prediction of Brain Tumor Classification Using Images and Numerical Data Features,PEERJ COMPUTER SCIENCE
2023,June,scopus,College of Computer and Information Sciences,Scientific,Exploiting an Elitist Barnacles Mating Optimizer implementation for substitution box optimization,Computational and Applied Mathematics
2023,June,WOS,College of Computer and Information Sciences,Scientific,Exploiting Remote Sensing Imagery for Vehicle Detection and Classification Using an Artificial Intelligence Technique,SUSTAINABILITY
2023,June,scopus,College of Computer and Information Sciences,Scientific,Finite-time complete periodic synchronization of memristive neural networks with mixed delays,Electronics (Switzerland)
2023,June,WOS,College of Computer and Information Sciences,Scientific,Hybrid Majority Voting: Prediction and Classification Model for Obesity,INTELLIGENT AUTOMATION AND SOFT COMPUTING
2023,June,WOS,College of Computer and Information Sciences,Scientific,Improved Breast Cancer Classification through Combining Transfer Learning and Attention Mechanism,HUMAN-CENTRIC COMPUTING AND INFORMATION SCIENCES
2023,June,WOS,College of Computer and Information Sciences,Scientific,Improving Prediction of Cervical Cancer Using KNN Imputed SMOTE Features and Multi-Model Ensemble Learning Approach,SENSORS
2023,June,WOS,College of Computer and Information Sciences,Scientific,Intelligent ADL Recognition via IoT-Based Multimodal Deep Learning Framework,SENSORS
2023,June,WOS,College of Computer and Information Sciences,Scientific,IoT and Ensemble Long-Short-Term-Memory-Based Evapotranspiration Forecasting for Riyadh,SENSORS
2023,June,WOS,College of Computer and Information Sciences,Scientific,IoT enabled healthcare environment using intelligent deep learning enabled skin lesion diagnosis model,ELECTRONIC RESEARCH ARCHIVE
2023,June,WOS,College of Computer and Information Sciences,Scientific,Low Power Blockchain in Industry 4.0 Case Study: Water Management in Tunisia,IEEE TRANSACTIONS ON COMPUTATIONAL SOCIAL SYSTEMS
2023,June,WOS,College of Computer and Information Sciences,Scientific,mmWave Polarization Diversity Wideband Multiple-Input/Multiple-Output Antenna System with Symmetrical Geometry for Future Compact Devices,CMC-COMPUTERS MATERIALS & CONTINUA
2023,June,scopus,College of Computer and Information Sciences,Scientific,Monkeypox genome mutation analysis using a timeseries model based on long short-term memory,Crystals
2023,June,WOS,College of Computer and Information Sciences,Scientific,Mud Ring Optimization Algorithm with Deep Learning Model for Disease Diagnosis on ECG Monitoring System,FUTURE GENERATION COMPUTER SYSTEMS-THE INTERNATIONAL JOURNAL OF ESCIENCE
2023,June,WOS,College of Computer and Information Sciences,Scientific,Multi-attribute group decision-making based on q-rung orthopair fuzzy Aczel-Alsina power aggregation operators,IEEE ACCESS
2023,June,WOS,College of Computer and Information Sciences,Scientific,Multilingual hope speech detection: A Robust framework using transfer learning of fine-tuning RoBERTa model,ELECTRONICS
2023,June,WOS,College of Computer and Information Sciences,Scientific,Optimal Design and Sizing of Hybrid Photovoltaic/Fuel Cell Electrical Power System,PROCESSES
2023,June,WOS,College of Computer and Information Sciences,Scientific,Precision in Dermatology: Developing an Optimal Feature Selection Framework for Skin Lesion Classification,FRONTIERS IN ENERGY RESEARCH
2023,July,WOS,College of Computer and Information Sciences,Scientific,Real time emotions recognition through facial expressions,IEEE ACCESS
2023,July,WOS,College of Computer and Information Sciences,Scientific,Retrial Queueing System for Analyzing Impact of Priority Ultra-Reliable Low-Latency Communication Transmission on Enhanced Mobile Broadband Quality of Service Degradation in 5G Networks,SCIENTIFIC REPORTS
2023,July,WOS,College of Computer and Information Sciences,Scientific,Secure Transmission in Wireless Sensor Networks via Reconfigurable Intelligent Surface,MULTIMEDIA TOOLS AND APPLICATIONS
2023,July,WOS,College of Computer and Information Sciences,Scientific,SIFT and ORB performance assessment for object identification in different test cases,ALEXANDRIA ENGINEERING JOURNAL
2023,July,WOS,College of Computer and Information Sciences,Scientific,Significance of Cattaneo-Christov Heat Flux on Heat Transfer with Bioconvection and Swimming Micro Organisms in Magnetized Flow of Magnetite and Silver Nanoparticles Dispersed in Prandtl Fluid,SUSTAINABILITY
2023,July,WOS,College of Computer and Information Sciences,Scientific,Single image super-resolution approaches in medical images based-deep learning: a survey,LIFE-BASEL
2023,July,WOS,College of Computer and Information Sciences,Scientific,SkinNet-INIO: Multiclass Skin Lesion Localization and Classification Using Fusion-Assisted Deep Neural Networks and Improved Nature-Inspired Optimization Algorithm,BIOMIMETICS
2023,July,WOS,College of Computer and Information Sciences,Scientific,Textual emotion analysis using improved metaheuristics with deep learning model for intelligent systems,BIOMIMETICS
2023,July,WOS,College of Computer and Information Sciences,Scientific,TVFx - CoVID-19 X-Ray images classification approach using neural networks based feature thresholding technique,FRONTIERS IN ENERGY RESEARCH
2023,July,WOS,College of Computer and Information Sciences,Scientific,Unintended Data Behaviour Analysis Using Cryptography Stealth Approach Against Security and Communication Network,MICROMACHINES
2023,July,WOS,College of Computer and Information Sciences,Scientific,Using deep DenseNet with cyclical learning rate to classify leukocytes for leukemia identification,REMOTE SENSING
2023,July,WOS,College of Computer and Information Sciences,Scientific,Video quality enhancement using dual-transmission-map dehazing,APPLIED SCIENCES-BASEL
2023,July,WOS,College of Computer and Information Sciences,Scientific,Visual Intelligence in Precision Agriculture: Exploring Plant Disease Detection via Efficient Vision Transformers,FUTURE GENERATION COMPUTER SYSTEMS-THE INTERNATIONAL JOURNAL OF ESCIENCE
2023,July,WOS,College of Computer and Information Sciences,Scientific,A Conformal Tri-Band Antenna for Flexible Devices and Body-Centric Wireless Communications,PROCESSES
2023,July,WOS,College of Computer and Information Sciences,Scientific,A Novel Approach for Improving the Security of IoT-Medical Data Systems Using an Enhanced Dynamic Bayesian Network,HEALTHCARE
2023,July,WOS,College of Computer and Information Sciences,Scientific,Adaptive Neuro-Fuzzy Inference System Modeling and Optimization of Microbial Fuel Cells for Wastewater Treatment,SOFT COMPUTING
2023,July,WOS,College of Computer and Information Sciences,Scientific,An effective correlation-based data modeling framework for automatic diabetes prediction using machine and deep learning techniques,JOURNAL OF OPTICS-INDIA
2023,July,WOS,College of Computer and Information Sciences,Scientific,An efficient watermarking algorithm for digital audio data in security applications,SYMMETRY-BASEL
2023,July,WOS,College of Computer and Information Sciences,Scientific,Anticipating network failures and congestion in optical networks a data analytics approach using genetic algorithm optimization,JOURNAL OF OPTICS-INDIA
2023,July,WOS,College of Computer and Information Sciences,Scientific,Application of Machine Learning to Predict COVID-19 Spread via an Optimized BPSO Model,ENERGIES
2023,July,WOS,College of Computer and Information Sciences,Scientific,Automated Arrhythmia Classification Using Farmland Fertility Algorithm with Hybrid Deep Learning Model on Internet of Things Environment,SYMMETRY-BASEL
2023,July,WOS,College of Computer and Information Sciences,Scientific,Boosting Power Density of Proton Exchange Membrane Fuel Cell Using Artificial Intelligence and Optimization Algorithms,SOFT COMPUTING
2023,July,WOS,College of Computer and Information Sciences,Scientific,Deep Neural Decision Forest (DNDF): A Novel Approach for Enhancing Intrusion Detection Systems in Network Traffic Analysis,PROCESSES
2023,August,WOS,College of Computer and Information Sciences,Scientific,Effective healthcare service recommendation with network representation learning: A recursive neural network approach,SYMMETRY-BASEL
2023,August,WOS,College of Computer and Information Sciences,Scientific,Efficient channel estimation in OWC systems using adaptive algorithms,HELIYON
2023,August,WOS,College of Computer and Information Sciences,Scientific,Efficient implementation of double random phase encoding and empirical mode decomposition for cancelable biometrics,ALEXANDRIA ENGINEERING JOURNAL
2023,August,WOS,College of Computer and Information Sciences,Scientific,Enhancing Cyclone Intensity Prediction for Smart Cities Using a Deep-Learning Approach for Accurate Prediction,BIOMIMETICS
2023,August,WOS,College of Computer and Information Sciences,Scientific,Enhancing Fashion Classification with Vision Transformer (ViT) and Developing Recommendation Fashion Systems Using DINOVA2,TRAITEMENT DU SIGNAL
2023,August,WOS,College of Computer and Information Sciences,Scientific,FedEHR: A Federated Learning Approach towards the Prediction of Heart Diseases in IoT-Based Electronic Health Records,FRONTIERS OF INFORMATION TECHNOLOGY & ELECTRONIC ENGINEERING
2023,August,WOS,College of Computer and Information Sciences,Scientific,Fire Detection and Geo-Localization Using UAV's Aerial Images and Yolo-Based Models,SCIENTIFIC REPORTS
2023,August,WOS,College of Computer and Information Sciences,Scientific,Identification of photovoltaic module parameters by implementing a novel teaching learning based optimization with unique exemplar generation scheme (TLBO-UEGS),WIRELESS PERSONAL COMMUNICATIONS
2023,August,WOS,College of Computer and Information Sciences,Scientific,Improved Artificial Ecosystem Optimizer with Deep-Learning-Based Insect Detection and Classification for Agricultural Sector,DRONES
2023,August,WOS,College of Computer and Information Sciences,Scientific,Improving prediction of skeletal growth problems for age evaluation using hand X-rays,SUSTAINABILITY
2023,August,WOS,College of Computer and Information Sciences,Scientific,Intelligent Resource Allocation Using an Artificial Ecosystem Optimizer with Deep Learning on UAV Networks,FRONTIERS IN ENERGY RESEARCH
2023,August,WOS,College of Computer and Information Sciences,Scientific,IoMT based smart healthcare system to control outbreaks of the COVID-19 pandemic,SENSORS
2023,August,WOS,College of Computer and Information Sciences,Scientific,IoT empowered smart cybersecurity framework for intrusion detection in internet of drones,APPLIED SCIENCES-BASEL
2023,August,WOS,College of Computer and Information Sciences,Scientific,Modeling of Improved Sine Cosine Algorithm with Optimal Deep Learning-Enabled Security Solution,HELIYON
2023,August,WOS,College of Computer and Information Sciences,Scientific,MSRNet: Multiclass Skin Lesion Recognition Using Additional Residual Block Based Fine-Tuned Deep Models Information Fusion and Best Feature Selection,HELIYON
2023,August,WOS,College of Computer and Information Sciences,Scientific,MTLBORKS-CNN: An Innovative Approach for Automated Convolutional Neural Network Design for Image Classification,FUEL
2023,August,WOS,College of Computer and Information Sciences,Scientific,Multimodal hybrid convolutional neural network based brain tumor grade classification,ELECTRONICS
2023,August,WOS,College of Computer and Information Sciences,Scientific,Multipath Routing Scheme for Optimum Data Transmission in Dense Internet of Things,ENVIRONMENTAL RESEARCH
2023,August,WOS,College of Computer and Information Sciences,Scientific,Multiple-Perspective Data-Driven Analysis of Online Health Communities,JOURNAL OF OPTICS-INDIA
2023,August,WOS,College of Computer and Information Sciences,Scientific,Object Detection from Enhanced IR Images Based on Preprocessing and Cumulative Histogram Estimation for Tracking and Gait Recognition Applications,SENSORS
2023,August,WOS,College of Computer and Information Sciences,Scientific,Optimized flexible network architecture creation against 5G communication-based IoT using information-centric wireless computing,SUSTAINABILITY
2023,August,WOS,College of Computer and Information Sciences,Scientific,Optimizing Soil Moisture Retrieval: Utilizing Compact Polarimetric Features with Advanced Machine Learning Techniques,NEUROCOMPUTING
2023,August,WOS,College of Computer and Information Sciences,Scientific,Predictive Analytics for Sustainable E-Learning: Tracking Student Behaviors,DIAGNOSTICS
2023,August,WOS,College of Computer and Information Sciences,Scientific,Quality of interaction-based predictive model for support of online learning in pandemic situations,OPTICAL AND QUANTUM ELECTRONICS
2023,August,WOS,College of Computer and Information Sciences,Scientific,Reverse polarity optical Orthogonal frequency Division Multiplexing for High-Speed visible light communications system,BIOMIMETICS
2023,August,WOS,College of Computer and Information Sciences,Scientific,SIMULATION OF UNSTEADY TRANSPORT PHENOMENA USING NEW FINITE VOLUME METHOD,MATHEMATICS
2023,August,WOS,College of Computer and Information Sciences,Scientific,Test Case Selection through Novel Methodologies for Software Application Developments,ELECTRONICS
2023,August,WOS,College of Computer and Information Sciences,Scientific,Transfer learning for accurate fetal organ classification from ultrasound images: a potential tool for maternal healthcare providers,ADVANCES IN ENGINEERING SOFTWARE
2023,August,WOS,College of Computer and Information Sciences,Scientific,Use of a Novel Deep Learning Open-Source Model for Quantification of Ki-67 in Breast Cancer Patients in Pakistan: A Comparative Study between the Manual and Automated Methods,BIOMIMETICS
2023,August,WOS,College of Computer and Information Sciences,Scientific,Visual Intelligence in Smart Cities: A Lightweight Deep Learning Model for Fire Detection in an IoT Environment,CANCERS
2023,August,WOS,College of Computer and Information Sciences,Scientific,Zinc selenide based dual-channel SPR optical biosensor for HIV genome DNA hybridization detection,BIONANOSCIENCE
2023,August,WOS,College of Computer and Information Sciences,Scientific,A Compact MIMO Multiband Antenna for 5G/WLAN/WIFI-6 Devices,JOURNAL OF OPTICS-INDIA
2023,August,WOS,College of Computer and Information Sciences,Scientific,A Dynamic Multi-Layer Steganography Approach Based on Arabic Letters' Diacritics and Image Layers,OPTICAL AND QUANTUM ELECTRONICS
2023,August,WOS,College of Computer and Information Sciences,Scientific,A Novel Artificial-Intelligence-Based Approach for Classification of Parkinson's Disease Using Complex and Large Vocal Features,ELECTRONIC COMMERCE RESEARCH
2023,August,WOS,College of Computer and Information Sciences,Scientific,A Novel Cluster Matching-Based Improved Kernel Fisher Criterion for Image Classification in Unsupervised Domain Adaptation,SENSORS
2023,August,WOS,College of Computer and Information Sciences,Scientific,A state-of-the-art analysis of pharmacological delivery and artificial intelligence techniques for inner ear disease treatment,DIAGNOSTICS
2023,August,WOS,College of Computer and Information Sciences,Scientific,Accelerating SARS-CoV-2 Vaccine Development: Leveraging Novel Hybrid Deep Learning Models and Bioinformatics Analysis for Epitope Selection and Classification,TECHNOLOGICAL FORECASTING AND SOCIAL CHANGE
2023,August,WOS,College of Computer and Information Sciences,Scientific,Accurate Prediction of Anxiety Levels in Asian Countries Using a Fuzzy Expert System,BIOENGINEERING-BASEL
2023,August,WOS,College of Computer and Information Sciences,Scientific,An Adaptive Fatigue Detection System Based on 3D CNNs and Ensemble Models,SCIENTIFIC REPORTS
2023,August,WOS,College of Computer and Information Sciences,Scientific,An Automated Deep Learning Approach for Spine Segmentation and Vertebrae Recognition Using Computed Tomography Images,FRONTIERS IN ENERGY RESEARCH
2023,August,WOS,College of Computer and Information Sciences,Scientific,An efficient deep learning model for brain tumour detection with privacy preservation,FRONTIERS IN ENERGY RESEARCH
2023,August,WOS,College of Computer and Information Sciences,Scientific,An improved hybrid framework for brain tumor detection,SENSORS
2023,August,WOS,College of Computer and Information Sciences,Scientific,An Intelligent Framework for Cyber-Physical Satellite System and IoT-Aided Aerial Vehicle Security Threat Detection,DIAGNOSTICS
2023,August,WOS,College of Computer and Information Sciences,Scientific,An optimized machine learning method for predicting wogonin therapy for the treatment of pulmonary hypertension,FRONTIERS IN ENERGY RESEARCH
2023,August,WOS,College of Computer and Information Sciences,Scientific,Analysis of EPON-WiMAX and EPON-LTE integrated networks with power consumption modeling,ADVANCES IN ENGINEERING SOFTWARE
2023,August,WOS,College of Computer and Information Sciences,Scientific,Anomaly Detection in Pedestrian Walkways for Intelligent Transportation System Using Federated Learning and Harris Hawks Optimizer on Remote Sensing Images,SUSTAINABILITY
2023,August,WOS,College of Computer and Information Sciences,Scientific,Breast Cancer Classification Depends on the Dynamic Dipper Throated Optimization Algorithm,ALEXANDRIA ENGINEERING JOURNAL
2023,August,WOS,College of Computer and Information Sciences,Scientific,Classification of Diabetes Using Feature Selection and Hybrid Al-Biruni Earth Radius and Dipper Throated Optimization,BIOENGINEERING-BASEL
2023,August,WOS,College of Computer and Information Sciences,Scientific,Comparative analysis of metaheuristic load balancing algorithms for efficient load balancing in cloud computing,JOURNAL OF SIGNAL PROCESSING SYSTEMS FOR SIGNAL IMAGE AND VIDEO TECHNOLOGY
2023,August,WOS,College of Computer and Information Sciences,Scientific,Comprehensive Learning Strategy Enhanced Chaotic Whale Optimization for High-dimensional Feature Selection,SENSORS
2023,August,WOS,College of Computer and Information Sciences,Scientific,Cost-Effective Resources for Computing Approximation Queries in Mobile Cloud Computing Infrastructure,ENGINEERING APPLICATIONS OF ARTIFICIAL INTELLIGENCE
2023,August,WOS,College of Computer and Information Sciences,Scientific,Design and Selection of Inductor Current Feedback for the Sliding-Mode Controlled Hybrid Boost Converter,BIOMEDICAL SIGNAL PROCESSING AND CONTROL
2023,August,WOS,College of Computer and Information Sciences,Scientific,"Photocatalytic activity of sol-gel self-combustion derived MCr2O4 (M= Mg, Ni) spinel chromites for photodegradation of organic dyes",SUSTAINABILITY
2023,August,WOS,College of Computer and Information Sciences,Scientific,Requirement Change Prediction Model for Small Software Systems,ENERGIES
2023,August,WOS,College of Computer and Information Sciences,Scientific,Scale-adaptive model for detection and grading of age-related macular degeneration from color retinal fundus images,JOURNAL OF KING SAUD UNIVERSITY-COMPUTER AND INFORMATION SCIENCES
2023,August,WOS,College of Computer and Information Sciences,Scientific,Sentiment Analysis Technique for Textual Reviews Using Neutrosophic Set Theory in the Multi-Criteria Decision- Making System,SUSTAINABILITY
2023,August,WOS,College of Computer and Information Sciences,Scientific,"Arabic translation and cultural adaptation of sedentary behavior, dietary habits, and preclinical mobility limitation questionnaires: A cognitive interview study",DIAGNOSTICS
2023,August,WOS,College of Computer and Information Sciences,Scientific,Comprehensive assessment of physical activity policies and initiatives in Saudi Arabia 2016-2022,DIAGNOSTICS
2023,August,WOS,College of Computer and Information Sciences,Scientific,Cultural and linguistic appropriateness of a web-based breastfeeding educational resource for Saudi women: Consensus development conference approach,SCIENTIFIC REPORTS
2023,August,WOS,College of Computer and Information Sciences,Scientific,Erucic acid ameliorates the lipopolysaccharide-induced memory deficit in rats through inhibited inflammation cytokines expression/caspase 3/NF-& kappa;B pathways,DIGITAL SIGNAL PROCESSING
2023,August,WOS,College of Computer and Information Sciences,Scientific,Prevalence of lower back pain and its associations with lifestyle behaviors among college students in Saudi Arabia,HELIYON
2023,August,WOS,College of Computer and Information Sciences,Scientific,Gene expression profiles and spatial localisation of dystrophin isoforms in developing and adult human brain,JOURNAL OF OPTICS-INDIA
2023,August,WOS,College of Computer and Information Sciences,Scientific,Impacts of different triathlon races on systemic cytokine profile and metabolic parameters in healthy individuals: a systematic review,SUSTAINABILITY
2023,August,WOS,College of Computer and Information Sciences,Scientific,Public policies to increase physical activity and reduce sedentary behavior: a narrative synthesis of “reviews of reviews”,SENSORS
2023,August,WOS,College of Computer and Information Sciences,Scientific,Clinical Outcomes of Anticoagulant Therapy in COVID-19 Patients with Pre-Existing Cardiovascular Diseases: A Systematic Review,TRANSACTIONS ON EMERGING TELECOMMUNICATIONS TECHNOLOGIES
2023,August,WOS,College of Computer and Information Sciences,Scientific,Frequency and Seasonal Variations of Viruses Causing Respiratory Tract Infections in Children Pre- and Post-COVID-19 Pandemic in Riyadh (2017-2022),SUSTAINABILITY
2023,August,WOS,College of Computer and Information Sciences,Scientific,Legal and Bioethical Educational Module in Saudi Board of Emergency Medicine: A Qualitative Need Assessment ,MOBILE NETWORKS & APPLICATIONS
2023,August,WOS,College of Computer and Information Sciences,Scientific,"prevalence of pelvic floor dysfunction: a Saudi national survey (vol 22, 1, 2022)",MULTIMEDIA TOOLS AND APPLICATIONS
2023,August,WOS,College of Computer and Information Sciences,Scientific,Seizure Burden and Neurologic Outcomes After Neonatal Encephalopathy,MATHEMATICS
2023,August,WOS,College of Computer and Information Sciences,Scientific,Osteoid Osteoma of the Proximal Humerus: A Case Report and Literature Review,SENSORS
2023,August,scopus,College of Computer and Information Sciences,Scientific,Effectiveness of intra-thecal methotrexate in refractory Anti-N-methyl-d-aspartate receptor encephalitis,IEEE Access
2023,August,scopus,College of Computer and Information Sciences,Scientific,Public policies to increase physical activity and reduce sedentary behavior: a narrative synthesis of reviews of reviews,Lecture Notes in Networks and Systems
2023,August,scopus,College of Computer and Information Sciences,Scientific,Generalized morphea following COVID-19 vaccine: Case report and literature review,Optik
2023,August,scopus,College of Computer and Information Sciences,Scientific,Dermatology residents as educators: a qualitative study of identity formation,IEEE Access
2023,August,scopus,College of Computer and Information Sciences,Scientific,Diminishing benefits of urban living for children and adolescents’ growth and development,Computer Systems Science and Engineering
2023,August,scopus,College of Computer and Information Sciences,Scientific,"To Sir, With Love",Journal of Ambient Intelligence and Humanized Computing
2023,August,scopus,College of Computer and Information Sciences,Scientific,A scoping review on the impact of the COVID-19 pandemic on physical activity and sedentary behavior in Saudi Arabia,"Building Secure Business Models Through Blockchain Technology: Tactics, Methods, Limitations, and Performance"
2023,August,scopus,College of Computer and Information Sciences,Scientific,Interventions for reducing late-onset sepsis in neonates: an umbrella review,"Computers, Materials and Continua"
2023,August,scopus,College of Computer and Information Sciences,Scientific,Pharyngeal flap in velopharyngeal insufficiency; to Ward or ICU?,IEEE Access
2023,August,scopus,College of Computer and Information Sciences,Scientific,Effect of Local Antibiotic Prophylaxis on Postoperative Deep Infection in Fracture Surgery: A Systematic Review and Meta-Analysis,Computers and Security
2023,August,scopus,College of Computer and Information Sciences,Scientific,Hydrothermally Synthesized Fluorine Added O3-NaFe1-xMgxO2 Cathodes for Sodium Ion Batteries,"Proceedings of the 2023 IEEE International Conference on Advanced Systems and Emergent Technologies, IC_ASET 2023"
2023,August,scopus,College of Computer and Information Sciences,Scientific,Diagnosis and Management of Alopecia Areata: A Saudi Expert Consensus Statement (2023),IEEE Access
2023,August,scopus,College of Computer and Information Sciences,Scientific,Expanding the allelic spectrum of ELOVL4-related autosomal recessive neuro-ichthyosis,IEEE Access
2023,August,scopus,College of Computer and Information Sciences,Scientific,Intraosseous extension of supraspinatus calcific tendonitis in a young patient with severe shoulder pain: a rare case report,Environmental Research
2023,August,scopus,College of Computer and Information Sciences,Scientific,The Perspective of the General Population in Saudi Arabia towards Do-Not-Resuscitate (DNR) Orders: A Cross-Sectional Study,IEEE Access
2023,August,scopus,College of Computer and Information Sciences,Scientific,Awareness and acceptance of teleclinic services during COVID-19 in the general population in Riyadh: Cross-sectional study,International Journal of Fuzzy Systems
2023,August,scopus,College of Computer and Information Sciences,Scientific,Hemiepiphysiodesis for juvenile hallux valgus deformity: A systematic review,Lecture Notes in Networks and Systems
2023,August,scopus,College of Computer and Information Sciences,Scientific,Hemiepiphysiodesis for juvenile hallux valgus deformity: A systematic review,Heliyon
2023,August,scopus,College of Computer and Information Sciences,Scientific,"Cytotoxic Potential of Novel Quinoline Derivative: 11-(1,4-Bisaminopropylpiperazinyl)5-methyl-5H-indolo[2,3-b]quinoline against Different Cancer Cell Lines via Activation and Deactivation of the Expression of Some Proteins",PeerJ Computer Science
2023,August,scopus,College of Computer and Information Sciences,Scientific,Diagnosis and Management of Alopecia Areata: A Saudi Expert Consensus Statement (2023),"2023 International Conference on Disruptive Technologies, ICDT 2023"
2023,August,scopus,College of Computer and Information Sciences,Scientific,Emerging Therapies in the Medical Management of Allergic Fungal Rhinosinusitis,IEEE Access
2023,August,scopus,College of Computer and Information Sciences,Scientific,Expanding the allelic spectrum of ELOVL4-related autosomal recessive neuro-ichthyosis,Partial Differential Equations in Applied Mathematics
2023,August,scopus,College of Computer and Information Sciences,Scientific,Preparation and in vitro/in vivo characterization of sustained-release ciprofloxacin-carrageenan complex,IEEE Access
2023,August,scopus,College of Computer and Information Sciences,Scientific,Prevalence of lower back pain and its associations with lifestyle behaviors among college students in Saudi Arabia,IEEE Access
2023,August,scopus,College of Computer and Information Sciences,Scientific,Quality of Life Assessment in Intestinal Stoma Patients in the Saudi Population: A Cross-Sectional Study,IEEE Access
2023,August,scopus,College of Computer and Information Sciences,Scientific,"The influence of gender, media, and internet usage on adolescents' fast food perception and fluid intake",IEEE Access
2023,August,scopus,College of Computer and Information Sciences,Scientific,Effectiveness of intra-thecal methotrexate in refractory Anti-N-methyl-d-aspartate receptor encephalitis,IEEE Access
2023,August,scopus,College of Computer and Information Sciences,Scientific,Targeted next-generation sequencing of genes involved in Warfarin Pharmacodynamics and pharmacokinetics pathways using the Saudi Warfarin Pharmacogenetic study (SWAP),IEEE Access
2023,August,scopus,College of Computer and Information Sciences,Scientific,Nanoparticles as Drug Delivery Systems: A Review of the Implication of Nanoparticles' Physicochemical Properties on Responses in Biological Systems,IEEE Access
2023,August,scopus,College of Computer and Information Sciences,Scientific,Nanoparticles as Drug Delivery Systems: A Review of the Implication of Nanoparticles’ Physicochemical Properties on Responses in Biological Systems,IEEE Access
2023,August,scopus,College of Computer and Information Sciences,Scientific,Convolutional Deep Belief Network Based Short Text Classification on Arabic Corpus,IEEE Access
2023,August,scopus,College of Computer and Information Sciences,Scientific,Political Optimizer with Probabilistic Neural Network-Based Arabic Comparative Opinion Mining,IEEE Access
2023,August,scopus,College of Computer and Information Sciences,Scientific,Gender identification using marginalised stacked denoising autoencoders on twitter data,IEEE Access
2023,August,scopus,College of Computer and Information Sciences,Scientific,Improved Ant Lion Optimizer with Deep Learning Driven Arabic Hate Speech Detection,IEEE Access
2023,August,scopus,College of Computer and Information Sciences,Scientific,Non-alcoholic Fatty Liver in Children and Adolescents in Saudi Arabia,IEEE Access
2023,August,scopus,College of Computer and Information Sciences,Scientific,Nuclear attenuation ability of ternary alumina-borate glass system for medical shielding applications,IEEE Access
2023,August,scopus,College of Computer and Information Sciences,Scientific,"Nucleophilic transformation of 3-substituted-6,8-dimethylchromones with phenylhydrazine under various reaction conditions: Theoretical, spectroscopic characterization and in silico ADME studies",IEEE Access
2023,August,scopus,College of Computer and Information Sciences,Scientific,"One Pot Synthesis, Surface, and Magnetic Properties of Ni-NiO@C Nanocomposites",IEEE Access
2023,August,scopus,College of Computer and Information Sciences,Scientific,Optical features and radiation absorption efficiency of borate glasses and the role of PbO/ Eu2O3 substitution,IEEE Access
2023,August,scopus,College of Computer and Information Sciences,Scientific,Optimizing Multimodal Scene Recognition through Mutual Information-Based Feature Selection in Deep Learning Models,IEEE Access
2023,August,scopus,College of Computer and Information Sciences,Scientific,Optimizing performance: Achieving high capacitance and cycling durability in alkaline electrolyte with SnO2/SnSe||AC/KOH-based aqueous hybrid supercapacitor,IEEE Access
2023,August,scopus,College of Computer and Information Sciences,Scientific,"Phase transition, structural, optical and thermoelectric properties of spin coated CuxS thin films",IEEE Access
2023,August,scopus,College of Computer and Information Sciences,Scientific,"Physical, microstructural, and radiation energy absorption properties of recycled CRT-screen glass doped with Bi2O3",IEEE Access
2023,August,scopus,College of Computer and Information Sciences,Scientific,"Phytochemical analysis, in vitro and in silico effects from Alstonia boonei De Wild stem bark on selected digestive enzymes and adipogenesis in 3T3-L1 preadipocytes",IEEE Access
2023,August,scopus,College of Computer and Information Sciences,Scientific,Post-selenization induced structural phase transition and enhanced thermoelectric properties in AgBiSe2 alloy thin films,IEEE Access
2023,August,scopus,College of Computer and Information Sciences,Scientific,Preparation of newly developed porcelain ceramics containing WO3 nanoparticles for radiation shielding applications,IEEE Access
2023,August,scopus,College of Computer and Information Sciences,Scientific,Psychogenic Dysphagia in an Elderly: A Case of Eating Disorder Due to Trauma and Grief,IEEE Access
2023,August,scopus,College of Computer and Information Sciences,Scientific,Radiation attenuation of boro-tellurite glasses for efficient shielding applications,IEEE Access
2023,August,scopus,College of Computer and Information Sciences,Scientific,Radiation attenuation of SiO2-MgO glass system for shielding applications,IEEE Access
2023,August,scopus,College of Computer and Information Sciences,Scientific,"Regioselective synthesis, structural and bioactivity of acetylated 1,5-ben- zodiazepin-2-one derivatives - X-ray crystallography, DFT and molecular docking approaches",IEEE Access
2023,August,scopus,College of Computer and Information Sciences,Scientific,Repurposing of Strychnine as the Potential Inhibitors of Aldo-keto Reductase Family 1 Members B1 and B10: Computational Modeling and Pharmacokinetic Analysis,IEEE Access
2023,August,scopus,College of Computer and Information Sciences,Scientific,Research on color image encryption approach based on chaotic Duffing map,IEEE Access
2023,August,scopus,College of Computer and Information Sciences,Scientific,"RETRACTION: Adhesive bond integrity of silanized zirconia nanoparticles in polymeric resin dentin bonding agent. An FTIR, SEM, and micro-tensile experiment (Retraction of Vol 114, art no 103069, 2022)",IEEE Access
2023,August,scopus,College of Computer and Information Sciences,Scientific,Rhinolith Misdiagnosed as Fungal Mucin,IEEE Access
2023,August,scopus,College of Computer and Information Sciences,Scientific,SARS-CoV-2 virus associated angiotensin converting enzyme 2 expression modulation in colorectal cancer: Insights from mRNA and protein analysis COVID-19 associated (ACE2) expression in colorectal cancer,Computer Systems Science and Engineering
2023,August,scopus,College of Computer and Information Sciences,Scientific,Scar Ectopic Pregnancy as an Uncommon Site of Ectopic Pregnancy: A Case Report and Literature Review,ICT Express
2023,August,scopus,College of Computer and Information Sciences,Scientific,"Scrutinization of Stefan suction/blowing on thermal slip flow of ethylene glycol/water based hybrid ferro-fluid with nano-particles shape effect and partial slip (vol 565, 170276, 2023)",International Journal of Intelligent Systems and Applications in Engineering
2023,August,scopus,College of Computer and Information Sciences,Scientific,Side-edge dual-band MIMO antenna system for 5G cellular devices,Journal of King Saud University - Computer and Information Sciences
2023,August,scopus,College of Computer and Information Sciences,Scientific,"  In silico, in vitro VEGFR-2 inhibition, and anticancer activity of a 3-(hydrazonomethyl)naphthalene-2-ol derivative",ICCQ 2023 - Proceedings of the 3rd International Conference on Code Quality
2023,August,scopus,College of Computer and Information Sciences,Scientific,  In-silico screening of Acacia pennata and Bridelia retusa reveals pinocembrin-7-O-β-D-glucopyranoside as a promising β-lactamase inhibitor to combat antibiotic resistance,Soft Computing
2023,August,scopus,College of Computer and Information Sciences,Scientific,3D relative directions based evolutionary computation for UAV-to-UAV interaction in swarm intelligence enabled decentralized networks,Water (Switzerland)
2023,August,scopus,College of Computer and Information Sciences,Scientific,"4-Phthalimidobenzenesulfonamide Derivatives as Acetylcholinesterase and Butyrylcholinesterase Inhibitors: DFTs, 3D-QSAR, ADMET, and Molecular Dynamics Simulation",IEEE Sensors Journal
2023,August,scopus,College of Computer and Information Sciences,Scientific,A Binary Waterwheel Plant Optimization Algorithm for Feature Selection,Cluster Computing
2023,August,scopus,College of Computer and Information Sciences,Scientific,"A changeable thermal conductivity and optoelectronic-mechanical wave behavior in a microelongated, non-locally rotating semiconductor media","Computers, Materials and Continua"
2023,August,scopus,College of Computer and Information Sciences,Scientific,A Comparative Study of the Fractional-Order Belousov–Zhabotinsky System,Lecture Notes in Networks and Systems
2023,August,scopus,College of Computer and Information Sciences,Scientific,"A comprehensive study on the influence of Mg doping on structural, AC conductivity, and dielectric behavior of ZnONPs",Computers in Biology and Medicine
2023,August,scopus,College of Computer and Information Sciences,Scientific,"A concept for the biotechnological minimizing of emerging plastics, micro- and nano-plastics pollutants from the environment: A review",International Journal of Services and Operations Management
2023,August,scopus,College of Computer and Information Sciences,Scientific,A convolutional neural network-based decision support system for neonatal quiet sleep detection,"Computers, Materials and Continua"
2023,August,scopus,College of Computer and Information Sciences,Scientific,A Cross-Sectional Study Exploring the Relationship Between BMI and Nursing Students’ Emotional Well-Being During the COVID-19 Pandemic,Intelligent Automation and Soft Computing
2023,August,scopus,College of Computer and Information Sciences,Scientific,A Deep Learning Framework with an Intermediate Layer Using the Swarm Intelligence Optimizer for Diagnosing Oral Squamous Cell Carcinoma,AEU - International Journal of Electronics and Communications
2023,August,scopus,College of Computer and Information Sciences,Scientific,A Deep Reinforcement Learning Framework to Evade Black-Box Machine Learning Based IoT Malware Detectors Using GAN-Generated Influential Features,Sensors
2023,August,scopus,College of Computer and Information Sciences,Scientific,A finger print recognition using CNN Model,Journal of King Saud University - Computer and Information Sciences
2023,August,scopus,College of Computer and Information Sciences,Scientific,A Fractal-Fractional Order Model to Study Multiple Sclerosis: A Chronic Disease,Computer Systems Science and Engineering
2023,September,wos,College of Computer and Information Sciences,Scientific,A fractional approach to solar heating model using extended ODE system,PEERJ COMPUTER SCIENCE
2023,September,wos,College of Computer and Information Sciences,Scientific,A fractional numerical study on a plant disease model with replanting and preventive treatment,ELECTRONICS
2023,September,wos,College of Computer and Information Sciences,Scientific,A Fuzzy Inference-Based Decision Support System for Disease Diagnosis,PROCESSES
2023,September,wos,College of Computer and Information Sciences,Scientific,A homotopy perturbation method with Elzaki transformation for solving the fractional Biswas-Milovic model,ELECTRONICS
2023,September,wos,College of Computer and Information Sciences,Scientific,"A multi-phase investigation to understand the function of lanthanum and neodymium in the zirconia ceramics' synthesis, structural, and gamma-ray protective ability",COMPUTERS
2023,September,wos,College of Computer and Information Sciences,Scientific,"A pilot study to estimate the Pediatric radiation dose during thyroid, renal, and bone scan",JOURNAL OF OPTICS-INDIA
2023,September,wos,College of Computer and Information Sciences,Scientific,A study on the use of PMMA-Bi2O3 polymer composites as a replacement for concrete and gypsum at diagnostic photon energies,JOURNAL OF OPTICS-INDIA
2023,September,wos,College of Computer and Information Sciences,Scientific,"An Ethnobotanical, Phytochemical Analysis, Antimicrobial and Biological Studies of Pulicaria crispa as a Graze Promising Shrub",ARABIAN JOURNAL FOR SCIENCE AND ENGINEERING
2023,September,wos,College of Computer and Information Sciences,Scientific,An Improved Intuitionistic Fuzzy Decision-Theoretic Rough Set Model and Its Application,CAAI TRANSACTIONS ON INTELLIGENCE TECHNOLOGY
2023,September,wos,College of Computer and Information Sciences,Scientific,Analysis of the Zagreb Indices over the Weakly Zero-Divisor Graph of the Ring ZpxZtxZs,SENSORS
2023,September,wos,College of Computer and Information Sciences,Scientific,Antibacterial Drugs Resistance Profile of Uropathogenic Bacteria Recovered from Hemodialysis Patients,MULTIMODAL TECHNOLOGIES AND INTERACTION
2023,September,wos,College of Computer and Information Sciences,Scientific,Application of MACE filter with DRPE for cancelable biometric authentication,FRONTIERS IN PHYSICS
2023,September,wos,College of Computer and Information Sciences,Scientific,Assessment of Barriers to Wind Energy Development Using Analytic Hierarchy Process,APPLIED SCIENCES-BASEL
2023,September,wos,College of Computer and Information Sciences,Scientific,Bayesian and E-Bayesian estimation based on constant-stress partially accelerated life testing for inverted Topp-Leone distribution,EURASIP JOURNAL ON WIRELESS COMMUNICATIONS AND NETWORKING
2023,September,wos,College of Computer and Information Sciences,Scientific,Bayesian and non-Bayesian inference for inverse Weibull model based on jointly type-II hybrid censoring samples with modeling to physics data,ALEXANDRIA ENGINEERING JOURNAL
2023,September,wos,College of Computer and Information Sciences,Scientific,BF2SkNet: best deep learning features fusion-assisted framework for multiclass skin lesion classification,SUSTAINABILITY
2023,September,wos,College of Computer and Information Sciences,Scientific,Binary Oriented Feature Selection for Valid Product Derivation in Software Product Line,SUSTAINABILITY
2023,September,wos,College of Computer and Information Sciences,Scientific,"Bio-fabrication of silver nanoparticles using an aqueous extract of Quercus baloot: Preparation, characterization and in vitro antimicrobial evaluation",ENERGIES
2023,September,wos,College of Computer and Information Sciences,Scientific,"Biogenic Selenium Nanoparticles: Anticancer, Antimicrobial, Insecticidal Properties and Their Impact on Soybean (Glycine max L.) Seed Germination and Seedling Growth",CAAI TRANSACTIONS ON INTELLIGENCE TECHNOLOGY
2023,September,wos,College of Computer and Information Sciences,Scientific,Biogenic synthesis of ZnO and Al2O3 nanoparticles using Camellia sinensis and Origanum vulgare L. leaves extract for spectroscopic estimation of ofloxacin and ciprofloxacin in commercial formulations,ISPRS INTERNATIONAL JOURNAL OF GEO-INFORMATION
2023,September,wos,College of Computer and Information Sciences,Scientific,Bio-Inspired Artificial Intelligence with Natural Language Processing Based on Deceptive Content Detection in Social Networking,DIAGNOSTICS
2023,September,wos,College of Computer and Information Sciences,Scientific,Bio-Inspired Spotted Hyena Optimizer with Deep Convolutional Neural Network-Based Automated Food Image Classification,SOFT COMPUTING
2023,September,wos,College of Computer and Information Sciences,Scientific,"Biological Characterization of Cleome felina L.f. Extracts for Phytochemical, Antimicrobial, and Hepatoprotective Activities in Wister Albino Rats",BIOMIMETICS
2023,September,wos,College of Computer and Information Sciences,Scientific,Bio-mediated synthesis of Cu-TiO2 nanoparticles using Phoenix dactylifera lignocellulose as capping and reducing agent for the catalytic degradation of toxic dyes,SUSTAINABILITY
2023,September,wos,College of Computer and Information Sciences,Scientific,Biomedical Image Analysis for Colon and Lung Cancer Detection Using Tuna Swarm Algorithm with Deep Learning Model,PLASMONICS
2023,September,wos,College of Computer and Information Sciences,Scientific,"Bio-organic fertilizers promote yield, chemical composition, and antioxidant and antimicrobial activities of essential oil in fennel (Foeniculum vulgare) seeds",SENSORS
2023,September,wos,College of Computer and Information Sciences,Scientific,Biosolids application enhances the growth of Aloe vera plants and provides a sustainable practice for nutrient recirculation in agricultural soils,SOFT COMPUTING
2023,September,wos,College of Computer and Information Sciences,Scientific,Biosynthesis Effect of Egg White on Formation and Characteristics of NiO/NiCo2O4 Nanocomposites,FUTURE INTERNET
2023,September,wos,College of Computer and Information Sciences,Scientific,Bipolar picture fuzzy hypersoft set-based performance analysis of abrasive textiles for enhanced quality control,PROCESSES
2023,September,wos,College of Computer and Information Sciences,Scientific,Bistability and tristability in a deterministic prey–predator model: Transitions and emergent patterns in its stochastic counterpart,MULTIMEDIA TOOLS AND APPLICATIONS
2023,September,wos,College of Computer and Information Sciences,Scientific,Blockchain Enabled Smart Healthcare System Using Jellyfish Search Optimization with Dual-Pathway Deep Convolutional Neural Network,INTERNATIONAL JOURNAL OF ADVANCED MANUFACTURING TECHNOLOGY
2023,September,wos,College of Computer and Information Sciences,Scientific,Blockchain-Assisted Secure Smart Home Network Using Gradient-Based Optimizer with Hybrid Deep Learning Model,IMAGING SCIENCE JOURNAL
2023,September,wos,College of Computer and Information Sciences,Scientific,Blockchain-Assisted Vehicle and Cargo Matching Using Optimal Fuzzy Restricted Boltzmann Machine in Autonomous Transport System,SYSTEMS
2023,September,wos,College of Computer and Information Sciences,Scientific,Bone Cancer Detection and Classification Using Owl Search Algorithm With Deep Learning on X-Ray Images,WORLD ELECTRIC VEHICLE JOURNAL
2023,September,wos,College of Computer and Information Sciences,Scientific,Bounds for Eigenvalues of q-Laplacian on Contact Submanifolds of Sasakian Space Forms,BUILDINGS
2023,September,wos,College of Computer and Information Sciences,Scientific,Brain–Computer Interface: The HOL–SSA Decomposition and Two-Phase Classification on the HGD EEG Data,FRONTIERS IN ENERGY RESEARCH
2023,September,wos,College of Computer and Information Sciences,Scientific,Bread Spoilage Fungi as Creators of α-Amylase Using Two Types of Wheat Flour,SOFT COMPUTING
2023,September,wos,College of Computer and Information Sciences,Scientific,Breast Cancer Classification Using Synthesized Deep Learning Model with Metaheuristic Optimization Algorithm,FUTURE GENERATION COMPUTER SYSTEMS-THE INTERNATIONAL JOURNAL OF ESCIENCE
2023,September,wos,College of Computer and Information Sciences,Scientific,Bullet embolization from the right subclavian artery to the right common femoral artery,SENSORS
2023,September,wos,College of Computer and Information Sciences,Scientific,Business processes management as a tool to enhance intellectual capital in the digitalization era: the new challenges to face,OPTICAL AND QUANTUM ELECTRONICS
2023,September,wos,College of Computer and Information Sciences,Scientific,Business processes management as a tool to enhance intellectual capital in the digitalization era: the new challenges to face,SENSORS
2023,September,wos,College of Computer and Information Sciences,Scientific,CADFU for Dermatologists: A Novel Chronic Wounds & Ulcers Diagnosis System with DHuNeT (Dual-Phase Hyperactive UNet) and YOLOv8 Algorithm,IEEE TRANSACTIONS ON COMPUTATIONAL SOCIAL SYSTEMS
2023,September,wos,College of Computer and Information Sciences,Scientific,Cadmium cardiotoxicity is associated with oxidative stress and upregulated TLR-4/NF-kB pathway in rats; protective role of agomelatine,HEALTHCARE
2023,September,wos,College of Computer and Information Sciences,Scientific,Cancelable template generation based on quantization concepts,FUTURE GENERATION COMPUTER SYSTEMS-THE INTERNATIONAL JOURNAL OF ESCIENCE
2023,September,wos,College of Computer and Information Sciences,Scientific,Cancer Diagnosis through Contour Visualization of Gene Expression Leveraging Deep Learning Techniques,LIFE-BASEL
2023,September,wos,College of Computer and Information Sciences,Scientific,Cancer Unveiled: A Deep Dive Into Breast Tumor Detection Using Cutting-Edge Deep Learning Models,OPTICAL AND QUANTUM ELECTRONICS
2023,September,wos,College of Computer and Information Sciences,Scientific,Carbon sphere doped CdS quantum dots served as a dye degrader and their bactericidal behavior analysed with in silico molecular docking analysis,FRONTIERS IN ENERGY RESEARCH
2023,October,WOS,College of Computer and Information Sciences,Scientific,CERP: Cooperative and Efficient Routing Protocol for Wireless Sensor Networks,PEERJ COMPUTER SCIENCE
2023,October,WOS,College of Computer and Information Sciences,Scientific,Certain Results on the Lifts from an LP-Sasakian Manifold to Its Tangent Bundle Associated with a Quarter-Symmetric Metric Connection,MULTIMODAL TECHNOLOGIES AND INTERACTION
2023,October,WOS,College of Computer and Information Sciences,Scientific,Cervical cancer detection using K nearest neighbor imputer and stacked ensemble learningmodel,SCIENTIFIC REPORTS
2023,October,WOS,College of Computer and Information Sciences,Scientific,"Changes in energy and macronutrient intakes during Ramadan fasting: a systematic review, meta-analysis, and meta-regression",SCIENTIFIC REPORTS
2023,October,WOS,College of Computer and Information Sciences,Scientific,Chaotic Mapping Lion Optimization Algorithm-Based Node Localization Approach for Wireless Sensor Networks,WIRELESS PERSONAL COMMUNICATIONS
2023,October,WOS,College of Computer and Information Sciences,Scientific,Chaotic tumbleweed optimization algorithm with stacked deep learning based cyberattack detection in industrial CPS environment,SENSORS
2023,October,WOS,College of Computer and Information Sciences,Scientific,"Characterization, electrical and optical properties of PVA/MnO2 nanocomposite materials",FRONTIERS IN ENERGY RESEARCH
2023,October,WOS,College of Computer and Information Sciences,Scientific,Cheminformatics-based discovery of new organoselenium compounds with potential for the treatment of cutaneous and visceral leishmaniasis,SENSORS
2023,October,WOS,College of Computer and Information Sciences,Scientific,Chitosan-cellulose composite for the adsorptive removal of anionic dyes: Experimental and theoretically approach,MULTIMEDIA TOOLS AND APPLICATIONS
2023,October,WOS,College of Computer and Information Sciences,Scientific,Chromatographic assessment of biodiesel production from Peganum harmala seed oil using environmentally benign nano-catalysts,MICROMACHINES
2023,October,WOS,College of Computer and Information Sciences,Scientific,Classical and Bayesian estimation for Gompertz distribution under the unified hybrid censored sampling with application,ELECTRONICS
2023,October,WOS,College of Computer and Information Sciences,Scientific,"Climate Change and the Dung Beetle: Evaluation of Global Warming Impact on the Distribution of Phyllognathus excavatus (Forster, 1771) through the Mediterranean Region",ENVIRONMENTAL RESEARCH
2023,October,WOS,College of Computer and Information Sciences,Scientific,Cloud-Based Quad Deep Ensemble Framework for the Detection of COVID-19 Omicron and Delta Variants,JOURNAL OF OPTICS-INDIA
2023,October,WOS,College of Computer and Information Sciences,Scientific,Clouding of TX-100 and promethazine hydrochloride mixture: Impacts of Na salts on the physicochemical parameters and interaction forces linked with studied components,DIAGNOSTICS
2023,October,WOS,College of Computer and Information Sciences,Scientific,"Coenzyme Q10-Loaded Albumin Nanoparticles Protect against Redox Imbalance and Inflammatory, Apoptotic, and Histopathological Alterations in Mercuric Chloride-Induced Hepatorenal Toxicity in Rats",MEDICAL & BIOLOGICAL ENGINEERING & COMPUTING
2023,October,WOS,College of Computer and Information Sciences,Scientific,Combined Use of TiO2 Nanoparticles and Biochar Produced from Moss (Leucobryum glaucum (Hedw.) Ångstr.) Biomass for Chinese Spinach (Amaranthus dubius L.) Cultivation under Saline Stress,SUSTAINABILITY
2023,October,WOS,College of Computer and Information Sciences,Scientific,Combining Feature Selection Techniques and Neurofuzzy Systems for the Prediction of Total Viable Counts in Beef Fillets Using Multispectral Imaging,SUSTAINABILITY
2023,October,WOS,College of Computer and Information Sciences,Scientific,Combining Nucleotide Sequence Variants and Transcript Levels of Immune and Antioxidant Markers for Selection and Improvement of Mastitis Resistance in Dromedary Camels,PROCESSES
2023,October,WOS,College of Computer and Information Sciences,Scientific,Comparative efficacy of silicon and iron oxide nanoparticles towards improving the plant growth and mitigating arsenic toxicity in wheat (Triticum aestivum L.),OPTICAL AND QUANTUM ELECTRONICS
2023,October,WOS,College of Computer and Information Sciences,Scientific,COMPARISON OF ENDOPHYTIC MICROBIOME COMMUNITY AND RHIZOSPHERE IN THE DESERT PLANT SENNA ITALICA,BIOMIMETICS
2023,October,WOS,College of Computer and Information Sciences,Scientific,Comparison of Letrozole and Clomiphene Citrate in Pregnancy Outcomes in Patients with Polycystic Ovary Syndrome: A Systematic Review and Meta-analysis,FRONTIERS IN MOLECULAR BIOSCIENCES
2023,October,WOS,College of Computer and Information Sciences,Scientific,"COMPLEXATION OF SOME ALKALINE EARTH METALS WITH BIDENTATE URACIL LIGAND: SYNTHESIS, SPECTROSCOPIC AND ANTIMICROBIAL ANALYSIS",ENVIRONMENT-BEHAVIOUR PROCEEDINGS JOURNAL
2023,October,WOS,College of Computer and Information Sciences,Scientific,"Comprehensive analysis of novel cubic HgCrO3 perovskite: a first principles, structural, thermodynamic, and magnetic properties study for spintronic applications",ELECTRONICS
2023,October,WOS,College of Computer and Information Sciences,Scientific,"Comprehensive study of optical, thermal, and gamma-ray shielding properties of Bi2O3-ZnO-PbO-B2O3 glasses",ELECTRONICS
2023,October,WOS,College of Computer and Information Sciences,Scientific,Computational Analysis: Unveiling the Quantum Algorithms for Protein Analysis and Predictions,ELECTRONICS
2023,October,WOS,College of Computer and Information Sciences,Scientific,Computer-assisted drug discovery (CADD) of an anti-cancer derivative of the theobromine alkaloid inhibiting VEGFR-2,CANCERS
2023,October,WOS,College of Computer and Information Sciences,Scientific,Computer-Assisted Drug Discovery of a Novel Theobromine Derivative as an EGFR Protein-Targeted Apoptosis Inducer,COMPUTERS IN BIOLOGY AND MEDICINE
2023,October,WOS,College of Computer and Information Sciences,Scientific,Concavity principles for nonautonomous elliptic equations and applications,BIONANOSCIENCE
2023,October,WOS,College of Computer and Information Sciences,Scientific,Condition optimization of eco-friendly RP-HPLC and MCR methods via Box–Behnken design and six sigma approach for detecting antibiotic residues,JOURNAL OF OPTICS-INDIA
2023,October,WOS,College of Computer and Information Sciences,Scientific,Consensus Statement on the Use of Botulinum Neurotoxin in the Middle East,JOURNAL OF OPTICS-INDIA
2023,October,WOS,College of Computer and Information Sciences,Scientific,Continuity of care in primary healthcare settings among patients with chronic diseases in Saudi Arabia,OPTICAL AND QUANTUM ELECTRONICS
2023,October,WOS,College of Computer and Information Sciences,Scientific,Convolutional neural network and ensemble machine learning model for optimizing performance of emotion recognition in wild,ELECTRONIC COMMERCE RESEARCH
2023,October,WOS,College of Computer and Information Sciences,Scientific,DeepFND: an ensemble-based deep learning approach for the optimization and improvement of fake news detection in digital platform,SENSORS
2023,October,WOS,College of Computer and Information Sciences,Scientific,"Desertification hazards in the middle zone of Wadi Fatimah, West Saudi Arabia ( vol 26, pg 491 ,2023 )",DIAGNOSTICS
2023,October,WOS,College of Computer and Information Sciences,Scientific,"Design, synthesis, apoptotic, and antiproliferative effects of 5-chloro-3-(2-methoxyvinyl)-indole-2-carboxamides and pyrido[3,4-b]indol-1-ones as potent EGFRWT/EGFRT790M inhibitors",ICT EXPRESS
2023,October,WOS,College of Computer and Information Sciences,Scientific,Detection of attacks on software defined networks using machine learning techniques and imbalanced data handling methods,REMOTE SENSING
2023,October,WOS,College of Computer and Information Sciences,Scientific,Development of a PV/Battery Micro-Grid for a Data Center in Bangladesh: Resilience and Sustainability Analysis,SCIENTIFIC REPORTS
2023,October,WOS,College of Computer and Information Sciences,Scientific,"DFT, ADME studies and evaluation of the binding with HSA and MAO-B inhibitory potential of protoberberine alkaloids from Guatteria friesiana: theoretical insights of promising candidates for the treatment of Parkinson's disease",DIAGNOSTICS
2023,October,WOS,College of Computer and Information Sciences,Scientific,Diabetic Retinopathy Detection Using 3D OCT Features,LIFE-BASEL
2023,October,WOS,College of Computer and Information Sciences,Scientific,Diagnostic reference levels for common pediatric computed tomography studies: A retrospective study.,CANCERS
2023,October,WOS,College of Computer and Information Sciences,Scientific,Diclofenac sodium drug adsorption isotherm on carbon xerogels via an advanced two layers model with two energies,SENSORS
2023,October,WOS,College of Computer and Information Sciences,Scientific,"Discovery of new VEGFR-2 inhibitors and apoptosis inducer-based thieno[2,3-d]pyrimidine",SENSORS
2023,October,WOS,College of Computer and Information Sciences,Scientific,"Study of the Influence of Electron Spin in Ferromagnetism and Thermoelectric Characteristics of CdTm2Y4 (Y = S, Se) Spinels for Spintronic Applications",ALEXANDRIA ENGINEERING JOURNAL
2023,October,WOS,College of Computer and Information Sciences,Scientific,"Synthesis and In Vitro α-Amylase and α-Glucosidase Dual Inhibitory Activities of 1,2,4-Triazole-Bearing bis-Hydrazone Derivatives and Their Molecular Docking Study",JOURNAL OF SIGNAL PROCESSING SYSTEMS FOR SIGNAL IMAGE AND VIDEO TECHNOLOGY
2023,October,WOS,College of Computer and Information Sciences,Scientific,Statistical analysis of progressively first-failure-censored data via beta-binomial removals,SYMMETRY-BASEL
2023,October,WOS,College of Computer and Information Sciences,Scientific,Surface family pair with Bertrand pair as mutual geodesic curves in Euclidean 3-space E3,PLOS ONE
2023,October,WOS,College of Computer and Information Sciences,Scientific,Symmetric n-derivations on prime ideals with applications,SENSORS
2023,October,WOS,College of Computer and Information Sciences,Scientific,Threshold dynamics of stochastic cholera epidemic model with direct transmission,ENGINEERING APPLICATIONS OF ARTIFICIAL INTELLIGENCE
2023,October,WOS,College of Computer and Information Sciences,Scientific,"Synthesis, in vitro analysis and molecular docking study of novel benzoxazole-based oxazole derivatives for the treatment of Alzheimer's disease",JOURNAL OF KING SAUD UNIVERSITY-COMPUTER AND INFORMATION SCIENCES
2023,October,WOS,College of Computer and Information Sciences,Scientific,Spectrum of the Cozero-Divisor Graph Associated to Ring Zn,SUSTAINABILITY
2023,October,WOS,College of Computer and Information Sciences,Scientific,The Frequency of CYP2D6 and CYP3A4/5 Genotypes and The Impact of Their Allele Translation and Phenoconversion-Predicted Enzyme Activity on Risperidone Pharmacokinetics in Saudi Children with Autism,DIAGNOSTICS
2023,October,WOS,College of Computer and Information Sciences,Scientific,"Unveiling the volatile compounds and antibacterial mechanisms of action of Cupressus sempervirens L., against Bacillus subtilis and Pseudomonas aeruginosa",MULTIMEDIA TOOLS AND APPLICATIONS
2023,October,WOS,College of Computer and Information Sciences,Scientific,"Targeting Autophagy, Apoptosis, and Oxidative Perturbations with Dapagliflozin Mitigates Cadmium-Induced Cognitive Dysfunction in Rats",MATHEMATICS
2023,October,WOS,College of Computer and Information Sciences,Scientific,"SPECTROSCOPIC, THERMAL, AND ANTICANCER INVESTIGATIONS OF NEW COBALT(II) AND NICKEL(II) TRIAZINE COMPLEXES",DIGITAL SIGNAL PROCESSING
2023,October,WOS,College of Computer and Information Sciences,Scientific,Uterine rupture in a term pregnancy after a previous uterine artery embolization to manage a large fibroid. A case report,JOURNAL OF OPTICS-INDIA
2023,October,WOS,College of Computer and Information Sciences,Scientific,Temperature distribution in tumour tissue during targeted destruction by heat: A hyperbolic bioheat equation approach,BIONANOSCIENCE
2023,October,WOS,College of Computer and Information Sciences,Scientific,Transient numerical simulations in innovative thermoelectric power: A comprehensive study on material segmentation and cross-section design for multi-facetted excellence,MULTIMEDIA TOOLS AND APPLICATIONS
2023,October,WOS,College of Computer and Information Sciences,Scientific,"Three cases of colon cancer in four generations of the Saudi family, caused by endogamous germline mutations",DIAGNOSTICS
2023,October,WOS,College of Computer and Information Sciences,Scientific,Transcriptomic analysis in renal cell carcinoma and COVID-19 patients,TRANSACTIONS ON EMERGING TELECOMMUNICATIONS TECHNOLOGIES
2023,October,WOS,College of Computer and Information Sciences,Scientific,The role of ZrO2 as glass-network former on radiation transmission properties of aluminoborosilicate (ABS) glasses: A glass type for nuclear waste immobilization,BMC MEDICAL IMAGING
2023,October,WOS,College of Computer and Information Sciences,Scientific,The Impact of Recombinant Human Erythropoietin Administration in Critically ill COVID-19 Patients: A Multicenter Cohort Study,MOBILE NETWORKS & APPLICATIONS
2023,October,WOS,College of Computer and Information Sciences,Scientific,The Patients’ Perspective for the Impact of Late Detection of Ocular Diseases on Quality of Life: A Cross-Sectional Study,FRONTIERS IN ONCOLOGY
2023,October,WOS,College of Computer and Information Sciences,Scientific,Text Augmentation-Based Model for Emotion Recognition Using Transformers,MULTIMEDIA TOOLS AND APPLICATIONS
2023,October,WOS,College of Computer and Information Sciences,Scientific,The Prevalence of Potential Prescribing Omissions for Antiplatelets and Statins in Older Adults With Atherosclerotic Cardiovascular Disease,SENSORS
2023,November,wos,College of Computer and Information Sciences,Scientific,"The adsorption behaviors of industrial dyes by natural mordenite: isotherm, kinetic, thermodynamic, and Box–Behnken design study",MICROMACHINES
2023,November,wos,College of Computer and Information Sciences,Scientific,Study the radiation attenuation properties of MgO/barite composite ceramics for photon shielding applications,ELECTRONICS
2023,November,wos,College of Computer and Information Sciences,Scientific,Wireless water consumption sensing system for building energy efficiency: A visual-based approach with self-powered operation,WATER
2023,November,wos,College of Computer and Information Sciences,Scientific,Tinite-Ceramic-Inspired Solar-Driven Thermoelectric Nanogenerator-Single Step toward Efficient Energy Harvesting,BMC BIOINFORMATICS
2023,November,wos,College of Computer and Information Sciences,Scientific,The Hepatic Antisteatosis Effect of Xanthohumol in High-Fat Diet-Fed Rats Entails Activation of AMPK as a Possible Protective Mechanism,SCIENTIFIC REPORTS
2023,November,wos,College of Computer and Information Sciences,Scientific,"Unveiling the interplay between NSAID-induced dysbiosis and autoimmune liver disease in children: insights into the hidden gateway to autism spectrum disorders. Evidence from ex vivo, in vivo, and clinical studies",OPTICAL AND QUANTUM ELECTRONICS
2023,November,wos,College of Computer and Information Sciences,Scientific,Use of multi-walled carbon nanotubes (MWCNTs) stabilized in Arabic gum colloidal solution to induce genotoxicity and apoptosis of human breast and lung cancer cell lines,BIOMIMETICS
2023,November,wos,College of Computer and Information Sciences,Scientific,The repercussions of digital bullying on social media users,SENSORS
2023,November,wos,College of Computer and Information Sciences,Scientific,Stability of magnetohydrodynamics free convective micropolar thermal liquid movement over an exponentially extended curved surface,MEMBRANES
2023,November,wos,College of Computer and Information Sciences,Scientific,The nexus between quality of customer relationship management systems and customers' satisfaction: Evidence from online customers' reviews,SENSORS
2023,November,wos,College of Computer and Information Sciences,Scientific,"Therapeutic role of mesenchymal stem cells and platelet-rich plasma on skin burn healing and rejuvenation: A focus on scar regulation, oxido-inflammatory stress and apoptotic mechanisms",DATA & KNOWLEDGE ENGINEERING
2023,November,wos,College of Computer and Information Sciences,Scientific,Validation and development of RP-HPLC method for quantification of glibenclamide in rat plasma and its application to pharmacokinetic studies in wistar rats,JOURNAL OF OPTICS-INDIA
2023,November,wos,College of Computer and Information Sciences,Scientific,Sparrow Search Algorithm With Stacked Deep Learning Based Medical Image Analysis for Pancreatic Cancer Detection and Classification,OPTICAL AND QUANTUM ELECTRONICS
2023,November,wos,College of Computer and Information Sciences,Scientific,TiWA: Achieving Tetra Indicator Wi-Fi Associations in Software Defined Wi-Fi Networks,ATMOSPHERE
2023,November,wos,College of Computer and Information Sciences,Scientific,Tuna Swarm Algorithm with Deep Learning Enabled Violence Detection in Smart Video Surveillance Systems,ELECTRONICS
2023,November,wos,College of Computer and Information Sciences,Scientific,The influence of celebrities on the conspicuous consumption of Saudi youth,DIAGNOSTICS
2023,November,wos,College of Computer and Information Sciences,Scientific,Structural characteristics and dielectric properties of irradiated polyvinyl alcohol/sodium iodide composite films,APPLIED SCIENCES-BASEL
2023,November,wos,College of Computer and Information Sciences,Scientific,Synthesis of flexible polymer nanocomposites based on methyl cellulose/copper oxide with desired dielectric properties for electrical applications,ENERGY REPORTS
2023,November,wos,College of Computer and Information Sciences,Scientific,Synthesis and characterization of chitosan hybridized zinc phosphate/ hydroxyapatite core shell nanostructure and its potentiality as delivery system of oxaliplatin drug,SUSTAINABILITY
2023,November,wos,College of Computer and Information Sciences,Scientific,Solidification process and changing the physical behavior of PCM with involve of nanoparticles,MULTIMEDIA TOOLS AND APPLICATIONS
2023,November,wos,College of Computer and Information Sciences,Scientific,Utilizing memory effects to enhance resilience in disease-driven prey-predator systems under the influence of global warming,DRONES
2023,November,wos,College of Computer and Information Sciences,Scientific,"Synthesis and biological evaluation of substituted aurone derivatives as potential tyrosinase inhibitors: in vitro, kinetic, QSAR, docking and drug-likeness studies",PEERJ COMPUTER SCIENCE
2023,November,wos,College of Computer and Information Sciences,Scientific,Virtual screening and molecular dynamics simulation study of abyssomicins as potential inhibitors of COVID‐19 virus main protease and spike protein,SCIENTIFIC REPORTS
2023,November,wos,College of Computer and Information Sciences,Scientific,"The Association between Cardiovascular Risk Factors and Carotid Intima-Media Thickness in 42,726 Adults in UK Biobank: A Cross-Sectional Study",ELECTRONICS
2023,November,wos,College of Computer and Information Sciences,Scientific,The Benefits and Imperative of Venous Thromboembolism Risk Screening for Hospitalized Patients: A Systematic Review,DIAGNOSTICS
2023,November,wos,College of Computer and Information Sciences,Scientific,Strategies Toward End-group Engineering of Chrysene Core-based Non-fullerene Acceptors for High Performance Organic Solar Cells: A DFT Study,MATHEMATICS
2023,November,wos,College of Computer and Information Sciences,Scientific,Thermal Analysis on Kerosene Oil-Based Two Groups of Ternary Hybrid Nanoparticles (CNT-Gr-Fe3O4 and MgO-Cu-Au) Mix Flow over a Bidirectional Stretching Sheet: A Comparative Approach,BMC BIOINFORMATICS
2023,November,wos,College of Computer and Information Sciences,Scientific,The impact of climate disaster on international trade: Evidence from developed and developing countries,MATHEMATICS
2023,November,wos,College of Computer and Information Sciences,Scientific,Validation of the efficiency of arsenic mitigation strategies in southwestern region of Bangladesh and development of a cost-effective adsorbent to mitigate arsenic levels,HEALTHCARE
2023,November,wos,College of Computer and Information Sciences,Scientific,Tongue microarchitecture and functional characterization of the lingual papillae in the desert hedgehog (Paraechinus aethiopicus),JOURNAL OF OPTICS-INDIA
2023,November,wos,College of Computer and Information Sciences,Scientific,Using Functionalized Micron-Sized Glass Fibres for the Synergistic Effect of Glass Ionomer on Luting Material,WIRELESS NETWORKS
2023,November,wos,College of Computer and Information Sciences,Scientific,Unleashing the power of artificial intelligence for diagnosing and treating infectious diseases: A comprehensive review,LAND
2023,November,wos,College of Computer and Information Sciences,Scientific,Wet chemical synthesis and characterization of FeVO4 nanoparticles for super capacitor as energy storage device,SUSTAINABILITY
2023,November,wos,College of Computer and Information Sciences,Scientific,Thermoset-polymer matrix composite materials of jute and glass fibre reinforcements: Radiation effects determination,KNOWLEDGE AND INFORMATION SYSTEMS
2023,November,wos,College of Computer and Information Sciences,Scientific,Synthesis and characterization of ZnO nanoparticles and their application in dye-sensitized solar cells,EGYPTIAN INFORMATICS JOURNAL
2023,November,wos,College of Computer and Information Sciences,Scientific,Synthesis of Adenosine 5-monophosphate monohydrate functionalized mesoporous Ag/CuO/MCM-41 nanostructures for enormous mineralization of insistent organic contaminants and photoinhibition of bacteria,FRACTALS-COMPLEX GEOMETRY PATTERNS AND SCALING IN NATURE AND SOCIETY
2023,November,wos,College of Computer and Information Sciences,Scientific,The effects of physical activity on health-related quality of life among working mothers living in amman: A correlational study,SYMMETRY-BASEL
2023,November,wos,College of Computer and Information Sciences,Scientific,"Study of curie temperaure, spin polarization, ferromagnetism and transport behavior of Ba2CrXO6 (X = Ta, W, Re, Os) for spintronic",SCIENTIFIC REPORTS
2023,November,wos,College of Computer and Information Sciences,Scientific,"Synthesis and optimization of alkaline earth borate glasses doped with Fe2O3: Significance of BaO/MgO on the physical, structural features and radiation shielding performance",DIAGNOSTICS
2023,November,wos,College of Computer and Information Sciences,Scientific,The presence of NORMs and toxic heavy metals in talcum baby powder,SMART CITIES
2023,November,wos,College of Computer and Information Sciences,Scientific,The effect of face masks on the filtration rate of Radon (222Rn) gas and its progeny in breathing air,OPTICAL AND QUANTUM ELECTRONICS
2023,December,Wos,College of Computer and Information Sciences,Scientific,"Sm3+ ions doped Sm2Si2O7-based glass ceramics: Crystallization, luminescence and energy transfer process through heat treatment",APPLIED SCIENCES-BASEL
2023,December,Wos,College of Computer and Information Sciences,Scientific,Sodium metaphosphate-tungsten trioxide glasses: a characterization study on gamma-ray shielding properties and transmission factors (TFs),PHYSICA SCRIPTA
2023,December,Wos,College of Computer and Information Sciences,Scientific,"Synthesis, the structural and thermal stability of LiCo1 − xFexPO4",JOURNAL OF MAGNETISM AND MAGNETIC MATERIALS
2023,December,Wos,College of Computer and Information Sciences,Scientific,Travel and Tourism Marketing in the age of the conscious tourists: a study on CSR and tourist brand advocacy,AEU-INTERNATIONAL JOURNAL OF ELECTRONICS AND COMMUNICATIONS
2023,December,Wos,College of Computer and Information Sciences,Scientific,Validated spectrofluorimetric method for the determination of netilmicin based on its interaction with o-phthalaldehyde/mercaptoethanol: Evaluation of the method's greenness,Alexandria Engineering Journal
2023,December,Wos,College of Computer and Information Sciences,Scientific,The distribution of radiotoxic 137Cs concentrations in seaweed and mussel species in the Mediterranean Sea,IEEE Access
2023,December,wos,College of Computer and Information Sciences,Scientific,"Synthesis and Characterization of β-Cyclodextrin-Hybridized Exfoliated Kaolinite Single Nanosheets as Potential Carriers of Oxaliplatin with Enhanced Loading, Release, and Cytotoxic Properties",Mathematical Biosciences and Engineering
2023,December,wos,College of Computer and Information Sciences,Scientific,"Thermal, optical, and radiation shielding capacity of B2O3-MoO3-Li2O-Nb2O5 glasses",Diagnostics
2023,December,wos,College of Computer and Information Sciences,Scientific,Unit Exponential Probability Distribution: Characterization and Applications in Environmental and Engineering Data Modeling,IEEE Access
2023,December,wos,College of Computer and Information Sciences,Scientific,Unleashing the Potential of Benincasa hispida Peel Extract: Synthesizing Selenium Nanoparticles with Remarkable Antibacterial and Anticancer Properties,"2023 3rd International Conference on Advance Computing and Innovative Technologies in Engineering, ICACITE 2023"
2023,December,wos,College of Computer and Information Sciences,Scientific,"Synthesis, Characterization, and Biological Properties of Iron Oxide Nanoparticles Synthesized from Apis mellifera Honey",Computer Journal
2023,December,Wos,College of Computer and Information Sciences,Scientific,"The Characterization and Study of Antibacterial, Free Radical Scavenging, and Anticancer Potential of Livistona chinensis-Mediated Silver Nanoparticles",JOURNAL OF OPTICS-INDIA
2023,December,Wos,College of Computer and Information Sciences,Scientific,Traditional and deep-learning-based denoising methods for medical images,Neural Computing and Applications
2023,December,Wos,College of Computer and Information Sciences,Scientific,Wheat Grains as a Sustainable Source of Protein for Health,Biomimetics
2023,December,Wos,College of Computer and Information Sciences,Scientific,Spectral analysis of variable-order multi-terms fractional differential equations,Biomimetics
2023,December,Wos,College of Computer and Information Sciences,Scientific,Synthesis of CeO2-BiVO4 nano photocatalyst material and used for the degradation of gaseous formaldehyde,IEEE Access
2023,December,Wos,College of Computer and Information Sciences,Scientific,"Synthesis, photoluminescence and gamma attenuation properties of europium-doped borate glasses",IEEE Access
2023,December,Wos,College of Computer and Information Sciences,Scientific,The complex role of MEG3: An emerging long non-coding RNA in breast cancer,IEEE Access
2023,December,Wos,College of Computer and Information Sciences,Scientific,"Targeting Autophagy, Apoptosis, and SIRT1/Nrf2 Axis with Topiramate Underlies Its Neuroprotective Effect against Cadmium-Evoked Cognitive Deficits in Rats",IEEE Access
2023,December,Wos,College of Computer and Information Sciences,Scientific,"Taxonomical study on genus Solanum (Solanaceae) in Taif region, Saudi Arabia",Diagnostics
2023,December,Wos,College of Computer and Information Sciences,Scientific,Use of zinc quantum dot biochar and AMF for alleviation of Cd stress in maize: Regulation of physiological and biochemical attributes,Diagnostics
2023,December,Wos,College of Computer and Information Sciences,Scientific,"Solvation Effects, Reactivity Studies and Molecular Dynamics of Two Phosphonic Acids–Theoretical Investigation",Healthcare (Switzerland)
2023,December,Wos,College of Computer and Information Sciences,Scientific,"Spectroscopic, Solvation Effects and MD Simulation of an Adamantane-Carbohydrazide Derivative, a Potential Antiviral Agent",Opto-Electronics Review
2023,December,Wos,College of Computer and Information Sciences,Scientific,Synthesis and Biological Activity Evaluation of Some New Coumarin Derivatives as Potent Anticonvulsant and CNS-Depressant Agents,"Sensors (Basel, Switzerland)"
2023,December,Wos,College of Computer and Information Sciences,Scientific,Surveillance of Escherichia coli in different types of chicken and duck hatcheries: one health outlook,Digital Health
2023,December,Wos,College of Computer and Information Sciences,Scientific,The Effect of Distress Tolerance Training on Problematic Internet Use and Psychological Wellbeing Among Faculty Nursing Students: A Randomized Control Trial,SENSORS
2023,December,Wos,College of Computer and Information Sciences,Scientific,Staff occupational exposure and ambient doses resulting from patients undergoing nuclear medicine procedures’,Alexandria Engineering Journal
2023,December,Wos,College of Computer and Information Sciences,Scientific,The Volterra-Lyapunov matrix theory and nonstandard finite difference scheme to study a dynamical system,Diagnostics
2023,December,Wos,College of Computer and Information Sciences,Scientific,Wigner quasi-probability distribution of a resonator coherent field interacting with a flux qubit via two-photon coupling,Multimedia Tools and Applications
2023,December,Wos,College of Computer and Information Sciences,Scientific,"Synthesis, characterization, and application of the novel nanomagnet adsorbent for the removal of Cr(VI) ions",SECURITY AND PRIVACY
2023,December,Wos,College of Computer and Information Sciences,Scientific,"Uptake, Safety and Attitudes Towards COVID-19 Vaccination: A Cross-Sectional Study on First and Second Doses Among the General Public",Proceedings - International Symposium on Biomedical Imaging
2023,December,wos,College of Computer and Information Sciences,Scientific,Stability of non-Newtonian nanofluid movement with heat/ mass transportation passed through a hydro magnetic elongating/contracting sheet: multiple branches solutions,"Computers, Materials and Continua"
2023,December,Wos,College of Computer and Information Sciences,Scientific,Synthesis of novel coumarin-based thiosemicarbazones and their implications in diabetic management via in-vitro and in-silico approaches,IEEE Access
2023,December,Wos,College of Computer and Information Sciences,Scientific,Visualizing software refactoring using radar charts,IEEE Access
2023,December,Wos,College of Computer and Information Sciences,Scientific,Utilization of Polyvinylpyrrolidone as an Organic Template for the Facile Synthesis of Analcime Nanoparticles for Efficient Removal of Pb(II) and Cu(II) Ions from Aqueous Media,Multimedia Tools and Applications
2023,December,Wos,College of Computer and Information Sciences,Scientific,Spectroscopic study to verify the anti-hepatitis C virus (HCV) treatment through a delivery system of the sofosbuvir drug on chitosan and pycnogenol nanoparticles surface,Scientific Reports
2023,December,Wos,College of Computer and Information Sciences,Scientific,"Sustainable Use of Marine Macroalga Sargassum muticum as a Biosorbent for Hazardous Crystal Violet Dye: Isotherm, Kinetic and Thermodynamic Modeling",Sustainability (Switzerland)
2023,December,Wos,College of Computer and Information Sciences,Scientific,Technology Enhanced Learning in Undergraduate Level Education: A Case Study of Students of Mass Communication,Sustainable Energy Technologies and Assessments
2023,December,Wos,College of Computer and Information Sciences,Scientific,The Role of the Circular Economy in Fostering Sustainable Economic Growth in the GCC,JOURNAL OF CLOUD COMPUTING-ADVANCES SYSTEMS AND APPLICATIONS
2023,September,wos,College of Engineering/College of Science,Scientific,"The Moderating Role of Technological Innovation on Environment, Social, and Governance (ESG) Performance and Firm Value: Evidence from Developing and Least-Developed Countries",MACHINES
2023,September,wos,College of Humanities and Social Sciences,Humanitarian ,Vehicle Detection and Classification via YOLOv8 and Deep Belief Network over Aerial Image Sequences,SUSTAINABILITY
2023,June,WOS,College of Humanities and Social Sciences,Humanitarian ,Sustainable residential building energy consumption forecasting for smart cities using optimal weighted voting ensemble learning,SUSTAINABILITY
2023,August,scopus,College of Humanities and Social Sciences,Humanitarian ,Identification of potential drug molecules against fibroblast growth factor receptor 3 (FGFR3) by multi-stage computational-biophysics correlate,Information Sciences Letters
2023,October,WOS,College of Humanities and Social Sciences,Humanitarian ,"Identification of Previously Unrecorded Bacills, Serratia, and Mucor Strains Isolated from Yogurt",BMC PSYCHOLOGY
2023,April,SCOPUS,Foundation Year for Health Colleges,Health-related / Medical,"Impact of b-glucan dietary supplementation on productive, reproductive performance and physiological response of laying hens under heat stress conditions",Molecular Biology Reports
2023,June,scopus,Foundation Year for Health Colleges,Health-related / Medical,Improved LSTM-Based Anomaly Detection Model with Cybertwin Deep Learning to Detect Cutting-Edge Cybersecurity Attacks,ACS Omega
2023,July,WOS,Foundation Year for Health Colleges,Health-related / Medical,"Investigations on physical, structural, elastic, optical and radiation shielding properties of calcium phospho-silicate glasses",PLOS ONE
2023,December,Wos,Foundation Year for Health Colleges,Health-related / Medical,Low-Resource Language Processing Using Improved Deep Learning with Hunter-Prey Optimization Algorithm,Molecules
2023,December,wos,Foundation Year for Health Colleges,Health-related / Medical,"Mechanical, dielectric properties and gamma-ray buildup factors of CaO-Li2O-B2O3-As2O3 glasses: Significant role of As2O3",Pathology Research and Practice
2023,November,wos,Foundation Year for Health Colleges,Health-related / Medical,Mitigating chromium toxicity in rice (Oryza sativa L.) via ABA and 6-BAP: Unveiling synergistic benefits on morphophysiological traits and ASA-GSH cycle,INTERNATIONAL JOURNAL OF BIOLOGICAL MACROMOLECULES
2023,October,WOS,Foundation Year for Health Colleges,Health-related / Medical,NEW INEQUALITIES OF HERMITE-HADAMARD TYPE FOR n-POLYNOMIAL s-TYPE CONVEX STOCHASTIC PROCESSES,DIAGNOSTIC MICROBIOLOGY AND INFECTIOUS DISEASE
2023,October,WOS,Foundation Year for Health Colleges,Health-related / Medical,"Next-generation cyber attack prediction for IoT systems: leveraging multi-class SVM and optimized CHAID decision tree ( vol 12 , 137 , 2023)",EUROPEAN JOURNAL OF LIPID SCIENCE AND TECHNOLOGY
