Publication Year,Month,Category,college,Research field ,Title,Source Title
2024,January,Scopus,Foundation Year for Health Colleges,Health-related / Medical,Immunopathology of herpes simplex virus-associated neuroinflammation: Unveiling the mysteries,Reviews in Medical Virology
2024,January,Scopus,Foundation Year for Health Colleges,Health-related / Medical,"Synthesis, biological evaluation and molecular docking study of indazole based schiff base analogues as new anti-diabetic inhibitors",Journal of Molecular Structure
2024,January,Scopus,College of Sports Science and Physical Activity,Humanitarian ,The Multifunctional TRPC6 Protein: Significance in the Field of Cardiovascular Studies,Current Problems in Cardiology
2024,January,WOS,College of Sports Science and Physical Activity,Humanitarian ,Anti-inflammatory effects of bay laurel (Laurus nobilis L.) towards the gut microbiome in dextran sodium sulfate induced colitis animal models,FOOD SCIENCE & NUTRITION
2024,January,Scopus,College of Arts and Design,Humanitarian ,Design Studio—A Bibliometric Analysis,Lecture Notes in Networks and Systems
2024,January,Scopus,College of Arts and Design,Humanitarian ,Infographics in Educational Settings: A Literature Review,IEEE Access
2024,January,Scopus,College of Nursing,Health-related / Medical,Collaborative leadership and productive work performance: The mediating role of nurses' innovative behavior,International Nursing Review
2024,January,WOS,College of Nursing,Health-related / Medical,Exploring the experiences of female undergraduate nursing students in providing home healthcare to older adults,INTERNATIONAL JOURNAL OF QUALITATIVE STUDIES ON HEALTH AND WELL-BEING
2024,January,Scopus,College of Nursing,Health-related / Medical,"Long-term care facilities' response to the COVID-19 pandemic: An international, cross-sectional survey",Journal of Advanced Nursing
2024,January,WOS,College of Nursing,Health-related / Medical,Psychological antecedents toward COVID-19 vaccination explain the high rates of vaccine rejection among the Libyan population 2 years after starting vaccination campaigns,JOURNAL OF PUBLIC HEALTH-HEIDELBERG
2024,January,WOS,College of Nursing,Health-related / Medical,Routine childhood immunization in Sub-Saharan Africa: addressing parental vaccine hesitancy,PUBLIC HEALTH
2024,January,WOS,College of Nursing,Health-related / Medical,"The Association between Nursing Students' Happiness, Emotional Intelligence, and Perceived Caring Behavior in Riyadh City, Saudi Arabia",HEALTHCARE
2024,January,WOS,College of Nursing,Health-related / Medical,The influence of supportive work environment on work-related stress and conflict management style among emergency care nurses: A descriptive correlational study,WORLDVIEWS ON EVIDENCE-BASED NURSING
2024,January,Scopus,College of Health and Rehabilitation Sciences,Health-related / Medical,Enhancing learning outcomes through multisensory integration: A fMRI study of audio-visual training in virtual reality,NeuroImage
2024,January,Scopus,College of Health and Rehabilitation Sciences,Health-related / Medical,Enrollment and dropout rates of individuals with chronic obstructive pulmonary disease approached for telehealth interventions: A systematic review and meta-regression analysis,Heliyon
2024,January,Scopus,College of Health and Rehabilitation Sciences,Health-related / Medical,Is thyroid dysfunction a common cause of telogen effluvium?: A retrospective study,Medicine (United States)
2024,January,Scopus,College of Health and Rehabilitation Sciences,Health-related / Medical,Olecranon stress fracture in a gymnastics player: Insight into an early detection and integrated care approach: Case report,Radiology Case Reports
2024,January,Scopus,College of Health and Rehabilitation Sciences,Health-related / Medical,"Retraction Note: Testing alternatives: the use of adipose-derived mesenchymal stem cells to slow neurodegeneration in a rat model of Parkinson’s Disease (Molecular Biology Reports, (2019), 46, 6, (5841-5858), 10.1007/s11033-019-05018-9)",Molecular Biology Reports
2024,January,WOS,College of Health and Rehabilitation Sciences,Health-related / Medical,"RETRACTION: Testing alternatives: the use of adipose-derived mesenchymal stem cells to slow neurodegeneration in a rat model of Parkinson's Disease (Retraction of Vol 46, Pg 5841, 2019)",MOLECULAR BIOLOGY REPORTS
2024,January,Scopus,College of Health and Rehabilitation Sciences,Health-related / Medical,The physiological and physical benefits of two types of concurrent training: a randomized controlled trial,"BMC Sports Science, Medicine and Rehabilitation"
2024,January,Scopus,College of Health and Rehabilitation Sciences,Health-related / Medical,Transition to Adulthood for Extremely Preterm Survivors,Pediatrics
2024,January,WOS,College of pharmacy,Health-related / Medical,"A new anticancer derivative of the natural alkaloid, theobromine, as an EGFR inhibitor and apoptosis inducer",THEORETICAL CHEMISTRY ACCOUNTS
2024,January,Scopus,College of pharmacy,Health-related / Medical,A pH-sensitive silica nanoparticles for colon-specific delivery and controlled release of catechin: Optimization of loading efficiency and in vitro release kinetics,European Journal of Pharmaceutical Sciences
2024,January,Scopus,College of pharmacy,Health-related / Medical,"Anti-virulence potential of patuletin, a natural flavone, against Staphylococcus aureus: In vitro and In silico investigations",Heliyon
2024,January,Scopus,College of pharmacy,Health-related / Medical,Appropriateness of anticoagulation level in older adult patients on Warfarin: A multicenter retrospective study,Saudi Pharmaceutical Journal
2024,January,Scopus,College of pharmacy,Health-related / Medical,Association of cardiovascular disease with severe dengue: A systematic review and meta-analysis,Current Problems in Cardiology
2024,January,WOS,College of pharmacy,Health-related / Medical,Attenuation of Streptozotocin-Induced Diabetic Neuropathic Allodynia by Flavone Derivative Through Modulation of GABA-ergic Mechanisms and Endogenous Biomarkers,NEUROCHEMICAL RESEARCH
2024,January,Scopus,College of pharmacy,Health-related / Medical,"Chemical Analysis of the Antihyperglycemic, and Pancreatic α-Amylase, Lipase, and Intestinal α-Glucosidase Inhibitory Activities of Cannabis sativa L. Seed Extracts",Molecules
2024,January,WOS,College of pharmacy,Health-related / Medical,Computer-aided drug discovery of natural antiviral metabolites as potential SARS-CoV-2 helicase inhibitors,JOURNAL OF CHEMICAL RESEARCH
2024,January,Scopus,College of pharmacy,Health-related / Medical,"Corrigendum to “Discussing pathologic mechanisms of Diabetic retinopathy & therapeutic potentials of curcumin and β-glucogallin in the management of Diabetic retinopathy” Biomed. Pharmacother. 169 (2023) 115881 (Biomedicine & Pharmacotherapy (2023) 169, (S0753332223016797), (10.1016/j.biopha.2023.115881))",Biomedicine and Pharmacotherapy
2024,January,Scopus,College of pharmacy,Health-related / Medical,Embelia ribes Burm.f. fruit extract inhibit quorum sensing-dependent production of virulence factors and biofilm formation: An integrated in vitro and in silico approach,South African Journal of Botany
2024,January,Scopus,College of pharmacy,Health-related / Medical,Even one dose of tocilizumab could hinder bad prognosis of cytokines storm in COVID-19 patients,Cytokine
2024,January,Scopus,College of pharmacy,Health-related / Medical,"Fabrication and Evaluation of Poloxamer Facilitated, Glyceryl Monooleate based 5-Fluorouracil Cubosomes",Indian Journal of Pharmaceutical Education and Research
2024,January,Scopus,College of pharmacy,Health-related / Medical,Identification of mitogen-activated protein kinase 7 inhibitors from natural products: Combined virtual screening and dynamic simulation studies,Journal of Molecular Recognition
2024,January,Scopus,College of pharmacy,Health-related / Medical,Insight of the Biopharmaceutical Implication of Sleeve Gastrectomy on Levothyroxine Absorption in Hypothyroidism Patients,Obesity Surgery
2024,January,Scopus,College of pharmacy,Health-related / Medical,"Nigella sativa oil restores hormonal levels, and endocrine signals among thyroid, ovarian, and uterine tissues of female Wistar rats following sodium fluoride toxicity",Biomedicine and Pharmacotherapy
2024,January,WOS,College of pharmacy,Health-related / Medical,Nonsteroidal anti-inflammatory drug solubility optimization through green chemistry solvent: Artificial intelligence technique,CASE STUDIES IN THERMAL ENGINEERING
2024,January,Scopus,College of pharmacy,Health-related / Medical,Phytochemical inspection and anti-inflammatory potential of Euphorbia milii Des Moul. integrated with network pharmacology approach,Arabian Journal of Chemistry
2024,January,Scopus,College of pharmacy,Health-related / Medical,Synthesis and molecular docking study of α-aminophosphonates as potential multi-targeting antibacterial agents,Journal of Hazardous Materials
2024,January,Scopus,College of pharmacy,Health-related / Medical,The impact of Saudi Arabia – United States clinical pharmacy post-graduate training programs agreements on clinical pharmacy faculty in Saudi universities: A retrospective descriptive study focused on history and future recommendations,Saudi Pharmaceutical Journal
2024,January,Scopus,College of Medicine,Health-related / Medical,Association between endometriosis and obstetric complications: Insight from the National Inpatient Sample,European Journal of Obstetrics and Gynecology and Reproductive Biology
2024,January,Scopus,College of Medicine,Health-related / Medical,Beneficial effects of coconut oil (Cocos nucifera) on hematobiochemicl and histopathological markers in CCL4-intoxicated rabbits [Efeitos benéficos do óleo de coco (Cocos nucifera) em marcadores hematobioquímicos e histopatológicos em coelhos intoxicados com CCL4],Brazilian Journal of Biology
2024,January,Scopus,College of Medicine,Health-related / Medical,"High-Throughput Sequencing as a Tool for Detecting Microbial Communities in Lake Ecosystem and Its Implications in Fish Farming in Lake Buluan, Mindanao, Philippines",Polish Journal of Environmental Studies
2024,January,Scopus,College of Medicine,Health-related / Medical,Identification of potential biomarkers for melanoma cancer (black tumor) using bioinformatics strategy: a study based on GEO and SRA datasets,Journal of Applied Genetics
2024,January,Scopus,College of Medicine,Health-related / Medical,"Modulatory mechanisms of copperII-albumin complex toward N-nitrosodiethylamine-induced neurotoxicity in mice via regulating oxidative damage, inflammatory, and apoptotic signaling pathways",Ecotoxicology and Environmental Safety
2024,January,WOS,College of Medicine,Health-related / Medical,Optimization of capsaicin microemulgel: a comprehensive in vitro evaluation and pseudo ternary diagram,CHEMICAL PAPERS
2024,January,WOS,College of Medicine,Health-related / Medical,"Phytochemical Screening, GCMS Profiling, In Vitro Antioxidant, In Vivo Acute Toxicity, and Hepatoprotective Activity of Cleome simplicifolia Bioactive Metabolites against Paracetamol-Intoxicated Wister Albino Rats",APPLIED SCIENCES-BASEL
2024,January,Scopus,College of Medicine,Health-related / Medical,Protective effect of Moringa oleifera leaf ethanolic extract against uranyl acetate-induced testicular dysfunction in rats,Scientific Reports
2024,January,WOS,College of Medicine,Health-related / Medical,Surveillance Compliance and Quality of Life Assessment Among Surgical Patients with Familial Adenomatous Polyposis Syndrome,JOURNAL OF EPIDEMIOLOGY AND GLOBAL HEALTH
2024,January,Scopus,College of Medicine,Health-related / Medical,Uterine prolapse in a term pregnancy: A case report,Case Reports in Women's Health
2024,January,Scopus,College of Medicine,Health-related / Medical,Validity and reliability of the Arabic version of the population postpartum depression literacy scale (PoDLiS): a web-based survey in Saudi Arabia,BMC Pregnancy and Childbirth
2024,January,WOS,College of Science,Scientific,"NaCl stress, tissue specific Na+ and K+ up-take and their effect on growth and physiology of Helianthus annuus L. and Solanum lycopersicum L.",SCIENTIA HORTICULTURAE
2024,January,WOS,College of Science,Scientific,Recent progress in wind energy-powered desalination,THERMAL SCIENCE AND ENGINEERING PROGRESS
2024,January,WOS,College of Science,Scientific,"Investigating the novel thermoelectric properties of magnesium, calcium, and barium divanadate oxides (XV2O6 where X = Mg, Ca, and Ba) for waste heat recovery applications in energy harvesting devices",APPLIED PHYSICS A-MATERIALS SCIENCE & PROCESSING
2024,January,WOS,College of Science,Scientific,Hydrothermal synthesis of ZnO@MoTe2 nanocomposite as excellent electrocatalyst for hydrogen evolution reaction (HER),FUEL
2024,January,WOS,College of Science,Scientific,Optimal linear tracking for a hidden target on one of K-intervals,JOURNAL OF ENGINEERING MATHEMATICS
2024,January,WOS,College of Science,Scientific,"Physical properties of vacancy-ordered double perovskites K2TcZ6 (Z = Cl, Br) for spintronics applications: DFT calculations",RSC ADVANCES
2024,January,WOS,College of Science,Scientific,Interaction of antidepressant drug with surfactant mixture in various compositions: effect of electrolyte and urea,CHEMICAL PAPERS
2024,January,WOS,College of Science,Scientific,Statistical similarity matching and filtering for clinical image retrieval by machine learning approach,PHYSICA SCRIPTA
2024,January,WOS,College of Science,Scientific,Influence of [Na2O]/[CuO] on the physical and photon attenuation capacities of cupric sodium phosphate glasses: A comparative study,OPTICAL AND QUANTUM ELECTRONICS
2024,January,WOS,College of Science,Scientific,Simulation of new waves in applied sciences via Schrodinger equations,JOURNAL OF TAIBAH UNIVERSITY FOR SCIENCE
2024,January,WOS,College of Science,Scientific,"Impact of Bi3+, Ba2+, and Pb2+ ions on the structural, thermal, mechanical, optical, and gamma ray shielding performance of borosilicate glass",OPTICAL AND QUANTUM ELECTRONICS
2024,January,WOS,College of Science,Scientific,Sustainable approach towards isolation of photosynthetic pigments from Spirulina and the assessment of their prooxidant and antioxidant properties,FOOD CHEMISTRY
2024,January,WOS,College of Science,Scientific,"Synthesis, structural, optical properties and dielectric spectroscopy of nickel-doped lead borate glasses",OPTICAL AND QUANTUM ELECTRONICS
2024,January,WOS,College of Science,Scientific,"Influence of Eu3+ ions on physical, mechanical and radiation shielding properties of B2O3-CaO-Bi2O3 glasses: Experimental and simulation investigation",OPTICAL AND QUANTUM ELECTRONICS
2024,January,WOS,College of Science,Scientific,Production of biodiesel from Aspergillus terreus KC462061 using gold-silver nanocatalyst,GREEN CHEMISTRY LETTERS AND REVIEWS
2024,January,WOS,College of Science,Scientific,Quantitative investigations of Zebrafish olfactory receptor ORA1 responsiveness to three pheromones: Microscopic and macroscopic characterizations via an advanced statistical physics treatment,INTERNATIONAL JOURNAL OF BIOLOGICAL MACROMOLECULES
2024,January,WOS,College of Science,Scientific,Sole and combined foliar application of silicon and putrescine alleviates the negative effects of drought stress in maize by modulating the morpho-physiological and antioxidant defence mechanisms,PLANT SOIL AND ENVIRONMENT
2024,January,WOS,College of Science,Scientific,"The beneficial effect of nanomethionine supplementation on growth performance, gene expression profile, and histopathology of heat-stressed broiler chicken",POULTRY SCIENCE
2024,January,WOS,College of Science,Scientific,Plant responses to temperature stress modulated by microRNAs,PHYSIOLOGIA PLANTARUM
2024,January,WOS,College of Science,Scientific,"Study of ferromagnetism, and thermoelectric behavior of double perovskites K2Z(Cl/Br)6 (Z = Ta, W, Re) for spintronic, and energy application",JOURNAL OF PHYSICS AND CHEMISTRY OF SOLIDS
2024,January,WOS,College of Science,Scientific,"Optical, dielectric and photocatalytic properties of Ag-doped Sr1_xAgxFe12O19 and CV dye degradation under visible light irradiation",JOURNAL OF ALLOYS AND COMPOUNDS
2024,January,WOS,College of Science,Scientific,Polyphenols-Rich Extract of Calotropis procera Alone and in Combination with Trichoderma Culture Filtrate for Biocontrol of Cantaloupe Wilt and Root Rot Fungi,MOLECULES
2024,January,WOS,College of Science,Scientific,Molecular characterization of genes involved in tolerance of cadmium in Triticum aestivum (L.) under Cd stress,JOURNAL OF HAZARDOUS MATERIALS
2024,January,WOS,College of Science,Scientific,Surface engineering of Sio2-Zro2 films for augmenting power conversion efficiency performance of silicon solar cells,JOURNAL OF MATERIALS RESEARCH AND TECHNOLOGY-JMR&T
2024,January,WOS,College of Science,Scientific,Transverse momentum distributions of the identified particles in mini-bias non-single diffracted p plus p collisions at 200 GeV,CHINESE JOURNAL OF PHYSICS
2024,January,WOS,College of Science,Scientific,"The influence of Spirulina extract on pathogenicity, immune response, and vaccine efficacy against H9N2 avian influenza virus in specific pathogen free chickens",POULTRY SCIENCE
2024,January,WOS,College of Science,Scientific,Novel CoEr0.05Fe1.95O4/polypyrole spinel ferrites for high-frequency utilizations: investigation and analysis,APPLIED PHYSICS A-MATERIALS SCIENCE & PROCESSING
2024,January,Scopus,College of Science,Scientific,Nano-enhanced growth and resilience strategies for Pomegranate cv. Wonderful: Unveiling the impact of zinc and boron nanoparticles on fruit quality and abiotic stress management,Journal of Agriculture and Food Research
2024,January,Scopus,College of Science,Scientific,"Phase transition, structural, optical and thermoelectric properties of spin coated CuxS thin films",Physica B: Condensed Matter
2024,January,Scopus,College of Science,Scientific,Kinetic Alfvén solitary waves in a low-β plasma with regularized kappa-distributed electrons,AIP Advances
2024,January,Scopus,College of Science,Scientific,Statistical inference of joint competing risks models from comparative bathtub shape distributions with hybrid censoring,Alexandria Engineering Journal
2024,January,Scopus,College of Science,Scientific,Stability analysis for a fractional coupled Hybrid pantograph system with p-Laplacian operator,Results in Control and Optimization
2024,January,Scopus,College of Science,Scientific,Linear/nonlinear opto-gamma radiation attenuation hallmarks of high-density lead barium-borate glass blocks containing iron oxide additives,Journal of Materials Science: Materials in Electronics
2024,January,Scopus,College of Science,Scientific,"Mechanical, dielectric properties and gamma-ray buildup factors of CaO–Li2O–B2O3–As2O3 glasses: Significant role of As2O3",Radiation Physics and Chemistry
2024,January,Scopus,College of Science,Scientific,"Radiative flow of temperature-dependent viscosity power-law nanofluids over a truncated cone saturated heat generating, porous media: Impacts of Arrhenius energy",Case Studies in Thermal Engineering
2024,January,Scopus,College of Science,Scientific,Scanning electron microscopic exploration of intricate pollen morphology and antimicrobial potentials of gourd family,Microscopy Research and Technique
2024,January,Scopus,College of Science,Scientific,Studying the effect of addition of lithium titanate on crystallinity and electrical properties of PPY-C /PVA nanocomposite for optoelectronic applications,Journal of Materials Research and Technology
2024,January,Scopus,College of Science,Scientific,"Preparation, structural characteristics and dielectric studies of polyaniline/lead sulfide composite materials",Indian Journal of Physics
2024,January,Scopus,College of Science,Scientific,Investigation of the interaction of thymine drugs with Be12O12 and Ca12O12 nanocages: A quantum chemical study,Spectrochimica Acta - Part A: Molecular and Biomolecular Spectroscopy
2024,January,Scopus,College of Science,Scientific,Luminescence properties of Dy3+ doped B2O3–CaMg(CO3)2 – TeO2 glasses: A promising host for solid state lighting devices,Optics and Laser Technology
2024,January,Scopus,College of Science,Scientific,"Investigation of the role of selenium (Se) metal on the structural, physical, and optical properties of lead phosphate glasses",Optical and Quantum Electronics
2024,January,Scopus,College of Science,Scientific,"Synthesis, structural characterization, and optical properties of PVA/MnO2 materials for optoelectronics applications",Macromolecular Research
2024,January,Scopus,College of Science,Scientific,"Nucleophilic transformation of 3-substituted-6,8-dimethylchromones with phenylhydrazine under various reaction conditions: Theoretical, spectroscopic characterization and in silico ADME studies",Journal of Molecular Structure
2024,January,Scopus,College of Science,Scientific,"Utility of 4,9-Dimethoxy-5-Oxo-5H-Furo[3,2-g]Chromene-6-Carbonitrile for Construction of some Novel Heteroannulated Furochromenopyridines",Polycyclic Aromatic Compounds
2024,January,Scopus,College of Science,Scientific,Spirulina platensis ameliorates hepatic oxidative stress and DNA damage induced by aflatoxin B1 in rats,Toxicon
2024,January,Scopus,College of Science,Scientific,"Investigation of the Structural, Elastic, and Radiation Shielding Properties of the SiO2 –Pb3O4–ZnO –Y2O3 Glass System",Silicon
2024,January,Scopus,College of Science,Scientific,"Maximizing stroke recovery with advanced technologies: A comprehensive assessment of robot-assisted, EMG-Controlled robotics, virtual reality, and mirror therapy interventions",Results in Engineering
2024,January,Scopus,College of Science,Scientific,"Role of 4d electrons in room temperature ferromagnetism, and thermoelectric properties of Sr2CrXO6 (X = Nb, Mo) for spintronic applications",Materials Chemistry and Physics
2024,January,Scopus,College of Science,Scientific,Surface adsorption of adenine on pristine and B/N/O/P-doped coronene as a biosensing substrate for DNA detection- DFT study,Journal of Molecular Liquids
2024,January,Scopus,College of Science,Scientific,"Investigations on physical, structural, elastic, optical and radiation shielding properties of calcium phospho-silicate glasses",Radiation Physics and Chemistry
2024,January,Scopus,College of Science,Scientific,Post-selenization induced structural phase transition and enhanced thermoelectric properties in AgBiSe2 alloy thin films,Vacuum
2024,January,Scopus,College of Science,Scientific,Structural characteristics and dielectric properties of irradiated polyvinyl alcohol/sodium iodide composite films,Inorganic Chemistry Communications
2024,January,Scopus,College of Science,Scientific,"Synthesis of Bi2O3 doping powder from CRT-screen waste glass: Physical, structural, and radiation attenuation properties",Radiation Physics and Chemistry
2024,January,Scopus,College of Science,Scientific,"Prediction of new MAX phase Zr2MSiC2 (M = Ti, V) compounds as a promising candidate for future engineering: DFT calculations",Materials Science and Engineering: B
2024,January,Scopus,College of Science,Scientific,In-silico investigations of novel tacrine derivatives potency against Alzheimer's disease,Scientific African
2024,January,Scopus,College of Science,Scientific,"Tetraclinis articulata (Vahl) Mast. essential oil as a promising source of bioactive compounds with antimicrobial, antioxidant, anti-inflammatory and dermatoprotective properties: In vitro and in silico evidence",Heliyon
2024,January,Scopus,College of Science,Scientific,Identification of novel ureido benzothiophenes as dual VEGFR-2/EGFR anticancer agents,Bioorganic Chemistry
2024,January,Scopus,College of Science,Scientific,"Modelling Pennes’, bioheat transfer equation in thermoelasticity with one relaxation time",Journal of Electromagnetic Waves and Applications
2024,January,Scopus,College of Science,Scientific,"Impact of β-glucan dietary supplementation on productive, reproductive performance and physiological response of laying hens under heat stress conditions",Poultry Science
2024,January,Scopus,College of Science,Scientific,Natural gas based on combined fuzzy TOPSIS technique and entropy,Heliyon
2024,January,Scopus,College of Science,Scientific,"Regioselective synthesis, structural and bioactivity of acetylated 1,5-benzodiazepin-2-one derivatives — X-ray crystallography, DFT and molecular docking approaches",Journal of Molecular Structure
2024,January,Scopus,College of Science,Scientific,Nonlinear optical coefficients of Samarium–activated lithium zinc borate glasses in femtosecond and nanosecond regimes,Optics and Laser Technology
2024,January,Scopus,College of Science,Scientific,Impact of terbium (Tb) on ferromagnetism and thermoelectric behaviour of spinels MgTb2(S/Se)4 for spintronic,Materials Science and Engineering: B
2024,January,Scopus,College of Science,Scientific,Hydrothermal synthesis of the NiS@g-C3N4 nanohybrid electrode material for supercapacitor applications,Journal of Energy Storage
2024,January,Scopus,College of Science,Scientific,Mitigative potential of kaempferide against polyethylene microplastics induced testicular damage by activating Nrf-2/Keap-1 pathway,Ecotoxicology and Environmental Safety
2024,January,Scopus,College of Science,Scientific,Slaughterhouse wastes as potential energy for the replacement for fossil fuel in diesel engine with the influence of hydrogen and nanoparticles ZrO2 and MWCNT,Fuel
2024,January,Scopus,College of Science,Scientific,Seed nutripriming with magnesium to improve seedling growth and yield in wheat: Consequences for seed nutrient reserves metabolism and photochemical efficiency,South African Journal of Botany
2024,January,Scopus,College of Science,Scientific,"Structural, morphological, dielectric, and spectral properties of Sr-Mg-Ho X-type magnetic nano materials suitable for microwave absorption application",Vacuum
2024,January,Scopus,College of Science,Scientific,In-vivo anti-hyperglycemic effect of herbal extracts Tribulus terrestris (L) and Curcuma amada (R) on streptozotocin-induced diabetic rats and its associated histopathological studies,Heliyon
2024,January,Scopus,College of Science,Scientific,On modeling the log-returns of Bitcoin and Ethereum prices against the USA Dollar,Alexandria Engineering Journal
2024,January,Scopus,College of Science,Scientific,Over 35% efficiency of three absorber layers of perovskite solar cells using SCAPS 1-D,Optik
2024,January,Scopus,College of Science,Scientific,"Radiation Shielding efficiency of lead-tungsten-boron glasses with Sb, Al, and Bi against gamma, neutron and charge particles",Applied Radiation and Isotopes
2024,January,Scopus,College of Science,Scientific,Porosity-Enhanced Catalytic Activity of 0.5Ba(Zr0.2Ti0.8)O3-0.5(Ba0.7Sr0.3)TiO3 Ceramics,Journal of Electronic Materials
2024,January,Scopus,College of Science,Scientific,Lead-free silver-indium based halide double perovskites for energy harvesting applications,Journal of Physics and Chemistry of Solids
2024,January,Scopus,College of Science,Scientific,Remediation of organic pollutant from the aqueous environment using in-house fabricated polyaniline-based hybrid composite (PANI-MnPBA/NiCoMnS) materials,Chemosphere
2024,January,Scopus,College of Science,Scientific,Strongly coupled design of zinc oxide-nanorods/copper tin sulfide-nanoflowers nanostructures: An electrochemical study in 4-nitrochlorobenzene detection,Chemical Engineering Journal
2024,January,Scopus,College of Science,Scientific,Mycorrhiza-triggered changes in leaf food quality and secondary metabolite profile in tea at low temperatures,Rhizosphere
2024,January,Scopus,College of Science,Scientific,Investigation of ternary Zn–Co–Fe layered double hydroxide as a multifunctional 2D layered adsorbent for moxifloxacin and antifungal disinfection,Scientific Reports
2024,January,Scopus,College of Science,Scientific,"The ameliorative role of magnetite nano gel against lead toxicity in Clarias gariepinus: growth, oxidant/antioxidant stress, gene expression, and histopathological alterations of gills",Aquaculture International
2024,January,Scopus,College of Science,Scientific,On the equilibrium dynamics of a binary system with two Kerr-like bodies,Advances in Space Research
2024,January,Scopus,College of Science,Scientific,Investigation of Nano-Heat-Transfer Variability of AlGaN/GaN-Heterostructure-Based High-Electron-Mobility Transistors,Electronics (Switzerland)
2024,January,Scopus,College of Science,Scientific,Quest for high performance carbon capture membranes: Fabrication of SAPO-34 and CNTs-doped polyethersulfone-based mixed-matrix membranes,Journal of Applied Polymer Science
2024,January,Scopus,College of Science,Scientific,Micro-segmentation of retinal image lesions in diabetic retinopathy using energy-based fuzzy C-Means clustering (EFM-FCM),Microscopy Research and Technique
2024,January,Scopus,College of Science,Scientific,Rare earth based Mg- chalcogenides MgDy2(S/Se)4 as an emerging aspirant for spintronic and thermoelectric applications,Materials Science in Semiconductor Processing
2024,January,Scopus,College of Science,Scientific,"Study of curie temperaure, spin polarization, ferromagnetism and transport behavior of Ba2CrXO6 (X = Ta, W, Re, Os) for spintronic",Journal of Physics and Chemistry of Solids
2024,January,Scopus,College of Science,Scientific,Multifunctional aerogel with antibiofouling properties for efficient solar steam generation and seawater desalination,Nano Today
2024,January,Scopus,College of Science,Scientific,Improved performance in asymmetric supercapacitors using SnO2–MoS2 composite microspheres,Surfaces and Interfaces
2024,January,Scopus,College of Science,Scientific,Structural and dielectric properties of Cerium doped Magnesium-Zinc Aluminate spinel nano-crystallites for high frequency applications,Ceramics International
2024,January,Scopus,College of Science,Scientific,Low thermal SRR metamaterial design with multi-layered structured for terahertz frequency applications,Results in Engineering
2024,January,Scopus,College of Science,Scientific,"RETRACTED ARTICLE: Fabrication of Molecularly Imprinted Polymer Films Based on Graphene Oxide and Carbon Nanotubes for Nitrogenous Compound Sensing in Fuel Chemicals (The Journal of The Minerals, Metals & Materials Society, (2024), 76, 1)",JOM
2024,January,Scopus,College of Science,Scientific,Synthesis and characterization of zinc aluminate electrodes for supercapacitor applications,Electrochimica Acta
2024,January,Scopus,College of Science,Scientific,Magnetic solid phase extraction of aminoglycosides residue in chicken egg samples using Fe3O4-GO-Agarose-Chitosan composite,Food Chemistry
2024,January,Scopus,College of Science,Scientific,Sensing potential of C6N8 for ammonia (NH3) and nitrogen triflouride (NF3): A DFT study,Journal of Molecular Graphics and Modelling
2024,January,Scopus,College of Science,Scientific,Nano-second life time decay and Z-scan measurement: A tool to investigate the relevance of excited state dynamics with non-linear optical parameters in cis substituted Wells-Dawson POM-Porphyrin hybrids,Optical Materials
2024,January,Scopus,College of Science,Scientific,Influence of Annealing Temperature on the Structural and Luminescence Features and Thermoluminescence Trap Parameters of Ca2Al2SiO7: Ce3+ Phosphors,JOM
2024,January,Scopus,College of Science,Scientific,Synthesis and characterization of chitosan hybridized zinc phosphate/hydroxyapatite core shell nanostructure and its potentiality as delivery system of oxaliplatin drug,International Journal of Biological Macromolecules
2024,January,Scopus,College of Science,Scientific,Uncovering proton transportation enabled via the surface and interfacial engineering for ceramic fuel cells,International Journal of Hydrogen Energy
2024,January,Scopus,College of Science,Scientific,Optimizing performance: Achieving high capacitance and cycling durability in alkaline electrolyte with SnO2/SnSe||AC/KOH-based aqueous hybrid supercapacitor,Journal of Energy Storage
2024,January,Scopus,College of Science,Scientific,Progress in nano-technology development and nano-material selection for low-temperature solid oxide fuel cell,Journal of Alloys and Compounds
2024,January,Scopus,College of Science,Scientific,Investigating the impact of end-capped acceptor alterations to dimethyl fluorene-based hole transporting material for perovskite solar cells,Journal of Physics and Chemistry of Solids
2024,January,Scopus,College of Science,Scientific,Sulfur-Doped Defective Nanocarbons Derived from Fullerenes as Electrocatalysts for Efficient and Selective H2O2 Electroproduction,ACS Materials Letters
2024,January,Scopus,College of Science,Scientific,Revolutionizing water oxidation: NiSe/NiO heterostructure as a high-performing oxygen evolution reaction catalyst,International Journal of Hydrogen Energy
2024,January,Scopus,College of Science,Scientific,Optical modeling and characterization of bifacial SiNx/AlOx dielectric layers for surface passivation and antireflection in PERC,Progress in Photovoltaics: Research and Applications
2024,January,Scopus,College of Science,Scientific,Radiation attenuation of boro-tellurite glasses for efficient shielding applications,Applied Radiation and Isotopes
2024,January,Scopus,College of Science,Scientific,"Structural, Spectral, Molecular Docking, and Molecular Dynamics Simulations of Phenylthiophene-2-Carboxylate Compounds as Potential Anticancer Agents",Polycyclic Aromatic Compounds
2024,January,Scopus,College of Science,Scientific,Theoretical prediction of cosmic rays models for strange particles production at RHIC energy,Results in Physics
2024,January,Scopus,College of Science,Scientific,"POST-PANDEMIC ECONOMY, TECHNOLOGY, AND INNOVATION: Global Outlook and Context","Post-Pandemic Economy, Technology, and Innovation: Global Outlook and Context"
2024,January,Scopus,College of Science,Scientific,Preface,"Post-Pandemic Economy, Technology, and Innovation: Global Outlook and Context"
2024,January,Scopus,College of Science,Scientific,Perturbed Gerdjikov–Ivanov equation: Soliton solutions via Backlund transformation,Optik
2024,January,Scopus,College of Science,Scientific,Metal-Free Heterogeneous Asymmetric Hydrogenation of Olefins Promoted by Chiral Frustrated Lewis Pair Framework,Journal of the American Chemical Society
2024,January,Scopus,College of Science,Scientific,“Beyond conventional energy applications: Exploring the superiority of NiCu-MOF/NbS2//CNT-doped activated carbon for Supercapattery and oxygen evolution reactions”,Diamond and Related Materials
2024,January,Scopus,College of Science,Scientific,"A comprehensive microstructural and transmission analysis on oxide dispersion-strengthened (ODS) alloys: Impact of erbium oxide (Er2O3) concentration on physical, structural, gamma-ray, and neutron attenuation properties",Ceramics International
2024,January,WOS,College of Science,Scientific,"A comprehensive study on optical, physical, mechanical and radiation shielding properties of calcium bismuth borophosphate glass-ceramics with distinct V2O5 contents",OPTICAL AND QUANTUM ELECTRONICS
2024,January,Scopus,College of Science,Scientific,"A comprehensive study on the influence of Mg doping on structural, AC conductivity, and dielectric behavior of ZnONPs",Materials Chemistry and Physics
2024,January,Scopus,College of Science,Scientific,A cost-effective strategy to synthesize perovskite holmium doped LaFeO3 and its composite with CNTs for wastewater treatment,Materials Science and Engineering: B
2024,January,WOS,College of Science,Scientific,A hybrid entropy-based economic evaluation of hydrogen generation techniques using Multi-Criteria Decision Making,INTERNATIONAL JOURNAL OF HYDROGEN ENERGY
2024,January,Scopus,College of Science,Scientific,A Modified Singular Value Decomposition (MSVD) Approach for the Enhancement of CCTV Low-Quality Images,IEEE Access
2024,January,Scopus,College of Science,Scientific,"A multi-phase investigation to understand the function of lanthanum and neodymium in the zirconia ceramics' synthesis, structural, and gamma-ray protective ability",Radiation Physics and Chemistry
2024,January,Scopus,College of Science,Scientific,A new binder-free ZnS-CuO microsphere: A battery-type electrode material for asymmetric supercapacitor,Journal of Energy Storage
2024,January,Scopus,College of Science,Scientific,"A novel analysis of the time-fractional nonlinear dispersive K(m,n,1) equations using the homotopy perturbation transform method and Yang transform decomposition method",AIMS Mathematics
2024,January,Scopus,College of Science,Scientific,A novel quercetin-loaded NiFe2O4@Liposomes hybrid biocompatible as a potential chemotherapy/hyperthermia agent and cytotoxic effects on breast cancer cells,Journal of Drug Delivery Science and Technology
2024,January,Scopus,College of Science,Scientific,"Adsorption of toremifene on carboxylic acid functionalized N/B-doped coronene: DFT, AIM, solvation, docking and MD analyses",Journal of Molecular Liquids
2024,January,Scopus,College of Science,Scientific,Agriculture and COVID-19,"Post-Pandemic Economy, Technology, and Innovation: Global Outlook and Context"
2024,January,Scopus,College of Science,Scientific,Alkaloids and phenolic constituents from Glaucium corniculatum,Biochemical Systematics and Ecology
2024,January,Scopus,College of Science,Scientific,An ANN based biosensor for the detection of Pyrocatechol and hydroquinone in aqueous solutions,Measurement: Journal of the International Measurement Confederation
2024,January,Scopus,College of Science,Scientific,An efficient attenuator for gamma rays and slow neutrons of elastic and transparent lead sodium zinc calcium borate glass,Optical and Quantum Electronics
2024,January,WOS,College of Science,Scientific,An efficient Fe2Se3/Fe2O3 heterostructure electrocatalyst for oxygen evolution reaction,INTERNATIONAL JOURNAL OF HYDROGEN ENERGY
2024,January,Scopus,College of Science,Scientific,An efficient NiO/NiS/NiP heterostructure catalyst for oxygen evolution reaction,Journal of Alloys and Compounds
2024,January,Scopus,College of Science,Scientific,An investigation on protection properties of Tantalum (V) oxide reinforced glass screens on unexposed breast tissue for mammography examinations,Radiography
2024,January,Scopus,College of Science,Scientific,Antimicrobial attributes and enhanced catalytic potential of PVA stabilized Ag-NiO2 nanocomposite for wastewater treatment,Arabian Journal of Chemistry
2024,January,Scopus,College of Science,Scientific,Assessment of noise and vibration characteristics of Botryococcus braunii microalgae and hydrogen blends in internal combustion engines for highway vehicles,Fuel
2024,January,Scopus,College of Science,Scientific,Association of genetic polymorphism of glutathione S-transferases with colorectal cancer susceptibility in snuff (Naswar) addicts [Associação de polimorfismo genético de glutationa S-transferase com suscetibilidade ao câncer colorretal em viciados em rapé (Naswar)],Brazilian Journal of Biology
2024,January,Scopus,College of Science,Scientific,"B2O3–P2O5–CaO bioactive glasses: Synthesis, physical properties, optical basicity, electronegativity and radiation attenuation competence",Radiation Physics and Chemistry
2024,January,WOS,College of Science,Scientific,Bakuchiol inhibits Pseudomonas aeruginosa's quorum sensing-dependent biofilm formation by selectively inhibiting its transcriptional activator protein LasR,INTERNATIONAL JOURNAL OF BIOLOGICAL MACROMOLECULES
2024,January,Scopus,College of Science,Scientific,Bayesian estimation of the Pareto model based on type-II censoring data by employing non-linear programming,Alexandria Engineering Journal
2024,January,Scopus,College of Science,Scientific,Bentonite SDBS-loaded composite for methylene blue removal from wastewater: An experimental and theoretical investigation,Environmental Research
2024,January,Scopus,College of Science,Scientific,Binder-free hydrothermal approach to fabricate high-performance zinc phosphate electrode for energy storage applications,Ceramics International
2024,January,Scopus,College of Science,Scientific,"Biochemical characterization of chamomile essential oil: Antioxidant, antibacterial, anticancer and neuroprotective activity and potential treatment for Alzheimer's disease",Saudi Journal of Biological Sciences
2024,January,Scopus,College of Science,Scientific,"Biochemical profile of Vaucheria karachiensis and evaluation of its nutritional, antioxidant, antimicrobial, and hypoglycemic potentials",Algal Research
2024,January,Scopus,College of Science,Scientific,Bioinformatics and immunoinformatics assisted multiepitope vaccine construct against Burkholderia anthina,Saudi Pharmaceutical Journal
2024,January,Scopus,College of Science,Scientific,"Biosorption of hexavalent chromium and molybdenum ions using extremophilic cyanobacterial mats: efficiency, isothermal, and kinetic studies",International Journal of Phytoremediation
2024,January,Scopus,College of Science,Scientific,"Biosynthesis, characterization, magnetic hyperthermia, and in vitro toxicity evaluation of quercetin-loaded magnetoliposome lipid bilayer hybrid system on MCF-7 breast cancer",Biochimica et Biophysica Acta - General Subjects
2024,January,Scopus,College of Science,Scientific,Boosting electrochemical and photocatalytic performance of Cadmium Sulfide/Zinc Telluride nanocomposites via Nickel doping,Materials Science and Engineering: B
2024,January,Scopus,College of Science,Scientific,Carbon nanomaterials as nonlinear optical modulators for pulsed laser generation at near-infrared region,Physica B: Condensed Matter
2024,January,Scopus,College of Science,Scientific,"Chitosan modulated antioxidant activity, inorganic ions homeostasis and endogenous melatonin to improve yield of Pisum sativum L. accessions under salt stress",Scientia Horticulturae
2024,January,Scopus,College of Science,Scientific,"Chitosan nanogel aqueous treatment improved blood biochemicals, antioxidant capacity, immune response, immune-related gene expression and infection resistance of Nile tilapia",Comparative Biochemistry and Physiology Part - B: Biochemistry and Molecular Biology
2024,January,Scopus,College of Science,Scientific,Clean energy storage device derived from biopolymers with moderate charge-discharge cycles: Structural and electrochemical properties,Journal of Industrial and Engineering Chemistry
2024,January,Scopus,College of Science,Scientific,"Climate Change Heightens the Threat Posed by the Invasive Prosopis juliflora (SW.) D.C. in the Jeddah Region, Saudi Arabia",Polish Journal of Environmental Studies
2024,January,Scopus,College of Science,Scientific,Coinfection of the gut with protozoal and metazoal parasites in broiler and laying chickens,Poultry Science
2024,January,WOS,College of Science,Scientific,Comparative heat transfer analysis of Al2 O3 and Cu nanoparticles based in H2O nanofluids flow inside a C-shaped partially heated rectangular cavity,MEHRAN UNIVERSITY RESEARCH JOURNAL OF ENGINEERING AND TECHNOLOGY
2024,January,Scopus,College of Science,Scientific,Comparison of the Morpho-Physiological and Molecular Responses to Salinity and Alkalinity Stresses in Rice,Plants
2024,January,WOS,College of Science,Scientific,Composition and Decomposition of Several Schiff Base Metal Complexes Containing Co(II) and Ni(II) Ions: Spectroscopic Analysis,MOROCCAN JOURNAL OF CHEMISTRY
2024,January,WOS,College of Science,Scientific,Computational analysis of revised Fourier and Fick's law to investigate features of chemically reactive flow of nanofluid with microorganisms and activation energy,INTERNATIONAL JOURNAL OF MODELLING AND SIMULATION
2024,January,Scopus,College of Science,Scientific,Computational design of new polymers having low exciton binding energy for organic solar cells fabrication: Chemical generation and visualization,Journal of Photochemistry and Photobiology A: Chemistry
2024,January,WOS,College of Science,Scientific,Computational investigations of different iron oxide-coronene nanoclusters: a DFT study,ZEITSCHRIFT FUR PHYSIKALISCHE CHEMIE-INTERNATIONAL JOURNAL OF RESEARCH IN PHYSICAL CHEMISTRY & CHEMICAL PHYSICS
2024,January,WOS,College of Science,Scientific,CONCAVITY PROPERTIES FOR QUASILINEAR EQUATIONS AND OPTIMALITY REMARKS,DIFFERENTIAL AND INTEGRAL EQUATIONS
2024,January,Scopus,College of Science,Scientific,"Consequences of dietary cinnamon and ginger oils supplementation on blood biochemical parameters, oxidative status, and tissue histomorphology of growing Japanese quails",Poultry Science
2024,January,Scopus,College of Science,Scientific,"Corrigendum to “Effect of exogenous application of biogenic silicon sources on growth, yield, and ionic homeostasis of maize (Zea mays L.) crops cultivated in alkaline soil” [Chemosphere 341, November (2023) 140019] (Chemosphere (2023) 341, (S0045653523022889), (10.1016/j.chemosphere.2023.140019))",Chemosphere
2024,January,Scopus,College of Science,Scientific,"Corrigendum to “Evaluation of nanoceria on cadmium uptake in Triticum aestivum (L.) and its implications for dietary health risk” [Chemosphere 341 November (2023) 140115] (Chemosphere (2023) 341, (S0045653523023858), (10.1016/j.chemosphere.2023.140115))",Chemosphere
2024,January,Scopus,College of Science,Scientific,"Corrigendum to “Gamma shielding performance of B2O3/BaO-based glassy system: Synthesis and simulation study” [Radiat. Phys. Chem. 214 (2024) 111301] (Radiation Physics and Chemistry (2024) 214, (S0969806X23005479), (10.1016/j.radphyschem.2023.111301))",Radiation Physics and Chemistry
2024,January,Scopus,College of Science,Scientific,"Corrigendum to “Zinc oxide nanoparticles mitigated the arsenic induced oxidative stress through modulation of physio-biochemical aspects and nutritional ions homeostasis in rice (Oryza sativa L.)” [Chemosphere 338 October (2023) 139566] (Chemosphere (2023) 338, (S0045653523018337), (10.1016/j.chemosphere.2023.139566))",Chemosphere
2024,January,WOS,College of Science,Scientific,"Cu and Fe doped NiCo2O4/g-C3N4 nanocomposite ferroelectric, magnetic, dielectric and optical properties: Visible light-driven photocatalytic degradation of RhB and CR dyes",DIAMOND AND RELATED MATERIALS
2024,January,Scopus,College of Science,Scientific,Current advances on nanostructured oxide photoelectrocatalysts for water splitting: A comprehensive review,Surfaces and Interfaces
2024,January,Scopus,College of Science,Scientific,Cytotoxicity properties of green synthesized cupric oxide nanoparticles on neural cells: Rat pheochromocytoma (PC-12) cells and melanoma stem cells A375 cells,Inorganic Chemistry Communications
2024,January,WOS,College of Science,Scientific,Defense responses and symbiotic functional initiation in trifoliate orange-arbuscular mycorrhizal fungi interaction,CHEMICAL AND BIOLOGICAL TECHNOLOGIES IN AGRICULTURE
2024,January,Scopus,College of Science,Scientific,DEMONSTRATING THE BREADTH OF THE ALIEN TAXA USING HERBARIUM,Pakistan Journal of Botany
2024,January,Scopus,College of Science,Scientific,Demonstration of high performance and enhanced electrochemical investigations of MnFe2O4-ZnO fuel cell device for fast ionic transport,Materials Today Communications
2024,January,Scopus,College of Science,Scientific,Design and preparation of novel LaFeO3/NiFe2O4 nanohybrid for highly efficient photodegradation of methylene blue dye under visible light illumination,Journal of Photochemistry and Photobiology A: Chemistry
2024,January,WOS,College of Science,Scientific,Determining the prevalence and genetic diversity of plasmid-mediated sulfonamide resistance in Escherichia coli from commercial broiler samples,POULTRY SCIENCE
2024,January,Scopus,College of Science,Scientific,Development of double-layer metamaterial with high effective medium ratio values for S- and C-band applications,Heliyon
2024,January,Scopus,College of Science,Scientific,Development of molybdenum trioxide based modified graphite sheet electrodes for enhancing the electrochemical sensing of dopamine,Materials Science in Semiconductor Processing
2024,January,Scopus,College of Science,Scientific,Diagnostic reference levels for common pediatric computed tomography studies: A retrospective study.,Radiation Physics and Chemistry
2024,January,Scopus,College of Science,Scientific,Diclofenac sodium drug adsorption isotherm on carbon xerogels via an advanced two layers model with two energies,Materials Chemistry and Physics
2024,January,Scopus,College of Science,Scientific,"Dielectric, reflection loss and physicochemical studies of Cr doped Ba–Sr based W type hexagonal ferrites for microwave absorption applications",Ceramics International
2024,January,WOS,College of Science,Scientific,"Dietary Paenibacillus polymyxa AM20 as a new probiotic: Improving effects on IR broiler growth performance, hepatosomatic index, thyroid hormones, lipid profile, immune response, antioxidant parameters, and caecal microorganisms",POULTRY SCIENCE
2024,January,Scopus,College of Science,Scientific,"Dietary supplement of fermented grass forage regulates growth performance, antioxidant capacity, and immune response of broiler chickens",Poultry Science
2024,January,Scopus,College of Science,Scientific,"Does dietary supplementation with lettuce seed oil enhance broiler performance, immunity, lipid profile, liver and kidney functions, antioxidant parameters, and intestinal microbiota?",Poultry Science
2024,January,Scopus,College of Science,Scientific,Dynamics of newly created soliton solutions via Atangana–Baleanu Fractional (ABF) for system of (ISALWs) equations,Modern Physics Letters B
2024,January,Scopus,College of Science,Scientific,"Ecofriendly synthesis and nematicidal application of copper nanoparticles fabricated from Bacillus subtilis AM18, against root-knot nematode of cucumber",European Journal of Plant Pathology
2024,January,Scopus,College of Science,Scientific,"Ecological prevalence, genetic diversity, and multidrug resistance of Salmonella enteritidis recovered from broiler and layer chicken farms",Poultry Science
2024,January,Scopus,College of Science,Scientific,Effect of Eu3+ ions concentration on visible red luminescence and radiative shielding properties of SrO–Al2O3– BaCl2–B2O3– TeO2 glasses,Radiation Physics and Chemistry
2024,January,WOS,College of Science,Scientific,"Effect of iron ion doping on mechanical, dielectric properties, and radiation protection effectiveness of lead barium borate glasses",APPLIED PHYSICS A-MATERIALS SCIENCE & PROCESSING
2024,January,WOS,College of Science,Scientific,"Effect of rhizospheric bacteria on growth, physiological attributes and melatonin contents of Trigonella foenum-graecum L.",SCIENTIA HORTICULTURAE
2024,January,Scopus,College of Science,Scientific,Effect of ZnO on Radiation Shielding Performance and Gamma Dose of Boron Silicate Glasses,Silicon
2024,January,WOS,College of Science,Scientific,Effects of modifications of the heteroatoms on fine-tuning the photophysical proprieties of A-π-D-π-A small molecules for photovoltaic applications,INTERNATIONAL JOURNAL OF QUANTUM CHEMISTRY
2024,January,Scopus,College of Science,Scientific,Efficient Production of Biodiesel by the Transesterification of Neem Oil Using Ni-Doped ZnO Nanoparticles as Heterogeneous Catalysts,Arabian Journal for Science and Engineering
2024,January,WOS,College of Science,Scientific,Electrochemical investigation of C-doped CoFe2O4/Fe2O3 nanostructures for efficient electrochemical water splitting,INTERNATIONAL JOURNAL OF HYDROGEN ENERGY
2024,January,WOS,College of Science,Scientific,Electrodeposited polyaniline based carbon nanotubes fiber as efficient counter electrode in wire-shaped dye sensitized solar cells,NANOTECHNOLOGY
2024,January,Scopus,College of Science,Scientific,"Elucidating the influences of MoO3 in Na2O- ZnO - B2O3 - SiO2: Fabrication, optical, and γ-ray protection properties for the novel high-density glasses",Materials Today Communications
2024,January,Scopus,College of Science,Scientific,"Energy deposition responses, transmission factors, and radiation interaction properties of some antibiotics: A critical assessment for substantial molecular alterations as a function of radiation exposure",Radiation Physics and Chemistry
2024,January,Scopus,College of Science,Scientific,Enhanced performance of hydrothermally prepared Ag2Se/rGO nanosheet composite for energy storage applications,Diamond and Related Materials
2024,January,Scopus,College of Science,Scientific,Enhancing cabbage resilience against heavy metal stress through silicon amendments and melatonin: A depth investigation,Scientia Horticulturae
2024,January,Scopus,College of Science,Scientific,"Enhancing mechanical, physical, radiation attenuation properties in alumino-barium-titanium-calcium-lithium glasses for nuclear applications: The pivotal role of TiO2 additives",Radiation Physics and Chemistry
2024,January,Scopus,College of Science,Scientific,Enhancing perovskite solar cells: Tailoring the properties of Ti-doped MAPbBr3 for reduced recombination and improved efficiency,Physica B: Condensed Matter
2024,January,Scopus,College of Science,Scientific,Enhancing solar still thermal performance: The role of surface coating and thermal energy storage in repurposed soda cans,Journal of Energy Storage
2024,January,Scopus,College of Science,Scientific,Enzyme-triggered approach to reduce water bodies' contamination using peroxidase-immobilized ZnO/SnO2/alginate nanocomposite,International Journal of Biological Macromolecules
2024,January,Scopus,College of Science,Scientific,"Escherichia coli-assisted synthesis of AgFeO2 nanoparticles for antimicrobial, photocatalytic and hydrogen generation applications",Materials Chemistry and Physics
2024,January,Scopus,College of Science,Scientific,Experimental and numerical study of hydrogen absorption in the MmNi5−xMx compound,International Journal of Hydrogen Energy
2024,January,Scopus,College of Science,Scientific,Experimental and theoretical DFT study of hydrothermally synthesized MoS2-doped-TiO2 nanocomposites for photocatalytic application,Journal of Photochemistry and Photobiology A: Chemistry
2024,January,Scopus,College of Science,Scientific,Exploring a monotonically non-decreasing behavioral function on shielding properties and transmission factors in borosilicate glasses through heavy metal oxide reinforcement,Radiation Physics and Chemistry
2024,January,Scopus,College of Science,Scientific,"Exploring critical behavioral differences in physical, structural, and nuclear radiation attenuation properties of produced High Entropy Alloy (HEA) and Refractory-High Entropy Alloy (RHEA) samples",Current Applied Physics
2024,January,Scopus,College of Science,Scientific,"Exploring the effect of substituents on the supramolecular assemblies built by non-covalent interactions in three closely related 1,3,4-oxadiazole-2(3H)-thione derivatives: An evaluation of antimicrobial and anti-proliferative activities",Journal of Molecular Structure
2024,January,Scopus,College of Science,Scientific,Extremal values of the first reformulated Zagreb index for molecular trees with application to octane isomers,AIMS Mathematics
2024,January,WOS,College of Science,Scientific,Fabrication and characterisation of TeO2-based composite doped with Yb3+ and Bi3+ for enhanced radiation shielding safety,RADIATION PHYSICS AND CHEMISTRY
2024,January,Scopus,College of Science,Scientific,Fabrication and characterization of ternary composite MgFe2O4/MoO3@CNTs for the enhanced photocatalytic activity to degrade organic pollutants,Journal of Alloys and Compounds
2024,January,Scopus,College of Science,Scientific,"Fabrication and structural, physical, and nuclear radiation shielding properties for Oxide Dispersion-Strengthened (ODS) alloys through Erbium (III) oxide, Samarium (III) oxide, and Praseodymium (III) oxide into 316L matrix",Ceramics International
2024,January,Scopus,College of Science,Scientific,Fabrication of MnSe/WSe2 nanohybrid electrode prepared through hydrothermal method for supercapacitor applications,Ceramics International
2024,January,Scopus,College of Science,Scientific,Fabrication of niobium selenide-based rGO hybrid nanoparticles by hydrothermal method for supercapacitor applications,Ceramics International
2024,January,Scopus,College of Science,Scientific,Facile fabrication of AgFeS2 nanostructure via hydrothermal route for supercapacitor application,Journal of Energy Storage
2024,January,Scopus,College of Science,Scientific,Facile synthesis of environmental friendly Sm2O3/rGO electrode as an alternative source for energy storage devices,Diamond and Related Materials
2024,January,Scopus,College of Science,Scientific,"Fat deposition, fatty acid profiles, antioxidant capacity and differentially expressed genes in subcutaneous fat of Tibetan sheep fed wheat-based diets with and without xylanase supplementation",Journal of Animal Physiology and Animal Nutrition
2024,January,Scopus,College of Science,Scientific,"Ferrocene based Schiff bases and their complexes: Synthesis, characterization and biological evaluation",Journal of Organometallic Chemistry
2024,January,Scopus,College of Science,Scientific,"First principle insight on optoelectronic and transport characteristics of lead-free inorganic double perovskites Rb2KTlX6 (X = Cl, Br) for solar cell applications",Solid State Communications
2024,January,Scopus,College of Science,Scientific,First record of Verticillium tricorpus as a causal agent of Verticillium wilt disease in Okra,Journal of Plant Diseases and Protection
2024,January,WOS,College of Science,Scientific,"First-principle study of Mg-based rare earth spinels MgSm2Y4 (Y--S, Se) for spintronic and thermoelectric devices",MATERIALS CHEMISTRY AND PHYSICS
2024,January,WOS,College of Science,Scientific,"First-principles calculations to investigate structural, electronic, mechanical, optical and thermoelectric properties of Sr-based fluoride perovskites SrXF3 (X = Nb, Ti, Zr)",MATERIALS SCIENCE IN SEMICONDUCTOR PROCESSING
2024,January,WOS,College of Science,Scientific,Flower-like Cr2O3-Cr(OH)3/poly-2-chloroaniline nanocomposite photoelectrode grown on polypyrrole film for hydrogen generation from sewage water,OPTICAL AND QUANTUM ELECTRONICS
2024,January,WOS,College of Science,Scientific,Gamma shielding performance of B2O3/BaO-based glassy system: Synthesis and simulation study,RADIATION PHYSICS AND CHEMISTRY
2024,January,Scopus,College of Science,Scientific,Genetic mining of desirable alleles for transgenerational stress memory through enhancing drought adaptation in wheat,Environmental and Experimental Botany
2024,January,Scopus,College of Science,Scientific,Genome-wide analysis and expression profiling of CalS genes in Glycine max revealed their role in development and salt stress,Journal of King Saud University - Science
2024,January,WOS,College of Science,Scientific,Green synthesis and bioefficacy screening of new insect growth regulators as eco-friendly insecticides against the cotton mealybug Phenacoccus solenopsis,CHEMISTRY & BIODIVERSITY
2024,January,Scopus,College of Science,Scientific,"Green synthesis of aryl-(4-oxo-1,2-dihydroquinazolin-4-yl-methylene) pyrazole-TiO2 nanoparticles as dyes removable for waste water treatment",Applied Organometallic Chemistry
2024,January,Scopus,College of Science,Scientific,Green synthesis of novel spiropyrazoline-indolinones in neutral deep eutectic solvents and DFT studies,Heliyon
2024,January,WOS,College of Science,Scientific,Heat transfer augmentation through engine oil-based hybrid nanofluid inside a trapezoid cavity,MEHRAN UNIVERSITY RESEARCH JOURNAL OF ENGINEERING AND TECHNOLOGY
2024,January,WOS,College of Science,Scientific,Heat transfer enhancement of a heat exchanger using novel multiple perforated magnetic turbulators (MPMT): An experimental study,INTERNATIONAL JOURNAL OF THERMAL SCIENCES
2024,January,Scopus,College of Science,Scientific,High ductility – Good strength stainless steel alloys at the elevated temperature for nuclear reactors core,Progress in Nuclear Energy
2024,January,WOS,College of Science,Scientific,High Prevalence of Bovine Cardiac Cysticercosis in Upper Egypt: An Epidemiological and Histopathological Study,ANIMALS
2024,January,WOS,College of Science,Scientific,High-Frequency Electrostatic Cnoidal Waves in Unmagnetized Plasma,BRAZILIAN JOURNAL OF PHYSICS
2024,January,Scopus,College of Science,Scientific,Impact of COVID-19 on Education,"Post-Pandemic Economy, Technology, and Innovation: Global Outlook and Context"
2024,January,Scopus,College of Science,Scientific,Impact of COVID-19 on Science and Technology,"Post-Pandemic Economy, Technology, and Innovation: Global Outlook and Context"
2024,January,Scopus,College of Science,Scientific,Improving the thermal performance of the heat exchanger through simultaneous utilization of novel magnetic turbulators and helical coil wire turbulators,International Journal of Thermal Sciences
2024,January,Scopus,College of Science,Scientific,"New modified thieno[2,3-d]pyrimidine derivatives as VEGFR-2 inhibitors: Design, synthesis, in vitro anti-cancer evaluation and divers in silico studies",Journal of Molecular Structure
2024,January,WOS,College of Science,Scientific,Stein-Weiss type inequality on the upper half space and its applications,MATHEMATISCHE ZEITSCHRIFT
2024,January,WOS,College of Science,Scientific,Whole-brain traumatic controlled cortical impact to the left frontal lobe: Magnetic resonance image-based texture analysis,JOURNAL OF NEUROPATHOLOGY AND EXPERIMENTAL NEUROLOGY
2024,January,WOS,College of Engineering,Scientific,Chaotic Equilibrium Optimizer-Based Green Communication With Deep Learning Enabled Load Prediction in Internet of Things Environment,IEEE ACCESS
2024,January,Scopus,College of Engineering,Scientific,EHD flow and heat transfer of hybrid nanofluid in a free surface cavity fitted with an internal hot obstacle,Case Studies in Thermal Engineering
2024,January,WOS,College of Engineering,Scientific,Enhancing land cover classification in remote sensing imagery using an optimal deep learning model,AIMS MATHEMATICS
2024,January,Scopus,College of Engineering,Scientific,Reduce the delivery time and relevant costs in a chaotic requests system via lean-Heijunka model to enhance the logistic Hamiltonian route,Results in Engineering
2024,January,WOS,College of Business Administration,Scientific,"1,3-(4,4′-bipyridinium disulfonic acid) propane-dihydrogen sulfate as highly effectual bi-functional catalysts for the rapid preparing chromeno[4,3-b]chromenes and pyrido[2,3-d:6,5-d′]dipyrimidines",RESEARCH ON CHEMICAL INTERMEDIATES
2024,January,Scopus,College of Business Administration,Scientific,A categorized information fusion model for reliable services delivery in smart cities,Applied Soft Computing
2024,January,Scopus,College of Business Administration,Scientific,Adaptation of Transformational Leadership and Nurses’ Job Satisfaction During the COVID-19: The Mediating Role of Mindfulness and Self-Efficacy,"Studies in Systems, Decision and Control"
2024,January,Scopus,College of Business Administration,Scientific,Amplitude of heat and mass transfer of gravity-driven convective oscillatory flow along inclined heated plate under reduced gravity and viscosity,Case Studies in Thermal Engineering
2024,January,Scopus,College of Business Administration,Scientific,Automating Daily Task in Manufacturing and Production Sites Via Machine Learning Intelligence,International Journal of Intelligent Systems and Applications in Engineering
2024,January,Scopus,College of Business Administration,Scientific,Business processes management as a tool to enhance intellectual capital in the digitalization era: the new challenges to face,Journal of Intellectual Capital
2024,January,Scopus,College of Business Administration,Scientific,Cultivating resilient economies through responsible mineral resource trade: Does eco-resourcing rebate matter?,Resources Policy
2024,January,WOS,College of Business Administration,Scientific,Does effect of risk and uncertainties on US sectoral returns differ across different investment horizons and market conditions,RISK MANAGEMENT-AN INTERNATIONAL JOURNAL
2024,January,Scopus,College of Business Administration,Scientific,Efficient Project Management in Construction Sites to Monitor and Track the Employees using Multi-Modal Deep Learning Model,International Journal of Intelligent Systems and Applications in Engineering
2024,January,Scopus,College of Business Administration,Scientific,Elevated temperature tribological assessment of Ni-based cermet self-lubricating coatings deposited by cold spray,Surface and Coatings Technology
2024,January,Scopus,College of Business Administration,Scientific,Regression Based Modelling to Predict the Undergraduate Students Performance After Pandemic in Educational Institutions,International Journal of Intelligent Systems and Applications in Engineering
2024,January,Scopus,College of Business Administration,Scientific,Scrutinization using both numerical and analytical techniques for Darcy Forchheimer flow in the gyrotactic microorganism of nanofluid over a rotating disk,"Numerical Heat Transfer, Part B: Fundamentals"
2024,January,WOS,College of Business Administration,Scientific,When abusive supervision affects creative idea sharing: Understanding the role of employee cheating and organizational justice,HELIYON
2024,January,Scopus,College of Dentistry,Health-related / Medical,Assessment of self-rated pain perception and whole salivary cortisol levels among adolescents with and without temporomandibular disorders,Cranio - Journal of Craniomandibular and Sleep Practice
2024,January,Scopus,College of Dentistry,Health-related / Medical,Disparities in HPV and the HPV Vaccine Knowledge Among Non-Hispanic Black Adults in the US - HINTS 2017–2020,Journal of Immigrant and Minority Health
2024,January,Scopus,College of Dentistry,Health-related / Medical,Factors Influencing Dentists’ Choice of Restorative Materials for Single-Tooth Crowns: A Survey Among Saudi Practitioners,Medical Science Monitor
2024,January,Scopus,College of Dentistry,Health-related / Medical,"Retraction notice to “Adhesive bond integrity of silanized zirconia nanoparticles in polymeric resin dentin bonding agent. An FTIR, SEM, and micro-tensile experiment” [Int J Adhesion Adhes 114 (2022) 103069](S0143749621002724)(10.1016/j.ijadhadh.2021.103069)",International Journal of Adhesion and Adhesives
2024,January,Scopus,College of Dentistry,Health-related / Medical,"Retraction notice to “Synthesis and characterization of graphene-modified experimental adhesive system for bonding two-piece zirconia abutments: Electron Microscopy and Raman Spectroscopic analysis” [Int J Adhesion Adhes 109 (2021) 102897] (International Journal of Adhesion and Adhesives (2021) 109, (S0143749621000956), (10.1016/j.ijadhadh.2021.102897))",International Journal of Adhesion and Adhesives
2024,January,Scopus,College of Computer and Information Sciences,Scientific,2CAP: A Novel Curve Crash Avoidance Protocol to handle Curve Crashes in Vehicular Ad-Hoc Network,IEEE Access
2024,January,Scopus,College of Computer and Information Sciences,Scientific,A Decentralized Approach to Smart Home Security: Blockchain with Red-Tailed Hawk-Enabled Deep Learning,IEEE Access
2024,January,Scopus,College of Computer and Information Sciences,Scientific,A Hybrid Mutual Authentication Approach for Artificial Intelligence of Medical Things,IEEE Internet of Things Journal
2024,January,Scopus,College of Computer and Information Sciences,Scientific,A New Trend in Cryptographic Information Security for Industry 5.0: A Systematic Review,IEEE Access
2024,January,Scopus,College of Computer and Information Sciences,Scientific,An AI-based novel system for predicting respiratory support in COVID-19 patients through CT imaging analysis,Scientific Reports
2024,January,WOS,College of Computer and Information Sciences,Scientific,ASMF: Ambient social media forensics chain of custody with an intelligent digital investigation process using federated learning,HELIYON
2024,January,Scopus,College of Computer and Information Sciences,Scientific,Automated sign language detection and classification using reptile search algorithm with hybrid deep learning,Heliyon
2024,January,Scopus,College of Computer and Information Sciences,Scientific,Coastal Flood risk assessment using ensemble multi-criteria decision-making with machine learning approaches,Environmental Research
2024,January,Scopus,College of Computer and Information Sciences,Scientific,Communication and computational resource optimization for Industry 5.0 smart devices empowered by MEC,Journal of King Saud University - Computer and Information Sciences
2024,January,Scopus,College of Computer and Information Sciences,Scientific,Compositional Techniques for Boolean Networks and Attractor Analysis,Lecture Notes in Computer Science (including subseries Lecture Notes in Artificial Intelligence and Lecture Notes in Bioinformatics)
2024,January,Scopus,College of Computer and Information Sciences,Scientific,"Correction to: Convolutional neural network and ensemble machine learning model for optimizing performance of emotion recognition in wild (Multimedia Tools and Applications, (2023), 10.1007/s11042-023-17744-1)",Multimedia Tools and Applications
2024,January,Scopus,College of Computer and Information Sciences,Scientific,Deep learning innovations in diagnosing diabetic retinopathy: The potential of transfer learning and the DiaCNN model,Computers in Biology and Medicine
2024,January,Scopus,College of Computer and Information Sciences,Scientific,Deep learning myocardial infarction segmentation framework from cardiac magnetic resonance images,Biomedical Signal Processing and Control
2024,January,Scopus,College of Computer and Information Sciences,Scientific,Designing g-C3N4/ZnCo2O4 nanocoposite as a promising photocatalyst for photodegradation of MB under visible-light excitation: Response surface methodology (RSM) optimization and modeling,Journal of Physics and Chemistry of Solids
2024,January,WOS,College of Computer and Information Sciences,Scientific,Distribution of neurovascular structures within the prostate gland and their relationship to complications after radical prostatectomy,PROSTATE
2024,January,Scopus,College of Computer and Information Sciences,Scientific,Dynamic resource management in integrated NOMA terrestrial–satellite networks using multi-agent reinforcement learning,Journal of Network and Computer Applications
2024,January,Scopus,College of Computer and Information Sciences,Scientific,EdgeMatch: A Smart Approach for Scheduling IoT-Edge Tasks with Multiple Criteria using Game Theory,IEEE Access
2024,January,Scopus,College of Computer and Information Sciences,Scientific,Efficient android malware identification with limited training data utilizing multiple convolution neural network techniques,Engineering Applications of Artificial Intelligence
2024,January,Scopus,College of Computer and Information Sciences,Scientific,Efficient Braille Transformation for Secure Password Hashing,IEEE Access
2024,January,Scopus,College of Computer and Information Sciences,Scientific,Efficient utilization of deep learning for the detection of fabric defects,Neural Computing and Applications
2024,January,Scopus,College of Computer and Information Sciences,Scientific,Eight element dual-band MIMO array antenna for modern fifth generation mobile phones,AEU - International Journal of Electronics and Communications
2024,January,Scopus,College of Computer and Information Sciences,Scientific,Enhancing brain tumor classification with transfer learning: Leveraging DenseNet121 for accurate and efficient detection,International Journal of Imaging Systems and Technology
2024,January,WOS,College of Computer and Information Sciences,Scientific,Enhancing Red Palm Weevil Detection Using Bird Swarm Algorithm With Deep Learning Model,IEEE ACCESS
2024,January,Scopus,College of Computer and Information Sciences,Scientific,Exploring the therapeutic potential of layered double hydroxides and transition metal dichalcogenides through the convergence of rheumatology and nanotechnology using generative adversarial network,Environmental research
2024,January,Scopus,College of Computer and Information Sciences,Scientific,FEM simulations for double diffusive transport mechanism hybrid nano fluid flow in corrugated enclosure by installing uniformly heated and concentrated cylinder,Scientific Reports
2024,January,Scopus,College of Computer and Information Sciences,Scientific,Gastrointestinal Cancer Detection and Classification using African Vulture Optimization Algorithm with Transfer Learning,IEEE Access
2024,January,Scopus,College of Computer and Information Sciences,Scientific,Golden jackal optimization algorithm with deep learning assisted intrusion detection system for network security,Alexandria Engineering Journal
2024,January,Scopus,College of Computer and Information Sciences,Scientific,Heat generation in dual convection Non-Newtonian MHD Darcy's flow with Soret and Dufour effects,Case Studies in Thermal Engineering
2024,January,Scopus,College of Computer and Information Sciences,Scientific,Improved Water Strider Algorithm With Convolutional Autoencoder for Lung and Colon Cancer Detection on Histopathological Images,IEEE Access
2024,January,WOS,College of Computer and Information Sciences,Scientific,Improving Holistic Business Intelligence with Artificial Intelligence for Demand Forecasting,JOURNAL OF MULTIPLE-VALUED LOGIC AND SOFT COMPUTING
2024,January,Scopus,College of Computer and Information Sciences,Scientific,Land Use and Land Cover Classification using River Formation Dynamics Algorithm with Deep Learning on Remote Sensing Images,IEEE Access
2024,January,Scopus,College of Computer and Information Sciences,Scientific,Machine learning and deep learning techniques for driver fatigue and drowsiness detection: a review,Multimedia Tools and Applications
2024,January,Scopus,College of Computer and Information Sciences,Scientific,Melting heat effect in MHD flow of maxwell fluid with zero mass flux,Case Studies in Thermal Engineering
2024,January,Scopus,College of Computer and Information Sciences,Scientific,Mitigating chromium toxicity in rice (Oryza sativa L.) via ABA and 6-BAP: Unveiling synergistic benefits on morphophysiological traits and ASA-GSH cycle,Science of the Total Environment
2024,January,Scopus,College of Computer and Information Sciences,Scientific,Novel Framework for Autism Spectrum Disorder Identification and Tailored Education With Effective Data Mining and Ensemble Learning Techniques,IEEE Access
2024,January,Scopus,College of Computer and Information Sciences,Scientific,Semi-supervised generative adversarial networks for improved colorectal polyp classification using histopathological images,Information Sciences
2024,January,Scopus,College of Computer and Information Sciences,Scientific,Side-edge dual-band MIMO antenna system for 5G cellular devices,AEU - International Journal of Electronics and Communications
2024,January,Scopus,College of Computer and Information Sciences,Scientific,Supporting Remote Customer Involvement in Distributed Agile Development: A Coordination Approach,IEEE Transactions on Engineering Management
2024,January,Scopus,College of Computer and Information Sciences,Scientific,Temporal–spatial transformer based motor imagery classification for BCI using independent component analysis,Biomedical Signal Processing and Control
2024,January,WOS,College of Computer and Information Sciences,Scientific,Utilization of fMRI with optical amplification to diagnose attention deficit hyperactivity disorder,JOURNAL OF OPTICS-INDIA
2024,January,Scopus,College of Computer and Information Sciences,Scientific,Utilization of the double random phase encoding algorithm for secure image communication,Multimedia Tools and Applications
2024,January,Scopus,Health Sciences Research Centre,Health-related / Medical,Comprehensive review of melatonin as a promising nutritional and nutraceutical supplement,Heliyon
2024,February,WOS,College of Science,Scientific,"1,2,4-Triazole-Tethered Indolinones as New Cancer-Fighting Small Molecules Targeting VEGFR-2: Synthesis, Biological Evaluations and Molecular Docking",PHARMACEUTICALS
2024,February,Scopus,College of Science,Scientific,A coding based metasurface absorber with triple circular ring resonator for broadband RCS reduction and high EMI shielding effectiveness,Results in Engineering
2024,February,WOS,College of Science,Scientific,"A Comprehensive Analysis of MSE in Estimating Conditional Hazard Functions: A Local Linear, Single Index Approach for MAR Scenarios",MATHEMATICS
2024,February,WOS,College of Computer and Information Sciences,Scientific,A concentrated machine learning-based classification system for age-related macular degeneration (AMD) diagnosis using fundus images,SCIENTIFIC REPORTS
2024,February,Scopus,College of Science,Scientific,A detailed study on quantification and modeling of drought characteristics using different copula families,Heliyon
2024,February,Scopus,College of Science,Scientific,A DFT approach toward designing selenophene-based unfused small molecule acceptors by end-capped modification for improving the photovoltaic performance of organic solar cells,Journal of Physical Organic Chemistry
2024,February,Scopus,College of Science,Scientific,A new BiOCl–ZnFe2O4/CNTs ternary composite for remarkable photocatalytic degradation studies of a herbicide and a diazo dye,Optical Materials
2024,February,WOS,College of Computer and Information Sciences,Scientific,A New Image Encryption Scheme Based on the Hybridization of Lorenz Chaotic Map and Fibonacci Q-Matrix,IEEE ACCESS
2024,February,Scopus,College of Science,Scientific,A new Topp-Leone Kumaraswamy Marshall-Olkin generated family of distributions with applications,Heliyon
2024,February,Scopus,College of Computer and Information Sciences,Scientific,A novel approach for breast cancer detection using optimized ensemble learning framework and XAI,Image and Vision Computing
2024,February,WOS,College of Computer and Information Sciences,Scientific,A novel medical image data protection scheme for smart healthcare system,CAAI TRANSACTIONS ON INTELLIGENCE TECHNOLOGY
2024,February,WOS,College of Science,Scientific,A photodetector based on p-GaN/N-MoS2 QDs heterojunction with high responsivity,MATERIALS RESEARCH EXPRESS
2024,February,WOS,College of Computer and Information Sciences,Scientific,A proposed video super-resolution reconstruction strategy using wavelet multi-scale convolutional neural networks,JOURNAL OF OPTICS-INDIA
2024,February,WOS,King Abdullah bin Abdulaziz University Hospital,Health-related / Medical,A Rare Case of Varicella-Zoster Virus Meningitis With High Intracranial Pressure in an Immunocompetent Adult,CUREUS JOURNAL OF MEDICAL SCIENCE
2024,February,Scopus,College of Computer and Information Sciences,Scientific,A research on optical wireless sensor connections using non-orthogonal multiple access techniques,Results in Optics
2024,February,Scopus,College of Computer and Information Sciences,Scientific,"A Semantic, Syntactic, And Context-Aware Natural Language Adversarial Example Generator",IEEE Transactions on Dependable and Secure Computing
2024,February,Scopus,College of Science,Scientific,A theoretical investigation of the Ba2CePtO6 double perovskite for optoelectronic and thermoelectric applications,Optical and Quantum Electronics
2024,February,WOS,College of Computer and Information Sciences,Scientific,A Wearable Inertial Sensor Approach for Locomotion and Localization Recognition on Physical Activity,SENSORS
2024,February,WOS,College of Medicine,Health-related / Medical,A wearable system to track vital signs communicated from the mother to the fetus,TECHNOLOGY AND HEALTH CARE
2024,February,WOS,College of Engineering,Scientific,Accelerating biomedical image segmentation using equilibrium optimization with a deep learning approach,AIMS MATHEMATICS
2024,February,WOS,College of Medicine,Health-related / Medical,Acceptance of Selective Laser Trabeculoplasty as a First-Line Treatment for Primary Open-Angle Glaucoma in Saudi Arabia,CUREUS JOURNAL OF MEDICAL SCIENCE
2024,February,Scopus,College of Science,Scientific,"Activated Carbon as an Adsorbent for CO2 Capture: Adsorption, Kinetics, and RSM Modeling",ACS Omega
2024,February,WOS,College of Engineering,Scientific,Adaptive Switching Based Data-Communication Model for Internet of Healthcare Things Networks,IEEE ACCESS
2024,February,Scopus,College of Science,Scientific,Ag-doped MnO2 nanowires integrated with graphitic carbon nitride for enhanced photocatalytic applications for waste water treatment,Current Applied Physics
2024,February,WOS,College of Computer and Information Sciences,Scientific,An autonomous mixed data oversampling method for AIOT-based churn recognition and personalized recommendations using behavioral segmentation,PEERJ COMPUTER SCIENCE
2024,February,Scopus,College of Computer and Information Sciences,Scientific,An Early and Smart Detection of Corn Plant Leaf Diseases Using IoT and Deep Learning Multi-Models,IEEE Access
2024,February,Scopus,College of Engineering,Scientific,An effective model for network selection and resource allocation in 5G heterogeneous network using hybrid heuristic-assisted multi-objective function,Expert Systems with Applications
2024,February,WOS,College of Computer and Information Sciences,Scientific,An enhanced drought forecasting in coastal arid regions using deep learning approach with evaporation index,ENVIRONMENTAL RESEARCH
2024,February,Scopus,College of Business Administration,Scientific,An exact solution for the entropy base °ow of electroosmotic magneto-nano°uid through microparallel channel,International Journal of Modern Physics B
2024,February,Scopus,College of Dentistry,Health-related / Medical,An in vitro evaluation of 2 methods for retrieving fractured abutment screw fragments from the intaglio of 4 different implant systems,Journal of Prosthetic Dentistry
2024,February,Scopus,College of Science,Scientific,An innovative diatomite-polypyrrole composite for highly efficient Cr (VI) removal through optimized adsorption via surface response methodology,Colloids and Surfaces A: Physicochemical and Engineering Aspects
2024,February,WOS,College of Computer and Information Sciences,Scientific,An Integrated Framework of Two-Stream Deep Learning Models Optimal Information Fusion for Fruits Disease Recognition,IEEE JOURNAL OF SELECTED TOPICS IN APPLIED EARTH OBSERVATIONS AND REMOTE SENSING
2024,February,WOS,College of Computer and Information Sciences,Scientific,An Investigation of Crime Detection Using Artificial Intelligence and Face Sketch Synthesis,JOURNAL OF APPLIED SECURITY RESEARCH
2024,February,WOS,College of Science,Scientific,"Annona Muricata L. extract restores renal function, oxidative stress, immunohistochemical structure, and gene expression of TNF-α, IL-β1, and CYP2E1 in the kidney of DMBA-intoxicated rats",FRONTIERS IN PHARMACOLOGY
2024,February,WOS,College of Science,Scientific,Application of a hybrid pseudospectral method to a new two-dimensional multi-term mixed sub-diffusion and wave-diffusion equation of fractional order,NETWORKS AND HETEROGENEOUS MEDIA
2024,February,WOS,College of Computer and Information Sciences,Scientific,Archimedes Optimization Algorithm-Based Feature Selection with Hybrid Deep-Learning-Based Churn Prediction in Telecom Industries,BIOMIMETICS
2024,February,Scopus,College of Science,Scientific,Are anticoagulant drugs ecotoxic for meiobenthic nematodes from Saudi Arabia? First data on taxon/functional diversity and computational evidences,Marine Pollution Bulletin
2024,February,WOS,College of Computer and Information Sciences,Scientific,Artificial Hummingbird Optimization Algorithm With Hierarchical Deep Learning for Traffic Management in Intelligent Transportation Systems,IEEE ACCESS
2024,February,WOS,College of Computer and Information Sciences,Scientific,Artificial intelligence and Internet of Things-enabled decision support system for the prediction of bacterial stalk root disease in maize crop,COMPUTATIONAL INTELLIGENCE
2024,February,Scopus,College of Computer and Information Sciences,Scientific,Artificial intelligence for public perception of drones as a tool for telecommunication technologies,Computational Intelligence
2024,February,WOS,College of Medicine,Health-related / Medical,"Assessment of Knowledge, Attitude, and Practice towards Tuberculosis among Taif University Students (Vol 11, 2807, 2023)",HEALTHCARE
2024,February,WOS,College of Medicine,Health-related / Medical,"Association between Endometriosis and the Risk of Ovarian, Endometrial, Cervical, and Breast Cancer: A Population-Based Study from the US National Inpatient Sample 2016-2019",CURRENT ONCOLOGY
2024,February,WOS,College of Science,Scientific,Asymptotic and Oscillatory Analysis of Fourth-Order Nonlinear Differential Equations with p-Laplacian-like Operators and Neutral Delay Arguments,MATHEMATICS
2024,February,Scopus,College of Science,Scientific,Atom localization by damping spectrum of surface plasmon polariton waves,Alexandria Engineering Journal
2024,February,WOS,College of Computer and Information Sciences,Scientific,Automated wound care by employing a reliable U-Net architecture combined with ResNet feature encoders for monitoring chronic wounds,FRONTIERS IN MEDICINE
2024,February,Scopus,College of Computer and Information Sciences,Scientific,Balanced Performance Merit On Wind and Solar Energy Contact With Clean Environment Enrichment,IEEE Journal of the Electron Devices Society
2024,February,WOS,College of Science,Scientific,Bandgap reduction and efficiency enhancement in Cs2AgBiBr6 double perovskite solar cells through gallium substitution,RSC ADVANCES
2024,February,WOS,College of Science,Scientific,Bayesian and non-Bayesian two-sample prediction for the Fréchet distribution under progressive type II censoring,AIP ADVANCES
2024,February,WOS,College of Medicine,Health-related / Medical,Bi-allelic PRRT2 variants may predispose to Self-limited Familial Infantile Epilepsy,EUROPEAN JOURNAL OF HUMAN GENETICS
2024,February,WOS,College of Science,Scientific,Bis(2-hydroxyethyl) ammonium dodecanoate and its constituents as inhibitors for Al corrosion and H2 production in acid medium,INTERNATIONAL JOURNAL OF ELECTROCHEMICAL SCIENCE
2024,February,WOS,College of Computer and Information Sciences,Scientific,Blockchain-Based Logging to Defeat Malicious Insiders: The Case of Remote Health Monitoring Systems,IEEE ACCESS
2024,February,Scopus,College of Dentistry,Health-related / Medical,Can ChatGPT identify predatory biomedical and dental journals? A cross-sectional content analysis,Journal of Dentistry
2024,February,WOS,College of Computer and Information Sciences,Scientific,Cardiac Fibrosis Automated Diagnosis Based on FibrosisNet Network Using CMR Ischemic Cardiomyopathy,DIAGNOSTICS
2024,February,Scopus,College of Computer and Information Sciences,Scientific,Chaotic image encryption algorithm with improved bonobo optimizer and DNA coding for enhanced security,Heliyon
2024,February,Scopus,College of Science,Scientific,Characterization and comparative genomic analyses of complete chloroplast genome on Trema orientalis L.,Genetic Resources and Crop Evolution
2024,February,Scopus,College of Science,Scientific,Chia seeds ameliorate cardiac disease risk factors via alleviating oxidative stress and inflammation in rats fed high-fat diet,Scientific reports
2024,February,WOS,College of Science,Scientific,Combatting Sugar Beet Root Rot: Streptomyces Strains' Efficacy against Fusarium oxysporum,PLANTS-BASEL
2024,February,WOS,College of Science,Scientific,Combined exposure of PVC-microplastic and mercury chloride (HgCl2) in sorghum (Pennisetum glaucum L.) when its seeds are primed titanium dioxide nanoparticles (TiO2-NPs),ENVIRONMENTAL SCIENCE AND POLLUTION RESEARCH
2024,February,WOS,College of Science,Scientific,Comparing the efficacy of coefficient of variation control charts using generalized multiple dependent state sampling with various run-rule control charts,SCIENTIFIC REPORTS
2024,February,Scopus,College of Science,Scientific,Comparison between different inflationary models in Bianchi IX spacetime,Advances in Space Research
2024,February,Scopus,College of Science,Scientific,Compilation and deciphering MoS2’s physical properties: Accurate benchmark DFT simulations and assessment of advanced quantum methods,Chemical Physics
2024,February,WOS,College of Science,Scientific,Comprehensive Tools of Alkaloid/Volatile Compounds-Metabolomics and DNA Profiles: Bioassay-Role-Guided Differentiation Process of Six Annona sp. Grown in Egypt as Anticancer Therapy,PHARMACEUTICALS
2024,February,WOS,College of pharmacy,Health-related / Medical,"Concurrent use of oral anticoagulants and sulfonylureas in individuals with type 2 diabetes and risk of hypoglycemia: a UK population-based cohort study (vol 9, 893080, 2022)",FRONTIERS IN MEDICINE
2024,February,Scopus,College of Education and Human Development,Humanitarian ,Consumer engagement in chatbots and voicebots. A multiple-experiment approach in online retailing context,Journal of Retailing and Consumer Services
2024,February,Scopus,College of Science,Scientific,Continuous clinicopathological and molecular recognition of very virulent infectious bursal disease virus in commercial broiler chickens,Poultry Science
2024,February,WOS,College of Computer and Information Sciences,Scientific,Contradiction in text review and apps rating: prediction using textual features and transfer learning,PEERJ COMPUTER SCIENCE
2024,February,Scopus,College of Computer and Information Sciences,Scientific,Coordination of modular nano grid energy management using multi-agent AI architecture,Computers and Electrical Engineering
2024,February,Scopus,College of Science,Scientific,Copper oxide nanoparticles: an effective suppression tool against bacterial leaf blight of rice and its impacts on plants,Pest Management Science
2024,February,Scopus,College of Science,Scientific,Copper substituted spinel Co–Cr spinel Ferrites@Graphitic carbon nitride nanocomposite as a visible light active photocatalytic material,Optical Materials
2024,February,Scopus,College of Medicine,Health-related / Medical,"Correction to: Assessment of Knowledge, Attitude, and Practice towards Tuberculosis among Taif University Students (Healthcare, (2023), 11, 20, (2807), 10.3390/healthcare11202807)",Healthcare (Switzerland)
2024,February,Scopus,College of Medicine,Health-related / Medical,"Correction to: Optimization of capsaicin microemulgel: a comprehensive in vitro evaluation and pseudo ternary diagram (Chemical Papers, (2024), 10.1007/s11696-023-03216-1)",Chemical Papers
2024,February,Scopus,College of Science,Scientific,"Corrigendum to “Morphological regulation of CdS/Ga0. 04Cd0. 96S nanocomposites for enhanced efficiency of solar-driven rhodamine B degradation” [J. Alloys Compd. 980 (2024) 1-9/173506] (Journal of Alloys and Compounds (2024) 980, (S0925838824000926), (10.1016/j.jallcom.2024.173506))",Journal of Alloys and Compounds
2024,February,Scopus,College of pharmacy,Health-related / Medical,"Corrigendum to “Nystatin drug solubility optimization through green chemistry solvent: Artificial intelligence technique” [Case Stud. Therm. Eng. 53 (2024) 103767] (Case Studies in Thermal Engineering (2024) 53, (S2214157X23010730), (10.1016/j.csite.2023.103767))",Case Studies in Thermal Engineering
2024,February,Scopus,College of Science,Scientific,Crushing behavior optimization of octagonal lattice-structured thin-walled 3D printed carbon fiber reinforced PETG (CF/PETG) composite tubes under axial loading,Polymer Composites
2024,February,WOS,College of Health and Rehabilitation Sciences,Health-related / Medical,Cultural adaptations of third-wave psychotherapies in Gulf Cooperation Council countries: A systematic review,TRANSCULTURAL PSYCHIATRY
2024,February,WOS,College of Computer and Information Sciences,Scientific,Deep Learning-Based Audio-Visual Speech Recognition for Bosnian Digits,JURNAL KEJURUTERAAN
2024,February,Scopus,College of Medicine,Health-related / Medical,Defects oriented hydrothermal synthesis of TiO2 and MnTiO2 nanoparticles as photocatalysts for wastewater treatment and antibacterial applications,Heliyon
2024,February,Scopus,College of Science,Scientific,"Density functional study of electrode material for magnetic tunnel junction designed using Co2TiZ (Z = Ge, Si) Heusler alloys",Journal of Physics and Chemistry of Solids
2024,February,WOS,College of Computer and Information Sciences,Scientific,Design and Evaluation of Arabic Handwritten Digit Recognition System Using Biologically Plausible Methods,ARABIAN JOURNAL FOR SCIENCE AND ENGINEERING
2024,February,Scopus,College of Science,Scientific,Design and synthesis of benzo[b]thiophene-based hybrids as novel antitubercular agents against MDR/XDR Mycobacterium tuberculosis,Archiv der Pharmazie
2024,February,Scopus,College of Science,Scientific,Design of honeycomb-like WSe2@ZnS coated NH4NiPO4.H2O hybrids for flexible all-solid-state asymmetric supercapacitors,Journal of Energy Storage
2024,February,WOS,College of Computer and Information Sciences,Scientific,Design Space Exploration of HW Accelerators and Network Infrastructure for FPGA-Based MPSoC,IEEE ACCESS
2024,February,Scopus,College of Science,Scientific,Designing and tailoring of photocatalytic properties of NiMnO3 by using the doping strategy,Optik
2024,February,WOS,College of Science,Scientific,"Designing Thieno[3,4-c]pyrrole-4,6-dione Core-Based, A2-D-A1-D-A2-Type Acceptor Molecules for Promising Photovoltaic Parameters in Organic Photovoltaic Cells",ACS OMEGA
2024,February,WOS,College of Science,Scientific,"Detection of cyanogen (NCCN) on Ga-, In-, and Tl-doped aluminium nitride (AlN) nanotube: insights from quantum chemical calculations",JOURNAL OF NANOPARTICLE RESEARCH
2024,February,Scopus,College of Science,Scientific,Development of Mn doped CeTe as an environmental purifier for photodegradation of noxious methylene blue dye in water,Journal of Physics and Chemistry of Solids
2024,February,WOS,College of Science,Scientific,Development of smart core-shell nanoparticles-based sensors for diagnostics of salivary alpha-amylase in biomedical and forensics,E-POLYMERS
2024,February,WOS,College of Science,Scientific,DFT insights on the Be1-xCrxS alloys for optoelectronic and magnetic devices,CHALCOGENIDE LETTERS
2024,February,Scopus,College of Education and Human Development,Humanitarian ,Digital photo hoarding in online retail context. An in-depth qualitative investigation of retail consumers,Journal of Retailing and Consumer Services
2024,February,Scopus,College of Science,Scientific,"Discovery of new thiazolidine-2,4-dione derivatives as potential VEGFR-2 inhibitors: In vitro and in silico studies",Heliyon
2024,February,WOS,College of Science,Scientific,Dissemination of mcr-1 and β-lactamase genes among Pseudomonas aeruginosa: molecular characterization of MDR strains in broiler chicks and dead-in-shell chicks infections,ANNALS OF CLINICAL MICROBIOLOGY AND ANTIMICROBIALS
2024,February,WOS,College of Science,Scientific,"Distribution of nutrients, bioactive compounds, and antioxidant properties of grain-based milling fractions of Glycine max L",CYTA-JOURNAL OF FOOD
2024,February,WOS,College of Business Administration,Scientific,"Does stakeholder pressure influence firms environmental, social and governance (ESG) disclosure? Evidence from Ghana",COGENT BUSINESS & MANAGEMENT
2024,February,Scopus,College of Science,Scientific,Drug repurposing of FDA-approved anti-viral drugs via computational screening against novel 6M03 SARS-COVID-19,Irish Journal of Medical Science
2024,February,WOS,College of Computer and Information Sciences,Scientific,ECG-TransCovNet: A hybrid transformer model for accurate arrhythmia detection using Electrocardiogram signals,CAAI TRANSACTIONS ON INTELLIGENCE TECHNOLOGY
2024,February,Scopus,College of Science,Scientific,Eco-friendly approach for the fabrication of biо copper based superhydrophobic coating on steel metal and its corrosion resistance evaluation,Heliyon
2024,February,WOS,College of Science,Scientific,"Eco-friendly approach to decrease the harmful effects of untreated wastewater on growth, yield, biochemical constituents, and heavy metal contents of carrot (Daucus carota L.)",ENVIRONMENTAL SCIENCE AND POLLUTION RESEARCH
2024,February,WOS,College of Science,Scientific,Effect of ablation time for loading amounts of magnetic nanoparticles on CNTs for removal of Pb (II) ions from aqueous solution,APPLIED PHYSICS A-MATERIALS SCIENCE & PROCESSING
2024,February,WOS,College of Science,Scientific,Effect of cadmium and lead on the morphology and protein profile of Calligonum comosum seeds,FRONTIERS IN ECOLOGY AND EVOLUTION
2024,February,WOS,College of Health and Rehabilitation Sciences,Health-related / Medical,Effect of Calorie Restriction and Intermittent Fasting Regimens on Brain-Derived Neurotrophic Factor Levels and Cognitive Function in Humans: A Systematic Review,MEDICINA-LITHUANIA
2024,February,WOS,College of Dentistry,Health-related / Medical,Effect of different finishing and polishing systems on surface properties of universal single shade resin-based composites,BMC ORAL HEALTH
2024,February,Scopus,College of pharmacy,Health-related / Medical,Effect of Resveratrol and Curcumin on Gene Expression of Methicillin-Resistant Staphylococcus aureus (MRSA) Toxins,Journal of Microbiology and Biotechnology
2024,February,WOS,College of Science,Scientific,"Effects of extended dietary supplementation with Santalum album essential oil on hemato-biochemical changes, innate immune response, antioxidant status, and expression of related gene in Nile tilapia (Oreochromis niloticus)",FISH PHYSIOLOGY AND BIOCHEMISTRY
2024,February,WOS,College of Science,Scientific,"Effects of phytase enzyme supplementation on growth performance, intestinal morphology and metabolism in Nile tilapia (Oreochromis niloticus)",JOURNAL OF ANIMAL PHYSIOLOGY AND ANIMAL NUTRITION
2024,February,Scopus,College of Science,Scientific,"Effects of varying dietary microalgae levels on performance, egg quality, fertility, and blood biochemical parameters of laying Japanese quails (Coturnix coturnix Japonica)",Poultry Science
2024,February,WOS,College of Medicine,Health-related / Medical,Efficient and eco-friendly detection of gabapentin using nitrogen-doped carbon quantum dots: an analytical and green chemistry approach,RSC ADVANCES
2024,February,Scopus,College of Science,Scientific,Electrochemical and Photocatalysis Properties of Bi0.5(Na0.9K0.1)0.5TiO3 Based Ceramics,Integrated Ferroelectrics
2024,February,Scopus,College of Science,Scientific,Electrochemical detection of anti-cancer drug flutamide in biological fluids with calcium molybdate/molybdenum oxide as an effective electrocatalyst,Journal of the Taiwan Institute of Chemical Engineers
2024,February,Scopus,College of Science,Scientific,"Electronic, Optical and Thermoelectric Properties of Cs2XInCl6 (X = Ag, Na) Halide Double Perovskites",Physica Status Solidi (B) Basic Research
2024,February,WOS,College of Computer and Information Sciences,Scientific,Emotion estimation of people wearing masks using machine learning,INTERNATIONAL JOURNAL OF COMPUTERS COMMUNICATIONS & CONTROL
2024,February,WOS,College of Computer and Information Sciences,Scientific,Energy Efficient Path Planning Scheme for Unmanned Aerial Vehicle Using Hybrid Generic Algorithm-Based Q-Learning Optimization,IEEE ACCESS
2024,February,WOS,College of Business Administration,Scientific,Energy security-related risks and the quest to attain USA's net-zero emissions targets by 2050: a dynamic ARDL simulations modeling approach,ENVIRONMENTAL SCIENCE AND POLLUTION RESEARCH
2024,February,Scopus,College of Science,Scientific,Enhanced sunlight-driven photocatalysis owing to synergetic effect of gold nanoparticles-incorporated ZnO/rGO ternary heterostructures,Journal of King Saud University - Science
2024,February,WOS,College of Computer and Information Sciences,Scientific,Enhanced user verification in IoT applications: a fusion-based multimodal cancelable biometric system with ECG and PPG signals,NEURAL COMPUTING & APPLICATIONS
2024,February,WOS,College of Science,Scientific,"Enhancement the Structural, Mechanical and Radiation Shielding of Borosilicate Glasses Doped Vanadium Ions",SILICON
2024,February,Scopus,College of Education and Human Development,Humanitarian ,ENHANCING ENGLISH LEARNING OUTCOME PREDICTIONS: A HYBRID APPROACH INTEGRATING GRADIENT BOOSTING AND K-NEAREST NEIGHBOURS TECHNIQUES,Journal of Theoretical and Applied Information Technology
2024,February,WOS,College of Science,Scientific,Enhancing the performance of thienyl imidazole-based non-fused heterocyclic materials by end-capped acceptor modifications for organic and perovskite solar cells,CHEMICAL PAPERS
2024,February,WOS,College of Health and Rehabilitation Sciences,Health-related / Medical,"Evaluating Parents' Concerns, Needs, and Levels of Satisfaction with the Services Provided for ASD Children in Saudi Arabia",JOURNAL OF MULTIDISCIPLINARY HEALTHCARE
2024,February,WOS,King Abdullah bin Abdulaziz University Hospital,Health-related / Medical,Evaluation of Global Dystonia Rating Scale as a predictor of unfavorable outcomes among acute antipsychotics poisoned patients,DRUG AND CHEMICAL TOXICOLOGY
2024,February,Scopus,College of Science,Scientific,"Evaluation of the structural, optical, and γ-attenuation properties of Holmium Dolomite Glass for high-transmittance optical devices",Optical Materials
2024,February,WOS,College of Medicine,Health-related / Medical,Evolutionary preservation of CpG dinucleotides in RAG1 may elucidate the relatively high rate of methylation-mediated mutagenesis of RAG1 transposase,IMMUNOLOGIC RESEARCH
2024,February,Scopus,College of Science,Scientific,"Experimental and simulation investigation of the effects of Er3+ ions on the physico-mechanical, optical, mechanical, and radiation-protective characteristics of B2O3-CaO-Bi2O3 glasses",Journal of the Australian Ceramic Society
2024,February,WOS,College of Science,Scientific,Exploring quasi-probability Husimi-distributions in nonlinear two trapped-ion qubits: intrinsic decoherence effects,OPTICAL AND QUANTUM ELECTRONICS
2024,February,WOS,College of Science,Scientific,"Exploring Silicon-Based Ca2TiSiO6 Ordered Double Perovskite Oxides: a Comprehensive DFT Investigation of Structural, Dynamical, Mechanical Stability, and Optoelectronic Properties",SILICON
2024,February,Scopus,College of Business Administration,Scientific,Exploring the effect of International Public Sector Accounting Standards adoption on national resource allocation efficiency in developing countries,Public and Municipal Finance
2024,February,WOS,College of Computer and Information Sciences,Scientific,"Exploring the Impact of Matching E-Training Material to Arabic Dyslexia Type on Learners' Reading Performance, Satisfaction and Behaviour",INTERACTING WITH COMPUTERS
2024,February,WOS,College of Business Administration,Scientific,"Exploring the Influence of Digital Transformation on Clean Energy Transition, Climate Change, and Economic Growth among Selected Oil-Export Countries through the Panel ARDL Approach",ENERGIES
2024,February,Scopus,College of Science,Scientific,"Exploring the mechanical, vibrational optoelectronic, and thermoelectric properties of novel half-Heusler FeTaX (X = P, As): a first-principles study",RSC Advances
2024,February,WOS,College of Science,Scientific,"Exploring the potential of end-capping acceptor engineering on indolo[3,2-b]indole-based small molecules for efficient organic and perovskite solar cells",RSC ADVANCES
2024,February,Scopus,College of Science,Scientific,Exponentiated gamma constant-stress partially accelerated life tests with unified hybrid censored data: Statistical inferences,Alexandria Engineering Journal
2024,February,Scopus,College of Science,Scientific,Extrinsic n-type semiconductor transition in ZrSe2 with the metallic character through hafnium substitution,Journal of Alloys and Compounds
2024,February,Scopus,College of Science,Scientific,Fabrication of CNTs supported CuCo2O4/Co3S4 composite for advanced photocatalytic application,Optik
2024,February,Scopus,College of Science,Scientific,Fabrication of hexagonal Cu2O nanocrystals on CNTs for oxygen evolution reaction,Journal of Physics and Chemistry of Solids
2024,February,Scopus,College of Science,Scientific,Fabrication of MnAl2O4/g-CN nanohybrid as an advantageous electrode for supercapacitor applications,Ceramics International
2024,February,WOS,College of pharmacy,Health-related / Medical,Fabrication of Nanocrystals for Enhanced Distribution of a Fatty Acid Synthase Inhibitor (Orlistat) as a Promising Method to Relieve Solid Ehrlich Carcinoma-Induced Hepatic Damage in Mice,PHARMACEUTICALS
2024,February,Scopus,College of Science,Scientific,Fabrication of Nd2S3 based rGO nanohybrid via hydrothermal route and evaluation of capacitive features toward supercapacitor application,Materials Science and Engineering: B
2024,February,WOS,College of Science,Scientific,"Fabrication, characterization and effects of CuO nanoparticles on the optical behavior of polypyrrole polymeric films",DIGEST JOURNAL OF NANOMATERIALS AND BIOSTRUCTURES
2024,February,WOS,College of Science,Scientific,Facile synthesis of NiMn2O4/ZnMn2O4 heterostructure nanocomposite for visible-light-driven degradation of methylene blue dye,JOURNAL OF TAIBAH UNIVERSITY FOR SCIENCE
2024,February,WOS,College of Health and Rehabilitation Sciences,Health-related / Medical,Factors Associated with Lifestyle Behaviors among University Students-A Cross-Sectional Study,HEALTHCARE
2024,February,Scopus,College of Science,Scientific,Fast-simplistic fabrication of MoO3@Al2O3-MgO triple nanocomposites for efficient elimination of pharmaceutical contaminants,Results in Chemistry
2024,February,Scopus,College of Computer and Information Sciences,Scientific,FDUM-Net: An enhanced FPN and U-Net architecture for skin lesion segmentation,Biomedical Signal Processing and Control
2024,February,WOS,College of Computer and Information Sciences,Scientific,Few-detail image encryption algorithm based on diffusion and confusion using Henon and Baker chaotic maps,SOFT COMPUTING
2024,February,WOS,College of Science,Scientific,First-principles investigation on the impact of copper concentration on zinc telluride as the back contact for cadmium telluride solar cells,APPLIED PHYSICS A-MATERIALS SCIENCE & PROCESSING
2024,February,WOS,College of Science,Scientific,Flexure Investigation of P-FG-Plates Via Integral Quasi-3D Theory with Considering Imperfection in the Material Composition,MECHANICS OF COMPOSITE MATERIALS
2024,February,Scopus,College of Science,Scientific,From nutshells to energy cells: Pioneering supercapacitor electrodes via innovative argan nutshell activated carbon synthesis,Journal of Energy Storage
2024,February,Scopus,College of Science,Scientific,"Gamma attenuation and radiation shielding performance of SnX (X = As, Bi, P, and Sb) monolayers",Radiation Physics and Chemistry
2024,February,WOS,King Abdullah bin Abdulaziz University Hospital,Health-related / Medical,Glenoid bone loss in shoulder arthroplasty: a narrative review,ANNALS OF JOINT
2024,February,WOS,College of Science,Scientific,Green polymer electrolyte and activated charcoal-based supercapacitor for energy harvesting application: Electrochemical characteristics,GREEN PROCESSING AND SYNTHESIS
2024,February,Scopus,College of Science,Scientific,Green synthesis of CuO nanoparticles using Jasmin sambac extract: Conditions optimization and photocatalytic degradation of Methylene Blue dye,Journal of King Saud University - Science
2024,February,Scopus,College of Science,Scientific,Harnessing advanced nanomaterials: Wastewater treatment with sustainable approach using 2D g-C3N4 based Ho-doped LaCoO3 nanocomposite,Ceramics International
2024,February,WOS,College of Engineering,Scientific,Heat transfer characteristics of cobalt ferrite nanoparticles scattered in sodium alginate-based non-Newtonian nanofluid over a stretching/shrinking horizontal plane surface,OPEN PHYSICS
2024,February,Scopus,College of Science,Scientific,"Heterostructure of TiO2 and SnS for enhancing the structural, optical and photovoltaic properties of solar cells",Optik
2024,February,WOS,College of Science,Scientific,Hibiscetin attenuates lipopolysaccharide-evoked memory impairment by inhibiting BDNF/caspase-3/NF-κB pathway in rodents,PEERJ
2024,February,Scopus,College of Science,Scientific,High system kinetics of photoelectrochemical (PEC) water splitting using plasmonic nanocomposites of BiVO4,Materials Letters
2024,February,Scopus,College of Science,Scientific,High-performance MoO3/g-CN supercapacitor electrode material utilizing MoO3 nanoparticles grafted on g-CN nanosheets,Diamond and Related Materials
2024,February,Scopus,College of Computer and Information Sciences,Scientific,Human Gait Recognition for Biometrics Application Based on Deep Learning Fusion Assisted Framework,"Computers, Materials and Continua"
2024,February,Scopus,College of Science,Scientific,Hybrid multi-criteria decision-making technique for the selection of best cryptographic multivalued Boolean function,Complex and Intelligent Systems
2024,February,Scopus,College of Science,Scientific,Hydrothermal fabrication of highly effective g-C3N4/NiIn2S4 composite as supercapacitor electrode material,Ceramics International
2024,February,Scopus,College of Science,Scientific,Hydrothermal synthesis of Er2O3–NiO material for oxidation of water in alkaline media,Ceramics International
2024,February,Scopus,College of Science,Scientific,Hydrothermally synthesized ZnSe@FeSe nanocomposite: A promising candidate for energy storage devices,International Journal of Hydrogen Energy
2024,February,Scopus,College of Science,Scientific,"Hyperfine interactions, Raman spectroscopy and magnetic properties of Pr3+-Co2+ substituted M-type strontium hexaferrites",Journal of Molecular Structure
2024,February,Scopus,College of Science,Scientific,Immobilization of biomolecular anthocyanin natural sensor into plasma-cured polyethylene terephthalate fibers from recycled plastic waste for determination of ammonia,Luminescence
2024,February,Scopus,College of Science,Scientific,"Impact of erbium oxide on structure, linear and nonlinear optical properties of bismo-borate glass systems for using in optical applications",Optical and Quantum Electronics
2024,February,Scopus,College of Science,Scientific,Impact of induced magnetic field on Darcy–Forchheimer nanofluid flows comprising carbon nanotubes with homogeneous-heterogeneous reactions,Heliyon
2024,February,WOS,College of Science,Scientific,"Impact of the La2O3 Addition on the Structure, Mechanical and Radiation Attenuation Features of La2O3-ZnO-SiO2-B2O3 Glass",SILICON
2024,February,Scopus,College of Science,Scientific,"Impacts of Saudi Arabian fly ash on the structural, physical, and radiation shielding properties of clay bricks rich vermiculite mineral",Nuclear Engineering and Technology
2024,February,Scopus,College of Science,Scientific,Impacts of sintering temperature on the mechanical properties and gamma ray protection capacity of clay bricks,Nuclear Engineering and Technology
2024,February,WOS,College of Computer and Information Sciences,Scientific,Implementation of quaternion mathematics for biometric security,MULTIMEDIA TOOLS AND APPLICATIONS
2024,February,Scopus,College of Science,Scientific,Improved estimation of population distribution function using twofold auxiliary information under simple random sampling,Heliyon
2024,February,WOS,College of Nursing,Health-related / Medical,Improvement of Na+-K+ ATPase Activity and Gene Expression Associated with Glomerular Ultrastructural Protection in Diabetic Nephropathy by Acacia senegal: Role of Oxidative Stress Disturbances,INTERNATIONAL JOURNAL OF MORPHOLOGY
2024,February,WOS,College of Science,Scientific,Improving In-Vitro Corrosion and Degradation Performance of Mg-Zn-Ca Alloy for Biomedical Applications by Equal Channel Angular Pressing,METALS AND MATERIALS INTERNATIONAL
2024,February,WOS,College of pharmacy,Health-related / Medical,"In silico and in vitro evaluation of the anti-virulence potential of patuletin, a natural methoxy flavone, against Pseudomonas aeruginosa",PEERJ
2024,February,Scopus,College of Science,Scientific,"In vivo analgesic, anti-inflammatory and molecular docking studies of S-naproxen derivatives",Heliyon
2024,February,WOS,College of Science,Scientific,Incompressible smoothed particle hydrodynamics solutions of double diffusion of nanoparticle-enhanced phase change materials in vertical mounted circular cylinders,NUMERICAL HEAT TRANSFER PART B-FUNDAMENTALS
2024,February,WOS,College of Business Administration,Scientific,Inference of reliability model with burr type XII distribution under two sample balanced progressive censored samples,PHYSICA SCRIPTA
2024,February,WOS,College of Science,Scientific,Influence of ion beam on the surface characteristics and structural properties of PVA/TiO2 films,SURFACE INNOVATIONS
2024,February,WOS,College of Science,Scientific,Influence of La2O3 on Mechanical Properties and Radiation-Shielding Performance of Magnesium Beryllia-Borosilicate Glass System,SILICON
2024,February,Scopus,College of Science,Scientific,"Influence of Pyramidal M 2 0 (M = Cu, Ag and Au) Clusters on SERS and Noncovalent Interactions toward Tuberculosis Drug Pretomanid (PTD): DFT Study",Journal of Computational Biophysics and Chemistry
2024,February,Scopus,College of Science,Scientific,"Influence of Zr4+ substitution on structural, optical and dielectric behavior of SrSn1-xZrxO3 (0.0 ≤ x ≤ 0.6) sintered ceramics",Optical Materials
2024,February,Scopus,College of Engineering,Scientific,Innovative modification process of a natural gas power plant using self-sufficient waste heat recovery and flue gas utilization for a CCHP-methanol generation application: A comprehensive multi-variable feasibility study,Process Safety and Environmental Protection
2024,February,WOS,College of Science,Scientific,"Insights into PbO-Bi2O3-ZnO-B2O3 glasses: physical, mechanical, optical basicity, electronic polarizability, and radiation shielding investigations",OPTICAL AND QUANTUM ELECTRONICS
2024,February,Scopus,College of Computer and Information Sciences,Scientific,Intelligent Pattern Recognition using Equilibrium Optimizer with Deep Learning Model for Android Malware Detection,IEEE Access
2024,February,Scopus,College of Nursing,Health-related / Medical,"Investigating academic nurse researchers' knowledge, experience, and attitude toward predatory journals",Journal of Professional Nursing
2024,February,Scopus,College of Science,Scientific,Investigation of olfactory perception by a putative adsorption process of sotolone and abhexone on human olfactory receptor OR8D1: Statistical physics modeling and molecular docking,International Journal of Biological Macromolecules
2024,February,WOS,College of Education and Human Development,Humanitarian ,"Investigation of structural, electronic, optical and elastic properties of Li-based halide perovskites LiXCl3 (X = Ca, Ba) via DFT computations",OPTICAL AND QUANTUM ELECTRONICS
2024,February,WOS,College of Science,Scientific,"Investigation of the role of fluorine on fabrication, physio-optical and radiation shielding properties of aluminum barium borate (ABB) glasses containing Er2O3",OPTICAL AND QUANTUM ELECTRONICS
2024,February,Scopus,College of Science,Scientific,Investigations on performance parameters of graphene interfacial layer modified FASnI3: Zn-based lead-free perovskite solar cells,Materials Science and Engineering: B
2024,February,Scopus,College of Computer and Information Sciences,Scientific,Karnauph classifier for predicting breast cancer based on morphological features,International Journal of Information Technology (Singapore)
2024,February,WOS,College of Science,Scientific,Khasminskii Approach for ψ-Caputo Fractional Stochastic Pantograph Problem,QUALITATIVE THEORY OF DYNAMICAL SYSTEMS
2024,February,Scopus,College of Science,Scientific,La/Nd-doped zirconium oxide: Impact of zirconia phase transition on gamma-ray shielding properties,Journal of Physics and Chemistry of Solids
2024,February,WOS,College of Science,Scientific,"Laying performance, genetic parameters, and the expression of FSHβ, LHβ, FSHR, and LHR genes in Japanese quails selected for early egg production",POULTRY SCIENCE
2024,February,Scopus,College of Computer and Information Sciences,Scientific,LEAF-IIoT: Lightweight and Efficient Authentication Framework for the Industrial Internet of Things,IEEE Access
2024,February,Scopus,College of Humanities and Social Sciences,Humanitarian ,"Level of Positive Social Development Among Saudi Youth: A Study Applied to the Students of King Saud University, Riyadh",Journal of Educational and Social Research
2024,February,Scopus,College of Science,Scientific,Leverage of Salvadora persica and Pulicaria undulata extracts in Escherichia coli-challenged broiler chickens,Poultry Science
2024,February,Scopus,College of Science,Scientific,Magneto-convection of nanofluid flow over multiple rotating cylinders in a confined space with elastic walls and ventilated ports,Heliyon
2024,February,WOS,College of Medicine,Health-related / Medical,Manganese and copper-coated nickel oxide nanoparticles synthesized from Carica papaya leaf extract induce antimicrobial activity and breast cancer cell death by triggering mitochondrial caspases and p53,GREEN PROCESSING AND SYNTHESIS
2024,February,WOS,College of Science,Scientific,Marker-assisted selection for scab resistance and columnar growth habit in inter-varietal population of apple (Malus x domestica),PLANT BIOTECHNOLOGY REPORTS
2024,February,WOS,College of Science,Scientific,Mitigation effect of alpha-tocopherol and thermo-priming in Brassica napus L. under induced mercuric chloride stress,BMC PLANT BIOLOGY
2024,February,WOS,College of Science,Scientific,"Molecular Docking, Synthesis, and QSAR Study of Phthalazine and Their Substituted Copper (II) and Zinc (II) Derivatives as Anti-Rheumatic Agents",JOURNAL OF BIOLOGICAL REGULATORS AND HOMEOSTATIC AGENTS
2024,February,WOS,College of Science,Scientific,Molecular dynamic analyses of the interaction of SARS-CoV-1 or 2 variants with various angiotensin-converting enzyme-2 species,JOURNAL OF BIOMOLECULAR STRUCTURE & DYNAMICS
2024,February,Scopus,College of Medicine,Health-related / Medical,Molecular dynamics exploration of Lupenone: therapeutic implications for glioblastoma multiforme and alzheimer's amyloid beta pathogenesis,Metabolic Brain Disease
2024,February,WOS,College of Science,Scientific,Mononuclear nanofluids undergoing convective heating across a stretching sheet and undergoing MHD flow in three dimensions: Potential industrial applications,OPEN PHYSICS
2024,February,Scopus,College of Science,Scientific,Morphological regulation of CdS/Ga0.04Cd0.96S nanocomposites for enhanced efficiency of solar-driven rhodamine B degradation,Journal of Alloys and Compounds
2024,February,WOS,College of Business Administration,Scientific,Motivational drivers and psychological detachment in shaping the work-home interface for Saudi women,CAREER DEVELOPMENT INTERNATIONAL
2024,February,WOS,College of Computer and Information Sciences,Scientific,Multi-Agent System for Students Cognitive Assessment in E-Learning Environment,IEEE ACCESS
2024,February,WOS,College of Science,Scientific,"Naturally occurring radioactive materials (NORM) concentration and health risk assessment of aerosols dust in Nicosia, North Cyprus",JOURNAL OF RADIOANALYTICAL AND NUCLEAR CHEMISTRY
2024,February,WOS,College of Science,Scientific,"Nd2O3- doped borate/phosphate glasses for optical and radiation shielding applications: fabrication, physical, optical as well as gamma-ray attenuation capacity",OPTICAL AND QUANTUM ELECTRONICS
2024,February,Scopus,College of Science,Scientific,Negotiating soil water deficit in mycorrhizal trifoliate orange plants: A gibberellin pathway,Environmental and Experimental Botany
2024,February,Scopus,College of Science,Scientific,"Neutron transmission analysis in borated polyethylene, boron carbide, and polyethylene: Insights from MCNP6 simulations",Radiation Physics and Chemistry
2024,February,Scopus,College of Science,Scientific,Neutrosophic n-Structures in Semimodules over Semirings,Symmetry
2024,February,Scopus,College of Science,Scientific,New insights on luminescence properties and radiation shielding features of Ag/Sm3+ co-doped fluoro-tellurite glasses and glass-ceramics,Optical Materials
2024,February,Scopus,College of pharmacy,Health-related / Medical,"New thieno[2,3-d]pyrimidine derivatives as EGFRWT and EGFRT790M inhibitors: Design, synthesis, antiproliferative activities, docking studies, ADMET, toxicity, MD simulation studies",Journal of Heterocyclic Chemistry
2024,February,WOS,College of Computer and Information Sciences,Scientific,Newtonian heating effect across the moving horizontal plate with chemical reaction of MHD Maxwell fluid,JOURNAL OF THERMAL ANALYSIS AND CALORIMETRY
2024,February,Scopus,College of Business Administration,Scientific,Nexus between corporate environmental disclosures and gender diversity: Interaction effects of board independence,Business Strategy and the Environment
2024,February,Scopus,College of Science,Scientific,Noise effect on soliton phenomena in fractional stochastic Kraenkel-Manna-Merle system arising in ferromagnetic materials,Scientific Reports
2024,February,Scopus,College of Science,Scientific,Novel Noninvasive Serum Biomarkers for Prompt Diagnosis of Breast Carcinoma,ACS Omega
2024,February,WOS,College of Science,Scientific,Novel terpyridines as Staphylococcus aureus gyrase inhibitors: efficient synthesis and antibacterial assessment via solvent-drop grinding,FUTURE MEDICINAL CHEMISTRY
2024,February,WOS,College of Science,Scientific,Numerical analysis of dengue transmission model using Caputo-Fabrizio fractional derivative,OPEN PHYSICS
2024,February,WOS,College of Science,Scientific,Numerical and Scientific Investigation of Some Molecular Structures Based on the Criterion of Super Classical Average Assignments,JOURNAL OF MATHEMATICS
2024,February,WOS,College of Computer and Information Sciences,Scientific,Numerical investigation and thermal transport features of magnetic hybrid nanoparticles flow over a poignant tiny needle subject to Joule heating and slip boundary conditions,MODERN PHYSICS LETTERS B
2024,February,WOS,College of Science,Scientific,"Numerical study to compare effective elastic, piezoelectric, and thermal properties of a gyroid triply periodic minimal surface and 0-3 piezoelectric composites with lead-free Ba(Ti0.8Zr0.2 ) O3-x (Ba0.7Ca0.3) TiO3 reinforcement",PHILOSOPHICAL MAGAZINE
2024,February,WOS,College of Nursing,Health-related / Medical,Nurse Who Had MERS-CoV Complications with A Near-Death Experience during Pregnancy: A Narrative Analysis,HEALTHCARE
2024,February,Scopus,College of Health and Rehabilitation Sciences,Health-related / Medical,Obesity surgery and neural correlates of human eating behaviour: A systematic review of functional MRI studies,NeuroImage: Clinical
2024,February,WOS,College of Science,Scientific,On Riemannian warped-twisted product submersions,AIMS MATHEMATICS
2024,February,WOS,College of Science,Scientific,On the arbitrary amplitude ion-acoustic structures in an anisotropic non-Maxwellian electron-positron-ion magnetoplasma,PHYSICS OF FLUIDS
2024,February,Scopus,College of Science,Scientific,On the shock wave approximation to fractional generalized Burger-Fisher equations using the residual power series transform method,Physics of Fluids
2024,February,Scopus,College of Education and Human Development,Humanitarian ,"One research question, two meta-analyses, three conclusions: Commentary on “A systematic review with meta-analysis of Cognitive Bias Modification interventions for anger and aggression”",Behaviour Research and Therapy
2024,February,Scopus,College of pharmacy,Health-related / Medical,Opportunistic Infections in Patients Receiving Post-Transplantation Cyclophosphamide: Impact of Haploidentical versus Unrelated Donor Allograft,Transplantation and Cellular Therapy
2024,February,WOS,College of Science,Scientific,Optical properties and radiation protection applications of B2O3:Na2O:PbO:Tb2O3:Bi2O3 glass system,OPTICAL AND QUANTUM ELECTRONICS
2024,February,Scopus,College of Science,Scientific,Optical Properties and Radiation Shielding Performance of Boron Silicate Glasses Containing CrO3 and SrTiO3,Silicon
2024,February,WOS,College of Science,Scientific,OPTICAL SOLITONS FOR NONLINEAR SCHRÖDINGER EQUATION FORMATTED IN THE ABSENCE OF CHROMATIC DISPERSION THROUGH MODIFIED EXPONENTIAL RATIONAL FUNCTION METHOD AND OTHER DISTINCT SCHEMES,UKRAINIAN JOURNAL OF PHYSICAL OPTICS
2024,February,Scopus,College of Science,Scientific,"Optical, Dielectric, Magnetic, Photocatalytic, and Antibacterial Properties of Ga-Doped BiGaxFe1-xO3 Synthesized by the Microemulsion Approach",ACS Omega
2024,February,Scopus,College of Science,Scientific,Optimization of Deposition Conditions of SrZrS3 Perovskite Thin Films Grown by Chemical Bath Deposition,Journal of Electronic Materials
2024,February,Scopus,College of Science,Scientific,Optimization radiation shielding properties of aluminum-based spinel minerals through the crystal tetrahedral and octahedral voids and their ions composition,Radiation Physics and Chemistry
2024,February,WOS,College of Computer and Information Sciences,Scientific,Optimized Data Fusion With Scheduled Rest Periods for Enhanced Smart Agriculture via Blockchain Integration,IEEE ACCESS
2024,February,Scopus,College of Arts and Design,Humanitarian ,Optimizing graphics for understanding real-scene using 3D image registration and tracking and mapping,Journal of Intelligent and Fuzzy Systems
2024,February,Scopus,College of Computer and Information Sciences,Scientific,Optimizing intrusion detection using intelligent feature selection with machine learning model,Alexandria Engineering Journal
2024,February,WOS,College of Science,Scientific,Optimizing Lead-Free Chalcogenide Perovskite Solar Cells: A Path to High Efficiency and Stability for Renewable Energy Conversion,ENERGY & FUELS
2024,February,WOS,College of Science,Scientific,"Optoelectronic and thermoelectric properties of new lead-free K2NaSbZ6 (Z = Br, I) halide double-perovskites for clean energy applications: a DFT study",OPTICAL AND QUANTUM ELECTRONICS
2024,February,Scopus,College of Science,Scientific,Outstanding Performance of Mg/g-C3N4-Doped Al2O3 Serving as a Nanocatalyst and Its Bactericidal Behavior: An In Silico Molecular Docking Study,ACS Omega
2024,February,Scopus,College of Science,Scientific,Parametric analysis of processing variables for enhanced adhesion in metal-polymer composites fabricated by fused deposition modeling,Journal of Adhesion Science and Technology
2024,February,WOS,College of Computer and Information Sciences,Scientific,Performance of Snow Ablation Optimization for Solving Optimum Allocation of Generator Units,IEEE ACCESS
2024,February,WOS,College of Science,Scientific,Photodegradation of Wastewater Containing Organic Dyes Using Modified G-C3N4-Doped ZrO2 Nanostructures: Towards Safe Water for Human Beings,CATALYSTS
2024,February,Scopus,College of Science,Scientific,"Photoluminescence, structural, optical, ferroelectric and photo-catalytic properties of magnetically separable CdO/CoFe2O4 hetero-junction",Ceramics International
2024,February,Scopus,College of Science,Scientific,"Physical characteristics of Cs2XTlCl6(X = Sc, Y) double perovskites for energy harvesting applications",Physica B: Condensed Matter
2024,February,Scopus,College of Science,Scientific,Physical properties of zinc substituted lithium oxide Li2[Ni6ZnxCo2−x]O10 nanomaterials prepared via sol-gel chemical route,Materials Chemistry and Physics
2024,February,WOS,College of Science,Scientific,"Physical, optical, mechanical and gamma ray shielding properties of Al2O3-PbO-B2O3-SiO2 glasses",OPTICAL AND QUANTUM ELECTRONICS
2024,February,WOS,College of Science,Scientific,"Phytochemical profiling, antioxidant, cytotoxic, and anti-inflammatory activities of Plectranthus rugosus extract and fractions: in vitro, in vivo, and in silico approaches",INFLAMMOPHARMACOLOGY
2024,February,Scopus,College of Science,Scientific,"Polarization-incident angle independent metamaterial wave absorber for enhanced electromagnetic energy harvesting in ultraviolet-B, visible spectrum, and near-infrared frequency range",Materials Today Communications
2024,February,WOS,College of pharmacy,Health-related / Medical,Population Pharmacokinetics and Model-Based Dose Optimization of Vancomycin in Sudanese Adult Patients with Renal Impairment,DRUG DESIGN DEVELOPMENT AND THERAPY
2024,February,WOS,College of Science,Scientific,"Postbiotic, anti-inflammatory, and immunomodulatory effects of aqueous microbial lysozyme in broiler chickens",ANIMAL BIOTECHNOLOGY
2024,February,WOS,College of Science,Scientific,"Preparation, Characterization and Evaluation of Polyamide-Reduced Graphene Oxide as Selective Membranes for Water Purification",JOURNAL OF COMPOSITES SCIENCE
2024,February,WOS,College of Computer and Information Sciences,Scientific,Pre-Trained Transformer-Based Models for Text Classification Using Low-Resourced Ewe Language,SYSTEMS
2024,February,Scopus,College of Dentistry,Health-related / Medical,Prevalence and risk indicators of primary dentition malocclusion in Riyadh-Saudi Arabia using a new case definition: A cross-sectional study,Saudi Dental Journal
2024,February,WOS,College of Health and Rehabilitation Sciences,Health-related / Medical,Prevalence of High-Quality Arabic Patient Education Materials on Type 2 Diabetes,AMERICAN JOURNAL OF HEALTH EDUCATION
2024,February,Scopus,College of Science,Scientific,Promoting electrocatalytic activity of single-phase semiconductor Y3Fe5O12 (YIG) dual-functional cathode/electrolyte for ceramic fuel cells,Surfaces and Interfaces
2024,February,WOS,College of pharmacy,Health-related / Medical,Prospective Antiviral Effect of Ulva lactuca Aqueous Extract against COVID-19 Infection,MARINE DRUGS
2024,February,Scopus,College of Science,Scientific,Proteomic modulation by arsenic and microplastic toxicity in the presence of iron oxide nanoparticles in wheat (Triticum aestivum L.) seedlings,South African Journal of Botany
2024,February,Scopus,College of Computer and Information Sciences,Scientific,Quality of interaction-based predictive model for support of online learning in pandemic situations,Knowledge and Information Systems
2024,February,Scopus,College of Science,Scientific,"Quantification of toxic heavy metals, trace elements and essential minerals contents in traditional herbal medicines commonly utilized in Khyber Pakhtunkhwa, Pakistan",Heliyon
2024,February,Scopus,College of Science,Scientific,Radiation attenuation and optical behaviors of glass system: 21SiO2–49B2O3–13ZnO-(17-x)Na2O-xWO3,Optical Materials
2024,February,WOS,College of Science,Scientific,Rashba Metamaterials and Metasurfaces with Zero Reflectivity and Effect of Surface States in Ultrathin Metal Films,ACS APPLIED MATERIALS & INTERFACES
2024,February,Scopus,College of Science,Scientific,"Recent Advances in the Development of Li-Air Batteries, Experimental and Predictive Approaches – Prospective, Challenges, and Opportunities",ChemBioEng Reviews
2024,February,WOS,College of Medicine,Health-related / Medical,"Recurrent Hand, Foot, and Mouth Disease in a Saudi Girl",CUREUS JOURNAL OF MEDICAL SCIENCE
2024,February,Scopus,College of Science,Scientific,Revealing the equilibrium dynamics of a binary system of prolate or oblate elliptical galaxies,Advances in Space Research
2024,February,Scopus,Health Sciences Research Centre,Health-related / Medical,Revisiting the clinical utilization of cardiopulmonary exercise testing in Saudi Arabia after 2 decades: A cross-sectional study,Saudi medical journal
2024,February,WOS,College of pharmacy,Health-related / Medical,Rheumatoid Arthritis Treatment Potential of Stearic Acid Nanoparticles of Quercetin in Rats,ACS OMEGA
2024,February,WOS,College of Science,Scientific,"Rice husk composite with polyaniline, sodium alginate and polypyrrole: naphthalene adsorption kinetics, equilibrium and thermodynamic studies",ZEITSCHRIFT FUR PHYSIKALISCHE CHEMIE-INTERNATIONAL JOURNAL OF RESEARCH IN PHYSICAL CHEMISTRY & CHEMICAL PHYSICS
2024,February,WOS,College of Computer and Information Sciences,Scientific,Robust Machine Learning Technique to Classify COVID-19 Using Fusion of Texture and Vesselness of X-Ray Images,CMES-COMPUTER MODELING IN ENGINEERING & SCIENCES
2024,February,Scopus,College of Science,Scientific,"Role of CeO2 in the enhancement of the properties of the SiO2-B2O3-BaO-Li2O-glass system: Structural, mechanical and radiation shielding study",Materials Today Communications
2024,February,Scopus,College of pharmacy,Health-related / Medical,Role of cytokines and Th17/Tregs imbalance in the pathogenesis of otitis media with effusion. Modulation of Notch1/Hes1/mTORC1/S6k1 signalling pathway underlies the protective effect of astaxanthin,International Immunopharmacology
2024,February,Scopus,College of Science,Scientific,Role of glycerol-based deep eutectic solvents for extraction of phytochemicals from Cichorium intybus seeds: Optimization by response surface methodology,Microchemical Journal
2024,February,Scopus,College of pharmacy,Health-related / Medical,Rosuvastatin and diosmetin inhibited the HSP70/TLR4 /NF-κB p65/NLRP3 signaling pathways and switched macrophage to M2 phenotype in a rat model of acute kidney injury induced by cisplatin,Biomedicine and Pharmacotherapy
2024,February,WOS,College of Medicine,Health-related / Medical,"Satisfaction Rate After Laser Correction of Presbyopia (Presbyond) Among Patients Aged 40 Years and Older in Taif, Saudi Arabia",CUREUS JOURNAL OF MEDICAL SCIENCE
2024,February,WOS,College of Computer and Information Sciences,Scientific,Secure cancelable face recognition system based on inverse filter,JOURNAL OF OPTICS-INDIA
2024,February,Scopus,College of Computer and Information Sciences,Scientific,Securing web applications against XSS and SQLi attacks using a novel deep learning approach,Scientific Reports
2024,February,WOS,College of Computer and Information Sciences,Scientific,Shapley-based interpretation of deep learning models for wildfire spread rate prediction,FIRE ECOLOGY
2024,February,Scopus,College of Computer and Information Sciences,Scientific,Short-Term Load Forecasting in Smart Grids using Hybrid Deep Learning,IEEE Access
2024,February,WOS,College of Science,Scientific,Simple potentiometry and cyclic voltammetry techniques for sensing Hg2+ ions in water using a promising flower-shaped WS2-WO3/poly-2-aminobenzene-1-thiol nanocomposite thin film electrode,RSC ADVANCES
2024,February,Scopus,College of Science,Scientific,"Sol-gel auto-combustion synthesis and characterization of Nd3+ doped Cu0.5Co0.5Fe2-xNdxO4 (x = 0.0, 0.1, 0.2, 0.3, 0.4, & 0.5) spinel ferrites",Ceramics International
2024,February,Scopus,College of Computer and Information Sciences,Scientific,Spatio-Temporal Features Representation Using Recurrent Capsules for Monaural Speech Enhancement,IEEE Access
2024,February,Scopus,College of Science,Scientific,Spearmint (Mentha spicata L.) leaves essential oil: Comparative compositional and biological attributes as a function of different agroclimatic regions,Biocatalysis and Agricultural Biotechnology
2024,February,WOS,College of Science,Scientific,Stochastic wave propagation in magneto-thermoelastic materials subjected to the change in electrical and thermal conductivity,AIP ADVANCES
2024,February,WOS,College Of Languages,Humanitarian ,Strategies of reprimand in Saudi Spoken Arabic: a sociopragmatic study,COGENT ARTS & HUMANITIES
2024,February,Scopus,College of Science,Scientific,Strong consistency rate in functional single index expectile model for spatial data,AIMS Mathematics
2024,February,Scopus,College of Science,Scientific,Structural and photoluminescent analysis of novel Eu3+ and Dy3+ Co-doped ZnO nanoparticles by incorporation of Li+ and K+ ions,Ceramics International
2024,February,Scopus,College of pharmacy,Health-related / Medical,"Structural, mechanical, barrier and antioxidant properties of pectin and xanthan gum edible films loaded with grapefruit essential oil",Heliyon
2024,February,WOS,College of Science,Scientific,Study of a bounded interval perks distribution with quantile regression analysis,STATISTICAL ANALYSIS AND DATA MINING
2024,February,Scopus,College of Science,Scientific,Study of Cu-Zn Spinel Ferrites on Europium Substitution for High-Frequency Applications,Journal of Electronic Materials
2024,February,WOS,College of Science,Scientific,Study of manganese spinel ferrite/polypyrole composites for high-frequency applications,JOURNAL OF SOL-GEL SCIENCE AND TECHNOLOGY
2024,February,Scopus,College of Science,Scientific,Study on the synthesis and activity of Ag/LaFeO3/CNTs for photodegradation of harmful pollutants under visible light irradiation,Journal of the Korean Ceramic Society
2024,February,WOS,College of pharmacy,Health-related / Medical,Studying the effects of secondary metabolites isolated from Cycas thouarsii R.Br. leaves on MDA-MB-231 breast cancer cells,ARTIFICIAL CELLS NANOMEDICINE AND BIOTECHNOLOGY
2024,February,WOS,College of Science,Scientific,Surface-Enhanced Raman Scattering (SERS) in Combination with PCA and PLS-DA for the Evaluation of Antibacterial Activity of 1-Isopentyl-3-pentyl-1H-imidazole-3-ium Bromide against Bacillus subtilis,ACS OMEGA
2024,February,Scopus,College of Science,Scientific,Surface-enhanced Raman spectroscopy for comparison of biochemical profile of bacteriophage sensitive and resistant methicillin-resistant Staphylococcus aureus (MRSA) strains,Spectrochimica Acta - Part A: Molecular and Biomolecular Spectroscopy
2024,February,WOS,College of Business Administration,Scientific,"Sustainable pathways: the intersection of CSR, hospitality and the United Nations' sustainable development goals",CURRENT ISSUES IN TOURISM
2024,February,Scopus,College of Science,Scientific,Sustainable phycoremediation of mushroom farm wastewater using novel isolated microalga (Chlamydomonas asymmetrica SAG70.72): Experimental and kinetic studies,Journal of Water Process Engineering
2024,February,WOS,College of Science,Scientific,Synergism of Holmium Orthovanadate/Phosphorus-Doped Carbon Nitride Nanocomposite: Nonenzymatic Electrochemical Detection of Hydrogen Peroxide,INORGANIC CHEMISTRY
2024,February,Scopus,College of Science,Scientific,Synthesis of high-performance supercapacitor electrode materials by hydrothermal route based on ZnSe/MnSe composite,Journal of Physics and Chemistry of Solids
2024,February,Scopus,College of Education and Human Development,Humanitarian ,Synthesis of zeolitic imidazole framework-8 derived ZnCo layered double hydroxides for the removal of methylene blue from wastewater,Environmental Progress and Sustainable Energy
2024,February,Scopus,College of Science,Scientific,"Synthesis, X-ray structure, Hirshfeld, cytotoxicity and anticancer studies of pyrazole and pyridazin-4(H)-one derivatives",Journal of Molecular Structure
2024,February,WOS,College of Science,Scientific,Tackling strong biofilm and multi-virulent vancomycin-resistant Staphylococcus aureus via natural alkaloid-based porous nanoparticles: perspective towards near future eradication,FRONTIERS IN CELLULAR AND INFECTION MICROBIOLOGY
2024,February,Scopus,College Of Languages,Humanitarian ,Textualizing History in Synge’s Riders to the Sea and O’Casey’s Juno and the Paycock: A Comparative Study,World Journal of English Language
2024,February,Scopus,College of pharmacy,Health-related / Medical,"The association between tocilizumab therapy and the development of thrombosis in critically ill patients with COVID-19: a multicenter, cohort study",Scientific reports
2024,February,WOS,College of Business Administration,Scientific,The Cost Efficiency and Competition Relationship: Evidence from Saudi Arabian Banks and Non-Structural Approaches to Analysis,ECONOMIES
2024,February,Scopus,College of Medicine,Health-related / Medical,"The effect of alpha-lipoic acid supplementation on anthropometric, glycemic, lipid, oxidative stress, and hormonal parameters in individuals with polycystic ovary syndrome: a systematic review and meta-analysis of randomized clinical trials",Obstetrics and Gynecology Science
2024,February,Scopus,College of Science,Scientific,The effect of Annona muricata (Graviola) on the prevention of brain damage due to ionizing radiation in rats,Heliyon
2024,February,Scopus,College of Education and Human Development,Humanitarian ,The expected environmental impact of the King Abdulaziz Public Transport Project in Riyadh on the level of air quality,International Journal of Environmental Science and Technology
2024,February,WOS,College of Nursing,Health-related / Medical,The impact of a nursing spiritual care module on nursing competence: an experimental design,BMC PALLIATIVE CARE
2024,February,WOS,College of Science,Scientific,"The impact of different levels of wheat diets on hepatic oxidative stress, immune response, and lipid metabolism in Tibetan sheep (Ovis aries)",BMC VETERINARY RESEARCH
2024,February,Scopus,College of Science,Scientific,The impact of electron beams on the arbitrary amplitude electron-acoustic solitons in a nonthermal plasma,Physics of Fluids
2024,February,Scopus,College of pharmacy,Health-related / Medical,The Impact of Midodrine Tapering Versus Nontapering Regimens on the Clinical Outcomes of Critically Ill Patients: A Retrospective Cohort Study,Annals of Pharmacotherapy
2024,February,Scopus,College of Science,Scientific,The MgMnS infused with GQDs as a binder-free electrode in sodium perchlorate-based hybrid electrolyte for supercapatteries and hydrogen production,Diamond and Related Materials
2024,February,Scopus,College of Science,Scientific,The role of turmeric and black pepper oil nanoemulsion in attenuating cytokine storm triggered by duck hepatitis A virus type I (DHAV-I)-induced infection in ducklings,Poultry Science
2024,February,Scopus,College of Engineering,Scientific,The state of renewable energy source envelopes in urban areas,International Journal of Thermofluids
2024,February,Scopus,College of pharmacy,Health-related / Medical,Therapeutic implications of dapagliflozin on the metabolomics profile of diabetic rats: A GC-MS investigation coupled with multivariate analysis,Journal of Pharmaceutical and Biomedical Analysis
2024,February,WOS,College of Health and Rehabilitation Sciences,Health-related / Medical,"Translation and cross-cultural adaptation of an Arabic version of PROMIS® of dyspnea activity motivation, requirement item pool and sleep-related impairments item bank",HEALTH AND QUALITY OF LIFE OUTCOMES
2024,February,WOS,College of Health and Rehabilitation Sciences,Health-related / Medical,Translation and Cultural Adaptation into Arabic of Patient-Reported Outcome Measurement Information System® Item Banks: Cognitive Function Abilities and Physical Function for Samples with Mobility Aid Users,HEALTHCARE
2024,February,WOS,College of Medicine,Health-related / Medical,Treatment Adherence and Related Factors Among Children with Attention-Deficit/Hyperactivity Disorder in Saudi Arabia,PATIENT PREFERENCE AND ADHERENCE
2024,February,WOS,College of Computer and Information Sciences,Scientific,Tree Seed Algorithm-based Feature Selection with Optimal Deep Learning Model for Supply Chain Management,FLUCTUATION AND NOISE LETTERS
2024,February,WOS,College of Science,Scientific,Tuning phase separation in DPPDTT/PMMA blend to achieve molecular self-assembly in the conducting polymer for organic field effect transistors,JOURNAL OF CHEMICAL PHYSICS
2024,February,WOS,College of Science,Scientific,Two metal-insulator transitions and magnetoresistive properties investigation in La0.67Ca(0.33_x)SrxMn0.98Ni0.02O3(0.1 ≤ x ≤ 0.3),JOURNAL OF ALLOYS AND COMPOUNDS
2024,February,Scopus,College of Health and Rehabilitation Sciences,Health-related / Medical,Universal newborn hearing screening program in Saudi Arabia: Current insight,Journal of Otology
2024,February,WOS,College of Business Administration,Scientific,"Unraveling the transformation: the three-wave time-lagged study on big data analytics, green innovation and their impact on economic and environmental performance in manufacturing SMEs",EUROPEAN JOURNAL OF INNOVATION MANAGEMENT
2024,February,Scopus,College of Science,Scientific,Using the eccentric version of the restricted three-body problem to model exosolar systems,"Chaos, Solitons and Fractals"
2024,February,Scopus,College of Science,Scientific,Utilization of Polyvinylpyrrolidone as an Organic Template for the Facile Synthesis of Analcime Nanoparticles for Efficient Removal of Pb(II) and Cu(II) Ions from Aqueous Media,Silicon
2024,February,Scopus,College of Science,Scientific,Validated spectrofluorimetric method for the determination of netilmicin based on its interaction with o-phthalaldehyde/mercaptoethanol: Evaluation of the method's greenness,Luminescence
2024,February,Scopus,College of Computer and Information Sciences,Scientific,Weber Law Based Approach for Multi-Class Image Forgery Detection,"Computers, Materials and Continua"
2024,February,Scopus,College of Computer and Information Sciences,Scientific,YOLO and residual network for colorectal cancer cell detection and counting,Heliyon
2024,February,WOS,College of Medicine,Health-related / Medical,Zinc oxide resveratrol nanoparticles ameliorate testicular dysfunction due to levofloxacin-induced oxidative stress in rats,SCIENTIFIC REPORTS
2024,February,Scopus,College of Science,Scientific,Zn-quantum dot biochar regulates antioxidants and nutrient uptake to improve rapeseed growth and yield in drought stress,Plant Stress
2024,February,Scopus,College of Science,Scientific,γ-Fe2O3/CdO/NiO/MWCNT composites for photocatalytic elimination of methylene blue and pendimethalin,Materials Chemistry and Physics
2024,March,WOS,College of Business Administration,Scientific,Role of strategic knowledge management practices in enhancing strategic perspectives of an organisation to improve entrepreneurial performance,JOURNAL OF KNOWLEDGE MANAGEMENT
2024,March,WOS,College of Business Administration,Scientific,Role of public relations practices in content management: the mediating role of new media platforms,FRONTIERS IN SOCIOLOGY
2024,March,WOS,College of Business Administration,Scientific,NAVIGATING CAREER SUCCESS: HOW CAREER COMMITMENT SHAPES SELF-EFFICACY AND CAREER RESILIENCE FOR SUBJECTIVE CAREER SUCCESS,TOURISM AND HOSPITALITY MANAGEMENT-CROATIA
2024,March,WOS,College of Business Administration,Scientific,Gamified approach towards optimizing supplier selection through Pythagorean Fuzzy soft-max aggregation operators for healthcare applications,AIMS MATHEMATICS
2024,March,WOS,College of Business Administration,Scientific,ESG disclosure in G7 countries: Do board cultural diversity and structure policy matter?,CORPORATE SOCIAL RESPONSIBILITY AND ENVIRONMENTAL MANAGEMENT
2024,March,Scopus,College of Business Administration,Scientific,Effects of Firm-Level Entrepreneurship Orientation on Digital Transformation in SMEs: The Moderating Role of Strategic Agility,Entrepreneurship Research Journal
2024,March,Scopus,College of Business Administration,Scientific,Unveiling the enigma: Exploring how uncertain crude oil prices shape investment expenditure and efficiency in Chinese enterprises,Energy Economics
2024,March,Scopus,College of Business Administration,Scientific,Unraveling the multiscale comovement of green bonds and structural shocks: An oil-driven analysis,North American Journal of Economics and Finance
2024,March,Scopus,College of Business Administration,Scientific,The Entrepreneurial Intention-Action Relationships among Young Entrepreneurs: A Taxonomy-Based Perspective,Entrepreneurship Research Journal
2024,March,WOS,College of Business Administration,Scientific,Dynamic spillovers between natural gas and BRICS stock markets during health and political crises,EURASIAN ECONOMIC REVIEW
2024,March,WOS,College of Business Administration,Scientific,Assessing the Impacts of Technological Innovation on Carbon Emissions in MENA Countries: Application of the Innovation Curve Theory,ENERGIES
2024,March,WOS,College of Business Administration,Scientific,Accuracy Analysis of Type-2 Fuzzy System in Predicting Parkinson's Disease Using Biomedical Voice Measures,INTERNATIONAL JOURNAL OF FUZZY SYSTEMS
2024,March,WOS,College of Education and Human Development,Humanitarian ,GEOMETRY OPTIMIZATION AND ENERGY PARAMETER CALCULATIONS USING DENSITY-FUNCTIONAL THEORY METHOD AND MOLECULAR DOCKING OF ANTICONVULSANT THERAPEUTIC METAL COMPLEXES OF GABAPENTIN,BULLETIN OF THE CHEMICAL SOCIETY OF ETHIOPIA
2024,March,WOS,College of Education and Human Development,Humanitarian ,"Effects of varied nutrient regimes on soil health and long-term productivity in a rice-wheat system: insights from a 29-year study in the mollisols of the Himalayan Tarai region (vol 7, 1206878, 2023)",FRONTIERS IN SUSTAINABLE FOOD SYSTEMS
2024,March,Scopus,College of Education and Human Development,Humanitarian ,"Corrigendum: Effects of varied nutrient regimes on soil health and long-term productivity in a rice–wheat system: insights from a 29-year study in the mollisols of the Himalayan Tarai region (Frontiers in Sustainable Food Systems, (2023), 7, (1206878), 10.3389/fsufs.2023.1206878)",Frontiers in Sustainable Food Systems
2024,March,Scopus,College of Education and Human Development,Humanitarian ,With enterprise metaverse comes great possibilities! Understanding metaverse usage intention from an employee perspective,Journal of Retailing and Consumer Services
2024,March,Scopus,College of Education and Human Development,Humanitarian ,The prevalence of sedentary behavior among university students in Saudi Arabia,BMC Public Health
2024,March,Scopus,College of Education and Human Development,Humanitarian ,"Synthesis, characterization of Gd-doped ZnO nanocrystals and their photocatalytic activity in the degradation of C.I. Acid Red 18",Inorganica Chimica Acta
2024,March,Scopus,College of Education and Human Development,Humanitarian ,"Synthesis and characterization of metal–organic frameworks based on thorium for the effective removal of 2,4-dichlorophenylacetic pesticide from water: Batch adsorption and Box-Behnken Design optimization, and evaluation of reusability",Journal of Molecular Liquids
2024,March,Scopus,College of Education and Human Development,Humanitarian ,Probing the physical properties of Sr3AsX3 (X = F and Br) perovskite compounds for prospective solar cell applications employing the DFT framework,Inorganic Chemistry Communications
2024,March,Scopus,College of Education and Human Development,Humanitarian ,Beneficial Effects of Dietary Intake of Soybean and Barley on Hyperlipidemic Albino Rats,Food Science and Technology (United States)
2024,March,Scopus,College of Education and Human Development,Humanitarian ,Optimization of ultrasound assisted extraction and characterization of functional properties of dietary fiber from oat cultivar S2000,LWT
2024,March,WOS,College of Nursing,Health-related / Medical,Profiling and functional analysis of circular RNAs in yaks intramuscular fat,JOURNAL OF ANIMAL PHYSIOLOGY AND ANIMAL NUTRITION
2024,March,WOS,College of Nursing,Health-related / Medical,Assessment of the quality of nursing work life and its related factors among critical care nurses,FRONTIERS IN PUBLIC HEALTH
2024,March,Scopus,College of Nursing,Health-related / Medical,The moderating role of just culture between nursing practice environment and oncology nurses' silent behaviors toward patient safety: A multicentered study,European Journal of Oncology Nursing
2024,March,Scopus,College of Nursing,Health-related / Medical,The effect of a distance education training program on nurse Interns' readiness for distance education and their perceptions of lifelong learning,Nursing Open
2024,March,Scopus,College of Nursing,Health-related / Medical,"Attitude and practices of female blood donors toward blood donation at Al-Baha University, Saudi Arabia",Rawal Medical Journal
2024,March,WOS,College of Health and Rehabilitation Sciences,Health-related / Medical,The impact of health volunteering of radiology students on improving their self-skills and practical capabilities in the Kingdom of Saudi Arabia,FRONTIERS IN MEDICINE
2024,March,WOS,College of Health and Rehabilitation Sciences,Health-related / Medical,Maximum tolerable daily dose of mirror movement therapy ankle exercises after stroke: an early phase dose screening study,PHYSIOTHERAPY
2024,March,WOS,College of Health and Rehabilitation Sciences,Health-related / Medical,Leflunomide-induced cardiac injury in adult male mice and bioinformatic approach identifying Nrf2/NF-κb signaling interplay,TOXICOLOGY MECHANISMS AND METHODS
2024,March,WOS,College of Health and Rehabilitation Sciences,Health-related / Medical,Investigation of sports participation motivation in people with disabilities: a cross-sectional study of individuals with physical and hearing impairments,BMC SPORTS SCIENCE MEDICINE AND REHABILITATION
2024,March,WOS,College of Health and Rehabilitation Sciences,Health-related / Medical,Impact of COVID-19 on the use of online mental health services among adults in Riyadh: a cross-sectional study,EUROPEAN REVIEW FOR MEDICAL AND PHARMACOLOGICAL SCIENCES
2024,March,WOS,College of Health and Rehabilitation Sciences,Health-related / Medical,Exploring challenges and perceptions in the learning environment: an online qualitative study of medical students,BMC MEDICAL EDUCATION
2024,March,WOS,College of Health and Rehabilitation Sciences,Health-related / Medical,Evidence-Based Complementary and Alternative Medicine in Current Medical Practice,CUREUS JOURNAL OF MEDICAL SCIENCE
2024,March,WOS,College of Health and Rehabilitation Sciences,Health-related / Medical,Effects of pre-transplant chest physical therapy on spirometric values and respiratory muscle strength in patients waiting for allogeneic hematopoietic stem cell transplantation: a randomized controlled trial,ARCHIVES OF MEDICAL SCIENCE
2024,March,WOS,College of Health and Rehabilitation Sciences,Health-related / Medical,Associations between physical activity and development in preschool-aged children born <30 weeks' gestation: a cohort study,ARCHIVES OF DISEASE IN CHILDHOOD-FETAL AND NEONATAL EDITION
2024,March,WOS,College of Health and Rehabilitation Sciences,Health-related / Medical,Assessment of Telemedicine Usage Among Saudis During the COVID-19 Pandemic,CUREUS JOURNAL OF MEDICAL SCIENCE
2024,March,WOS,College of Health and Rehabilitation Sciences,Health-related / Medical,A higher education snapshot of nutrition degree programs in Iraq: implications for public health and nutrition practice,INTERNATIONAL JOURNAL OF HEALTH GOVERNANCE
2024,March,Scopus,College of Health and Rehabilitation Sciences,Health-related / Medical,Diagnostic Performance of18F-fluorocholine PET/CT Compared to 99m Tc-Sestamibi Scintigraphy in Diagnosis of Parathyroid Adenoma,International Journal of Biomedicine
2024,March,Scopus,College of Health and Rehabilitation Sciences,Health-related / Medical,"Investigation of cost and availability of gluten-free food in Jeddah, KSA",Journal of Taibah University Medical Sciences
2024,March,Scopus,College of Health and Rehabilitation Sciences,Health-related / Medical,"Correction to: Translation and cross-cultural adaptation of an Arabic version of PROMIS® of dyspnea activity motivation, requirement item pool and sleep-related impairments item bank (Health and Quality of Life Outcomes, (2024), 22, 1, (11), 10.1186/s12955-023-02223-w)",Health and Quality of Life Outcomes
2024,March,Scopus,College of Health and Rehabilitation Sciences,Health-related / Medical,Nutrition and Health in Arab Adolescents (NaHAR): Study protocol for the determination of ethnic-specific body fat and anthropometric cut-offs to identify metabolic syndrome,PLoS ONE
2024,March,Scopus,College of Health and Rehabilitation Sciences,Health-related / Medical,Three sessions of repeated sprint training in normobaric hypoxia improves sprinting performance,Heliyon
2024,March,Scopus,College of Health and Rehabilitation Sciences,Health-related / Medical,68Ga-PSMA PET/CT in Initial Diagnosis and Bone Metastasis Evaluation in Saudi Patients with High-Grade Prostate Cancer,International Journal of Biomedicine
2024,March,WOS,College of pharmacy,Health-related / Medical,Voltammetric analysis of pholcodine on graphene-modified GNPs/PTs with green assessment,BMC CHEMISTRY
2024,March,WOS,College of pharmacy,Health-related / Medical,Teriflunomide mitigates pain-depression dyad in mice: Modulation of PI3K-mediated defensive signaling,ARABIAN JOURNAL OF CHEMISTRY
2024,March,WOS,College of pharmacy,Health-related / Medical,"New insights into the anticancer effects of Polycladia crinita aqueous extract and its selenium nanoformulation against the solid Ehrlich carcinoma model in mice via VEGF, notch 1, NF-кB, cyclin D1, and caspase 3 signaling pathway",FRONTIERS IN PHARMACOLOGY
2024,March,WOS,College of pharmacy,Health-related / Medical,Medication self-management capacity among older adults living in low-income housing communities,JOURNAL OF THE AMERICAN PHARMACISTS ASSOCIATION
2024,March,WOS,College of pharmacy,Health-related / Medical,Dexamethasone versus methylprednisolone for multiple organ dysfunction in COVID-19 critically ill patients: a multicenter propensity score matching study,BMC INFECTIOUS DISEASES
2024,March,WOS,College of pharmacy,Health-related / Medical,Design and In Silico and In Vitro Evaluations of a Novel Nicotinamide Derivative as a VEGFR-2 Inhibitor,JOURNAL OF CHEMISTRY
2024,March,WOS,College of pharmacy,Health-related / Medical,Antimicrobial Evaluation of Sulfonamides after Coupling with Thienopyrimidine Coplanar Structure,PHARMACEUTICALS
2024,March,Scopus,College of pharmacy,Health-related / Medical,Defining the pharmacokinetic/pharmacodynamic index of piperacillin/tazobactam within a hollow-fibre infection model to determine target attainment in intensive care patients,JAC-Antimicrobial Resistance
2024,March,Scopus,College of pharmacy,Health-related / Medical,"Ifanosine: Olea europaea L. and Hyphaene thebaica L. combination, from traditional utilization to rational formulation: Preclinical and clinical efficacy on hypertensives patients",Journal of Ethnopharmacology
2024,March,Scopus,College of pharmacy,Health-related / Medical,Fenpropathrin provoked kidney damage via controlling the NLRP3/Caspase-1/GSDMD–mediated pyroptosis: The palliative role of curcumin-loaded chitosan nanoparticles,Toxicology and Applied Pharmacology
2024,March,Scopus,College of pharmacy,Health-related / Medical,"Computer aided drug discovery (CADD) of a thieno[2,3-d]pyrimidine derivative as a new EGFR inhibitor targeting the ribose pocket",Journal of Biomolecular Structure and Dynamics
2024,March,Scopus,College of pharmacy,Health-related / Medical,Formulation and characterization of glipizide solid dosage form with enhanced solubility,PLoS ONE
2024,March,Scopus,College of pharmacy,Health-related / Medical,"Novel Thiazolidine-2,4-Dione Derivatives as Potential VEGFR-2 Inhibitors: Synthesis, Biological Testing, and in Silico Studies",ChemistrySelect
2024,March,Scopus,College of pharmacy,Health-related / Medical,"Nicotinamide Loaded Chitosan Nanocomplex Shows Improved Anticancer Potential: Molecular Docking, Synthesis, Characterization and In vitro Evaluations",Current Organic Chemistry
2024,March,Scopus,College of pharmacy,Health-related / Medical,"Understanding fenpropathrin-induced pulmonary toxicity: What apoptosis, inflammation, and pyreptosis reveal analyzing cross-links at the molecular, immunohistochemical, and immunofluorescent levels",Food and Chemical Toxicology
2024,March,Scopus,College of pharmacy,Health-related / Medical,The polymorphisms of candidate pharmacokinetic and pharmacodynamic genes and their pharmacogenetic impacts on the effectiveness of risperidone maintenance therapy among Saudi children with autism,European Journal of Clinical Pharmacology
2024,March,Scopus,College of pharmacy,Health-related / Medical,Team-based learning versus traditional teaching effect on pharmacy Students’ Performance: A systematic review and Meta-Analysis,Saudi Pharmaceutical Journal
2024,March,Scopus,College of pharmacy,Health-related / Medical,Structural modification of A-C-A configured X–PCIC acceptor molecule for efficient photovoltaic properties with low energy loss in organic solar cells,Journal of Molecular Graphics and Modelling
2024,March,WOS,College of Medicine,Health-related / Medical,Optimization and characterization of quercetin-loaded solid lipid nanoparticles for biomedical application in colorectal cancer,CANCER NANOTECHNOLOGY
2024,March,WOS,College of Medicine,Health-related / Medical,Neonatal Birthweight Spectrum: Maternal Risk Factors and Pregnancy Outcomes in Saudi Arabia,MEDICINA-LITHUANIA
2024,March,WOS,College of Medicine,Health-related / Medical,Application of Aleppo pine extract for skin burn treatment,JOURNAL OF APPLIED BIOMATERIALS & FUNCTIONAL MATERIALS
2024,March,WOS,College of Medicine,Health-related / Medical,Adaption and Usability of Telemedicine in Orthopedic Surgery in Saudi Arabia: A Nationwide Cross-Sectional Study,TELEMEDICINE AND E-HEALTH
2024,March,Scopus,College of Medicine,Health-related / Medical,Emerging Therapies in the Medical Management of Allergic Fungal Rhinosinusitis,Indian Journal of Otolaryngology and Head and Neck Surgery
2024,March,Scopus,College of Medicine,Health-related / Medical,"Effects of dietary wheat supplementation levels on growth performance, rumen bacterial community and fermentation parameters in Chinese Tibetan Sheep",Journal of Animal Physiology and Animal Nutrition
2024,March,Scopus,College of Medicine,Health-related / Medical,Vanillin derivatives as antiamnesic agents in scopolamine-induced memory impairment in mice,Heliyon
2024,March,WOS,College of Science,Scientific,WO3-NiO/rGO Based Photocatalyst for Effectively Degradation of Colored and Colorless Pollutants Using Solar Light Irradiation,JOURNAL OF INORGANIC AND ORGANOMETALLIC POLYMERS AND MATERIALS
2024,March,WOS,College of Science,Scientific,"Urtica pilulifera leaves extract mitigates cadmium induced hepatotoxicity via modulation of antioxidants, inflammatory markers and Nrf-2 signaling in mice",FRONTIERS IN MOLECULAR BIOSCIENCES
2024,March,WOS,College of Science,Scientific,Unveiling the Exceptional Performance of ZnO/Zn2TiO4 Nanocomposites,CATALYSTS
2024,March,WOS,College of Science,Scientific,"Tailoring the structural, elastic, electronic, and optical properties of Cs2ScCuX6 (X = Cl and F) double perovskite compounds via density functional theory (DFT)",JOURNAL OF PHYSICS AND CHEMISTRY OF SOLIDS
2024,March,WOS,College of Science,Scientific,"Synthetic strategies and anticancer evaluation for the novel 3-(6-heteroaryltriazolo[3,4-b][1,3,4]thiadiazol-3-yl)chromeno [2,3-b]pyridines",SYNTHETIC COMMUNICATIONS
2024,March,WOS,College of Science,Scientific,"Synthesis, Characterization, and Molecular Modeling Studies of Novel Indenopyridazine-Thiazole Molecular Hybrids",CURRENT ORGANIC SYNTHESIS
2024,March,WOS,College of Science,Scientific,Surface-enhanced Raman spectroscopy for characterization of filtrates of blood serum samples from patients with tuberculosis obtained by 50 kDa filtration devices,RSC ADVANCES
2024,March,WOS,College of Science,Scientific,"Retama raetam Extract for Testicular Health in Type 2 Diabetic Rats: Insight View on the Steroidogenesis, Antioxidants, and Molecular Docking Scores of Bioactive Compounds against Bax",JOURNAL OF FOOD BIOCHEMISTRY
2024,March,WOS,College of Science,Scientific,Response Surface Methodology (RSM) approach to formulate and optimize the bilayer combination tablet of Tamsulosin and Finasteride,SAUDI PHARMACEUTICAL JOURNAL
2024,March,WOS,College of Science,Scientific,Reproducibility of Statistical Tests Based on Randomised Response Data,JOURNAL OF STATISTICAL THEORY AND PRACTICE
2024,March,WOS,College of Science,Scientific,Rapid Identification and Quantification of Adulteration in Methyl Eugenol using Raman Spectroscopy Coupled with Multivariate Data Analysis,ACS OMEGA
2024,March,WOS,College of Science,Scientific,"Raman Spectroscopy, Physical Parameters and γ-Ray Shielding Competence of Newly Lu3+ Ions Doped Borosilicate Glasses",JOURNAL OF INORGANIC AND ORGANOMETALLIC POLYMERS AND MATERIALS
2024,March,WOS,College of Science,Scientific,"Productivity, water use efficiency and soil properties of sugarcane as influenced by trash mulching and irrigation regimes under different planting systems in sandy loam soils",FRONTIERS IN SUSTAINABLE FOOD SYSTEMS
2024,March,WOS,College of Science,Scientific,Poly-Gamma-Glutamic Acid Nanopolymer Effect against Bacterial Biofilms: In Vitro and In Vivo Study,BIOMEDICINES
2024,March,WOS,College of Science,Scientific,Poly(O-mercaptoaniline)-iodide nanofiber composite as a promising potentiometric sensor for the detection of Hg2+ ions in water,JOURNAL OF MATERIALS SCIENCE-MATERIALS IN ELECTRONICS
2024,March,WOS,College of Science,Scientific,Plasma-infused solitary waves: Unraveling novel dynamics with the Camassa-Holm equation,INTERNATIONAL JOURNAL OF GEOMETRIC METHODS IN MODERN PHYSICS
2024,March,WOS,College of Science,Scientific,Passively Q-Switched Er-Doped Fiber Laser Based on Bentonite Clay (Al2H2O6Si) Saturable Absorber,MICROMACHINES
2024,March,WOS,College of Science,Scientific,Optoelectronic-thermomagnetic effect of a microelongated non-local rotating semiconductor heated by pulsed laser with varying thermal conductivity,OPEN PHYSICS
2024,March,WOS,College of Science,Scientific,"Opto-electronic and thermoelectric properties of double perovskites Li2CuGaX6 (X = Cl, Br, I) for energy conversion applications: DFT calculations",JOURNAL OF MATERIALS RESEARCH
2024,March,WOS,College of Science,Scientific,Optimizing the structure and optoelectronic properties of cuprite thin films via a plasma focus device as a solar cell absorber layer,CRYSTENGCOMM
2024,March,WOS,College of Science,Scientific,One pot synthesizing of cobalt (III) and (IV) oxides/polypyrrole nanocomposite for light sensing in wide optical range,PHYSICA SCRIPTA
2024,March,WOS,College of Science,Scientific,On the optical soliton solutions to the fractional complex structured (1+1)-dimensional perturbed gerdjikov-ivanov equation,PHYSICA SCRIPTA
2024,March,WOS,College of Science,Scientific,On the feed-forward neural network for analyzing pantograph equations,AIP ADVANCES
2024,March,WOS,College of Science,Scientific,On new computations of the time-fractional nonlinear KdV-Burgers equation with exponential memory,PHYSICA SCRIPTA
2024,March,WOS,College of Science,Scientific,Nitrogen transformations in plastic-film mulched soils,PLANT AND SOIL
2024,March,WOS,College of Science,Scientific,New Conditions for Testing the Oscillation of Solutions of Second-Order Nonlinear Differential Equations with Damped Term,AXIOMS
2024,March,WOS,College of Science,Scientific,Nanosecond nonlinear optical properties of oxide glasses embedded with plasmonic nanoparticles at the spectral excitation near to surface plasmon resonance,PHYSICA B-CONDENSED MATTER
2024,March,WOS,College of Science,Scientific,Molecular identification of Haemonchus contortus in sheep from Upper Egypt,FRONTIERS IN VETERINARY SCIENCE
2024,March,WOS,College of Science,Scientific,Mean estimation using an efficient class of estimators based on simple random sampling: Simulation and applications,ALEXANDRIA ENGINEERING JOURNAL
2024,March,WOS,College of Science,Scientific,Mannose-binding lectin gene polymorphism in psoriasis and vitiligo: an observational study and computational analysis,FRONTIERS IN MEDICINE
2024,March,WOS,College of Science,Scientific,Linear refractive index and density prediction of transparent B2O3-CaO-Li2O glasses reinforced with Sb2O3 utilizing machine learning techniques,JOURNAL OF THE AUSTRALIAN CERAMIC SOCIETY
2024,March,WOS,College of Science,Scientific,Linear Diophantine Fuzzy Clustering Algorithm Based on Correlation Coefficient and Analysis on Logistic Efficiency of Food Products,IEEE ACCESS
2024,March,WOS,College of Science,Scientific,"Kinetics, equilibrium and thermodynamics investigations of polypyrrole and polyaniline composites with Oryza sativa biomass for the removal of Nitenpyram insecticide",ZEITSCHRIFT FUR PHYSIKALISCHE CHEMIE-INTERNATIONAL JOURNAL OF RESEARCH IN PHYSICAL CHEMISTRY & CHEMICAL PHYSICS
2024,March,WOS,College of Science,Scientific,"Investigation of the role of selenium (Se) metal on the structural, physical, and optical properties of lead phosphate glasses",OPTICAL AND QUANTUM ELECTRONICS
2024,March,WOS,College of Science,Scientific,Investigation of olfactory perception by a putative adsorption process of sotolone and abhexone on human olfactory receptor OR8D1: Statistical physics modeling and molecular docking,INTERNATIONAL JOURNAL OF BIOLOGICAL MACROMOLECULES
2024,March,WOS,College of Science,Scientific,Investigation of complex hyperbolic and periodic wave structures to a new form of the q-deformed sinh-Gordon equation with fractional temporal evolution,AIP ADVANCES
2024,March,WOS,College of Science,Scientific,Integration of Polymorphic Co x Se y on MXene-Incorporated Self-Templated Three-Dimensional Graphene Foam to Augment Supercapacitor Performance through Componential and Structural Modifications,ACS APPLIED ENERGY MATERIALS
2024,March,WOS,College of Science,Scientific,Insight into the Catalytic Performance of a Zinc-Pillared Curcumin/Bentonite Composite for Enhanced Oxidation of Ibuprofen Residuals into Environmental Products: The Pathway and Toxicity,CATALYSTS
2024,March,WOS,College of Science,Scientific,Inhibiting general and pitting corrosion of Ni in dilute sulfuric acid solutions with some tetrazole derivatives,INTERNATIONAL JOURNAL OF ELECTROCHEMICAL SCIENCE
2024,March,WOS,College of Science,Scientific,Influence of Magnetic Field on Thermomechanical Optical Waves in a Semiconductor Medium with Porosity,MECHANICS OF SOLIDS
2024,March,WOS,College of Science,Scientific,In vitro Leishmanicidal evaluation and molecular docking simulations of bioactive compounds from the bark of Taxus wallichiana,PLANT BIOSYSTEMS
2024,March,WOS,College of Science,Scientific,"Hypoglycemic, anti-inflammatory, and neuroprotective potentials of crude methanolic extract from Acacia nilotica L. - results of an in vitro study",FOOD SCIENCE & NUTRITION
2024,March,WOS,College of Science,Scientific,Higher Derivations Satisfying Certain Identities in Rings,JOURNAL OF MATHEMATICS
2024,March,WOS,College of Science,Scientific,Heat and mass transport of nano-encapsulated phase change materials in a complex cavity: An artificial neural network coupled with incompressible smoothed particle hydrodynamics simulations,AIMS MATHEMATICS
2024,March,WOS,College of Science,Scientific,Frankincense-Based Functionalized Multiwalled Carbon Nanotubes with Iron Oxide Composites for Efficient Removal of Crystal Violet: Kinetic and Equilibrium Analysis,ACS OMEGA
2024,March,WOS,College of Science,Scientific,Families of propagating soliton solutions for (3+1)-fractional Wazwaz-BenjaminBona-Mahony equation through a novel modification of modified extended direct algebraic method,PHYSICA SCRIPTA
2024,March,WOS,College of Science,Scientific,Fabrication of novel (Cr) based (MIL-101) incorporated mixed matrix forward osmosis membranes for environmental remediation,MATERIALS CHEMISTRY AND PHYSICS
2024,March,WOS,College of Science,Scientific,Fabrication and characterization of NiCu/GO and NiCu/rGO nanocomposites for fuel cell application,RSC ADVANCES
2024,March,WOS,College of Science,Scientific,"Exploring the structural, electronic and optical properties of Rb2InGaCl6 and Rb2InGaCl6 double perovskite compounds for high-energy applications: a DFT-based investigation",OPTICAL AND QUANTUM ELECTRONICS
2024,March,WOS,College of Science,Scientific,"Exploring the effectiveness of flavone derivatives for treating liver diseases: Utilizing DFT, molecular docking, and molecular dynamics techniques",METHODSX
2024,March,WOS,College of Science,Scientific,"Exploring the antibacterial and dermatitis-mitigating properties of chicken egg white-synthesized zinc oxide nano whiskers (vol 13, 1295593, 2023)",FRONTIERS IN CELLULAR AND INFECTION MICROBIOLOGY
2024,March,WOS,College of Science,Scientific,Exploring Ocimum basilicum's Secondary Metabolites: Inhibition and Molecular Docking against Rhynchophorus ferrugineus for Optimal Action,PLANTS-BASEL
2024,March,WOS,College of Science,Scientific,Exploring exact solutions for physical differential models through generalized derivatives,PHYSICA SCRIPTA
2024,March,WOS,College of Science,Scientific,Exploring association of aerosols based on meteorological factors over mega city Lahore (Pakistan) and central place of Indo-Gangetic basin,AIP ADVANCES
2024,March,WOS,College of Science,Scientific,Exploration of genes encoding KEGG pathway enzymes in rhizospheric microbiome of the wild plant Abutilon fruticosum,AMB EXPRESS
2024,March,WOS,College of Science,Scientific,Environmentally Friendly and Cost-Effective Gamma Shielding Based on Waste CRT Screen Glasses,JOURNAL OF ELECTRONIC MATERIALS
2024,March,WOS,College of Science,Scientific,Enhancing thermoelectric performance of TiO2 via aluminum doping: Insights and applications,VACUUM
2024,March,WOS,College of Science,Scientific,"Enhancing the photocatalytic elimination of acephate residues using Ni0 doped and diatomite-supported NiO: optimization, pathway, and toxicity",NEW JOURNAL OF CHEMISTRY
2024,March,WOS,College of Science,Scientific,Enhancing the performance of styrene-butadiene rubber with nanoceramic powder for wear-resistant lining sheets,POLYMER BULLETIN
2024,March,WOS,College of Science,Scientific,Enhancing systematic tolerance in Bermuda grass (Cynodon dactylon L.) through amplified alkB gene expression and bacterial-driven hydrocarbon degradation,ENVIRONMENTAL SCIENCE AND POLLUTION RESEARCH
2024,March,WOS,College of Science,Scientific,Enhancing photovoltaic efficiency: Integrating graphene and advanced interface layers to reduce the recombination losses in lead-free MASnI3 perovskite solar cells,SOLAR ENERGY
2024,March,WOS,College of Science,Scientific,"Enhanced mechanical, optoelectronic and thermoelectric properties of binary CdO by under pressure: An ab initio study",INTERNATIONAL JOURNAL OF QUANTUM CHEMISTRY
2024,March,WOS,College of Science,Scientific,Enhanced heat transfer and fluid motion in 3D nanofluid with anisotropic slip and magnetic field,OPEN PHYSICS
2024,March,WOS,College of Science,Scientific,Efficiency Improvement of Lead-Free La2NiMnO6-Based Double Perovskite Solar Cells Using Numerical Simulation,ENERGY TECHNOLOGY
2024,March,WOS,College of Science,Scientific,"Effect of erbium-doping concentration on the electrical, structural and morphological properties of heterostructures based on TiO2 thin films",BULLETIN OF MATERIALS SCIENCE
2024,March,WOS,College of Science,Scientific,Effect of electrolyte optimization on nitrogen-doped MXene (Ti3C2Tx) coupled with Cu-BTC MOF for a supercapattery and the hydrogen evolution reaction,NEW JOURNAL OF CHEMISTRY
2024,March,WOS,College of Science,Scientific,Dynamical Behavior and Expressions of Solutions of a Class of Higher-Order Nonlinear Difference Equations,DISCRETE DYNAMICS IN NATURE AND SOCIETY
2024,March,WOS,College of Science,Scientific,Dynamic S-Box Construction Using Mordell Elliptic Curves over Galois Field and Its Applications in Image Encryption,MATHEMATICS
2024,March,WOS,College of Science,Scientific,Double diffusion of rotated z-shaped and sloshing fins in a nanofluid-porous cavity,ZAMM-ZEITSCHRIFT FUR ANGEWANDTE MATHEMATIK UND MECHANIK
2024,March,WOS,College of Science,Scientific,Designing Proton Conducting Electrolytes for Low-Temperature Ceramic Fuel Cells,ACS APPLIED ENERGY MATERIALS
2024,March,WOS,College of Science,Scientific,"Design, Synthesis and Biological Assessment of N′-(2-Oxoindolin-3-ylidene)-6-methylimidazo[2,1-b]thiazole-5-carbohydrazides as Potential Anti-Proliferative Agents toward MCF-7 Breast Cancer",PHARMACEUTICALS
2024,March,WOS,College of Science,Scientific,Cross-sectional analysis of risk factors associated with Mugil cephalus in retail fish markets concerning methicillin-resistant Staphylococcus aureus and Aeromonas hydrophila,FRONTIERS IN CELLULAR AND INFECTION MICROBIOLOGY
2024,March,WOS,College of Science,Scientific,"Correction: Mitigation effect of alpha-tocopherol and thermo-priming in Brassica napus L. under induced mercuric chloride stress (vol 24,pg 108,2024)",BMC PLANT BIOLOGY
2024,March,WOS,College of Science,Scientific,Construction of isotype heterojunctions in polymeric carbon nitride with thermal modulation and improved photocatalytic hydrogen production activity,MATERIALS CHEMISTRY AND PHYSICS
2024,March,WOS,College of Science,Scientific,"Comprehensive DFT investigation of X2MgSe4 (X = Dy, Tm) spinels for opto-spintronic and thermoelectric devices",PHYSICA SCRIPTA
2024,March,WOS,College of Science,Scientific,Comparative Response of Arbuscular Mycorrhizal Fungi versus Endophytic Fungi in Tangor Citrus: Photosynthetic Efficiency and P-Acquisition Traits,HORTICULTURAE
2024,March,WOS,College of Science,Scientific,CKS2 and Its Interacting Network Induce Tumor Progression with Adverse Effects on Patients' Survival in a Pan-Cancer Model,JOURNAL OF BIOLOGICAL REGULATORS AND HOMEOSTATIC AGENTS
2024,March,WOS,College of Science,Scientific,Chen inequality for general warped product submanifold of Riemannian warped products IxfSm(c),PHYSICA SCRIPTA
2024,March,WOS,College of Science,Scientific,Chemically reactive aspects of stagnation-point boundary layer flow of second-grade nanofluid over an exponentially stretching surface,NUMERICAL HEAT TRANSFER PART B-FUNDAMENTALS
2024,March,WOS,College of Science,Scientific,Characterizations of η-ρ-Einstein solitons in spacetimes and f(R)-gravity,INTERNATIONAL JOURNAL OF GEOMETRIC METHODS IN MODERN PHYSICS
2024,March,WOS,College of Science,Scientific,Characterization of Amaranthus species: ability in nanoparticles fabrication and the antimicrobial activity against human pathogenic bacteria,PEERJ
2024,March,WOS,College of Science,Scientific,Carbon Nanotube Composites with Bimetallic Transition Metal Selenides as Efficient Electrocatalysts for Oxygen Evolution Reaction,SUSTAINABILITY
2024,March,WOS,College of Science,Scientific,"CAPTURING OF THE COPPER(II) IONS BY SEVERAL 4-AMINOANTIPYRINE SCHIFF BASES: SYNTHESIS, SPECTROSCOPIC ANALYSIS, AND DECOMPSITION OF THE RESULTED COMPLEXES INTO COPPER(II) OXIDE",BULLETIN OF THE CHEMICAL SOCIETY OF ETHIOPIA
2024,March,WOS,College of Science,Scientific,Bioinformatics analysis and molecular dynamics simulations of azoreductases (AzrBmH2) from Bacillus megaterium H2 for the decolorization of commercial dyes,ENVIRONMENTAL SCIENCES EUROPE
2024,March,WOS,College of Science,Scientific,Bioactive silver nanoparticles fabricated using Lasiurus scindicus and Panicum turgidum seed extracts: anticancer and antibacterial efficiency,SCIENTIFIC REPORTS
2024,March,WOS,College of Science,Scientific,Bertrand Offsets of Slant Ruled Surfaces in Euclidean 3-Space,SYMMETRY-BASEL
2024,March,WOS,College of Science,Scientific,Berberine attenuates inflammation and oxidative stress and modulates lymphocyte E-NTPDase in acute hyperlipidemia,DRUG DEVELOPMENT RESEARCH
2024,March,WOS,College of Science,Scientific,Asphalt pavement patch identification with image features based on statistical properties using machine learning,NEURAL COMPUTING & APPLICATIONS
2024,March,WOS,College of Science,Scientific,Analyzing fuzzy fractional Degasperis-Procesi and Camassa-Holm equations with the Atangana-Baleanu operator,OPEN PHYSICS
2024,March,WOS,College of Science,Scientific,"Ameliorative effects of propolis and wheat germ oil on acute toxoplasmosis in experimentally infected mice are associated with reduction in parasite burden and restoration of histopathological changes in the brain, uterus, and kidney",FRONTIERS IN VETERINARY SCIENCE
2024,March,WOS,College of Science,Scientific,"A new probabilistic model: Theory, simulation and applications to sports and failure times data",HELIYON
2024,March,Scopus,College of Science,Scientific,Significance of heat generation in MHD channel flow of a maxwell fluid with heat suction and blowing effects,Case Studies in Thermal Engineering
2024,March,Scopus,College of Science,Scientific,Double diffusive on powell eyring fluid flow by mixed convection from an exponential stretching surface with variable viscosity/thermal conductivity,Case Studies in Thermal Engineering
2024,March,Scopus,College of Science,Scientific,Interfacially Modulated S-Scheme Van der Waals Heterojunctional Photocatalyst for Selective CO2 Photoreduction Coupled with Organic Pollutant Degradation,Solar RRL
2024,March,Scopus,College of Science,Scientific,Substantial performance of copper sulfide nanotubes at high current densities for energy storage applications,Journal of Energy Storage
2024,March,Scopus,College of Science,Scientific,Experiencing heightened oxygen reduction response in CaFe2O4-WO3 heterostructure for ceramic fuel cells,Fuel
2024,March,Scopus,College of Science,Scientific,Neutrosophic logistic model with applications in fuzzy data modeling,Journal of Intelligent and Fuzzy Systems
2024,March,Scopus,College of Science,Scientific,Facile synthesis of silver-copper binary phosphate (Ag xCu xPO4) using a co-precipitation approach to enhance the electrochemical performance of Energy Storage devices,Journal of Materials Research
2024,March,Scopus,College of Science,Scientific,"First-principles investigation on anti-perovskites on Rb3OX (X=Cl, Br, I): Promising compounds for high performance photovoltaics and thermoelectric",Materials Science in Semiconductor Processing
2024,March,Scopus,College of Science,Scientific,Novel Deliberately Sensitive and Selective Tetrahydrozoline Voltammetric Sensors Integrated with a Copper Oxide Nanoparticle/Zeolite Platform,ACS Omega
2024,March,Scopus,College of Science,Scientific,Distinguishable photorecycling of PVDF nanocomposites membrane for reactive yellow 145 dye and real industrial wastewater treatment by different photocatalytic processes,Journal of Water Process Engineering
2024,March,Scopus,College of Science,Scientific,Green composite colorimetric and “Turn-on” fluorescent material for the detection of Al3+ ion in blood serum and herbal tea,Journal of Photochemistry and Photobiology A: Chemistry
2024,March,Scopus,College of Science,Scientific,"New thiazol-pyridazine derivatives as antimicrobial and antiviral candidates: Synthesis, and application",Journal of Saudi Chemical Society
2024,March,Scopus,College of Science,Scientific,"Effects of pulsed Nd:YAG laser kernel irradiation on maize (Zea mays L.): Insights into germination, gas exchange, photosynthetic pigments, and morphological modifications",Journal of Photochemistry and Photobiology B: Biology
2024,March,Scopus,College of Science,Scientific,Molecular modulation of interfaces in a Z-scheme van der Waals heterojunction for highly efficient photocatalytic CO2 reduction,Journal of Colloid and Interface Science
2024,March,Scopus,College of Science,Scientific,"Identification of sheep eimerian parasites, Eimeria crandallis and Eimeria faurei, employing microscopic and molecular tools",Journal of Animal Physiology and Animal Nutrition
2024,March,Scopus,College of Science,Scientific,Cost-effective layered double hydroxides/conductive polymer nanocomposites for electrochemical detection of wastewater pollutants,Chinese Journal of Analytical Chemistry
2024,March,Scopus,College of Science,Scientific,Carbon supported ternary layered double hydroxide nanocomposite for Fluoxetine removal and subsequent utilization of spent adsorbent as antidepressant,Scientific Reports
2024,March,Scopus,College of Science,Scientific,Genetic and phenotypic diversity in Solanum lycopersicum genotypes: insights from morpho-molecular and biochemical analyses,Plant Biotechnology Reports
2024,March,Scopus,College of Science,Scientific,Hydrothermal synthesis of Nd-doped FeTiO3 perovskite electrode for enhanced energy storage applications,Journal of Energy Storage
2024,March,Scopus,College of Science,Scientific,Integrating artificial intelligence in investigating magneto-bioconvection flow of oxytactic microorganisms and nano-enhanced phase change material in H-type cavity,Thermal Science and Engineering Progress
2024,March,Scopus,College of Science,Scientific,MOF-derived ZnO/g-C3N4 nanophotocatalyst for efficient degradation of organic pollutant,Journal of Saudi Chemical Society
2024,March,Scopus,College of Science,Scientific,Enhanced nonlinear optical and optical liming properties of holmium containing borate glasses embedded with silver nanoparticles,Journal of Materials Science: Materials in Electronics
2024,March,Scopus,College of Science,Scientific,Fabrication of Ni2O2(OH)/CNTs-based electrocatalyst for efficient bifunctional electrocatalytic water splitting,International Journal of Hydrogen Energy
2024,March,Scopus,College of Science,Scientific,On the dynamics of soliton interactions in the stellar environments,Physics of Fluids
2024,March,Scopus,College of Science,Scientific,On the oblique electrostatic waves in a dusty plasma with non-Maxwellian electrons for Saturn’s magnetosphere,Journal of Low Frequency Noise Vibration and Active Control
2024,March,Scopus,College of Science,Scientific,"Correction to: Influence of Annealing Temperature on the Structural and Luminescence Features and Thermoluminescence Trap Parameters of Ca2Al2SiO7: Ce3+ Phosphors (JOM, (2024), 76, 1, (566-577), 10.1007/s11837-023-06184-9)",JOM
2024,March,Scopus,College of Science,Scientific,NiPt nanoparticle immobilization on zirconia (ZrO2) for the production of hydrogen through selected decomposition of alkaline hydrazine solution,Materials Science and Engineering: B
2024,March,Scopus,College of Science,Scientific,Nanoparticles Enhanced Ligninolytic Enzymes Activity of Rotten Wood Fungus Phanerochaete chrysosporium,BioResources
2024,March,Scopus,College of Science,Scientific,Improving the Corrosion and Wear Behaviour of ECAP-Processed Biodegradable Mg-Zn-Ca Alloy for Bone Repair Applications,"Minerals, Metals and Materials Series"
2024,March,Scopus,College of Science,Scientific,Improved corrosion resistance and mechanical properties of severely deformed ZM31 alloy,Heliyon
2024,March,Scopus,College of Science,Scientific,"Fabrication, physical properties and γ-ray shielding factors of high dense B2O3–PbO–Na2O–CdO–ZnO glasses: impact of B2O3/PbO substitution",Journal of Materials Science: Materials in Electronics
2024,March,Scopus,College of Science,Scientific,"Corrigendum to “Rare earth based Mg-chalcogenides MgDy2(S/Se)4 as an emerging aspirant for spintronic and thermoelectric applications” [Mater. Sci. Semicond. Process. 173 (2024) 108129] (Materials Science in Semiconductor Processing (2024) 173, (S1369800124000246), (10.1016/j.mssp.2024.108129))",Materials Science in Semiconductor Processing
2024,March,Scopus,College of Science,Scientific,MHD Couple stress fluid between two concentric spheres with slip regime,Results in Engineering
2024,March,Scopus,College of Science,Scientific,Hydrophobic effects on a solid sphere translating in a Brinkman couple stress fluid covered by a concentric spherical cavity,Physics of Fluids
2024,March,Scopus,College of Science,Scientific,Facile fabrication of BiFeO3/g-C3N4 nanohybrid as efficient electrode materials for supercapacitor application,Diamond and Related Materials
2024,March,Scopus,College of Science,Scientific,"Corrigendum: Exploring the antibacterial and dermatitis-mitigating properties of chicken egg white-synthesized zinc oxide nano whiskers (Front. Cell. Infect. Microbiol., (2023), 13, 1295593, 10.3389/fcimb.2023.1295593)",Frontiers in Cellular and Infection Microbiology
2024,March,Scopus,College of Science,Scientific,Investigating the potential of lead-free Cs2AgBiI6 and Cs2AgBiBr6 double perovskites for photovoltaic applications,Materials Today Communications
2024,March,Scopus,College of Science,Scientific,"Effect of hesperidin on growth, photosynthesis, antioxidant systems and uptake of cadmium, copper, chromium and zinc by Celosia argentea plants",Plant Physiology and Biochemistry
2024,March,Scopus,College of Science,Scientific,Efficient nanostructured materials to reduce nutrient leaching to overcome environmental contaminants,Scientific Reports
2024,March,Scopus,College of Science,Scientific,Interaction of sodium dodecyl sulfate and triton X-100 with ofloxacin drug using conductivity and UV–visible spectroscopic techniques in aqueous alcohols media at several temperatures,Colloids and Surfaces A: Physicochemical and Engineering Aspects
2024,March,Scopus,College of Science,Scientific,"Effects of supplemental vitamin A on reproduction and antioxidative status of aged laying hens, and growth, blood indices and immunity of their offspring",Poultry Science
2024,March,Scopus,College of Science,Scientific,"Investigation strain effects on the electronic, optical, and output performance of the novel inorganic halide perovskite Sr3SbI3 solar cell",Chinese Journal of Physics
2024,March,Scopus,College of Science,Scientific,Discovering potential inhibitors of Raf proto-oncogene serine/threonine kinase 1: a virtual screening approach towards anticancer drug development,Journal of Biomolecular Structure and Dynamics
2024,March,Scopus,College of Science,Scientific,"Influence of various metal oxides (PbO, Fe2O3, MgO, and Al2O3) on the mechanical properties and γ-ray attenuation performance of zinc barium borate glasses",Nuclear Engineering and Technology
2024,March,Scopus,College of Science,Scientific,Exploring the impact of Bi2O3 particle size on the efficacy of dimethylpolysiloxane for medical gamma/X-rays shielding applications,Radiation Physics and Chemistry
2024,March,Scopus,College of Science,Scientific,On the optical tuning of the threshold voltage for DPPDTT-based organic field effect transistors,Journal of Materials Research
2024,March,Scopus,College of Science,Scientific,Exploring plasma dynamics: Analytical and numerical insights into generalized nonlinear time fractional Harry Dym equation,Modern Physics Letters B
2024,March,Scopus,College of Science,Scientific,Design and tuneable magnetodielectric ferrite-based meta-absorbers for high-frequency microwave absorption applications,Materials Research Bulletin
2024,March,Scopus,College of Science,Scientific,Energy optimization of quadratic thermal convection on two-phase boundary layer flow across a moving vertical flat plate,Case Studies in Thermal Engineering
2024,March,Scopus,College of Science,Scientific,"Gamma attenuation, dose rate and exposure/absorption buildup factors of apatite–wollastonite (AW) ceramic system",Radiation Physics and Chemistry
2024,March,Scopus,College of Science,Scientific,Designing and significantly improved TeO2-based glass system for nuclear engineering applications: Radiation shielding performance and optical transparency,Journal of Engineering Research (Kuwait)
2024,March,Scopus,College of Science,Scientific,Effect of CaF2 on the radiation attenuation properties of SiO2–P2O5–CaO–Na2O bioactive glasses: Theoretical and simulation studies,Results in Physics
2024,March,Scopus,College of Science,Scientific,"ENOXACIN FLUOROQUINOLONE ANTIBACTERIAL AGENT COMPLEXES WITH Pt(IV), Ru(III) AND Ir(III) IONS: SYNTHESIS, SPECTROSCOPIC, PHYSICOCHEMICAL CHARACTERIZATIONS AND BIOLOGICAL STUDIES",Bulletin of the Chemical Society of Ethiopia
2024,March,Scopus,College of Science,Scientific,Multilayer radiation shields for nuclear and radiological centers using free-lead materials and nanoparticles,Annals of Nuclear Energy
2024,March,Scopus,College of Science,Scientific,One dimensional WS2 nanoarchitectures coupled with g-C3N4 anchored rGO sheets for high performance electrochemical energy storage applications,FlatChem
2024,March,Scopus,College of Science,Scientific,Global advances and smart innovations in supramolecular polymers,Journal of Molecular Structure
2024,March,Scopus,College of Science,Scientific,Facile synthesis of FeAl2O4@ZnO electrode material for supercapacitor application,Journal of Physics and Chemistry of Solids
2024,March,Scopus,College of Science,Scientific,Construction of optimum multivalued cryptographic Boolean function using artificial bee colony optimization and multi-criterion decision-making,Soft Computing
2024,March,Scopus,College of Science,Scientific,"Lead-free Cs2InAsX6 (X = Cl, Br) halide double perovskites: A DFT perspective on their potential for sustainable energy applications",Journal of Physics and Chemistry of Solids
2024,March,Scopus,College of Science,Scientific,"First principles insights into Cs2XAgCl6 (X= Sc, Y) compounds for energy harvesting applications",Digest Journal of Nanomaterials and Biostructures
2024,March,Scopus,College of Science,Scientific,Immunomodulatory effect of Eugenia caryophyllata against Vitamin D-induced Toxicity in Liver of Male Westar Rats,Indian Journal of Animal Research
2024,March,Scopus,College of Science,Scientific,Exohedrally and endohedrally doped 15-crown-5 (a crown ether) surface by metals for potential applications as high-performance NLO materials,Structural Chemistry
2024,March,Scopus,College of Science,Scientific,Fullerene-derived boron-doped defective nanocarbon for highly selective H2O2 electrosynthesis,Nano Research
2024,March,Scopus,College of Science,Scientific,"Investigation of the adsorption and sensor properties of resorcinol (RSL) on X9N9 (X = Al, B, Ga, In) nanorings by DFT and QTAIM analysis with solvent effects",Journal of Molecular Liquids
2024,March,Scopus,College of Science,Scientific,Biochar and Microplastics Affect Microbial Necromass Accumulation and CO2 and N2O Emissions from Soil,ACS ES and T Engineering
2024,March,Scopus,College of Science,Scientific,"Effect of Various Na2O-MoO3 Concentrations on the Thermal, Mechanical, and Radiation-resisting Attributes of Zinc-borosilicate Glasses",Silicon
2024,March,Scopus,College of Science,Scientific,"Exploring the radiation shielding properties of B2O3-SiO2-ZnO-Na2O-WO3 glasses: A comprehensive study on mechanical, gamma, and neutron attenuation characteristics",Progress in Nuclear Energy
2024,March,Scopus,College of Science,Scientific,Effects of a conductive T-shaped partition on the phase change dynamics in a channel equipped with multiple encapsulated PCMs under different magnetic fields,Case Studies in Thermal Engineering
2024,March,Scopus,College of Science,Scientific,Fabrication of Mn doped BiFeO3 as an electrode material for supercapacitor applications,Journal of Energy Storage
2024,March,Scopus,College of Science,Scientific,Dietary supplementation with Dunaliella salina microalga promotes quail growth by altering lipid profile and immunity,Poultry Science
2024,March,Scopus,College of Science,Scientific,Numerical calculation of unsteady MHD nanofluid flow across two fluctuating discs with chemical reaction and zero mass flux,ZAMM Zeitschrift fur Angewandte Mathematik und Mechanik
2024,March,Scopus,College of Science,Scientific,New polyester composites synthesized with additions of different sized ZnO to study their shielding efficiency,Nuclear Engineering and Technology
2024,March,Scopus,College of Science,Scientific,Experimental and theoretical study of hydrogen electrochemical discharging by MmNi3.6Co0.6Al0.8 alloy,International Journal of Hydrogen Energy
2024,March,Scopus,College of Science,Scientific,Chromatographic assessment of biodiesel production from Peganum harmala seed oil using environmentally benign nano-catalysts,Biomedical Chromatography
2024,March,Scopus,College of Science,Scientific,Optical structural and radiation shielding efficiency of vanadium-doped LZBS glass,Optik
2024,March,Scopus,College of Science,Scientific,Exploring phase space properties of nonlinear Kerr-cavity interacting with a qubit: Spontaneous-emission damping effect,Alexandria Engineering Journal
2024,March,Scopus,College of Science,Scientific,Intelligent Secured Traffic Optimization Model for Urban Sensing Applications With Software Defined Network,IEEE Sensors Journal
2024,March,Scopus,College of Science,Scientific,Enhanced efficiency of mono-crystalline Si solar cells utilizing RF sputtered TiO2–Al2O3 blended anti-reflection coating for optimal sunlight transmission and energy conversion,Ceramics International
2024,March,Scopus,College of Science,Scientific,Glass nanofibers and lanthanide aluminate nanoparticles as reinforcement nanofillers for polyurethane composite toward smart applications,Ceramics International
2024,March,Scopus,College of Science,Scientific,Design of Bismuth Tungstate Bi2WO6 Photocatalyst for Enhanced and Environmentally Friendly Organic Pollutant Degradation,Materials
2024,March,Scopus,College of Science,Scientific,Enhancing brilliant green dye removal via bio composite chitosan and food-grade algae capsulated ruthenium metal-organic framework: Optimization of adsorption parameters by box-behnken design,International Journal of Biological Macromolecules
2024,March,Scopus,College of Science,Scientific,"Characterization and analysis of physical, optical, and radiation attenuation properties of vanadium-infused in cadmium lead borate tellurite glasses",Optical Materials
2024,March,Scopus,College of Science,Scientific,"Exploring the impact of sulfur-antimony incorporation on the radiation shielding, structural, physical, and electrical properties of (S3Sb2)x(S2Ge)100−x chalcogenide composites",Optical and Quantum Electronics
2024,March,Scopus,College of Science,Scientific,Facile synthesis of MnO2/g-C3N4 for photocatalytic reduction of methylene blue dye under visible light,Journal of Materials Science: Materials in Electronics
2024,March,Scopus,College of Science,Scientific,"KERMA, projected range, mass stopping power and gamma-ray shielding properties of antimony and tellurium reinforced iron phosphate glasses",Radiation Physics and Chemistry
2024,March,Scopus,College of Science,Scientific,"Dielectric, ferroelectric, optical and photocatalytic properties of Al and Ag-doped strontium hexaferrite (SrFe12O19) synthesized via facile micro-emulsion approach",Journal of Alloys and Compounds
2024,March,Scopus,College of Science,Scientific,Enhancing light trapping efficiency: Germanium-coated porous silicon structures for optimal antireflection performance,Ceramics International
2024,March,Scopus,College of Science,Scientific,Effects of plasma treatments on the surface wettability properties of PTFE polymeric films,International Journal of Modern Physics B
2024,March,Scopus,College of Science,Scientific,Infrared thermometry-based stress indices as indicators of yield performance and seasonal evapotranspiration in potato plants grown under different moisture and potassium regimes,Scientia Horticulturae
2024,March,Scopus,College of Science,Scientific,"Characterization of glasses composed of PbO, ZnO, MgO, and B2O3 in terms of their structural, optical, and gamma ray shielding properties",Nuclear Engineering and Technology
2024,March,Scopus,College of Science,Scientific,Cilia flow of magnetized Eyring-Powell nanofluid in a vertical thermal channel with viscous dissipation: An application of Adomian decomposition method,Ain Shams Engineering Journal
2024,March,Scopus,College of Science,Scientific,Inhibition potential of steroidal compounds from Nerium oleander against SARS-CoV-2 using molecular docking approach.,Biocatalysis and Agricultural Biotechnology
2024,March,Scopus,College of Science,Scientific,Graphitic-carbon nitride and polyvinylpyrrolidone capped barium oxide nanocomposites served as dye degrader and bactericidal potential: A molecular docking study,Journal of Photochemistry and Photobiology A: Chemistry
2024,March,Scopus,College of Science,Scientific,"Immunohistochemical expression of vimentin, E-cadherin, and CD45 in natural cases of canine cutaneous round tumors; [Expressão imuno-histoquímica de vimentina, E-caderina e CD45 em casos naturais de tumores redondos cutâneos em cães]",Brazilian Journal of Biology
2024,March,Scopus,College of Science,Scientific,"Oleuropein, a phenolic component of Olea europaea L. ameliorates CCl4-induced liver injury in rats through the regulation of oxidative stress and inflammation",European Review for Medical and Pharmacological Sciences
2024,March,Scopus,College of Science,Scientific,Rapid and sensitive in situ detection of heavy metals in fish using enhanced Raman spectroscopy,Spectrochimica Acta - Part A: Molecular and Biomolecular Spectroscopy
2024,March,Scopus,College of Science,Scientific,Corrosion Behavior of Ti-XCu Alloys for Dental Applications,"Minerals, Metals and Materials Series"
2024,March,Scopus,College of Science,Scientific,Combined artificial neural networks and numerical simulation for fractional-time derivatives systems of circular cylinder rotations and magnetic field on heat and mass transfer in an H-shaped cavity,International Communications in Heat and Mass Transfer
2024,March,Scopus,College of Science,Scientific,"Cadmium-induced lung injury is associated with oxidative stress, apoptosis, and altered SIRT1 and Nrf2/HO-1 signaling; protective role of the melatonin agonist agomelatine",Naunyn-Schmiedeberg's Archives of Pharmacology
2024,March,Scopus,College of Science,Scientific,Evaluation of synthesized MWCNTs-COO@Fe3O4 nanocomposite based on laser-assisted method for highly-efficient clean water,Materials Chemistry and Physics
2024,March,Scopus,College of Science,Scientific,On the Painlevé integrability and nonlinear structures to a (3 + 1)-dimensional Boussinesq-type equation in fluid mediums: Lumps and multiple soliton/shock solutions,Physics of Fluids
2024,March,Scopus,College of Science,Scientific,Novel DNA methylation biomarkers for early diagnosis of oral tongue squamous cell carcinoma (OTSCC),Journal of Applied Genetics
2024,March,Scopus,College of Science,Scientific,Disease prognosis and therapeutic strategies in patients with advanced non-small cell lung cancer (NSCLC): a 6-year epidemiological study between 2015–2021,Translational Cancer Research
2024,March,Scopus,College of Science,Scientific,"χ-Anderson type polyoxometalates and anhydride based polyimides: Synthesis, characterization and photovoltaic response in dye sensitized solar cells",Tetrahedron
2024,March,Scopus,College of Science,Scientific,Unveiling the unique properties of carbon nitride (C6N8) monolayer as a novel flexible sensor for hydrogen cyanide and hydrogen fluoride: A DFT study,Diamond and Related Materials
2024,March,Scopus,College of Science,Scientific,"Unveiling the future of environmental solutions: S-g-C3N4/Te-doped metal oxides (ZnO, Mn3O4 & SnO2) as game-changers in photocatalytic and antibacterial technologies",Materials Science and Engineering: B
2024,March,Scopus,College of Science,Scientific,"Unraveling the role of sintering temperature on physical, structural and tribological characteristics of ball milled Co28Cr6Mo biomaterial based alloy",Journal of Engineering Research (Kuwait)
2024,March,Scopus,College of Science,Scientific,Unlocking the potential of soil microbes for sustainable desertification management,Earth-Science Reviews
2024,March,Scopus,College of Science,Scientific,Tuning CoPi stability in electrochemical water oxidation via surface modification with an organic ligand shell,International Journal of Hydrogen Energy
2024,March,Scopus,College of Science,Scientific,Tongue microarchitecture and functional characterization of the lingual papillae in the desert hedgehog (Paraechinus aethiopicus),Journal of Experimental Zoology Part A: Ecological and Integrative Physiology
2024,March,Scopus,College of Science,Scientific,Tinite–Ceramic-Inspired Solar-Driven Thermoelectric Nanogenerator—Single Step toward Efficient Energy Harvesting,Energy Technology
2024,March,Scopus,College of Science,Scientific,"Synthesis, Structural and Radiation-shielding Properties of Li2O-Al2O3-SiO2 Glass–ceramic System",Silicon
2024,March,Scopus,College of Science,Scientific,"SYNTHESIS, SPECTROSCOPIC CHARACTERIZATIONS AND BIOLOGICAL STUDIES ON GOLD(III), RUTHENIUM(III) AND IRIDIUM(III) COMPLEXES OF TRIMETHOPRIM ANTIBIOTIC DRUG",Bulletin of the Chemical Society of Ethiopia
2024,March,Scopus,College of Science,Scientific,"SYNTHESIS, SPECTROSCOPIC AND BIOLOGICAL CHARACTERIZATIONS OF PLATINUM(IV), RUTHENIUM(III) AND IRIDIUM(III) THEOPHYLLINE COMPLEXES",Bulletin of the Chemical Society of Ethiopia
2024,March,Scopus,College of Science,Scientific,Synthesis and thermoluminescence behavior of novel Sm3+ doped YCa4O(BO3)3 under beta irradiation,Ceramics International
2024,March,Scopus,College of Science,Scientific,Synthesis and characterization of rGO based nanocomposite of doped nickel ferrite for outstanding photodegradation of industrial effluents,Materials Science and Engineering: B
2024,March,Scopus,College of Science,Scientific,Surface-enhanced Raman spectroscopy of the filtrate portions of the blood serum samples of breast cancer patients obtained by using 30 kDa filtration device,Spectrochimica Acta - Part A: Molecular and Biomolecular Spectroscopy
2024,March,Scopus,College of Science,Scientific,"Surface-enhanced Raman spectroscopy for studying the interaction of organometallic compound bis(1,3-dihexylimidazole-2-yl) silver(i) hexafluorophosphate (v) with the biofilm of Escherichia coli",RSC Advances
2024,March,Scopus,College of Science,Scientific,Studying of the Covid-19 model by using the finite element method: theoretical and numerical simulation,Soft Computing
2024,March,Scopus,College of Science,Scientific,"Structural, electrical, and magnetic properties of (x)Cu0.05Co0.95Fe2O4/(1 − x)La0.15Bi0.85FeO3 nanocomposites for technological applications",Journal of Materials Science: Materials in Electronics
2024,March,Scopus,College of Science,Scientific,SRR inspired inversion symmetry-shaped left-handed metamaterial with a high effective medium ratio for ASR and WLAN applications,Heliyon
2024,March,Scopus,College of Science,Scientific,Smart City Traffic Management: Acoustic-Based Vehicle Detection Using Stacking-Based Ensemble Deep Learning Approach,IEEE Access
2024,March,Scopus,College of Science,Scientific,Size-controlled synthesis of La and chitosan doped cobalt selenide nanostructures for catalytic and antibacterial activity with molecular docking analysis,International Journal of Biological Macromolecules
2024,March,Scopus,College of Science,Scientific,Sequencing analysis and efficient biodiesel production by lipase from Pseudomonas aeruginosa,Molecular Biology Reports
2024,March,Scopus,College of Science,Scientific,"Revealing the adsorption nature of disulfiram on metal clusters (Au, Pt, Ag, Pd, Cu, and Ni): DFT analysis, SERS enhancement and sensor properties",Computational and Theoretical Chemistry
2024,March,Scopus,College of Science,Scientific,"PREPARATION, SPECTROSCOPIC AND ANTICANCER INVESTIGATIONS OF METAL-DRUG COMPLEXES ASSOCIATED BETWEEN FLUMEQUINE ANTIBIOTIC DRUG WITH LANTHANUM(III), SAMARIUM(III) AND TERBIUM(III) CHLORIDE",Bulletin of the Chemical Society of Ethiopia
2024,March,Scopus,College of Science,Scientific,Preparation of photoresponsive lanthanide aluminate-immobilized nanofibers from recycled bioplastic via solution blowing spinning for optical authentication labeling,Journal of Photochemistry and Photobiology A: Chemistry
2024,March,Scopus,College of Science,Scientific,Platinum and gold activated ZnFe2O4 nanomaterials for boosting photocatalytic inhibition of bacteria under visible light,Materials Today Communications
2024,March,Scopus,College of Science,Scientific,"Phenotypic, molecular detection, and Antibiotic Resistance Profile (MDR and XDR) of Aeromonas hydrophila isolated from Farmed Tilapia zillii and Mugil cephalus",BMC Veterinary Research
2024,March,Scopus,College of Science,Scientific,Pepper defense against Ralstonia solanacearum and High-temperature stress is positively regulated by CaMYB59,Microbial Pathogenesis
2024,March,Scopus,College of Science,Scientific,Overtaking interaction of electron-acoustic solitons in Saturn’s magnetosphere,Journal of Low Frequency Noise Vibration and Active Control
2024,March,Scopus,College of Science,Scientific,Optimizing binder for enhanced oxygen evolution and supercapacitance in a PCN-224 functionalized V2CTx composite,Journal of Energy Storage
2024,March,Scopus,College of Science,Scientific,Arbuscular mycorrhizal fungi and rhizobia accelerate plant growth and N accumulation and contribution to soil total N in white clover by difficultly extractable glomalin-related soil protein,Applied Soil Ecology
2024,March,Scopus,College of Science,Scientific,An extensive benchmark analysis of advanced ceramic-concretes towards strategic material selection for nuclear applications and waste management,Ceramics International
2024,March,Scopus,College of Science,Scientific,Aggrandized Catalytic and Bactericidal Activity of Silver and Polyvinylpyrrolidone Capped Bismuth Oxybromide Quantum dots: In silico Molecular Docking Studies,Journal of Inorganic and Organometallic Polymers and Materials
2024,March,Scopus,College of Science,Scientific,Adjustment of model misspecification in estimation of population total under ranked set sampling through balancing,Heliyon
2024,March,Scopus,College of Science,Scientific,A numerical framework of magneto Williamson hybrid nanofluid over porous sheet; a classical kaller box analysis,Results in Physics
2024,March,Scopus,College of Science,Scientific,A general class of improved population variance estimators under non-sampling errors using calibrated weights in stratified sampling,Scientific Reports
2024,March,Scopus,College of Science,Scientific,A comparative analysis of three distinct fractional derivatives for a second grade fluid with heat generation and chemical reaction,Scientific Reports
2024,March,Scopus,College of Science,Scientific,"A closer-look on W and Pb alloys: In-depth evaluation in elastic modulus, gamma-ray, and neutron attenuation for critical applications",Nuclear Engineering and Design
2024,March,Scopus,College of Science,Scientific,Facile synthesis of perovskite SrCeO3 nanocomposite with reduced graphene oxide via hydrothermal route for effective oxygen evolution reaction,Fuel
2024,March,Scopus,College of Science,Scientific,"Encapsulation of the anticancer drug doxorubicin within metal-organic frameworks: Spectroscopic analysis, exploration of anticancer, antioxidant, antibacterial properties, and optimization through Box-Behnken design",Journal of the Indian Chemical Society
2024,March,Scopus,College of Humanities and Social Sciences,Humanitarian ,Impulsivity and aggression as risk factors for internet gaming disorder among university students,Scientific Reports
2024,March,Scopus,College Of Languages,Humanitarian ,Request-Making Pragmatics in EFL Learners: A Case of Supportive Moves,"International Journal of Society, Culture and Language"
2024,March,Scopus,College Of Languages,Humanitarian ,THE USE OF SAUDI COLLOQUIAL VARIETIES OF ARABIC IN SAUDI FORMAL TWITTER ACCOUNTS,Dialectologia
2024,March,Scopus,College Of Languages,Humanitarian ,Abstractive Arabic Text Summarization Using Hyperparameter Tuned Denoising Deep Neural Network,Intelligent Automation and Soft Computing
2024,March,Scopus,College Of Languages,Humanitarian ,"A Comparative Study of the Lexical Ambiguity of Arabic, English, and French in Natural Language Processing",Journal of Intercultural Communication
2024,March,Scopus,College of Engineering,Scientific,Hydrodynamic instability of graphene oxide-water (GO/H2O) suspension with thermo-capillary layers of shear-thinning fluid,International Journal of Modern Physics B
2024,March,Scopus,College of Engineering,Scientific,Utilizing nanotechnology to boost the reliability and determine the vertical load capacity of pile assemblies,Environmental Research
2024,March,Scopus,College of Engineering,Scientific,Unsteady thin film flow with ohmic heating and chemical reactions,International Journal of Modern Physics B
2024,March,Scopus,College of Engineering,Scientific,"Tri-objective optimization of electricity, fresh water, and hydrogen production in a biomass-driven trigeneration plant: Thermoeconomic and environmental evaluation",Energy
2024,March,WOS,College of Dentistry,Health-related / Medical,Evaluation of Peri-Implant Parameters and Functional Outcome of Immediately Placed and Loaded Mandibular Overdentures: A 5-year Follow-up Study,ORAL HEALTH & PREVENTIVE DENTISTRY
2024,March,WOS,College of Dentistry,Health-related / Medical,Effect of different storage conditions on dimensional accuracy of 3D-printed dental models,JOURNAL OF PROSTHODONTICS-IMPLANT ESTHETIC AND RECONSTRUCTIVE DENTISTRY
2024,March,Scopus,College of Dentistry,Health-related / Medical,Navigating the practical-knowledge gap in deep margin elevation: A step towards a structured case selection – a review,Saudi Dental Journal
2024,March,Scopus,College of Dentistry,Health-related / Medical,Evaluation of the Dentinal Shear Bond Strength and Resin Interface in Primary Molars after Pre-Treatment with Various Dentin Bio-Modifiers: An In Vitro Study,Journal of Functional Biomaterials
2024,March,Scopus,College of Dentistry,Health-related / Medical,Barriers and facilitators for oral health screening among tobacco users: a mixed-methods study,BMC Oral Health
2024,March,Scopus,College of Dentistry,Health-related / Medical,Machine learning driven web-based app platform for the discovery of monoamine oxidase B inhibitors,Scientific Reports
2024,March,WOS,King Abdullah bin Abdulaziz University Hospital/College of Dentistry,Health-related / Medical,Effect of sodium hypochlorite temperature and concentration on the fracture resistance of root dentin,BMC ORAL HEALTH
2024,March,WOS,College of Computer and Information Sciences,Scientific,White blood cells classification using multi-fold pre-processing and optimized CNN model,SCIENTIFIC REPORTS
2024,March,WOS,College of Computer and Information Sciences,Scientific,Toward robust and privacy-enhanced facial recognition: A decentralized blockchain-based approach with GANs and deep learning,MATHEMATICAL BIOSCIENCES AND ENGINEERING
2024,March,WOS,College of Computer and Information Sciences,Scientific,Software Defect Prediction Using an Intelligent Ensemble-Based Model,IEEE ACCESS
2024,March,WOS,College of Computer and Information Sciences,Scientific,Sandpiper Optimization Algorithm With Region Growing Based Robust Retinal Blood Vessel Segmentation Approach,IEEE ACCESS
2024,March,WOS,College of Computer and Information Sciences,Scientific,Role of Optimization in RNA-Protein-Binding Prediction,CURRENT ISSUES IN MOLECULAR BIOLOGY
2024,March,WOS,College of Computer and Information Sciences,Scientific,"RETRACTION: Bidirectional Neural Network Model for Glaucoma Progression Prediction (Retraction of Vol 13, art no 390, 2023)",JOURNAL OF PERSONALIZED MEDICINE
2024,March,WOS,College of Computer and Information Sciences,Scientific,"RETRACTION: A Novel Deep Learning CNN for Heart Valve Disease Classification Using Valve Sound Detection (Retraction of Vol 12, art no 846, 2023)",ELECTRONICS
2024,March,WOS,College of Computer and Information Sciences,Scientific,Optimizing Environmental Impact: MCDM-Based Approaches for Petrochemical Industry Emission Cuts,IEEE ACCESS
2024,March,WOS,College of Computer and Information Sciences,Scientific,Machine learning-based intelligent security framework for secure cloud key management,CLUSTER COMPUTING-THE JOURNAL OF NETWORKS SOFTWARE TOOLS AND APPLICATIONS
2024,March,WOS,College of Computer and Information Sciences,Scientific,Improving Prediction of Chronic Kidney Disease Using KNN Imputed SMOTE Features and TrioNet Model,CMES-COMPUTER MODELING IN ENGINEERING & SCIENCES
2024,March,WOS,College of Computer and Information Sciences,Scientific,Improved Hybrid Approach for Enhancing Protein Coding Regions Identification in DNA Sequences,CURRENT BIOINFORMATICS
2024,March,WOS,College of Computer and Information Sciences,Scientific,HAEPF: hybrid approach for estimating pitch frequency in the presence of reverberation,MULTIMEDIA TOOLS AND APPLICATIONS
2024,March,WOS,College of Computer and Information Sciences,Scientific,Enhancing speaker identification through reverberation modeling and cancelable techniques using ANNs,PLOS ONE
2024,March,WOS,College of Computer and Information Sciences,Scientific,Efficient cancelable authentication system based on DRPE and adaptive filter,MULTIMEDIA TOOLS AND APPLICATIONS
2024,March,WOS,College of Computer and Information Sciences,Scientific,Efficient and Secure IoT Based Smart Home Automation Using Multi-Model Learning and Blockchain Technology,CMES-COMPUTER MODELING IN ENGINEERING & SCIENCES
2024,March,WOS,College of Computer and Information Sciences,Scientific,EFFECTS OF POROUS MEDIUM IN MHD FLOW OF MAXWELL FLUID WITH SORET/DUFOUR IMPACTS,JOURNAL OF POROUS MEDIA
2024,March,WOS,College of Computer and Information Sciences,Scientific,Dual-Polarized Wideband 5G N77 Band Slotted MIMO Antenna System for Next-Generation Smartphones,IEEE ACCESS
2024,March,WOS,College of Computer and Information Sciences,Scientific,Cross-network service recommendation in smart cities,CONCURRENCY AND COMPUTATION-PRACTICE & EXPERIENCE
2024,March,WOS,College of Computer and Information Sciences,Scientific,"Convolutional neural network and ensemble machine learning model for optimizing performance of emotion recognition in wild (13 JAN, 10.1007/s11042-023-17744-1, 2024 )",MULTIMEDIA TOOLS AND APPLICATIONS
2024,March,WOS,College of Computer and Information Sciences,Scientific,Categorization of tweets for damages: infrastructure and human damage assessment using fine-tuned BERT model,PEERJ COMPUTER SCIENCE
2024,March,WOS,College of Computer and Information Sciences,Scientific,Brain tumor classification from MRI scans: a framework of hybrid deep learning model with Bayesian optimization and quantum theory-based marine predator algorithm,FRONTIERS IN ONCOLOGY
2024,March,WOS,College of Computer and Information Sciences,Scientific,Archimedes Optimization Algorithm With Deep Learning Assisted Content-Based Image Retrieval in Healthcare Sector,IEEE ACCESS
2024,March,WOS,College of Computer and Information Sciences,Scientific,A survey of anomaly detection techniques,JOURNAL OF OPTICS-INDIA
2024,March,WOS,College of Computer and Information Sciences,Scientific,"A novel voting classifier for electric vehicles population at different locations using Al-Biruni earth radius optimization algorithm (vol 11, 1221032, 2023)",FRONTIERS IN ENERGY RESEARCH
2024,March,WOS,College of Computer and Information Sciences,Scientific,A Novel Deep Learning Architecture for Agriculture Land Cover and Land Use Classification from Remote Sensing Images Based on Network-Level Fusion of Self-Attention Architecture,IEEE JOURNAL OF SELECTED TOPICS IN APPLIED EARTH OBSERVATIONS AND REMOTE SENSING
2024,March,Scopus,College of Computer and Information Sciences,Scientific,Efficient channel estimation in OWC systems using adaptive algorithms,Journal of Optics (India)
2024,March,Scopus,College of Computer and Information Sciences,Scientific,Bargaining based Design Mechanism for delay sensitive tasks of mobile crowdsensing in IoT,ICT Express
2024,March,Scopus,College of Computer and Information Sciences,Scientific,"Correction to: Convolution Neural Network Bidirectional Long Short-Term Memory for Heartbeat Arrhythmia Classification (International Journal of Computational Intelligence Systems, (2023), 16, 1, (197), 10.1007/s44196-023-00374-8)",International Journal of Computational Intelligence Systems
2024,March,Scopus,College of Computer and Information Sciences,Scientific,Blockchain based medical image encryption using Arnold’s cat map in a cloud environment,Scientific Reports
2024,March,Scopus,College of Computer and Information Sciences,Scientific,Group Teaching Optimization with Deep Learning-Driven Osteosarcoma Detection Using Histopathological Images,IEEE Access
2024,March,Scopus,College of Computer and Information Sciences,Scientific,Efficient implementation of image fusion and interpolation for brain tumor diagnosis,Journal of Optics (India)
2024,March,Scopus,College of Computer and Information Sciences,Scientific,Circuit realization and FPGA-based implementation of a fractional-order chaotic system for cancellable face recognition,Multimedia Tools and Applications
2024,March,Scopus,College of Computer and Information Sciences,Scientific,Convolutional sparse-coding-based 3DV image super-resolution framework,Journal of Optics (India)
2024,March,Scopus,College of Computer and Information Sciences,Scientific,Identification of self-care problem in children using machine learning,Heliyon
2024,March,Scopus,College of Computer and Information Sciences,Scientific,BrainNet: a fusion assisted novel optimal framework of residual blocks and stacked autoencoders for multimodal brain tumor classification,Scientific Reports
2024,March,Scopus,College of Computer and Information Sciences,Scientific,Efficient Object Segmentation and Recognition Using Multi-Layer Perceptron Networks,"Computers, Materials and Continua"
2024,March,Scopus,College of Computer and Information Sciences,Scientific,Efficient resource allocation and user association in NOMA-enabled vehicular-aided HetNets with high altitude platforms,Computer Communications
2024,March,Scopus,College of Computer and Information Sciences,Scientific,Reduction of NIFTI files storage and compression to facilitate telemedicine services based on quantization hiding of downsampling approach,Scientific Reports
2024,March,Scopus,College of Computer and Information Sciences,Scientific,Enhanced multimodal biometric recognition systems based on deep learning and traditional methods in smart environments,PLoS ONE
2024,March,Scopus,College of Computer and Information Sciences,Scientific,Video quality enhancement using dual-transmission-map dehazing,Multimedia Tools and Applications
2024,March,Scopus,College of Computer and Information Sciences,Scientific,Utilization of adaptive techniques for channel estimation and intrusion detection in OWC systems,Journal of Optics (India)
2024,March,Scopus,College of Computer and Information Sciences,Scientific,SMoSE: Artificial Intelligence-Based Smart City Framework Using Multi-Objective and IoT Approach for Consumer Electronics Application,IEEE Transactions on Consumer Electronics
2024,March,Scopus,College of Computer and Information Sciences,Scientific,Smart Healthcare Activity Recognition Using Statistical Regression and Intelligent Learning,"Computers, Materials and Continua"
2024,March,Scopus,College of Computer and Information Sciences,Scientific,Single image super-resolution approaches in medical images based-deep learning: a survey,Multimedia Tools and Applications
2024,March,Scopus,College of Computer and Information Sciences,Scientific,SHC: 8-bit Compact and Efficient S-box Structure for Lightweight Cryptography,IEEE Access
2024,March,Scopus,College of Computer and Information Sciences,Scientific,Secure and resilient improved image steganography using hybrid fuzzy neural network with fuzzy logic,Journal of Safety Science and Resilience
2024,March,Scopus,College of Computer and Information Sciences,Scientific,Robust human locomotion and localization activity recognition over multisensory,Frontiers in Physiology
2024,March,Scopus,College of Computer and Information Sciences,Scientific,"RETRACTED: Bidirectional Neural Network Model for Glaucoma Progression Prediction (Journal of Personalized Medicine, (2023), 13, 3, (390), 10.3390/jpm13030390)",Journal of Personalized Medicine
2024,March,Scopus,College of Computer and Information Sciences,Scientific,"RETRACTED: A Novel Deep Learning CNN for Heart Valve Disease Classification Using Valve Sound Detection (Electronics, (2023), 12, 4, (846), 10.3390/electronics12040846)",Electronics (Switzerland)
2024,March,Scopus,College of Computer and Information Sciences,Scientific,Proposed 3D chaos-based medical image cryptosystem for secure cloud-IoMT eHealth communication services,Journal of Ambient Intelligence and Humanized Computing
2024,March,Scopus,College of Computer and Information Sciences,Scientific,Optimizing cell selection for data services in mm-waves spectrum through enhanced extreme gradient boosting,Results in Engineering
2024,March,Scopus,College of Computer and Information Sciences,Scientific,Optimized flexible network architecture creation against 5G communication-based IoT using information-centric wireless computing,Wireless Networks
2024,March,Scopus,College of Computer and Information Sciences,Scientific,Optimal Deep Learning Empowered Malicious User Detection for Spectrum Sensing in Cognitive Radio Networks,IEEE Access
2024,March,Scopus,College of Computer and Information Sciences,Scientific,Assessment of various feature extraction methods for object discrimination in different scenarios,Journal of Optics (India)
2024,March,Scopus,College of Computer and Information Sciences,Scientific,Application of MACE filter with DRPE for cancelable biometric authentication,Journal of Optics (India)
2024,March,Scopus,College of Computer and Information Sciences,Scientific,"An overview of GAN-DeepFakes detection: proposal, improvement, and evaluation",Multimedia Tools and Applications
2024,March,Scopus,College of Computer and Information Sciences,Scientific,An improved skin lesion detection solution using multi-step preprocessing features and NASNet transfer learning model,Image and Vision Computing
2024,March,Scopus,College of Computer and Information Sciences,Scientific,An enhanced exponential distribution optimizer and its application for multi-level medical image thresholding problems,Alexandria Engineering Journal
2024,March,Scopus,College of Computer and Information Sciences,Scientific,An Efficient Task Scheduling for Cloud Computing Platforms Using Energy Management Algorithm: A Comparative Analysis of Workflow Execution Time,IEEE Access
2024,March,Scopus,College of Computer and Information Sciences,Scientific,A power prediction approach for a solar-powered aerial vehicle enhanced by stacked machine learning technique,Computers and Electrical Engineering
2024,March,Scopus,College of Computer and Information Sciences,Scientific,A Novel Transfer Learning Approach for Detection of Pomegranates Growth Stages,IEEE Access
2024,March,Scopus,College of Computer and Information Sciences,Scientific,A mobile Deep Sparse Wavelet autoencoder for Arabic acoustic unit modeling and recognition,Heliyon
2024,March,Scopus,College of Computer and Information Sciences,Scientific,A deep CNN-based acoustic model for the identification of lung diseases utilizing extracted MFCC features from respiratory sounds,Multimedia Tools and Applications
2024,March,Scopus,College of Computer and Information Sciences,Scientific,"Roles of Blockchain in the Metaverse: Concepts, Taxonomy, Recent Advances, Enabling Technologies and Open Research Issues",IEEE Access
2024,March,Scopus,College of Computer and Information Sciences,Scientific,Elevating Survivability in Next-Gen IoT-Fog-Cloud Networks: Scheduling Optimization With the Metaheuristic Mountain Gazelle Algorithm,IEEE Transactions on Consumer Electronics
2024,March,Scopus,College of Computer and Information Sciences,Scientific,Efficient Multi-Object Recognition using GMM Segmentation Feature Fusion Approach,IEEE Access
2024,March,Scopus,College of Computer and Information Sciences,Scientific,Effective Gait Abnormality Detection in Parkinson Patients for Multi-Sensors Surveillance System,IEEE Access
2024,March,WOS,King Abdullah bin Abdulaziz University Hospital,Health-related / Medical,High Flow Nasal Cannula for Weaning Nasal Continuous Positive Airway Pressure in Preterm Infants: A Systematic Review and Meta-Analysis,NEONATOLOGY
2024,March,WOS,King Abdullah bin Abdulaziz University Hospital,Health-related / Medical,Exploratory focused pharmacogenetic testing reveals novel markers associated with risperidone pharmacokinetics in Saudi children with autism,FRONTIERS IN PHARMACOLOGY
2024,April,WOS,College of Computer and Information Sciences,Scientific,Deep Learning-Based Classification of Melanoma and Non-Melanoma Skin Cancer,TRAITEMENT DU SIGNAL
2024,April,WOS,College of Computer and Information Sciences,Scientific,Development and evaluation of immersive VR laboratories of organic chemistry and physics for students education,PHYSICA SCRIPTA
2024,April,WOS,College of Computer and Information Sciences,Scientific,Efficient-gastro: optimized EfficientNet model for the detection of gastrointestinal disorders using transfer learning and wireless capsule endoscopy images,PEERJ COMPUTER SCIENCE
2024,April,WOS,College of Computer and Information Sciences,Scientific,Enhancement of the IEEE 802.11 Medium Access Control Protocol with the Channel Usage Based Backoff Algorithm for Wireless Ad Hoc Networks,HUMAN-CENTRIC COMPUTING AND INFORMATION SCIENCES
2024,April,WOS,College of Computer and Information Sciences,Scientific,Enhancing Blockchain Consensus With FPGA: Accelerating Implementation for Efficiency,IEEE ACCESS
2024,April,WOS,College of Computer and Information Sciences,Scientific,Enhancing software defect prediction: a framework with improved feature selection and ensemble machine learning,PEERJ COMPUTER SCIENCE
2024,April,WOS,College of Computer and Information Sciences,Scientific,Forecasting Production of Potato for a Sustainable Future: Global Market Analysis,POTATO RESEARCH
2024,April,WOS,College of Computer and Information Sciences,Scientific,Hybrid optimization algorithm for enhanced performance and security of counter-flow shell and tube heat exchangers,PLOS ONE
2024,April,WOS,College of Computer and Information Sciences,Scientific,Machine learning-powered lead-free piezoelectric nanoparticle-based deep brain stimulation: A paradigm shift in Parkinson's disease diagnosis and evaluation,AIP ADVANCES
2024,April,WOS,College of Computer and Information Sciences,Scientific,Malaria parasitic detection using a new Deep Boosted and Ensemble Learning framework,COMPLEX & INTELLIGENT SYSTEMS
2024,April,WOS,College of Computer and Information Sciences,Scientific,Multi-Objective ED2MT Strategy-based Clustering Algorithm for Large Scale WSN,IETE JOURNAL OF RESEARCH
2024,April,WOS,College of Computer and Information Sciences,Scientific,Optimizing bandwidth utilization and traffic control in ISP networks for enhanced smart agriculture,PLOS ONE
2024,April,WOS,College of Computer and Information Sciences,Scientific,Performance of the Walrus Optimizer for solving an economic load dispatch problem,AIMS MATHEMATICS
2024,April,WOS,College of Computer and Information Sciences,Scientific,Physical-layer security enhancement in wireless sensor networks through artificial noise optimization,SECURITY AND PRIVACY
2024,April,WOS,College of Computer and Information Sciences,Scientific,Point biserial correlation symbiotic organism search nanoengineering based drug delivery for tumor diagnosis,SCIENTIFIC REPORTS
2024,April,WOS,College of Computer and Information Sciences,Scientific,Scalable EdgeIoT Blockchain Framework Using EOSIO,IEEE ACCESS
2024,April,WOS,College of Computer and Information Sciences,Scientific,"Secure Communication in UAV-RIS-Empowered Multiuser Networks: Joint Beamforming, Phase Shift, and UAV Trajectory Optimization",IEEE SYSTEMS JOURNAL
2024,April,SCOPUS,College of Computer and Information Sciences,Scientific,A Cloud-Connected Digital System for Type-1 Diabetes Prediction using Time Series LSTM Model,Measurement Science Review
2024,April,SCOPUS,College of Computer and Information Sciences,Scientific,"A Comprehensive survey for privacy-preserving biometrics: Recent approaches, challenges, and future directions","Computers, Materials and Continua"
2024,April,SCOPUS,College of Computer and Information Sciences,Scientific,A Hybrid and Lightweight Device-to-Server Authentication Technique for the Internet of Things,"Computers, Materials and Continua"
2024,April,SCOPUS,College of Computer and Information Sciences,Scientific,A Lightweight Multi-Chaos-based Image Encryption Scheme for IoT Networks,IEEE Access
2024,April,SCOPUS,College of Computer and Information Sciences,Scientific,A new control scheme for temperature adjustment of electric furnaces using a novel modified electric eel foraging optimizer,AIMS Mathematics
2024,April,SCOPUS,College of Computer and Information Sciences,Scientific,A novel deep dual self-attention and Bi-LSTM fusion framework for Parkinson’s disease prediction using freezing of gait: a biometric application,Multimedia Tools and Applications
2024,April,SCOPUS,College of Computer and Information Sciences,Scientific,Adaptation of Federated Explainable Artificial Intelligence for Efficient and Secure E-Healthcare Systems,"Computers, Materials and Continua"
2024,April,SCOPUS,College of Computer and Information Sciences,Scientific,An Automated Approach for Predicting Road Traffic Accident Severity Using Transformer Learning and Explainable AI Technique,IEEE Access
2024,April,SCOPUS,College of Computer and Information Sciences,Scientific,An Improved Concatenation of Deep Learning Models for Predicting and Interpreting Ischemic Stroke,IEEE Access
2024,April,SCOPUS,College of Computer and Information Sciences,Scientific,Deep learning-based photoplethysmography biometric authentication for continuous user verification,Applied Soft Computing
2024,April,SCOPUS,College of Computer and Information Sciences,Scientific,Deep transfer learning technique to detect white blood cell classification in regular clinical practice using histopathological images,Multimedia Tools and Applications
2024,April,SCOPUS,College of Computer and Information Sciences,Scientific,Design of Hybrid Snake Optimizer based Route Selection Approach for Unmanned Aerial Vehicles Communication,IEEE Access
2024,April,SCOPUS,College of Computer and Information Sciences,Scientific,Product Helpfulness Detection With Novel Transformer Based BERT Embedding and Class Probability Features,IEEE Access
2024,April,SCOPUS,College of Computer and Information Sciences,Scientific,RoBERTaNET: Enhanced RoBERTa Transformer Based Model for Cyberbullying Detection with GloVe Features,IEEE Access
2024,April,SCOPUS,College of Computer and Information Sciences,Scientific,Text recuperated using ontology with stable marriage optimization technique and text visualization using AR,Multimedia Tools and Applications
2024,April,SCOPUS,College of Computer and Information Sciences,Scientific,Textual emotion analysis using improved metaheuristics with deep learning model for intelligent systems,Transactions on Emerging Telecommunications Technologies
2024,April,SCOPUS,College of Computer and Information Sciences,Scientific,Toward Efficient Fire Detection in IoT Environment: A Modified Attention Network and Large-Scale Data Set,IEEE Internet of Things Journal
2024,April,SCOPUS,College of Computer and Information Sciences,Scientific,Virtual reality in experiential pharmacy education: A quasi-experimental study,Saudi Pharmaceutical Journal
2024,April,SCOPUS,College of Computer and Information Sciences,Scientific,WSN-Assisted Consumer Purchasing Power Prediction via Barracuda Swarm Optimization-Driven Deep Learning for E-Commerce Systems,IEEE Transactions on Consumer Electronics
2024,April,SCOPUS,College of Computer and Information Sciences,Scientific,Deep transfer learning with gravitational search algorithm for enhanced plant disease classification,Heliyon
2024,April,SCOPUS,College of Computer and Information Sciences,Scientific,Developing a multivariate time series forecasting framework based on stacked autoencoders and multi-phase feature,Heliyon
2024,April,SCOPUS,College of Computer and Information Sciences,Scientific,Developing and optimizing a new cogeneration cycle to produce hydrogen from seawater,Process Safety and Environmental Protection
2024,April,SCOPUS,College of Computer and Information Sciences,Scientific,DONAPP: A Centralized Platform for Bridging the Gap between Donors and Recipients,Open Nursing Journal
2024,April,SCOPUS,College of Computer and Information Sciences,Scientific,Dual Attention Convolutional AutoEncoder for Diagnosis of Alzheimer&#x2019;s Disorder in Patients using Neuroimaging and MRI Features,IEEE Access
2024,April,SCOPUS,College of Computer and Information Sciences,Scientific,Empowering Crop Selection with Ensemble Learning and K-means Clustering: A Modern Agricultural Perspective,Open Agriculture Journal
2024,April,SCOPUS,College of Computer and Information Sciences,Scientific,Enhanced Dwarf Mongoose optimization algorithm with deep learning-based attack detection for drones,Alexandria Engineering Journal
2024,April,SCOPUS,College of Computer and Information Sciences,Scientific,Extraction of PEM fuel cell parameters using Walrus Optimizer,AIMS Mathematics
2024,April,SCOPUS,College of Computer and Information Sciences,Scientific,Farmland fertility algorithm based resource scheduling for makespan optimization in cloud computing environment,Ain Shams Engineering Journal
2024,April,SCOPUS,College of Computer and Information Sciences,Scientific,Fuzzy Controller Designed Based Multilevel Inverter for Power Quality Enhancement,IEEE Transactions on Consumer Electronics
2024,April,SCOPUS,College of Computer and Information Sciences,Scientific,Highly secured authentication and fast handover scheme for mobility management in 5G vehicular networks,Computers and Electrical Engineering
2024,April,SCOPUS,College of Computer and Information Sciences,Scientific,Performance of rime-ice algorithm for estimating the PEM fuel cell parameters,Energy Reports
2024,April,SCOPUS,College of Computer and Information Sciences,Scientific,Road Traffic Monitoring from Aerial Images Using Template Matching and Invariant Features,"Computers, Materials and Continua"
2024,April,SCOPUS,College of Computer and Information Sciences,Scientific,Split ring resonator geometry inspired crossed flower shaped fractal antenna for satellite and 5G communication applications,Results in Engineering
2024,April,SCOPUS,College of Computer and Information Sciences,Scientific,Student academic success prediction in multimedia-supported virtual learning system using ensemble learning approach,Multimedia Tools and Applications
2024,April,SCOPUS,College of Computer and Information Sciences,Scientific,DEEPSCAN: Integrating Vision Transformers for Advanced Skin Lesion Diagnostics,Open Dermatology Journal
2024,April,SCOPUS,College of Computer and Information Sciences,Scientific,Improving thyroid disorder diagnosis via ensemble stacking and bidirectional feature selection,"Computers, Materials and Continua"
2024,April,SCOPUS,College of Computer and Information Sciences,Scientific,Intelligent Plant Leaf Disease Detection Using Generative Adversarial Networks: a Case-study of Cassava Leaves,Open Agriculture Journal
2024,April,SCOPUS,College of Computer and Information Sciences,Scientific,"Optimizing User Association, Power Control and Beamforming for 6G Multi-IRS Multi-UAV NOMA Communications in Smart Cities",IEEE Transactions on Consumer Electronics
2024,May,WOS,College of Business Administration,Scientific,Integrated approach of federated learning with transfer learning for classification and diagnosis of brain tumor,BMC MEDICAL IMAGING
2024,May,WOS,College of Business Administration,Scientific,"Non-linear nexus of mineral rents, coal rents, foreign direct investment, and environmental sustainability: Importance of institutional quality in E-7 nations",NATURAL RESOURCES FORUM
2024,May,WOS,College of Business Administration,Scientific,Sustainability and low-carbon transition toward US oil and gas companies' efficiencies,ENVIRONMENT DEVELOPMENT AND SUSTAINABILITY
2024,May,WOS,College of Education and Human Development,Humanitarian ,"Sprouted wheat flour for improving physical, chemical, rheological, microbial load, and quality properties of fino bread",OPEN CHEMISTRY
2024,May,WOS,College of Nursing,Health-related / Medical,Effect of acceptance and commitment therapy-based interventions on mental health and cognitive impairment for patients with advanced colorectal cancer,PUBLIC HEALTH NURSING
2024,May,WOS,College of Health and Rehabilitation Sciences,Health-related / Medical,Psychophysiological Adaptations to Exercise Training in COVID-19 Patients: A Systematic Review,BIOMED RESEARCH INTERNATIONAL
2024,May,WOS,College of pharmacy,Health-related / Medical,Assessing the gas sensing capability of undoped and doped aluminum nitride nanotubes,JOURNAL OF MOLECULAR MODELING
2024,May,WOS,College of pharmacy,Health-related / Medical,Ketamine-based Sedation Use in Mechanically Ventilated Critically Ill Patients with COVID-19: A Multicenter Cohort Study,Saudi Pharmaceutical Journal
2024,May,WOS,College of pharmacy,Health-related / Medical,"Knowledge of cervical cancer, human papillomavirus (HPV), and acceptance of the HPV vaccine among parents of daughters in Riyadh, Saudi Arabia",Journal of Infection and Public Health
2024,May,WOS,College of pharmacy,Health-related / Medical,"Prevalence, factors associated and management of needle phobia among the general population in Saudi Arabia and Egypt",BMC PSYCHIATRY
2024,May,WOS,College of pharmacy,Health-related / Medical,"Synthesis and antiproliferative evaluation of novel 3,5,8-trisubstituted coumarins against breast cancer",FUTURE MEDICINAL CHEMISTRY
2024,May,WOS,College of pharmacy,Health-related / Medical,"The prevalence of cardiovascular diseases, chronic kidney disease, and obesity in patients with type 2 diabetes mellitus and the description of concurrent treatments: A two-center retrospective cross-sectional study in Saudi Arabia",Saudi Pharmaceutical Journal
2024,May,WOS,College of Medicine,Health-related / Medical,"Exploring the link between pyrethroids exposure and dopaminergic degeneration through morphometric, immunofluorescence, and in-silico approaches: the therapeutic role of chitosan-encapsulated curcumin nanoparticles",FRONTIERS IN PHARMACOLOGY
2024,May,WOS,College of Medicine,Health-related / Medical,"Knowledge, attitude, and perception of robotic-assisted surgery among the general population in Saudi Arabia: a cross-sectional study",JOURNAL OF ROBOTIC SURGERY
2024,May,WOS,College of Science,Scientific,"A comprehensive DFT insight on physical features regarding potential applicability of double perovskites K2YCuZ6 (Z = Cl, Br) for energy harvesting applications",Chemical Physics Letters
2024,May,WOS,College of Science,Scientific,Ameliorating carbon capture efficiency of polysulfone membranes via collegial incorporation of zeolite imidazole frameworks and carbon nanotubes,JOURNAL OF APPLIED POLYMER SCIENCE
2024,May,WOS,College of Science,Scientific,"An assessment of microstructure, dentinal tubule occlusion and X-ray attenuation properties of Nd:YAG laser-enhanced titanium-doped phosphate glass and nano-hydroxyapatite pastes",Applied Physics A: Materials Science and Processing
2024,May,WOS,College of Science,Scientific,An in-depth investigation of nonlinear optical properties of self-assembled borophene doped with P7Ba2NO3: a computational simulating study,Physica Scripta
2024,May,WOS,College of Science,Scientific,Analytical insights into the behavior of finite amplitude waves in plasma fluid dynamics,MODERN PHYSICS LETTERS B
2024,May,WOS,College of Science,Scientific,Antifungal and antibacterial investigation of quinary Zr Al Fe Co Ni layered double hydroxide and its Al Fe Co Ni quaternary and Fe Co Ni tertiary roots,RSC ADVANCES
2024,May,WOS,College of Science,Scientific,Carbon capturing composite membranes comprising Cu-MOF and PIM-1,JOURNAL OF APPLIED POLYMER SCIENCE
2024,May,WOS,College of Science,Scientific,Cloning of CAT genes in Satsuma mandarin and their expression characteristics in response to environmental stress and arbuscular mycorrhizal fungi,PLANT CELL REPORTS
2024,May,WOS,College of Science,Scientific,Comprehensive analysis of La2O3-Infused GeO2-Bi2O3–ZnO–Na2O glasses for radiation resistance,Optical Materials
2024,May,WOS,College of Science,Scientific,"Dielectric, ferroelectric, optical and photocatalytic properties of Al and Ag-doped strontium hexaferrite (SrF e 12 O 19 ) synthesized via facile micro-emulsion approach",JOURNAL OF ALLOYS AND COMPOUNDS
2024,May,WOS,College of Science,Scientific,Dietary supplementation with Dunaliella salina microalga promotes quail growth by altering lipid profile and immunity,POULTRY SCIENCE
2024,May,WOS,College of Science,Scientific,Dynamic Behavior and Bifurcation Analysis of a Modified Reduced Lorenz Model,MATHEMATICS
2024,May,WOS,College of Science,Scientific,"Effect of electrolyte optimization on nitrogen-doped MXene (Ti3C2Tx) coupled with Cu-BTC MOF for a supercapattery and the hydrogen evolution reaction (vol 48, pg 6277, 2024)",NEW JOURNAL OF CHEMISTRY
2024,May,WOS,College of Science,Scientific,Effect of silver nanoparticles size on the ultrafast optical nonlinear and optical limiting properties of Nd3+ doped antimony borate glasses,Infrared Physics and Technology
2024,May,WOS,College of Science,Scientific,Eltroxin and Hesperidin mitigate testicular and renal damage in hypothyroid rats: amelioration of oxidative stress through PPARγ and Nrf2/HO-1 signaling pathway,LABORATORY ANIMAL RESEARCH
2024,May,WOS,College of Science,Scientific,Elucidation of trap energies of Gamma-irradiated BaMgAl10O17: Ce3+ phosphors for dosimetry applications,INDIAN JOURNAL OF PHYSICS
2024,May,WOS,College of Science,Scientific,Enhanced efficiency of mono-crystalline Si solar cells utilizing RF sputtered TiO2 -Al2O3 blended anti-reflection coating for optimal sunlight transmission and energy conversion,CERAMICS INTERNATIONAL
2024,May,WOS,College of Science,Scientific,Enhancing fall prediction in the elderly people using LBP features and transfer learning model,Image and Vision Computing
2024,May,WOS,College of Science,Scientific,Enhancing the Conductivity and Dielectric Characteristics of Bismuth Oxyiodide via Activated Carbon Doping,MOLECULES
2024,May,WOS,College of Science,Scientific,Explorating the solition solutions of fractional Chen-Lee-Liu equation with birefringent fibers arising in optics and their sensitive analysis,OPTICAL AND QUANTUM ELECTRONICS
2024,May,WOS,College of Science,Scientific,Fabrication of MnAl2O4/g-CN nanohybrid as an advantageous electrode for supercapacitor applications,CERAMICS INTERNATIONAL
2024,May,WOS,College of Science,Scientific,"First-principles Investigations of Structural, Thermodynamic, Optoelectronic and Thermoelectric Properties of Rb2CuMF6 (M = As3+, Bi3+) Eco-friendly Halide Double Perovskites: Materials for Green Energy Applications",JOURNAL OF INORGANIC AND ORGANOMETALLIC POLYMERS AND MATERIALS
2024,May,WOS,College of Science,Scientific,Forced convective tangent hyperbolic nanofluid flow subject to heat source/sink and Lorentz force over a permeable wedge: Numerical exploration,NANOTECHNOLOGY REVIEWS
2024,May,WOS,College of Science,Scientific,Grepafloxacin degradation and mineralization in water by Electro-Fenton process,International Journal of Electrochemical Science
2024,May,WOS,College of Science,Scientific,"Histology, histochemistry and fine structure of the lacrimal gland in the one-humped camel (Camelus dromedarius)",ANATOMIA HISTOLOGIA EMBRYOLOGIA
2024,May,WOS,College of Science,Scientific,Hydrothermal fabrication of highly effective g-C 3 N 4 /NiIn 2 S 4 composite as supercapacitor electrode material,CERAMICS INTERNATIONAL
2024,May,WOS,College of Science,Scientific,Hydrothermal formation of novel SrCeO3/RGO nanocomposite as supercapacitor electrode material,JOURNAL OF SOL-GEL SCIENCE AND TECHNOLOGY
2024,May,WOS,College of Science,Scientific,"Improved nonparametric survival prediction using CoxPH, Random Survival Forest & DeepHit Neural Network",BMC MEDICAL INFORMATICS AND DECISION MAKING
2024,May,WOS,College of Science,Scientific,In-depth exploration of the radiation exposure to staff performing endoscopic retrograde cholangiopancreatography procedures (ERCP) through RANDO phantom and TLDs,JAPANESE JOURNAL OF RADIOLOGY
2024,May,WOS,College of Science,Scientific,Integration of Co-catalyst based WO3/gCN binary composite in the rGO matrix to investigate its photocatalytic properties,Materials Chemistry and Physics
2024,May,WOS,College of Science,Scientific,"Interactions of Co(II)- and Zn(II)porphyrin of 5,10,15,20-tetrakis(1-methyl-4-pyridinio)porphyrin with DNA in Aqueous Solution and Their Antimicrobial Activities",ACS OMEGA
2024,May,WOS,College of Science,Scientific,Investigating ion irradiation effects for modifying optical properties of CA/PANI films,SURFACE INNOVATIONS
2024,May,WOS,College of Science,Scientific,"Investigating the potential of carbon nitride as a new sensing material for NOx (N2O, N2O3, N2O4, and N2O5): a DFT study",PHYSICA SCRIPTA
2024,May,WOS,College of Science,Scientific,Investigation of melting heat effect on fluid flow with brownian motion/thermophoresis effects in the occurrence of energy on a stretching sheet,Alexandria Engineering Journal
2024,May,WOS,College of Science,Scientific,Investigation of thermal radiations impacts with double diffusive convection for Prandtl nanofluid with slip in an asymmetric ciliated channel,Case Studies in Thermal Engineering
2024,May,WOS,College of Science,Scientific,Isolation and biochemical characterization of novel acid phosphatase and zinc-dependent acid phosphatase from the chicken's brain,International Journal of Biological Macromolecules
2024,May,WOS,College of Science,Scientific,Modern innovations in the provision and efficient application of 2D inorganic nanoscale materials,REVIEWS IN INORGANIC CHEMISTRY
2024,May,WOS,College of Science,Scientific,Morphometric and histopathological evaluation of modified Elnady's plastinated tissue compared to non-plastinated tissue: Highlighting its relevance for teaching and research,ANATOMIA HISTOLOGIA EMBRYOLOGIA
2024,May,WOS,College of Science,Scientific,Multiple scales method for analyzing a forced damped rotational pendulum oscillator with gallows,COMMUNICATIONS IN THEORETICAL PHYSICS
2024,May,WOS,College of Science,Scientific,Multiplicity dependence of the freezeout parameters in high energy hadron-hadron collisions,CHINESE PHYSICS C
2024,May,WOS,College of Science,Scientific,Nanoparticles Enhanced Ligninolytic Enzymes Activity of Rotten Wood Fungus Phanerochaete chrysosporium,BIORESOURCES
2024,May,WOS,College of Science,Scientific,"NiO/MnFe2O4 Nanocomposite Photoluminescence, Structural, Morphological, Magnetic, and Optical Properties: Photocatalytic Removal of Cresol Red under Visible Light Irradiation",ACS OMEGA
2024,May,WOS,College of Science,Scientific,Novel methods under stratified random,ALEXANDRIA ENGINEERING JOURNAL
2024,May,WOS,College of Science,Scientific,Passively Q-switched Er-doped fiber laser based on carbon-doped silver nanoparticles saturable absorber prepared using laser ablation method,LASER PHYSICS
2024,May,WOS,College of Science,Scientific,Preparation of cellulose nanowhiskers-reinforced polyurethane: Photoresponsive plastic with ultraviolet protection and superhydrophobic properties,JOURNAL OF APPLIED POLYMER SCIENCE
2024,May,WOS,College of Science,Scientific,Rapid and sensitive in situ detection of heavy metals in fish using enhanced Raman spectroscopy,SPECTROCHIMICA ACTA PART A-MOLECULAR AND BIOMOLECULAR SPECTROSCOPY
2024,May,WOS,College of Science,Scientific,Reduction mechanism and energy transfer between Eu3+ and Eu2+ in Eu-doped materials synthesized in air atmosphere,REVIEWS IN INORGANIC CHEMISTRY
2024,May,WOS,College of Science,Scientific,Relation-Theoretic Nonlinear Almost Contractions with an Application to Boundary Value Problems,MATHEMATICS
2024,May,WOS,College of Science,Scientific,"SERS analysis, DFT, and solution effects regarding the structural and optical characteristics of folic acid biomolecule adsorbed on a Cu3 metal cluster",Spectrochimica Acta - Part A: Molecular and Biomolecular Spectroscopy
2024,May,WOS,College of Science,Scientific,Soft-templating synthesis of hierarchical mordenite as high-performance catalyst for cyclic acetals production via acetylation of glycerol and benzaldehyde,Microporous and Mesoporous Materials
2024,May,WOS,College of Science,Scientific,"Some specific wormhole solutions in extended f(R, G, T) gravity",INTERNATIONAL JOURNAL OF MODERN PHYSICS D
2024,May,WOS,College of Science,Scientific,"Stable lead free double perovskites Cs2XAu(Br/I)6 (X = Y, Sc) as an emerging aspirant for solar cells and thermoelectric applications",Materials Chemistry and Physics
2024,May,WOS,College of Science,Scientific,"Sulfanilamide and 2-hydroxy acetophenone driven Schiff base metal complex synthesizing, identification, and promising bioactivity",APPLIED ORGANOMETALLIC CHEMISTRY
2024,May,WOS,College of Science,Scientific,Sunlight-Driven Photocatalytic Degradation of Methylene Violet (MV) by Employing Samarium-Doped Tungsten Disulfide,"Water, Air, and Soil Pollution"
2024,May,WOS,College of Science,Scientific,Synergistic Potential of Zidovudine Drug Encapsulating in g-C3N4 Nanosheet: A Quantum Mechanical Investigation for Enhanced HIV/AIDS Therapy,BIONANOSCIENCE
2024,May,WOS,College of Science,Scientific,The incorporation of sumac seed powder (Rhus coriaria L.) into the diet of quail breeders as a novel feed additive,Poultry Science
2024,May,WOS,College of Science,Scientific,Transition metal-based chalcogenides as electrocatalysts for overall water splitting in hydrogen energy production,International Journal of Hydrogen Energy
2024,May,WOS,College Of Languages,Humanitarian ,Translation competence between industry and academia in Saudi Arabia: job descriptions vs students' perceptions,INTERPRETER AND TRANSLATOR TRAINER
2024,May,WOS,College of Engineering,Scientific,Nanofluid cooling of a hot rotating circular cylinder employing cross-flow channel cooling on the upper part and multi-jet impingement cooling on the lower part,AIP ADVANCES
2024,May,WOS,College of Engineering,Scientific,Radiative nanofluid flow over a slender stretching Riga plate under the impact of exponential heat source/sink,OPEN PHYSICS
2024,May,WOS,College of Dentistry,Health-related / Medical,Perceptions and utilization of tele-orthodontics: a survey of the members of the American Association of Orthodontists,PROGRESS IN ORTHODONTICS
2024,May,WOS,College of Computer and Information Sciences,Scientific,An adversarial environment reinforcement learning-driven intrusion detection algorithm for Internet of Things,EURASIP JOURNAL ON WIRELESS COMMUNICATIONS AND NETWORKING
2024,May,WOS,College of Computer and Information Sciences,Scientific,Development and evaluation of immersive VR laboratories of organic chemistry and physics for students education,PHYSICA SCRIPTA
2024,May,WOS,College of Computer and Information Sciences,Scientific,"Freezing temperature treatments against almond moth, Ephestia cautella (Walker), infestation of date fruits",JOURNAL OF PLANT DISEASES AND PROTECTION
2024,May,WOS,College of Computer and Information Sciences,Scientific,Global Potato Production Forecasting Based on Time Series Analysis and Advanced Waterwheel Plant Optimization Algorithm,POTATO RESEARCH
2024,May,WOS,College of Computer and Information Sciences,Scientific,Harbor seal whiskers optimization algorithm with deep learning-based medical imaging analysis for gastrointestinal cancer detection,HEALTH INFORMATION SCIENCE AND SYSTEMS
2024,May,WOS,College of Computer and Information Sciences,Scientific,Improving Channel Estimation in a NOMA Modulation Environment Based on Ensemble Learning,CMES-COMPUTER MODELING IN ENGINEERING & SCIENCES
2024,May,WOS,College of Computer and Information Sciences,Scientific,Medical diagnosis using interval type-2 fuzzy similarity measures,CLUSTER COMPUTING-THE JOURNAL OF NETWORKS SOFTWARE TOOLS AND APPLICATIONS
2024,May,WOS,College of Computer and Information Sciences,Scientific,Real-Time Navigation Roads: Lightweight and Efficient Convolutional Neural Network (LE-CNN) for Arabic Traffic Sign Recognition in Intelligent Transportation Systems (ITS),APPLIED SCIENCES-BASEL
2024,May,WOS,College of Computer and Information Sciences,Scientific,"Tri-objective optimization of electricity, fresh water, and hydrogen production in a biomass-driven trigeneration plant: Thermoeconomic and environmental evaluation",ENERGY
2024,May,WOS,College of Computer and Information Sciences,Scientific,TXAI-ADV: Trustworthy XAI for Defending AI Models against Adversarial Attacks in Realistic CIoT,ELECTRONICS
2024,May,SCOPUS,College of Business Administration,Scientific,Towards blockchain based federated learning in categorizing healthcare monitoring devices on artificial intelligence of medical things investigative framework,BMC Medical Imaging
2024,May,SCOPUS,College of Business Administration,Scientific,Refining neural network algorithms for accurate brain tumor classification in MRI imagery,BMC Medical Imaging
2024,May,SCOPUS,College of Nursing,Health-related / Medical,Emotional intelligence and self-esteem among Saudi Arabian and Indian nursing students: findings from two countries,BMC Nursing
2024,May,SCOPUS,King Abdullah bin Abdulaziz University Hospital\College of pharmacy,Health-related / Medical,"Prevalence of urinary tract infections in pregnant women and antimicrobial resistance patterns in women in Riyadh, Saudi Arabia: a retrospective study",BMC Infectious Diseases
2024,May,SCOPUS,King Abdullah bin Abdulaziz University Hospital\College of Dentistry,Health-related / Medical,"Quetiapine attenuates cadmium neurotoxicity by suppressing oxidative stress, inflammation, and pyroptosis",Molecular Biology Reports
2024,May,SCOPUS,King Abdullah bin Abdulaziz University Hospital\College of pharmacy,Scientific,Deformable registration of magnetic resonance images using unsupervised deep learning in neuro-/radiation oncology,Radiation Oncology 
2024,May,SCOPUS,King Abdullah bin Abdulaziz University Hospital\College of Medicine,Scientific,Analysis of Soret and Dufour effects on radiative heat transfer in hybrid bioconvective flow of carbon nanotubes,Scientific Reports
2024,May,SCOPUS,King Abdullah bin Abdulaziz University Hospital\College of Health and Rehabilitation Sciences,Health-related / Medical,A systematic review on the associations between the built environment and adult’s physical activity in global tropical and subtropical climate regions,International Journal of Behavioral Nutrition and Physical Activity 
2024,May,SCOPUS,King Abdullah bin Abdulaziz University Hospital\College of pharmacy,Health-related / Medical,"Feasibility and acceptability of a cohort study baseline data collection of device-measured physical behaviors and cardiometabolic health in Saudi Arabia: expanding the Prospective Physical Activity, Sitting and Sleep consortium (ProPASS) in the Middle East",BMC Public Health
2024,June,Scopus,King Abdullah bin Abdulaziz University Hospital\College of Dentistry,Health-related / Medical,Enhancing Parkinson's Disease Diagnosis Through Stacking Ensemble-Based Machine Learning Approach,IEEE Access
2024,June,Scopus,College of Health and Rehabilitation Sciences,Health-related / Medical,The perception of genetic diseases and premarital screening tests in the central region of Saudi Arabia,BMC Public Health
2024,June,Scopus,College of Health and Rehabilitation Sciences,Health-related / Medical,Molecular Background of RhD‑positive and RhD‑negative Phenotypes in a Saudi Population,Saudi Journal of Medicine and Medical Sciences
2024,June,Scopus,College of Health and Rehabilitation Sciences,Health-related / Medical,"Strengthening growth, digestion, body composition, haemato-biochemical indices, gene expression, and resistance to Fusarium oxysporum infection and histological structure in Oreochromis niloticus by using fructooligosaccharides and β-1,3 glucan mixture",Aquaculture International
2024,June,Scopus,College of Health and Rehabilitation Sciences,Health-related / Medical,Effect of adding systematic desensitization to goal-directed paradigm on risk of falling in patients with stroke: a randomized controlled trial,Frontiers in Neurology 
2024,June,Scopus,College of Health and Rehabilitation Sciences,Health-related / Medical,Impact of the COVID-19 pandemic on employment and inequalities: a systematic review of international evidence and critical appraisal of statistical methods,Perspectives in Public Health
2024,June,Scopus,College of Health and Rehabilitation Sciences,Health-related / Medical,Interventions to promote mental health in the Occupied Palestinian Territories and Palestinian refugees: A scoping review,International Journal of Social Psychiatry
2024,June,Scopus,College of Health and Rehabilitation Sciences,Health-related / Medical,Enhancing the quality of life for physical therapists: insights from a cross-sectional study,Frontiers in Public Health
2024,June,Scopus,College of Health and Rehabilitation Sciences,Health-related / Medical,"Multifaceted associations between walking performance, physical fitness, extremity function, health status, and depression in individuals with COPD",Annals of Medicine
2024,June,Scopus,College of Health and Rehabilitation Sciences,Health-related / Medical,"Qualifications, Self-esteem, and Attitude of Health Practitioners toward Personality Disorders in Saudi Arabia",Open Psychology Journal
2024,June,Scopus,College of Health and Rehabilitation Sciences,Health-related / Medical,"Effects of combined aerobic and resistance training on glycemic control, blood pressure, inflammation, cardiorespiratory fitness and quality of life in patients with type 2 diabetes and overweight/obesity: a systematic review and meta-analysis",PeerJ
2024,June,Scopus,College of Health and Rehabilitation Sciences,Health-related / Medical,"Optimizing CT Abdomen–Pelvis Scan Radiation Dose: Examining the Role of Body Metrics (Waist Circumference, Hip Circumference, Abdominal Fat, and Body Mass Index) in Dose Efficiency",Tomography
2024,June,Scopus,College of Health and Rehabilitation Sciences,Health-related / Medical,Quantitative Analysis of99mTc-MDP SPECT-CT Data in Diagnosing Bone Metastases in Breast Cancer Patients,International Journal of Biomedicine
2024,June,Scopus,College of Health and Rehabilitation Sciences,Health-related / Medical,Physiotherapists Lack Knowledge in Mental Health: A Survey of Knowledge and Attitudes of Physical Therapists About Their Role in Mental Health,Journal of Multidisciplinary Healthcare
2024,June,Scopus,College of Health and Rehabilitation Sciences,Health-related / Medical,"Impact of chickpea hummus on postprandial blood glucose, insulin and gut hormones in healthy humans combined with mechanistic studies of food structure, rheology and digestion kinetics",Food Research International
2024,June,Scopus,College of Health and Rehabilitation Sciences,Health-related / Medical,Facilitators and barriers to learning faced by female students with disability in higher education,Heliyon
2024,June,Scopus,College of Health and Rehabilitation Sciences,Health-related / Medical,The Association Between Appetite and Quality of Life in Adults with Obesity or Severe Obesity Post-Sleeve Gastrectomy Procedure: A Cross-Sectional Study,"Diabetes, Metabolic Syndrome and Obesity"
2024,June,Scopus,College of Health and Rehabilitation Sciences,Health-related / Medical,Relationship between quadriceps muscle architecture and lower limb strength and physical function in older adults community-dwelling individuals: a cross-sectional study,Frontiers in Public Health
2024,June,Scopus,College of Health and Rehabilitation Sciences,Health-related / Medical,The impact of different imaging modalities in diagnosis and management of patient with dural arteriovenous fistula: A rare case report,Trauma Case Reports
2024,June,Scopus,College of Health and Rehabilitation Sciences,Health-related / Medical,Impact of Breathing Control Training Program on sonographic quantification of abdominal vasculature,Saudi medical journal
2024,June,Scopus,College of Health and Rehabilitation Sciences,Health-related / Medical,Thermoluminescence dosimetry and microstructural characteristics of gamma-irradiated natural flake graphite,Radiation Physics and Chemistry
2024,June,Scopus,College of Health and Rehabilitation Sciences,Health-related / Medical,"The Response of the Amputee Athlete Heart to Chronic Core Exercise: A Study on Hematological and Biochemical Parameters, and N-Terminal Pro Brain Natriuretic Peptide",Medicina (Lithuania)
2024,June,Scopus,College of Health and Rehabilitation Sciences,Health-related / Medical,Pes planus level affects counter movement jump performance A study on amateur male and female volleyball players,Medicine (United States)
2024,June,Scopus,College of Health and Rehabilitation Sciences,Health-related / Medical,Oxygen doped g-C3N4/LDH composite as highly efficient photocatalyst for wastewater treatment,Zeitschrift fur Physikalische Chemie
2024,June,Scopus,College of Health and Rehabilitation Sciences,Health-related / Medical,The efficacy of machine learning models in lung cancer risk prediction with explainability,PLoS ONE
2024,June,Scopus,College of Health and Rehabilitation Sciences,Health-related / Medical,"Effects of water additive mixed probiotics on water quality, growth performance, feed utilization, biochemical analyses and disease resistance against Aeromonas sobria of Nile tilapia",Desalination and Water Treatment
2024,June,Scopus,College of Health and Rehabilitation Sciences,Health-related / Medical,A scoping review of the benefits and challenges of mHealth for clinical decision-making in neuro-physiotherapy,European review for medical and pharmacological sciences
2024,June,Scopus,College of Health and Rehabilitation Sciences,Health-related / Medical,"A Systematic Review and Meta-analysis of Online Mindfulness-Based Interventions for University Students: An Examination of Psychological Distress and Well-being, and Attrition Rates",Journal of Technology in Behavioral Science
2024,June,Scopus,College of Health and Rehabilitation Sciences,Health-related / Medical,A Systematic Review to Evaluate the Barriers to Breast Cancer Screening in Women with Disability,Journal of Clinical Medicine
2024,June,Scopus,College of Health and Rehabilitation Sciences,Health-related / Medical,A triple kidney: Coexistence of normal left kidney and mal-rotated horseshoe anomaly: A rare case report,Radiology Case Reports
2024,June,Scopus,College of Health and Rehabilitation Sciences,Health-related / Medical,"Bariatric surgery for spontaneous ovulation in women living with polycystic ovary syndrome: the BAMBINI multicentre, open-label, randomised controlled trial",The Lancet
2024,June,Scopus,College of pharmacy,Health-related / Medical,"New insights into the potential cardioprotective effects of telmisartan and nanoformulated extract of Spirulina platensis via regulation of oxidative stress, apoptosis, and autophagy in an experimental model",Frontiers in Pharmacology
2024,June,Scopus,College of pharmacy,Health-related / Medical,Antibacterial potential of Euphorbia canariensis against Pseudomonas aeruginosa bacteria causing respiratory tract infections,"Artificial Cells, Nanomedicine and Biotechnology"
2024,June,Scopus,College of pharmacy,Health-related / Medical,Antibiofilm and antivirulence activity of selenium nanoparticles synthesized from cell-free extract of moderately halophilic bacteria,Microbial Pathogenesis
2024,June,Scopus,College of pharmacy,Health-related / Medical,Anticancer Evaluation of Acetylsalicylic Acid Loaded Black Seed Oil Nanoemulsion,Latin American Journal of Pharmacy
2024,June,Scopus,College of pharmacy,Health-related / Medical,Are Sleep Aids Associated with the Severity of Attention Deficit Hyperactivity Disorder Symptoms in Adults Screened for Insomnia? A Cross-Sectional Study,Journal of Clinical Medicine
2024,June,Scopus,College of pharmacy,Health-related / Medical,Awareness and attitude towards premenstrual syndrome among foundation year students at princess nourah university: Cross-sectional study,Journal of Advanced Pharmacy Education and Research
2024,June,Scopus,College of pharmacy,Health-related / Medical,BC cone-shaped anodes for lithium-ion batteries,Chemical Physics
2024,June,Scopus,College of pharmacy,Health-related / Medical,Chamuangone-enriched rice bran oil ameliorates neurodegeneration in haloperidol-induced Parkinsonian rat model via modulation of neuro-inflammatory mediators and suppression of oxidative stress markers,Italian Journal of Food Science
2024,June,Scopus,College of pharmacy,Health-related / Medical,Comprehensive structural and functional analysis of Patuletin as a potent inhibitor of SARS-CoV-2 targeting the RNA-dependent RNA polymerases,Journal of Molecular Structure
2024,June,Scopus,College of pharmacy,Health-related / Medical,"Correlation between depression scores and serum NF-ĸB/NLRP3 axis, biotinidase, and HMGB1 after treatment with isotretinoin in patients with acne vulgaris",Journal of Cosmetic Dermatology
2024,June,Scopus,College of pharmacy,Health-related / Medical,COVID-19 Vaccine Hesitancy: Umbrella Review of Systematic Reviews and Meta-Analysis,JMIR Public Health and Surveillance
2024,June,Scopus,College of pharmacy,Health-related / Medical,"Design, synthesis, in vitro, and in silico studies of new thiadiazol derivatives as promising VEGFR-2 inhibitors and apoptosis inducers",Journal of Molecular Structure
2024,June,Scopus,College of pharmacy,Health-related / Medical,Semi-synthesized anticancer theobromine derivatives targeting VEGFR-2: in silico and in vitro evaluations,Journal of Biomolecular Structure and Dynamics
2024,June,Scopus,College of pharmacy,Health-related / Medical,"Supplementation of Saussurea costus root alleviates sodium nitrite-induced hepatorenal toxicity by modulating metabolic profile, inflammation, and apoptosis",Frontiers in Pharmacology
2024,June,Scopus,College of pharmacy,Health-related / Medical,"Synthesis and Biological Evaluation of 5,6-Dimethylthieno[2,3-d]Pyrimidin-4(3H)-One Derivatives as Selective Cyclooxygenase 2 Inhibitors",Indian Journal of Pharmaceutical Education and Research
2024,June,Scopus,College of pharmacy,Health-related / Medical,Tailoring of Bilosomal Nanogel for Augmenting the Off-Label Use of Sildenafil Citrate in Pediatric Pulmonary Hypertension,ACS Omega
2024,June,Scopus,College of pharmacy,Health-related / Medical,The Predictors and Risk Factors of 2-Year Rejection in Renal Transplant Patients: A Multicenter Case-Control Study,American Journal of Nephrology
2024,June,Scopus,College of pharmacy,Health-related / Medical,Theoretical investigations on modeling blood flow through vessel for understanding effectiveness of magnetic nanocarrier drug delivery systems,Frontiers in Medicine
2024,June,Scopus,College of pharmacy,Health-related / Medical,Eco-friendly green synthesis of silver nanoparticles utilizing olive oil waste by-product and their incorporation into a chitosan-aloe vera gel composite for enhanced wound healing in acid burn injuries,Inorganic Chemistry Communications
2024,June,Scopus,College of pharmacy,Health-related / Medical,"Drug design of new anti-EBOV inhibitors: QSAR, homology modeling, molecular docking and molecular dynamics studies",Arabian Journal of Chemistry
2024,June,Scopus,College of pharmacy,Health-related / Medical,Effect of a high dose atorvastatin as added-on therapy on symptoms and serum AMPK/NLRP3 inflammasome and IL-6/STAT3 axes in patients with major depressive disorder: randomized controlled clinical study,Frontiers in Pharmacology
2024,June,Scopus,College of pharmacy,Health-related / Medical,Pinocembrin's protective effect against acute pancreatitis in a rat model: The correlation between TLR4/NF-κB/NLRP3 and miR-34a-5p/SIRT1/Nrf2/HO-1 pathways,Biomedicine and Pharmacotherapy
2024,June,Scopus,College of pharmacy,Health-related / Medical,Green Immobilized Silver Nanoparticles Over Mentha spicata Flower Extract Modified Reduced Graphene Oxide: Investigation of its Antioxidant and Anti-liver Cancer Effects,Journal of Inorganic and Organometallic Polymers and Materials
2024,June,Scopus,College of pharmacy,Health-related / Medical,Integrated in silico and in vitro discovery of a new anticancer thiadiazole analog targeting VEGFR-2,Journal of Molecular Structure
2024,June,Scopus,College of pharmacy,Health-related / Medical,New Theobromine Apoptotic Analogue with Anticancer Potential Targeting the EGFR Protein: Computational and In Vitro Studies,ACS Omega
2024,June,Scopus,College of pharmacy,Health-related / Medical,Hyperlipidemia Increases Nalbuphine Brain Accumulation with Multiple Dosing without Affecting Its Analgesic Response—Its Respiratory Depression Potential Should Be Investigated in Future Studies,Pharmaceuticals
2024,June,Scopus,College of pharmacy,Health-related / Medical,"High-Efficient photocatalytic degradation of Levofloxacin via a novel ternary Fe2O3/CeO2/ZnO Heterostructure: Synthesis Optimization, Characterization, toxicity assessment and mechanism insight",Chemical Engineering Journal
2024,June,Scopus,College of pharmacy,Health-related / Medical,Insomnia and fibromyalgia-like symptoms among women diagnosed with relapsing remitting multiple sclerosis in Jordan: Prevalence and correlates,International Journal of Psychiatry in Medicine
2024,June,Scopus,College of pharmacy,Health-related / Medical,From petals to healing: consolidated network pharmacology and molecular docking investigations of the mechanisms underpinning Rhododendron arboreum flower’s anti-NAFLD effects,Frontiers in Pharmacology
2024,June,Scopus,College of pharmacy,Health-related / Medical,Efficient drug delivery potential and antimicrobial activity of biocompatible hydrogels of dextrin/Na-alginate/PVA,Heliyon
2024,June,Scopus,College of pharmacy,Health-related / Medical,Incidence and Association of Uveitis with COVID-19 Vaccination: A Systematic Review and Meta-Analysis,Ophthalmic Epidemiology
2024,June,Scopus,College of pharmacy,Health-related / Medical,Evaluation of the hematological and immunological markers after the first and second doses of BNT162b2 mRNA vaccine,European Review for Medical and Pharmacological Sciences
2024,June,Scopus,College of pharmacy,Health-related / Medical,Fungus-mediated synthesis of Se-BiO-CuO multimetallic nanoparticles as a potential alternative antimicrobial against ESBL-producing Escherichia coli of veterinary origin,Frontiers in Cellular and Infection Microbiology
2024,June,Scopus,College of pharmacy,Health-related / Medical,Repurposing of Strychnine as the Potential Inhibitors of Aldo–keto Reductase Family 1 Members B1 and B10: Computational Modeling and Pharmacokinetic Analysis,Protein Journal
2024,June,Scopus,College of pharmacy,Health-related / Medical,Post-COVID syndrome: analysis of the prevalence of chemosensory dysfunction and predictive factors of recovery in COVID-19 long-haulers in Jordan,European Review for Medical and Pharmacological Sciences
2024,June,Scopus,College of pharmacy,Health-related / Medical,Heterologous SARS-CoV-2 booster vaccine for individuals with hematological malignancies after a primary SARS-CoV-2 mRNA vaccine series,Vaccine
2024,June,Scopus,College of pharmacy,Health-related / Medical,Discovery and Anticancer Screening of Novel Oxindole-Based Derivative Bearing Pyridyl Group as Potent and Selective Dual FLT3/CDK2 Kinase Inhibitor,Pharmaceuticals
2024,June,Scopus,College of Medicine,Health-related / Medical,Mesenchymal stem cells improve cardiac function in diabetic rats by reducing cardiac injury biomarkers and downregulating JAK/STAT/iNOS and iNOS/Apoptosis signaling pathways,Molecular and Cellular Endocrinology
2024,June,Scopus,College of Medicine,Health-related / Medical,New insights on genetic variants and phenotypic features of childhood large-vessel vasculopathy: a systematic review and single-centre series,Clinical and Experimental Rheumatology
2024,June,Scopus,College of Medicine,Health-related / Medical,Pulmonary damage induction upon Acrylic amide exposure via activating miRNA-223–3p and miRNA-325–3p inflammasome/pyroptosis and fibrosis signaling pathway: New mechanistic approaches of A green-synthesized extract,Toxicology
2024,June,Scopus,College of Medicine,Health-related / Medical,Role of body mass index in anastomotic leakage after curative treatment for rectal cancer,Annals of Saudi medicine
2024,June,Scopus,College of Medicine,Health-related / Medical,"Exploring quality of life, discrimination, and knowledge of parents of ADHD children in Saudi Arabia A cross-sectional study",Medicine (United States)
2024,June,Scopus,College of Medicine,Health-related / Medical,The potential liver injury induced by metronidazole-provoked disturbance of gut microbiota: modulatory effect of turmeric supplementation,Naunyn-Schmiedeberg's Archives of Pharmacology
2024,June,Scopus,College of Medicine,Health-related / Medical,Public Health Literacy and Emergency Department Utilization in Saudi Arabia: A Cross-Sectional Study,Risk Management and Healthcare Policy
2024,June,Scopus,College of Medicine,Health-related / Medical,"Enumeration of olive derived lignan, pinoresinol for activity against recent Omicron variant spike protein for structure-based drug design, DFT, molecular dynamics simulations, and MMGBSA studies",Journal of Applied Genetics
2024,June,Scopus,College of Medicine,Health-related / Medical,Spectrophotometric determination of celecoxib and tramadol in the new approved formulated dosage form using principle component regression assistive model,Spectrochimica Acta - Part A: Molecular and Biomolecular Spectroscopy
2024,June,Scopus,College of Medicine,Health-related / Medical,Knowledge of Common Symptoms of Rheumatic Diseases and Causes of Delayed Diagnosis in Saudi Arabia,Patient Preference and Adherence
2024,June,Scopus,College of Medicine,Health-related / Medical,Investigating the potential neuroprotective benefits of taurine and Dihydrotestosterone and Hydroxyprogesterone levels in SH-SY5Y cells,Frontiers in Aging Neuroscience
2024,June,Scopus,College of Medicine,Health-related / Medical,Early response and outcomes of bone marrow to chemotherapy in T-Cell Acute Lymphoblastic Leukemia,Pakistan Journal of Medical Sciences
2024,June,Scopus,College of Medicine,Health-related / Medical,Green Synthesized Zinc Oxide Nanoparticles Attenuate Acrylamide-Induced Cardiac Injury via Controlling Endoplasmic Reticulum Stress–Associated Apoptosis Through ATF3/CHOP/BCL2 Signaling in Rats,Biological Trace Element Research
2024,June,Scopus,College of Medicine,Health-related / Medical,Evaluating the Accuracy of ChatGPT and Google BARD in Fielding Oculoplastic Patient Queries: A Comparative Study on Artificial versus Human Intelligence,Ophthalmic Plastic and Reconstructive Surgery
2024,June,Scopus,College of Medicine,Health-related / Medical,"The epidemiology of poisoning and overdose in Saudi Arabia: exposures, risks, management and outcomes",Signa Vitae
2024,June,Scopus,College of Medicine,Health-related / Medical,Transplantation of hyaluronic acid and menstrual blood-derived stem cells accelerated wound healing in a diabetic rat model,Tissue and Cell
2024,June,Scopus,College of Medicine,Health-related / Medical,Spectrofluorometric determination of futibatinib in human plasma and pharmaceutical formulations,Spectrochimica Acta - Part A: Molecular and Biomolecular Spectroscopy
2024,June,Scopus,College of Medicine,Health-related / Medical,Impact of Replacement Therapy on Pregnancy Outcomes in Hemophilia Carriers: A Historical Cohort Study in Saudi Arabia,Life
2024,June,Scopus,College of Medicine,Health-related / Medical,The effect of antioxidant supplementation on dysmenorrhea and endometriosis-associated painful symptoms: a systematic review and meta-analysis of randomized clinical trials,Obstetrics and Gynecology Science
2024,June,Scopus,College of Medicine,Health-related / Medical,"Possibility of using fatty acid profiles for the authentication of beef adulterated with pork, donkey, and dog meat",Italian Journal of Food Science
2024,June,Scopus,College of Medicine,Health-related / Medical,"“If Someone Walks In On Us Talking, Pretend to be My Friend, Not My Therapist"": Challenges and Opportunities for Digital Mental Health Support in Saudi Arabia",Conference on Human Factors in Computing Systems - Proceedings
2024,June,Scopus,College of Medicine,Health-related / Medical,An Intelligent Learning Approach for Improving ECG Signal Classification and Arrhythmia Analysis,International Journal of Advanced Computer Science and Applications
2024,June,Scopus,College of Medicine,Health-related / Medical,Bioactive injectable mucoadhesive thermosensitive natural polymeric hydrogels for oral bone and periodontal regeneration,Frontiers in Bioengineering and Biotechnology
2024,June,Scopus,College of Medicine,Health-related / Medical,Cervical Osmotic Dilators versus Dinoprostone for Cervical Ripening during Labor Induction: A Systematic Review and Meta-analysis of 14 Controlled Trials,American Journal of Perinatology
2024,June,Scopus,College of Medicine,Health-related / Medical,Comparative Study of Self-assembly Bioflocculant from Multiple Consortium Utilizing Peanut Hull and Wheat Bran Hydrolyte with Green Synthesized Nanoparticles on Various Applications,Journal of Inorganic and Organometallic Polymers and Materials
2024,June,Scopus,College of Medicine,Health-related / Medical,Comparison of Letrozole and Clomiphene Citrate in Pregnancy Outcomes in Patients with Polycystic Ovary Syndrome: A Systematic Review and Meta-analysis,Reproductive Sciences
2024,June,Scopus,College of Medicine,Health-related / Medical,"Correction to: 2-(3-Bromophenyl)-8-fluoroquinazoline-4-carboxylic Acid as a Novel and Selective Aurora A Kinase Inhibitory Lead with Apoptosis Properties: Design, Synthesis, In Vitro and In Silico Biological Evaluation (Life, (2022), 12, 6, (876), 10.3390/life12060876)",Life
2024,June,Scopus,College of Science,Scientific,Simulation-based design of 1-D copper nanograting device for sensing application by studying electromagnetic properties on Cu/Air interface,Journal of King Saud University - Science
2024,June,Scopus,College of Science,Scientific,A FRACTAL-FRACTIONAL ORDER MODEL TO STUDY MULTIPLE SCLEROSIS: A CHRONIC DISEASE,Fractals
2024,June,Scopus,College of Science,Scientific,Advancing Cryptographic Security with a New Delannoy-Derived Chaotic S-Box,IEEE Access
2024,June,Scopus,College of Humanities and Social Sciences,Humanitarian ,"Geospatial modeling of optimal zones for sustainable urbanization in southwestern NEOM, Saudi Arabia using geomatics techniques",Frontiers in Built Environment
2024,June,Scopus,College of Humanities and Social Sciences,Humanitarian ,"An Integrated Remote Sensing and GIS-Based Technique for Mapping Groundwater Recharge Zones: A Case Study of SW Riyadh, Central Saudi Arabia",Hydrology
2024,June,Scopus,College of Law,Humanitarian ,"Effects of High-intensity Training and Electrical Stimulation on Pain, Disability, Knee Kinematic and Performance in Patellofemoral Pain: A Randomized Controlled Trial; [Efectos del entrenamiento de alta intensidad y la estimulación eléctrica sobre el dolor, la discapacidad, la cinemática de la rodilla y el rendimiento en el dolor femororrotuliano: un ensayo controlado aleatorio]",Retos
2024,June,Scopus,College of Law,Humanitarian ,Legal Protection of Personal Data Privacy in the Kingdom of Saudi Arabia,Manchester Journal of Transnational Islamic Law and Practice
2024,June,Scopus,College Of Languages,Humanitarian ,The impact of native language utilization on sentence structure and pattern learning,XLinguae
2024,June,Scopus,College Of Languages,Humanitarian ,Effectiveness of Online Testing Versus Traditional Testing: A Comparative Study of Saudi Female College Students,Eurasian Journal of Applied Linguistics
2024,June,Scopus,College Of Languages,Humanitarian ,An Investigation of Artificial Intelligence Tools in Editorial Tasks among Arab Researchers Publishing in English,Eurasian Journal of Applied Linguistics
2024,June,Scopus,College Of Languages,Humanitarian ,Case Study of Innovative Second Language Learning Activities for Saudi Women Undergraduates Learning English,Journal of Language Teaching and Research
2024,June,Scopus,College Of Languages,Humanitarian ,Computational Linguistics Based Arabic Poem Classification and Dictarization Model,Computer Systems Science and Engineering
2024,June,Scopus,College of Engineering,Scientific,Recent advances on metal-organic frameworks (MOFs) and their applications in energy conversion devices: Comprehensive review,Energy
2024,June,Scopus,College of Engineering,Scientific,"Enabling the circular economy of solar PV through the 10Rs of sustainability: Critical review, conceptualization, barriers, and role in achieving SDGs",Sustainable Horizons
2024,June,Scopus,College of Engineering,Scientific,"A fusion of neural, genetic and ensemble machine learning approaches for enhancing the engineering predictive capabilities of lightweight foamed reinforced concrete beam",Powder Technology
2024,June,Scopus,College of Engineering,Scientific,Algorithms-based beamforming for a narrowband signal received by an antenna array,Measurement: Journal of the International Measurement Confederation
2024,June,Scopus,College of Engineering,Scientific,Analysis of MHD third-grade hybrid nanofluid model in Darcy-Forchheimer porous medium: Evaluation of the thermal performance of Al2O3-Cu cylindrical nanoparticles dispersed in ethylene glycol fluid,Case Studies in Thermal Engineering
2024,June,Scopus,College of Engineering,Scientific,Artificial Intelligence for Traffic Prediction and Estimation in Intelligent Cyber-Physical Transportation Systems,IEEE Transactions on Consumer Electronics
2024,June,Scopus,College of Engineering,Scientific,Automatic Recognition of Cyberbullying in the Web of Things and social media using Deep Learning Framework,IEEE Transactions on Big Data
2024,June,Scopus,College of Engineering,Scientific,Optical coherence tomography sensing: Image post processing for neuropathy detection,Measurement: Journal of the International Measurement Confederation
2024,June,Scopus,College of Engineering,Scientific,Nano-integrating green and low-carbon concepts into ideological and political education in higher education institutions through K-means clustering,Heliyon
2024,June,Scopus,College of Engineering,Scientific,Predicting concrete strength early age using a combination of machine learning and electromechanical impedance with nano-enhanced sensors,Environmental Research
2024,June,Scopus,College of Engineering,Scientific,Modeling the spread of infections during an epidemiological outbreak using an improved mathematical model,"Chaos, Solitons and Fractals: X"
2024,June,Scopus,College of Dentistry,Health-related / Medical,Fracture Resistance of Endodontically Treated Teeth Restored Using Multifiber Posts Compared with Single Fiber Posts,International Journal of Polymer Science
2024,June,Scopus,College of Dentistry,Health-related / Medical,Flexural strength and degree of conversion of universal single shade resin-based composites,Heliyon
2024,June,Scopus,College of Dentistry,Health-related / Medical,Efficacy of antimicrobial photodynamic therapy in reducing oral yeasts growth in individuals wearing implant overdentures: A systematic review of clinical trials,Photodiagnosis and Photodynamic Therapy
2024,June,Scopus,College of Dentistry,Health-related / Medical,Retention of Mandibular Complete Overdentures using Mini Dental Implants (Ø < 3 mm) and Standard Diameter Implants (Ø?> 3mm): A Systematic Review and Meta-Analysis of Randomised Controlled Trials,Oral Health and Preventive Dentistry
2024,June,Scopus,College of Dentistry,Health-related / Medical,INFLUENCE OF IMMEDIATE DENTIN SEALING ON MARGINAL GAPS OF LAMINATE VENEERS: MACHINABLE MONOLITHIC ZIRCONIA VERSUS PRESSABLE LITHIUM DISILICATE. AN IN VITRO STUDY,International Journal of Prosthodontics
2024,June,Scopus,College of Dentistry,Health-related / Medical,Shedding light on the problem: Proficiency and maintenance practices of light-curing units among dental assistants,Journal of Esthetic and Restorative Dentistry
2024,June,Scopus,College of Dentistry,Health-related / Medical,"Benign fibro-osseous lesions: A retrospective study of sixty-four cases from a single institute, Riyadh, Saudi Arabia",Saudi Dental Journal
2024,June,Scopus,College of Dentistry,Health-related / Medical,Comprehensive Characterization of Blue Wire NiTi File Failure: A Comparative Analysis of Cyclic Fatigue and Torsional Resistance Properties,Coatings
2024,June,Scopus,College of Computer and Information Sciences,Scientific,Transforming Transportation: Safe and Secure Vehicular Communication and Anomaly Detection with Intelligent Cyber-Physical System and Deep Learning,IEEE Transactions on Consumer Electronics
2024,June,Scopus,College of Computer and Information Sciences,Scientific,Empowering Retail Through Advanced Consumer Product Recognition Using Aquila Optimization Algorithm with Deep Learning,IEEE Access
2024,June,Scopus,College of Computer and Information Sciences,Scientific,Precision Diagnosis: An Automated Method for Detecting Congenital Heart Diseases in Children From Phonocardiogram Signals Employing Deep Neural Network,IEEE Access
2024,June,Scopus,College of Computer and Information Sciences,Scientific,Enhancing Online Food Service User Experience Through Advanced Analytics and Hybrid Deep Learning for Comprehensive Evaluation,IEEE Access
2024,June,Scopus,College of Computer and Information Sciences,Scientific,Federated Learning (FL) Model of Wind Power Prediction,IEEE Access
2024,June,Scopus,College of Computer and Information Sciences,Scientific,Optimizing drone-assisted victim localization and identification in mass-disaster management: a study on feasible flying patterns and technical specifications,International Journal of Electrical and Computer Engineering
2024,June,Scopus,College of Computer and Information Sciences,Scientific,Toward Cleaner Industries: Smart Cities' Impact on Predictive Air Quality Management,IEEE Access
2024,June,Scopus,College of Computer and Information Sciences,Scientific,Towards COVID-19 detection and classification using optimal efficient Densenet model on chest X-ray images,Alexandria Engineering Journal
2024,June,Scopus,College of Computer and Information Sciences,Scientific,Machine learning approaches for predicting shielding effectiveness of carbon fiber-reinforced mortars,Case Studies in Construction Materials
2024,June,Scopus,College of Computer and Information Sciences,Scientific,Transformer-based framework for multi-class segmentation of skin cancer from histopathology images,Frontiers in Medicine
2024,June,Scopus,College of Computer and Information Sciences,Scientific,Single and Mixed Sensory Anomaly Detection in Connected and Automated Vehicle Sensor Networks,Electronics (Switzerland)
2024,June,Scopus,College of Computer and Information Sciences,Scientific,Hybrid optimization algorithm for enhanced performance and security of counter-flow shell and tube heat exchangers,PLoS ONE
2024,June,Scopus,College of Computer and Information Sciences,Scientific,A non-invasive AI-based system for precise grading of anosmia in COVID-19 using neuroimaging,Heliyon
2024,June,Scopus,College of Computer and Information Sciences,Scientific,A novel approach of botnet detection using hybrid deep learning for enhancing security in IoT networks,Alexandria Engineering Journal
2024,June,Scopus,College of Computer and Information Sciences,Scientific,A Novel Framework for Vehicle Detection and Tracking in Night ware Surveillance Systems,IEEE Access
2024,June,Scopus,College of Computer and Information Sciences,Scientific,A Novel Self-Healing Genetic Algorithm for Optimizing Single Objective Flow Shop Scheduling Problem,Arabian Journal for Science and Engineering
2024,June,Scopus,College of Computer and Information Sciences,Scientific,A Perfect Metamaterial Absorber (MMA) Using SiO2 Substrate with High Absorption for Terahertz Applications: Design and Equivalent Circuit Analysis,Journal of Electronic Materials
2024,June,Scopus,College of Computer and Information Sciences,Scientific,A Self-Attention-Based Deep Convolutional Neural Networks for IIoT Networks Intrusion Detection,IEEE Access
2024,June,Scopus,College of Computer and Information Sciences,Scientific,"Advanced forecasting of COVID-19 epidemic: Leveraging ensemble models, advanced optimization, and decomposition techniques",Computers in Biology and Medicine
2024,June,Scopus,College of Computer and Information Sciences,Scientific,Advanced Imaging Technologies With Ensemble Learning for Consumer Products Identification and Classification,IEEE Transactions on Consumer Electronics
2024,June,Scopus,College of Computer and Information Sciences,Scientific,Agile model-driven re-engineering,Innovations in Systems and Software Engineering
2024,June,Scopus,College of Computer and Information Sciences,Scientific,An analysis of urban sprawl growth and prediction using remote sensing and machine learning techniques,Journal of South American Earth Sciences
2024,June,Scopus,College of Computer and Information Sciences,Scientific,An enhanced tunicate swarm algorithm with deep-learning based rice seedling classification for sustainable computing based smart agriculture,AIMS Mathematics
2024,June,Scopus,College of Computer and Information Sciences,Scientific,An Improved Concatenation of Deep Learning Models for Predicting and Interpreting Ischemic Stroke,IEEE Access
2024,June,Scopus,College of Computer and Information Sciences,Scientific,An Improved Deep Learning Framework for Automated Optic Disc Localization and Glaucoma Detection,CMES - Computer Modeling in Engineering and Sciences
2024,June,Scopus,College of Computer and Information Sciences,Scientific,An Ingenious IoT Based Crop Prediction System Using ML and EL,"Computers, Materials and Continua"
2024,June,Scopus,College of Computer and Information Sciences,Scientific,Analysis of hematological indicators via explainable artificial intelligence in the diagnosis of acute heart failure: a retrospective study,Frontiers in Medicine
2024,June,Scopus,College of Computer and Information Sciences,Scientific,Artificial intelligence-enabled smart city management using multi-objective optimization strategies,Expert Systems
2024,June,Scopus,College of Computer and Information Sciences,Scientific,Artificial Rabbit Optimizer with deep learning for fall detection of disabled people in the IoT Environment,AIMS Mathematics
2024,June,Scopus,College of Computer and Information Sciences,Scientific,Automated approach to predict cerebral stroke based on fuzzy inference and convolutional neural network,Multimedia Tools and Applications
2024,June,Scopus,College of Computer and Information Sciences,Scientific,Bayesian optimization with deep learning based pepper leaf disease detection for decision-making in the agricultural sector,AIMS Mathematics
2024,June,Scopus,College of Computer and Information Sciences,Scientific,BBAD: Blockchain-backed Assault Detection for Cyber Physical Systems,IEEE Access
2024,June,Scopus,College of Computer and Information Sciences,Scientific,Bioinspired artificial intelligence based android malware detection and classification for cybersecurity applications,Alexandria Engineering Journal
2024,June,Scopus,College of Computer and Information Sciences,Scientific,Biosensor-Driven IoT Wearables for Accurate Body Motion Tracking and Localization,Sensors
2024,June,Scopus,College of Computer and Information Sciences,Scientific,Blockchain with optimal deep learning assisted secure data sharing and classification on future healthcare systems,Alexandria Engineering Journal
2024,June,Scopus,College of Computer and Information Sciences,Scientific,CapsNet-FR: Capsule Networks for Improved Recognition of Facial Features,"Computers, Materials and Continua"
2024,June,Scopus,College of Computer and Information Sciences,Scientific,Cluster-based anonymity model and algorithm for 1:1 dataset with a single sensitive attribute using machine learning technique,Egyptian Informatics Journal
2024,June,Scopus,College of Computer and Information Sciences,Scientific,Cognitive driven gait freezing phase detection and classification for neuro-rehabilitated patients using machine learning algorithms,Journal of Neuroscience Methods
2024,June,Scopus,College of Computer and Information Sciences,Scientific,"Corrigendum to DONAPP: A Centralized Platform for Bridging the Gap between Donors and Recipients (Open Nurs J 2024; 18e18744346291388, http://dx.doi.org/10.2174/0118744346291388240222102230) ",Open Nursing Journal
2024,June,Scopus,College of Computer and Information Sciences,Scientific,"Corrigendum: Analysis of hematological indicators via explainable artificial intelligence in the diagnosis of acute heart failure: a retrospective study (Frontiers in Medicine, (2024), 11, (1285067), 10.3389/fmed.2024.1285067)",Frontiers in Medicine
2024,June,Scopus,College of Computer and Information Sciences,Scientific,Crowdsourcing Requirements Engineering: A Taxonomy-based Review,International Journal of Advanced Computer Science and Applications
2024,June,Scopus,College of Computer and Information Sciences,Scientific,Deep Transformer-Based Network Deforestation Detection in the Brazilian Amazon Using Sentinel-2 Imagery,IEEE Geoscience and Remote Sensing Letters
2024,June,Scopus,College of Computer and Information Sciences,Scientific,Delving into Machine Learning's Influence on Disease Diagnosis and Prediction,Open Public Health Journal
2024,June,Scopus,College of Computer and Information Sciences,Scientific,Deployment of a Phenotypic Characterization System for Effective Identification of the Onset of Asthma Disease,Open Public Health Journal
2024,June,Scopus,College of Computer and Information Sciences,Scientific,Design of Hybrid Snake Optimizer Based Route Selection Approach for Unmanned Aerial Vehicles Communication,IEEE Access
2024,June,Scopus,College of Computer and Information Sciences,Scientific,Detection and identification of plant leaf diseases using YOLOv4,Frontiers in Plant Science
2024,June,Scopus,College of Computer and Information Sciences,Scientific,"Diagnosis of Lymphatic Metastasis in Breast Cancer Using Nanoparticle Technology-Diagnosis, Therapy, Imaging, Treatment",Open Neuroimaging Journal
2024,June,Scopus,College of Computer and Information Sciences,Scientific,EAMultiRes-DSPP: an efficient attention-based multi-residual network with dilated spatial pyramid pooling for identifying plant disease,Neural Computing and Applications
2024,June,Scopus,College of Computer and Information Sciences,Scientific,Edge-Cloud Remote Sensing Data Based Plant Disease Detection Using Deep Neural Networks With Transfer Learning,IEEE Journal of Selected Topics in Applied Earth Observations and Remote Sensing
2024,June,Scopus,College of Computer and Information Sciences,Scientific,Efficient-gastro: optimized EfficientNet model for the detection of gastrointestinal disorders using transfer learning and wireless capsule endoscopy images,PeerJ Computer Science
2024,June,Scopus,College of Computer and Information Sciences,Scientific,Election-based optimization algorithm with deep learning-enabled false data injection attack detection in cyber-physical systems,AIMS Mathematics
2024,June,Scopus,College of Computer and Information Sciences,Scientific,EMG gesture signal analysis towards diagnosis of upper limb using dual-pathway convolutional neural network,Mathematical Biosciences and Engineering
2024,June,Scopus,College of Computer and Information Sciences,Scientific,Enhanced Object Detection and Classification via Multi-Method Fusion,"Computers, Materials and Continua"
2024,June,Scopus,College of Computer and Information Sciences,Scientific,Enhancement of the IEEE 802.11 Medium Access Control Protocol with the Channel Usage Based Backoff Algorithm for Wireless Ad Hoc Networks,Human-centric Computing and Information Sciences
2024,June,Scopus,College of Computer and Information Sciences,Scientific,Enhancing cybersecurity in cloud-assisted Internet of Things environments: A unified approach using evolutionary algorithms and ensemble learning,AIMS Mathematics
2024,June,Scopus,College of Computer and Information Sciences,Scientific,Enhancing Security and Privacy in Distributed Face Recognition Systems through Blockchain and GAN Technologies,"Computers, Materials and Continua"
2024,June,Scopus,College of Computer and Information Sciences,Scientific,Enhancing software defect prediction: a framework with improved feature selection and ensemble machine learning,PeerJ Computer Science
2024,June,Scopus,College of Computer and Information Sciences,Scientific,Forecasting of energy efficiency in buildings using multilayer perceptron regressor with waterwheel plant algorithm hyperparameter,Frontiers in Energy Research
2024,June,Scopus,College of Computer and Information Sciences,Scientific,Forecasting Production of Potato for a Sustainable Future: Global Market Analysis,Potato Research
2024,June,Scopus,College of Computer and Information Sciences,Scientific,Gait Impairment Analysis Using Silhouette Sinogram Signals and Assisted Knowledge Learning,Bioengineering
2024,June,Scopus,College of Computer and Information Sciences,Scientific,Graphical Deep Learning Prediction Model for Stock Risk Management,Fluctuation and Noise Letters
2024,June,Scopus,College of Computer and Information Sciences,Scientific,Hybrid Sine-Cosine Chimp optimization based feature selection with deep learning model for threat detection in IoT sensor networks,Alexandria Engineering Journal
2024,June,Scopus,College of Computer and Information Sciences,Scientific,Hybrid waterwheel plant and stochastic fractal search optimization for robust diabetes classification,AIP Advances
2024,June,Scopus,College of Computer and Information Sciences,Scientific,Image encryption with leveraging blockchain-based optimal deep learning for Secure Disease Detection and Classification in a smart healthcare environment,AIMS Mathematics
2024,June,Scopus,College of Computer and Information Sciences,Scientific,Image Processing-based Resource-Efficient Transfer Learning Approach for Cancer Detection Employing Local Binary Pattern Features,Mobile Networks and Applications
2024,June,Scopus,College of Computer and Information Sciences,Scientific,Improved Kepler Optimization Algorithm for enhanced feature selection in liver disease classification,Knowledge-Based Systems
2024,June,Scopus,College of Computer and Information Sciences,Scientific,Internet of Things Assisted Plant Disease Detection and Crop Management using Deep Learning for Sustainable Agriculture,IEEE Access
2024,June,Scopus,College of Computer and Information Sciences,Scientific,IoT based smart framework to predict air quality in congested traffic areas using SV-CNN ensemble and KNN imputation model,Computers and Electrical Engineering
2024,June,Scopus,College of Computer and Information Sciences,Scientific,Iris Recognition based on Statistically Bound Spatial Domain Zero Crossing and Neural Networks,Open Bioinformatics Journal
2024,June,Scopus,College of Computer and Information Sciences,Scientific,Iterative reconstruction algorithms in neutron tomography imaging,Journal of Optics (India)
2024,June,Scopus,College of Computer and Information Sciences,Scientific,Localization and grading of NPDR lesions using ResNet-18-YOLOv8 model and informative features selection for DR classification based on transfer learning,Heliyon
2024,June,Scopus,College of Computer and Information Sciences,Scientific,Low Power Blockchain in Industry 4.0 Case Study: Water Management in Tunisia,Journal of Signal Processing Systems
2024,June,Scopus,College of Computer and Information Sciences,Scientific,Machine learning-powered lead-free piezoelectric nanoparticle-based deep brain stimulation: A paradigm shift in Parkinson’s disease diagnosis and evaluation,AIP Advances
2024,June,Scopus,College of Computer and Information Sciences,Scientific,Mobile-UI-Repair: a deep learning based UI smell detection technique for mobile user interface,PeerJ Computer Science
2024,June,Scopus,College of Computer and Information Sciences,Scientific,Navigating the Future of Secure and Efficient Intelligent Transportation Systems using AI and Blockchain,Open Transportation Journal
2024,June,Scopus,College of Computer and Information Sciences,Scientific,Optimized Deep Learning for Potato Blight Detection Using the Waterwheel Plant Algorithm and Sine Cosine Algorithm,Potato Research
2024,June,Scopus,College of Computer and Information Sciences,Scientific,Optimizing bandwidth utilization and traffic control in ISP networks for enhanced smart agriculture,PLoS ONE
2024,June,Scopus,College of Computer and Information Sciences,Scientific,Optimizing IoT-driven smart grid stability prediction with dipper throated optimization algorithm for gradient boosting hyperparameters,Energy Reports
2024,June,Scopus,College of Computer and Information Sciences,Scientific,"Pediatric bacterial keratitis: clinical features, causative organisms, and outcome during a 13-year study period",Canadian Journal of Ophthalmology
2024,June,Scopus,College of Computer and Information Sciences,Scientific,Performance enhancement of Vivaldi-shaped planar UWB antenna using a single-layer FSS reflector,AEU - International Journal of Electronics and Communications
2024,June,Scopus,College of Computer and Information Sciences,Scientific,Performance of the Walrus Optimizer for solving an economic load dispatch problem,AIMS Mathematics
2024,June,Scopus,College of Computer and Information Sciences,Scientific,Point biserial correlation symbiotic organism search nanoengineering based drug delivery for tumor diagnosis,Scientific Reports
2024,June,Scopus,College of Computer and Information Sciences,Scientific,Potato Production Forecasting Based on Balance Dynamic Biruni Earth Radius Algorithm for Long Short-Term Memory Models,Potato Research
2024,June,Scopus,College of Computer and Information Sciences,Scientific,"Principal Component Analysis (PCA) and feature importance-based dimension reduction for Reference Evapotranspiration (ET0) predictions of Taif, Saudi Arabia",Computers and Electronics in Agriculture
2024,June,Scopus,College of Computer and Information Sciences,Scientific,Quaternion double random phase encoding for privacy-preserving cancelable biometrics,Multimedia Tools and Applications
2024,June,Scopus,College of Computer and Information Sciences,Scientific,Remote intelligent perception system for multi-object detection,Frontiers in Neurorobotics
2024,June,Scopus,College of Computer and Information Sciences,Scientific,Remote sensing and machine learning approach for zoning of wastewater drainage system,Desalination and Water Treatment
2024,June,Scopus,College of Computer and Information Sciences,Scientific,Revolutionizing software developmental processes by utilizing continuous software approaches,Journal of Supercomputing
2024,June,Scopus,College of Computer and Information Sciences,Scientific,Robust 3D object watermarking scheme using shape features for copyright protection,PeerJ Computer Science
2024,June,Scopus,College of Computer and Information Sciences,Scientific,Scalable EdgeIoT Blockchain Framework Using EOSIO,IEEE Access
2024,June,Scopus,College of Computer and Information Sciences,Scientific,Securing Cloud-Encrypted Data: Detecting Ransomware-as-a-Service (RaaS) Attacks through Deep Learning Ensemble,"Computers, Materials and Continua"
2024,June,Scopus,College of Computer and Information Sciences,Scientific,Selective feature-based ovarian cancer prediction using MobileNet and explainable AI to manage women healthcare,Multimedia Tools and Applications
2024,June,Scopus,College of Computer and Information Sciences,Scientific,Self-paced ensemble and big data identification: a classification of substantial imbalance computational analysis,Journal of Supercomputing
2024,June,Scopus,College of Computer and Information Sciences,Scientific,Sensors-based human activity recognition using hybrid features and deep capsule network,IEEE Sensors Journal
2024,June,Scopus,College of Computer and Information Sciences,Scientific,Sepsis Prediction Using CNNBDLSTM and Temporal Derivatives Feature Extraction in the IoT Medical Environment,"Computers, Materials and Continua"
2024,June,Scopus,College of Computer and Information Sciences,Scientific,Spiral Fractal Compression in Transform Domains for Underwater Communication,Annals of Data Science
2024,June,Scopus,College of Computer and Information Sciences,Scientific,State of the art in energy consumption using deep learning models,AIP Advances
2024,June,Scopus,College of Computer and Information Sciences,Scientific,Tongue image fusion and analysis of thermal and visible images in diabetes mellitus using machine learning techniques,Scientific Reports
2024,June,Scopus,College of Computer and Information Sciences,Scientific,Towards Early Intervention: Detecting Parkinson's Disease through Voice Analysis with Machine Learning,Open Biomedical Engineering Journal 
2024,June,Scopus,College of Computer and Information Sciences,Scientific,Traditional and deep-learning-based denoising methods for medical images,Multimedia Tools and Applications
2024,June,Scopus,College of Computer and Information Sciences,Scientific,WordNet under Scrutiny: Dictionary Examples in the Era of Large Language Models,"2024 Joint International Conference on Computational Linguistics, Language Resources and Evaluation, LREC-COLING 2024 - Main Conference Proceedings"
2024,June,Scopus,College of Computer and Information Sciences,Scientific,Model-Driven Approaches for Reverse Engineering - A Systematic Literature Review,IEEE Access
2024,June,Scopus,College of Computer and Information Sciences,Scientific,Robust Control for Cancer Chemotherapy Through Time Delayed Estimation Philosophy,IEEE Access
2024,June,Scopus,College of Computer and Information Sciences,Scientific,Fingertip Video Dataset for Non-Invasive Diagnosis of Anemia Using ResNet-18 Classifier,IEEE Access
2024,June,Scopus,Health Sciences Research Centre,Health-related / Medical,The Use of Mobile Technologies to Promote Physical Activity and Reduce Sedentary Behaviors in the Middle East and North Africa Region: Systematic Review and Meta-Analysis,Journal of Medical Internet Research
2024,June,Scopus,Health Sciences Research Centre,Health-related / Medical,Development of an expert system for the classification of myalgic encephalomyelitis/chronic fatigue syndrome,PeerJ Computer Science
2024,June,Scopus,King Abdullah bin Abdulaziz University Hospital,Health-related / Medical,Persistent hypocalcemia post total thyroidectomy in a case of Hashimoto's thyroiditis,International Journal of Surgery Case Reports
2024,June,Scopus,King Abdullah bin Abdulaziz University Hospital,Health-related / Medical,Epidemiology and Outcomes of Neurofibromatosis Type 1 (NF-1): Multicenter Tertiary Experience,Journal of Multidisciplinary Healthcare
2024,June,Scopus,King Abdullah bin Abdulaziz University Hospital,Health-related / Medical,Review of the spectrum of tuberous sclerosis complex: The Saudi Arabian Experience,"Neurosciences (Riyadh, Saudi Arabia)"
2024,June,Scopus,King Abdullah bin Abdulaziz University Hospital,Health-related / Medical,Coping Mechanisms and Posttraumatic Stress Exhibited by Children in Areas of Yemen’s Armed Conflict in Southern Saudi Arabia,Journal of Child and Adolescent Trauma
2024,June,Scopus,Arabic Language Teaching Institute for Non-Arabic Speakers,Humanitarian ,Enhancing extractive text summarization using natural language processing with an optimal deep learning model,AIMS Mathematics
2024,June,Scopus,College of Dentistry,Health-related / Medical,Clinical and Radiographic Status and PISF Levels of PGE2 Around Cement and Screw Retained Implants,International Dental Journal
2024,June,Scopus,Foundation Year for Health Colleges,Health-related / Medical,Formulation and evaluation of multicomponent inclusion complex of cyclosporine A,Journal of Inclusion Phenomena and Macrocyclic Chemistry
2024,June,Scopus,College of Science,Scientific,"Optimized submerged batch fermentation for metabolic switching in Streptomyces yanglinensis 3–10 providing platform for reveromycin A and B biosynthesis, engineering, and production",Frontiers in Microbiology
2024,June,Scopus,College of Science,Scientific,"Does the marketing age impact growth performance, carcass traits, economic feasibility and hemato-biochemical properties of genetically-modified quails?",Poultry Science
2024,June,Scopus,College of Science,Scientific,"Lignocellulose and probiotic supplementation in broiler chicken diet: effect on growth performance, digestive health, litter quality, and genes expression",Poultry Science
2024,June,Scopus,College of Science,Scientific,Molecular identification and characterization of iris yellow spot virus (IYSV) and garlic virus X (GVX) infecting Allium species,Plant Biotechnology Reports
2024,June,Scopus,College of Science,Scientific,The impact of autologous platelet-rich plasma supplement on Ossimi ram semen quality and fertility: In vivo fertility of freshly diluted and frozen-thawed spermatozoa,Small Ruminant Research
2024,June,Scopus,College of Science,Scientific,"FORTITUDE OF NUTRITIONAL CAPACITY, TOTAL POLYPHENOLIC CONTENT AND ANTIOXIDANT ACTIVITY OF DIVERSE VARIETIES OF ALMOND (PRUNUS DULCIS MILL. D.) FROM SELECTED AREAS",Applied Ecology and Environmental Research
2024,June,Scopus,College of Science,Scientific,Transforming bio-waste lignin into amine functionalized carbon quantum dots for selective detection of trace Cu2+ in aqueous system,International Journal of Biological Macromolecules
2024,June,Scopus,College of Science,Scientific,Regulatory role of AGC genes in heat stress adaptation in maize (Zea mays),Functional Plant Biology
2024,June,Scopus,College of Science,Scientific,"Synergistic effect of green synthesis magnesium oxide nanoparticles and seaweed extract on improving water quality, health benefits, and disease resistance in Nile tilapia",Ecotoxicology and Environmental Safety
2024,June,Scopus,College of Science,Scientific,Effect of Transplanted Bone Marrow on Spleen of Irradiated Pregnant Rats and Their Fetuses,Pakistan Journal of Biological Sciences
2024,June,Scopus,College of Science,Scientific,"Rhizobium Inoculation and Micronutrient Addition Influence the Growth, Yield, Quality and Nutrient Uptake of Garden Peas (Pisum sativum L.)",Phyton-International Journal of Experimental Botany
2024,June,Scopus,College of Science,Scientific,Endophytic Bacillus vallismortis and Bacillus tequilensis bacteria isolated from medicinal plants enhance phosphorus acquisition and fortify Brassica napus L. vegetative growth and metabolic content,Frontiers in Plant Science
2024,June,Scopus,College of Science,Scientific,Enhancing genetic variability in Trigonella species through sodium azide induction: morpho-physiological and chromosomal amelioration,Frontiers in Genetics
2024,June,Scopus,College of Science,Scientific,"Distinct inflammatory markers in primary and secondary dengue infection: can cytokines CXCL5, CXCL9, and CCL17 act as surrogate markers?",Pathogens and Global Health
2024,June,Scopus,College of Science,Scientific,"Physiological, Agronomic, and Grain Quality Responses of Diverse Rice Genotypes to Various Irrigation Regimes under Aerobic Cultivation Conditions",Life
2024,June,Scopus,College of Science,Scientific,"Impact of packaging atmosphere, oregano essential oil, and storage temperature on cold-adapted Salmonella Enteritidis and Salmonella Typhimurium on ready-to-eat smoked turkey",Poultry Science
2024,June,Scopus,College of Science,Scientific,Flow cytometric analysis of immune cell populations in the bronchial and mesenteric lymph nodes of the dromedary camel,Frontiers in Veterinary Science
2024,June,Scopus,College of Science,Scientific,How does a Saccharomyces cerevisiae extract influence the components of isolated rotavirus particles from stool samples collected in a clinical setting from children?,Saudi Journal of Biological Sciences
2024,June,Scopus,College of Science,Scientific,"Effect of interleukin 6 (IL-6) on sperm quality, kinematic parameters, acrosome integrity, apoptosis, ultrastructure, and molecular docking in cryopreserved ram spermatozoa",Reproductive Biology
2024,June,Scopus,College of Science,Scientific,"Effects of immersing Japanese quail eggs in various doses of riboflavin on reproductive, growth performance traits, blood indices and economics",Poultry Science
2024,June,Scopus,College of Science,Scientific,In silico and in vivo evaluation of the anti-cryptosporidial activity of eugenol,Frontiers in Veterinary Science
2024,June,Scopus,College of Science,Scientific,Evaluation of hematological and blood biochemical indices in cultured Nile tilapia (Oreochromis niloticus) as affected by using phage therapy against Pseudomonas aeruginosa,Annals of Animal Science
2024,June,Scopus,College of Science,Scientific,Upregulated synthesis and production of bioactive compounds in Lotus arabicus L. by in vitro feeding with dried powder of date palm seeds,BMC Plant Biology
2024,June,Scopus,College of Science,Scientific,Performance and economic efficiency of laying hens in response to adding zeolite to feed and litter,Poultry Science
2024,June,Scopus,College of Science,Scientific,Risk factors of diabetes and cancer-specific mortalities in patients with infiltrating ductal carcinoma of the breast: a population-based study,European Journal of Cancer Prevention
2024,June,Scopus,College of Science,Scientific,"Phyto-synthesized silver nanoparticles from Sargassum subrepandum: anticancer, antimicrobial, and molluscicidal activities",Frontiers in Plant Science
2024,June,Scopus,College of Science,Scientific,Probing the interaction of Paenibacillus larvae bacteriophage as a biological agent to control the american foulbrood disease in honeybee,Saudi Journal of Biological Sciences
2024,June,Scopus,College of Science,Scientific,Synergistic effects of quercetin-loaded CoFe2O4@Liposomes regulate DNA damage and apoptosis in MCF-7 cancer cells: based on biophysical magnetic hyperthermia,Drug Development and Industrial Pharmacy
2024,June,Scopus,College of Science,Scientific,Microscopic and molecular detection of piroplasms among sheep in Upper Egypt,Frontiers in Veterinary Science
2024,June,Scopus,College of Science,Scientific,"Green synthesis of zinc oxide nanoparticles from Sida acuta leaf extract for antibacterial and antioxidant applications, and catalytic degradation of dye through the use of convolutional neural network",Environmental Research
2024,June,Scopus,College of Science,Scientific,ZmILI1 confers salt stress tolerance by regulating genes of phytohormone response in maize,Environmental and Experimental Botany
2024,June,Scopus,College of Science,Scientific,"Optimization of polyphenol extraction, phenolic profile by LC-ESI-MS/MS, antioxidant, anti-enzymatic, and cytotoxic activities of Physalis acutifolia",Open Chemistry
2024,June,Scopus,College of Science,Scientific,Genetic Polymorphism of GH and IGF-1 Genes and Body Measurements Traits in Maghrabi Camel,Biology Bulletin
2024,June,Scopus,College of Science,Scientific,Pivotal Impact Factors in Photocatalytic Reduction of CO2 to Value-Added C1 and C2 Products,ChemSusChem
2024,June,Scopus,College of Science,Scientific,Impacts of Bacillus probiotics on productive performance and egg quality criteria in laying Japanese quails,Journal of Applied Poultry Research
2024,June,Scopus,College of Science,Scientific,Morphomolecular characterization of invasive fruit borer infesting apple,Scientific Reports
2024,June,Scopus,College of Science,Scientific,"Effect of nitrogen fertilization levels and plant density on dry weight, yield components and bulb quality of onion plant",Notulae Botanicae Horti Agrobotanici Cluj-Napoca
2024,June,Scopus,College of Science,Scientific,Exogenous Melatonin Supplement Contributes as Antioxidant to Attenuate the Oxidative Stress Induced by Cadmium Toxicity in Male Wistar Rats,Biomedical and Biotechnology Research Journal
2024,June,Scopus,College of Science,Scientific,Exploring the NRF2/HO-1 and NF-κB Pathways: Spirulina Nanoparticles as a Novel Approach to Combat Diabetic Nephropathy,ACS Omega
2024,June,Scopus,College of Science,Scientific,The chemical composition and biological activities of plant essential oils against Spodoptera frugiperda (J.E. Smith) (Lepidoptera: Noctuidae),Journal of Plant Diseases and Protection
2024,June,Scopus,College of Science,Scientific,EFFICIENCY OF THREE INDIGENOUS SPECIES OF COCCINELLID PREDATORS FOR CONTROLLING APHIDS AND WHITEFLIES ON CUCUMBERS IN GREENHOUSES,Bioscience Journal
2024,June,Scopus,College of Science,Scientific,Seed Priming with Iron Oxide Nanoparticles Ameliorates As Toxicity by Decreasing Organic Acid Exudation Pattern and Modulating Specific Gene Expression in Rapeseed (Brassica napus L.),Journal of Plant Growth Regulation
2024,June,Scopus,College of Science,Scientific,Strengthen sunflowers resilience to cadmium in saline-alkali soil by PGPR-augmented biochar,Ecotoxicology and Environmental Safety
2024,June,Scopus,College of Science,Scientific,"Farnesol prevents chlorpyrifos nephrotoxicity by modulating inflammatory mediators, Nrf2 and FXR and attenuating oxidative stress",Food and Chemical Toxicology
2024,June,Scopus,College of Science,Scientific,Structural adaptations of the beak and oropharyngeal cavity roof in migratory Anas crecca: Distinctive scanning electron microscopic pattern of its filter feeding apparatus,Zoologischer Anzeiger
2024,June,Scopus,College of Science,Scientific,Performance and genotypic variability in diverse date palm (Phoenix dactylifera L.) cultivars for fruit characteristics,Genetic Resources and Crop Evolution
2024,June,Scopus,College of Science,Scientific,Model-Assisted Optimization of Cobalt Biosorption on Macroalgae Padina pavonica for Wastewater Treatment,Water (Switzerland)
2024,June,Scopus,College of Science,Scientific,Effect of selenium form and dose on camelthorn (Alhagi maurorum Medik) grown on a metal-contaminated soil,Environmental Science and Pollution Research
2024,June,Scopus,College of Science,Scientific,"Therapeutic effects of vitamin B17 against anabolic steroid Trenorol induced testicular toxicity, injury, DNA damage and apoptosis in male rats",Toxicology Research
2024,June,Scopus,College of Science,Scientific,Harnessing Melatonin Protective Efficacy in Capsicum Plants Against Nickel-Contaminated Soil,Journal of Soil Science and Plant Nutrition
2024,June,Scopus,College of Science,Scientific,Fano resonance in one-dimensional quasiperiodic topological phononic crystals towards a stable and high-performance sensing tool,Scientific Reports
2024,June,Scopus,College of Science,Scientific,"Exploring the Anticoccidial, Growth-promoting, Hematological and Serological Potential Activities of Linum usitatissimum Essential Oil in Broiler Birds",Pakistan Veterinary Journal
2024,June,Scopus,College of Science,Scientific,"Nano-imaging by atomic force microscopy, thermogravimetric characteristics, and bioactive compounds of thermally treated and fermented mash beans",LWT
2024,June,Scopus,College of Science,Scientific,Green synthesis of bio-mediated silver nanoparticles from Persea americana peels extract and evaluation of their biological activities: In vitro and in silico insights,Journal of Saudi Chemical Society
2024,June,Scopus,College of Science,Scientific,Treatment of marble industry wastewater by Brassica napus (L.) under oxalic acid amendment: efficacy as fodder and carcinogenic risk assessment,Environmental Science and Pollution Research
2024,June,Scopus,College of Science,Scientific,"Preparation, characterization, and anticancer evaluation of polydatin conjugated with zinc MOF and encapsulated by liponiosomes as a potential nanotool-induce apoptosis",Journal of Molecular Structure
2024,June,Scopus,College of Science,Scientific,Exploring the potential of phytochemicals as inhibitors of 3'-phosphoadenosine 5'-phosphosulfate synthase 1 targeting cancer therapy,Journal of Biomolecular Structure and Dynamics
2024,June,Scopus,College of Science,Scientific,Exploring the potential of Ziziphus nummularia and luteolin-7-O-glucoside as tubulin inhibitors in cancer therapy and survival,Scientific Reports
2024,June,Scopus,College of Science,Scientific,Evaluation of anthelminthic and antiprotozoal activity of myrrh (Commiphora myrrha) methanolic extract,Helminthologia (Poland)
2024,June,Scopus,College of Science,Scientific,In silico evaluation of anti-colorectal cancer inhibitors by Resveratrol derivatives targeting Armadillo repeats domain of APC: molecular docking and molecular dynamics simulation,Frontiers in Oncology
2024,June,Scopus,College of Science,Scientific,Impacts of storage period and egg weight on hatching and growth performance of growing Japanese quails,Poultry Science
2024,June,Scopus,College of Science,Scientific,"Retraction note: Impact of gervital against histopathological, ultrastructural, and biochemical alterations caused by methotrexate or azathioprine in albino rat testis (Environmental Science and Pollution Research, (2022), 30, 8, (21914-21926), 10.1007/s11356-022-23588-3)",Environmental Science and Pollution Research
2024,June,Scopus,College of Science,Scientific,"Exogenous application of nano-silicon, potassium sulfate, or proline enhances physiological parameters, antioxidant enzyme activities, and agronomic traits of diverse rice genotypes under water deficit conditions",Heliyon
2024,June,Scopus,College of Science,Scientific,The potential biological activities of Aspergillus luchuensis-aided green synthesis of silver nanoparticles,Frontiers in Microbiology
2024,June,Scopus,College of Science,Scientific,Entropy analysis of a Sisko nanofluid on a stretching sheet under the Hall effect,International Journal of Modern Physics B
2024,June,Scopus,College of Science,Scientific,Entropy and energy transfer analysis of a Maxwell thin-film fluid over an inclined surface with viscous dissipation effect,ZAMM Zeitschrift fur Angewandte Mathematik und Mechanik
2024,June,Scopus,College of Science,Scientific,Estimation of finite population mean using dual auxiliary information under non-response with simple random sampling,Alexandria Engineering Journal
2024,June,Scopus,College of Science,Scientific,Fractional Milne-type inequalities for twice differentiable functions,AIMS Mathematics
2024,June,Scopus,College of Science,Scientific,Fractional-Order Dynamics in Epidemic Disease Modeling with Advanced Perspectives of Fractional Calculus,Fractal and Fractional
2024,June,Scopus,College of Science,Scientific,Functional differential equations of the neutral type: Oscillatory features of solutions,AIMS Mathematics
2024,June,Scopus,College of Science,Scientific,Gait asymmetrical evaluation of lower limb amputees using wearable inertial sensors,Heliyon
2024,June,Scopus,College of Science,Scientific,Heat transfer due to electromagnetic radiation of MHD Powell-Eyring fluid with mass diffusion via Lie symmetry scaling,Case Studies in Thermal Engineering
2024,June,Scopus,College of Science,Scientific,Heat transfer in a reversible esterification process of hydromagnetic Casson fluid with Arrhenius activation energy,Case Studies in Thermal Engineering
2024,June,Scopus,College of Science,Scientific,Image Fusion Using Wavelet Transformation and XGboost Algorithm,"Computers, Materials and Continua"
2024,June,Scopus,College of Science,Scientific,Incompressible smoothed particle hydrodynamics simulations enhanced by hybrid artificial intelligence for investigating magnetic field influence on double diffusion in an arc-shaped cavity,Numerical Heat Transfer; Part A: Applications
2024,June,Scopus,College of Science,Scientific,Inertial Algorithms for Bifunction Harmonic Variational Inequalities,International Journal of Analysis and Applications
2024,June,Scopus,College of Science,Scientific,Inference for Compound Exponential XLindley Model with Applications to Lifetime Data,Symmetry
2024,June,Scopus,College of Science,Scientific,Inference of stress-strength reliability based on adaptive progressive type-II censing from Chen distribution with application to carbon fiber data,AIMS Mathematics
2024,June,Scopus,College of Science,Scientific,Intelligent computing for electromagnetohydrodynamic bioconvection flow of micropolar nanofluid with thermal radiation and stratification: Levenberg-Marquardt backpropagation algorithm,AIP Advances
2024,June,Scopus,College of Science,Scientific,Linear Generalized n-Derivations on C∗-Algebras,Mathematics
2024,June,Scopus,College of Science,Scientific,Magnetic impacts on double diffusion of a non-Newtonian NEPCM in a grooved cavity: ANN model with ISPH simulations,Heat Transfer
2024,June,Scopus,College of Science,Scientific,Modeling uncertainties associated with multi-attribute decision-making based evaluation of cooling system using interval-valued complex intuitionistic fuzzy hypersoft settings,AIMS Mathematics
2024,June,Scopus,College of Science,Scientific,New Arctan-generator family of distributions with an example of Frechet distribution: Simulation and analysis to strength of glass and carbon fiber data,Alexandria Engineering Journal
2024,June,Scopus,College of Science,Scientific,New Auxiliary Principle Technique for General Harmonic Directional Variational Inequalities,International Journal of Analysis and Applications
2024,June,Scopus,College of Science,Scientific,Numerical analysis of the flow dynamics in Maxwell hybrid nanofluid flow with gyrotactic microorganisms over a permeable stretching surface with convective and zero-mass flux conditions: A comparative analysis,"Numerical Heat Transfer, Part B: Fundamentals"
2024,June,Scopus,College of Science,Scientific,Numerical simulations of Williamson fluid containing hybrid nanoparticles via Keller box technique,Discover Applied Sciences
2024,June,Scopus,College of Science,Scientific,Numerical study of heat and mass transfer of williamson hybrid nanofluid (CuO/CNT's-water) past a permeable stretching/shrinking surface with mixed convective boundary condition,Case Studies in Thermal Engineering
2024,June,Scopus,College of Science,Scientific,On Generalized t-Transformation of Free Convolution,Symmetry
2024,June,Scopus,College of Science,Scientific,On Reducing the Collision Time Between a Nanosensor and a Randomly Moving Particle in the Fluid,Journal of Computational and Theoretical Transport
2024,June,Scopus,College of Science,Scientific,On reversibility problem in DNA bases over a class of rings,Applied Mathematics in Science and Engineering
2024,June,Scopus,College of Science,Scientific,On skew derivations and antiautomorphisms in prime rings,Georgian Mathematical Journal
2024,June,Scopus,College of Science,Scientific,On the axodes of one-parameter spatial movements,AIMS Mathematics
2024,June,Scopus,College of Science,Scientific,"On the integrability, multi-shocks, high-order kinky-breathers, L-lump–kink solutions for the non-autonomous perturbed potential Kadomtsev–Petviashvili equation",Nonlinear Dynamics
2024,June,Scopus,College of Science,Scientific,On Theoretical and Numerical Results of Serum Hepatitis Disease Using Piecewise Fractal–Fractional Perspectives,Fractal and Fractional
2024,June,Scopus,College of Science,Scientific,osp(1|2)-trivial deformation of osp(2|2)-modules structure on the spaces of symbols Sd2 of differential operators acting on the space of weighted densities Fd2,Heliyon
2024,June,Scopus,College of Science,Scientific,Outsmarting Android Malware with Cutting-Edge Feature Engineering and Machine Learning Techniques,"Computers, Materials and Continua"
2024,June,Scopus,College of Science,Scientific,"Properties, quantile regression, and application of bounded exponentiated Weibull distribution to COVID-19 data of mortality and survival rates",Scientific Reports
2024,June,Scopus,College of Science,Scientific,Quantum model in the context of six-level atom and deformed Lie algebra: Entanglement and statistical properties,AIP Advances
2024,June,Scopus,College of Science,Scientific,Recent Developments in General Quasi Variational Inequalities,International Journal of Analysis and Applications
2024,June,Scopus,College of Science,Scientific,Reliability analysis at usual operating settings for Weibull Constant-stress model with improved adaptive Type-II progressively censored samples,AIMS Mathematics
2024,June,Scopus,College of Science,Scientific,"Seismic attributes and instantaneous spectral analysis-based temperature-porosity simulations: An example of imaging shale gas-bearing basin floor fans of early-cCretaceous delta sequences, Southeast Asian Basin",Journal of Asian Earth Sciences
2024,June,Scopus,College of Science,Scientific,Sequence based model using deep neural network and hybrid features for identification of 5-hydroxymethylcytosine modification,Scientific Reports
2024,June,Scopus,College of Science,Scientific,Some well known inequalities on two dimensional convex mappings by means of Pseudo L-R interval order relations via fractional integral operators having non-singular kernel,AIMS Mathematics
2024,June,Scopus,College of Science,Scientific,Statistical inference of the Birnbaum-Saunders model using adaptive progressively hybrid censored data and its applications,AIMS Mathematics
2024,June,Scopus,College of Science,Scientific,SUCTION EFFECT ON POROUS SHRINKING CYLINDER IN MHD CASSON FLUID WITH THE IMPACT OF HEAT GENERATION AND RADIATION,Journal of Porous Media
2024,June,Scopus,College of Science,Scientific,Synthesis of Fe3O4-NH2-APTES@rGO@SiO2 core–shell magnetic microspheres for efficient aqueous phenol photocatalytic degradation,Results in Physics
2024,June,Scopus,College of Science,Scientific,The analysis of fractional neutral stochastic differential equations in L˜p space,AIMS Mathematics
2024,June,Scopus,College of Science,Scientific,Weighted Milne-type inequalities through Riemann-Liouville fractional integrals and diverse function classes,AIMS Mathematics
2024,June,Scopus,College of Science,Scientific,Well-posedness and Ulam-Hyers stability results of solutions to pantograph fractional stochastic differential equations in the sense of conformable derivatives,AIMS Mathematics
2024,June,Scopus,College of Science,Scientific,"α,β,γ− Neutrosophic aggregation operators and their applications in the software site selection",Heliyon
2024,June,Scopus,College of Science,Scientific,"Studies on structural, optical, thermal and low energy shielding for gamma rays for the ZSBP glasses",Nuclear Engineering and Technology
2024,June,Scopus,College of Science,Scientific,"Study of half-metallic ferromagnetism and transport characteristics of double perovskites Sr2AIrO6 (A = Y, Lu, Sc) for spintronic applications",RSC Advances
2024,June,Scopus,College of Science,Scientific,Study of Magnesium Ferrite/Polystyrene Composites for Microwave Absorption Applications,Journal of Electronic Materials
2024,June,Scopus,College of Science,Scientific,"Surface-enhanced Raman spectroscopy for the study of interaction of an antibacterial agent ([bis(1,3-dipentyl-1H-imidazol-2(3H)-ylidene)silver(i)]bromide) with Bacillus subtilis bacterial biofilms",RSC Advances
2024,June,Scopus,College of Science,Scientific,Synthesis and characterization of Nb5+ and Sm3+-doped 13–93 bioactive glass particles with improved photon transmission properties for advanced biomedical and dental applications,Ceramics International
2024,June,Scopus,College of Science,Scientific,"Synthesis and erudite insight into the structural, luminescence and thermal sensing characteristics of Sm3+ incorporated β-BaB2O4 novel phosphors",Journal of Solid State Chemistry
2024,June,Scopus,College of Science,Scientific,"Synthesis and investigating of the impact of the barium substitution on the structural, magnetic, magnetocaloric effect and critical properties of La0.7Ba0.3−xMn0.95Fe0.05O3 (x = 0 and 0.06)",Journal of Materials Science: Materials in Electronics
2024,June,Scopus,College of Science,Scientific,Synthesis of CuO/MnAl2O4 nanocomposite as electrocatalysts for robust oxygen evolution reaction,Journal of Physics and Chemistry of Solids
2024,June,Scopus,College of Science,Scientific,Synthesis of magnetic NiFe2O4/rGO heterostructure as potential photocatalyst for a breakdown of malachite green (MG) dye under the visible source of light,Diamond and Related Materials
2024,June,Scopus,College of Science,Scientific,"Synthesis, characterization and antimicrobial analysis of metal-doped (Zn2+ and Ag+) brushite powder for bone regeneration",Materials Chemistry and Physics
2024,June,Scopus,College of Science,Scientific,"Synthesis, Structural Investigations, and Dielectric Properties of Irradiated Flexible Polymeric Composite Films",ECS Journal of Solid State Science and Technology
2024,June,Scopus,College of Science,Scientific,The Riccati-Bernoulli sub-optimal differential equation method for analyzing the fractional Dullin-Gottwald-Holm equation and modeling nonlinear waves in fluid mediums,AIMS Mathematics
2024,June,Scopus,College of Science,Scientific,Theoretical assessment of the adsorption mechanism of Reactive Red 141 on metal hydroxide: Water remediation via statistical physics modelling,Surfaces and Interfaces
2024,June,Scopus,College of Science,Scientific,"Theoretical profiling of chloroperovskite compounds GaXCl3 (X = Ba, Sr) using density functional theory",Physica B: Condensed Matter
2024,June,Scopus,College of Science,Scientific,"Thermal, dosimetric and thermo-mechanical characterization of ABS and PLA polymer materials via plastic injection molding for innovative bolus materials in radiotherapy applications",Radiation Physics and Chemistry
2024,June,Scopus,College of Science,Scientific,Ultrasonic attenuation with relaxation at low temperatures of Nd3+ doped phosphate glasses for potential solid-state laser applications,Ceramics International
2024,June,Scopus,College of Science,Scientific,"Utilizing Cinnamomum verum extract for green synthesis of silver nanoparticles: Exploring optical properties, morphology, and potential applications",Journal of King Saud University - Science
2024,June,Scopus,College of Science,Scientific,"Rare earth based MgPm2X4 (X = S, Se) spinel chalcogenides for spintronic and thermoelectric applications",Journal of Rare Earths
2024,June,Scopus,College of Science,Scientific,Effect of poling on electrochemical properties of Ag/Ba0.85Ca0.15Zr0.1Ti0.9O3 composites,Environmental Progress and Sustainable Energy
2024,June,Scopus,College of Science,Scientific,Statistical physics investigation of the docking process of fruity odorants on Machilis hrabei MhOR5: New microscopic interpretations,Journal of Molecular Liquids
2024,June,Scopus,College of Science,Scientific,Gamma radiation-induced degradation of Acid Violet 49 in the presence of hydrogen peroxide (H2O2) in an aqueous medium,Zeitschrift fur Physikalische Chemie
2024,June,Scopus,College of Science,Scientific,Realizing the giant seebeck coefficient and electrical conductivity in SnTe thin films by grain engineering,Ceramics International
2024,June,Scopus,College of Science,Scientific,Harnessing bio-based chelating agents for sustainable synthesis of AgNPs: Evaluating their inherent attributes and antimicrobial potency in conjunction with honey,Heliyon
2024,June,Scopus,College of Science,Scientific,Impact of Cr doping on the structural and optoelectronic properties of a CsPbIBr2 perovskite solar cell,New Journal of Chemistry
2024,June,Scopus,College of Science,Scientific,Enhancing the structural and optoelectronic properties of double ETL nickel-doped CsPbIBr2 perovskite solar cells,CrystEngComm
2024,June,Scopus,College of Science,Scientific,Thermal and flow dynamics of blood-based Casson hybrid nanofluid under transient conditions,ZAMM Zeitschrift fur Angewandte Mathematik und Mechanik
2024,June,Scopus,College of Science,Scientific,Study of the time dependent MHD convective couple stress nanofluid flow across bidirectional periodically stretched frame using the homotopy analysis method,ZAMM Zeitschrift fur Angewandte Mathematik und Mechanik
2024,June,Scopus,College of Science,Scientific,"Exploring the Structural, Elastic and Optoelectronic Properties of Stable Sr2XSbO6 (X = Dy, La) Double Perovskites: Ab Initio Calculations",Journal of Inorganic and Organometallic Polymers and Materials
2024,June,Scopus,College of Science,Scientific,"Insight into the structural, mechanical, electronic and optical properties of X2CuAsF6 (X = Na, K) double perovskites for high energy applications employing DFT",Inorganic Chemistry Communications
2024,June,Scopus,College of Science,Scientific,Integrated operations planning model for the automotive wiring industry,Heliyon
2024,June,Scopus,College of Science,Scientific,Synthesis of bimetallic oxides (SrO-CoO) nanoparticles decorated polyacrylamide hydrogels for controlled drug release and wound healing applications,International Journal of Biological Macromolecules
2024,June,Scopus,College of Science,Scientific,Effects of using sinusoidal porous object (SPO) and perforated porous object (PPO) on the cooling performance of nano-enhanced multiple slot jet impingement for a conductive panel system,Propulsion and Power Research
2024,June,Scopus,College of Science,Scientific,Photocatalytic removal of methylene blue and Victoria blue R dyes using Tb and La-doped BaZnO2,Desalination and Water Treatment
2024,June,Scopus,College of Science,Scientific,Evaluation of hydrogen storage capacity of two-dimensional Sc2N MXene: A DFT study,International Journal of Hydrogen Energy
2024,June,Scopus,College of Science,Scientific,"Synthesis of Dy-doped calcium hexaferrite (CaDyxF12-xO19) nanoparticles and their ferroelectric, dielectric, magnetic and photocatalytic properties under solar light irradiation",Journal of Alloys and Compounds
2024,June,Scopus,College of Science,Scientific,Efficient hydrogen production via overall water splitting using CuO/ZnO decorated reduced graphene oxide as bifunctional electrocatalyst,Ceramics International
2024,June,Scopus,College of Science,Scientific,Revealing the dynamical properties of Jupiter-size exoplanets on elliptic orbits,"Chaos, Solitons and Fractals"
2024,June,Scopus,College of Science,Scientific,Facile fabrication of SnO2/MnTe nanocomposite as an efficient electrocatalyst for OER in basic media,Journal of Alloys and Compounds
2024,June,Scopus,College of Science,Scientific,Pt-N catalytic centres concisely enhance interfacial charge transfer in amines functionalized Pt@MOFs for selective conversion of CO2 to CH4,Journal of Colloid and Interface Science
2024,June,Scopus,College of Science,Scientific,"Efficient solutions for time fractional Sawada-Kotera, Ito, and Kaup-Kupershmidt equations using an analytical technique",AIMS Mathematics
2024,June,Scopus,College of Science,Scientific,Enhanced wastewater treatment by catalytic persulfate activation with protonated hydroxylamine-assisted iron: Insights from a deep learning-based numerical investigation,Chemosphere
2024,June,Scopus,College of Science,Scientific,Hierarchical Ti3C2/BiVO4 microcapsules for enhanced solar-driven water evaporation and photocatalytic H2 evolution,Journal of Colloid and Interface Science
2024,June,Scopus,College of Science,Scientific,"Insights into the Ab-initio calculations: Unraveling the structural, electronic, elastic, and optical properties of XSiO3 (X = Hg, Zn)",Physica B: Condensed Matter
2024,June,Scopus,College of Science,Scientific,"Revealing the remarkable structural, electronic, elastic, and optical properties of Zn-based fluoropervskite ZnXF3 (x = Sr, Ba) employing DFT",Indian Journal of Physics
2024,June,Scopus,College of Science,Scientific,"Insight into the structural, elastic, optoelectronic, and thermodynamic properties of GaXF3 (X = Se, Si) via density functional theory",Optical and Quantum Electronics
2024,June,Scopus,College of Science,Scientific,Natural ore filter cube decorated polypyrrole for effective thermal management and enhanced solar steam generator,Solar Energy
2024,June,Scopus,College of Science,Scientific,Noticeable influence of V-dopant on optoelectronic properties of ZnO films prepared by SILAR technique,Results in Physics
2024,June,Scopus,College of Science,Scientific,Fabrication of 0D/2D CoFe2O4/CoFe LDH composite intruded within CNTs network as a high-performance electrocatalyst for oxygen evolution and hydrogen evolution reactions,Results in Physics
2024,June,Scopus,College of Science,Scientific,Dynamics of stratified-convected Eyring-Powell nanoliquid featuring chemically reactive species and Ohmic dissipation: Application of Levenberg-Marquardt artificial neural networks(ALM-ANNs),International Journal of Heat and Fluid Flow
2024,June,Scopus,College of Science,Scientific,"Revealing the Structural, Elastic, Electronic, and Optical Properties of K2ScCuCl6 and K2YCuCl6: An In-Depth Exploration Using Density Functional Theory",ACS Omega
2024,June,Scopus,College of Science,Scientific,Evaluation of incorporation of granite waste and SnO2-NPs into coating mortar for gamma-ray shielding,Radiation Physics and Chemistry
2024,June,Scopus,College of Science,Scientific,"New lead barium borate glass system for radiation shielding applications: impacts of copper (II) oxide on physical, mechanical, and gamma-ray attenuation properties",Radiochimica Acta
2024,June,Scopus,College of Science,Scientific,"Evaluation of Structural, Electronic, Optical and Mechanical Properties of Na-based Oxide‐Perovskites NaXO3 (X = Co, Be, Ba): A DFT study",Materials Today Communications
2024,June,Scopus,College of Science,Scientific,Exploring optical tomography dynamics for a dissipative coherent cavity in interaction with two-level atomic system,Results in Physics
2024,June,Scopus,College of Science,Scientific,Reoxidation dynamics of the methylene blue reduced by laser-synthesized silver nanoparticle,Alexandria Engineering Journal
2024,June,Scopus,College of Science,Scientific,Exploring CeO2 dopant-induced emission in lithium calcium borate glasses,Applied Physics A: Materials Science and Processing
2024,June,Scopus,College of Science,Scientific,Pioneering fast oxygen reduction reaction kinetics in Nd2-xSr2xNiO4 cathode for low-temperature solid oxide fuel cell,Ceramics International
2024,June,Scopus,College of Science,Scientific,New conjugated copolymer MEH-PPV-P3HT with donor-acceptor system for organic optoelectronics applications: Experimental and theoretical study,Synthetic Metals
2024,June,Scopus,College of Science,Scientific,Effect of the π-stacking interaction mechanism inside a composite-based MEHPPV-P3HT mixed with different acceptor materials,Materials Today Communications
2024,June,Scopus,College of Science,Scientific,"Insight into the physical properties of lead-free Chloroperovskites GaXCl3 (X = Be, Ca) compounds: probed by DFT",Optical and Quantum Electronics
2024,June,Scopus,College of Science,Scientific,Exploring Si-centered phthalocyanine as a single atom catalyst for N2O reduction: a DFT study,Physical Chemistry Chemical Physics
2024,June,Scopus,College of Science,Scientific,Dysprosium oxide nanoparticle decorated on reduced graphene oxide sheets: Active and sustainable electrocatalyst for OER,Ceramics International
2024,June,Scopus,College of Science,Scientific,Facile sonication synthesis of MnAl2O4/ZnO nanocomposite as an advanced electrode material for supercapacitor applications,Journal of Alloys and Compounds
2024,June,Scopus,College of Science,Scientific,Facile synthesis of SnSe–MnTe nanocomposite as a promising electrode for supercapacitor applications,Journal of Physics and Chemistry of Solids
2024,June,Scopus,College of Science,Scientific,Electrochemical performance of FeNbO4/rGO as an electrode material for supercapacitor application,Diamond and Related Materials
2024,June,Scopus,College of Science,Scientific,"Novel Tb³⁺-Doped LaAl₂B₄O₁₀ phosphors: Structural analysis, luminescent properties, and energy transfer mechanism",Applied Radiation and Isotopes
2024,June,Scopus,College of Science,Scientific,Long-range polymer ordering by directional coating to remarkably enhance the charge carrier mobility in PCDTPT-based organic field-effect transistors,Royal Society Open Science
2024,June,Scopus,College of Science,Scientific,Enhancement of Capacitive Properties of Ce-Doped MnAl2O4 Electrode for High Performance Energy Storage Applications,JOM
2024,June,Scopus,College of Science,Scientific,Facile synthesis of perovskite ZnMnO3 composite with reduced graphene oxide via solvothermal route for supercapacitor applications,Journal of Materials Science: Materials in Electronics
2024,June,Scopus,College of Science,Scientific,Rational designing of derivatives of quinoline and iso-quinoline based hole transport materials for antimony chalcogenide and perovskite solar cells,Colloids and Surfaces A: Physicochemical and Engineering Aspects
2024,June,Scopus,College of Science,Scientific,Highly improved ionic conduction in reverse spinel structured CoAl2O4 and ZnO heterostructure through interfacial disordering,Ceramics International
2024,June,Scopus,College of Science,Scientific,Exploring beta irradiation responses in Sr2+-Doped hydroxyapatite: A thermoluminescence study,Ceramics International
2024,June,Scopus,College of Science,Scientific,Experimental and numerical study of temperature evolution and hydrogen desorption process on an amorphous alloy Mg50Ni50,Heliyon
2024,June,Scopus,College of Science,Scientific,Reduced graphene oxide-based silver selenide nanocomposite synthesized through hydrothermal method for oxygen evolution reaction,Journal of Alloys and Compounds
2024,June,Scopus,College of Science,Scientific,Enhancement in capacitive performance of Co3O4 with MnTiO3 via composite (MnTiO3/Co3O4) strategy developed by ultrasonication route,Journal of Alloys and Compounds
2024,June,Scopus,College of Science,Scientific,Experimental and theoretical investigation of water sorption on lemon leaves: New perspectives with statistical physical modeling,Journal of Molecular Liquids
2024,June,Scopus,College of Science,Scientific,"Influence of Fe2O3 on synthesis, structure, hardness, and radiation shielding properties of Apatite–Wollastonite (AW) glass ceramics for bone implantation and shielding applications",Ceramics International
2024,June,Scopus,College of Science,Scientific,On the dynamics of large-amplitude ion-acoustic waves in a non-Maxwellian plasma with nonthermal electrons and an electron beam,Physics of Fluids
2024,June,Scopus,College of Science,Scientific,"Fabrication, surface characterization and effect of oxygen irradiation on polymeric nanocomposite films",International Journal of Modern Physics B
2024,June,Scopus,College of Science,Scientific,"Investigation on structural, optical, thermal, and dielectric properties of nanocomposite films based on chitosan containing vanadium pentoxide/zinc oxide and their potential for optoelectronics devices",Journal of Molecular Structure
2024,June,Scopus,College of Science,Scientific,Influence of argon irradiations on modifying the surface properties and optical behavior of polymer composite films,Polymer-Plastics Technology and Materials
2024,June,Scopus,College of Science,Scientific,Enhancing the dielectric characteristics of argon beam irradiated polymer composite films,Surface Innovations
2024,June,Scopus,College of Science,Scientific,"Exploring plasma phenomena with the Nizhnik-Novikov-Veselov formula: Analyzing ion-acoustic waves, solitons, and shocks",Modern Physics Letters B
2024,June,Scopus,College of Science,Scientific,Integrating K+ into Eu and Tb doped GdCa4O(BO3)3: A dual study on photoluminescence and structure,Sensors and Actuators A: Physical
2024,June,Scopus,College of Science,Scientific,"Effect of strain on mechanical stability, phonon and electronic bands of PdScSb Heusler: A perception from high-throughput DFT",Inorganic Chemistry Communications
2024,June,Scopus,College of Science,Scientific,"Effect of titanium ion doping on γ-ray shielding, structure and dielectric characteristics of glasses made of barium zinc borate",Optical and Quantum Electronics
2024,June,Scopus,College of Science,Scientific,"Influence of WO3 replacement for CaO on physical, optical, and γ-ray protection properties of borotellurite glasses: A comparative study",Ceramics International
2024,June,Scopus,College of Science,Scientific,"Impact of La2O3 on Structural, Optical, Gamma Rays, and Neutron Properties of B2O3-SiO2-ZnO Glasses",Journal of Electronic Materials
2024,June,Scopus,College of Science,Scientific,One step hydrothermal preparation of NiFe2O4@g-CN nanosheets for low-cost electrode material storage devices,Journal of Materials Science: Materials in Electronics
2024,June,Scopus,College of Science,Scientific,Facile synthesis of CuMn2O4 nanoparticle supported on MoS2 nanorods via hydrothermal route for supercapacitor application,Materials Chemistry and Physics
2024,June,Scopus,College of Science,Scientific,Phase characterization and exraction of new forms of solitons for the (3+1)-dimensional q-deformed Sinh-Gordon equation,Journal of Taibah University for Science
2024,June,Scopus,College of Science,Scientific,On the equilibrium points of the collinear restricted 4-body problem with non-spherical bodies,Astronomy and Computing
2024,June,Scopus,College of Science,Scientific,Experimental and theoretical elastic qualities of Sm3+ impurities infused zinc telluro-phospho-borate glasses: A comparative assessment,Optik
2024,June,Scopus,College of Science,Scientific,Efficient reddish-orange emitting zinc telluro-phospho-borate: Sm3+ glasses for photonic devices,Journal of Non-Crystalline Solids
2024,June,Scopus,College of Science,Scientific,"Opto-electronic and thermophysical characteristics of A2TlAgF6 (A = Rb, Cs) for green technology applications",Journal of Computational Chemistry
2024,June,Scopus,College of Science,Scientific,Influence of TiO2 Nanoparticles on Enhancing the Properties Activity of Organic Polymeric Materials for Industrial Applications,ECS Journal of Solid State Science and Technology
2024,June,Scopus,College of Science,Scientific,Radiation shielding characteristics of PbO–BaO–B2O3–ZnO glass system against gamma rays: experimental study,Optical and Quantum Electronics
2024,June,Scopus,College of Science,Scientific,Effect of concentration of CuO on radiation shielding characteristics of Epoxy-resin materials,Radiation Physics and Chemistry
2024,June,Scopus,College of Science,Scientific,"Optimizing structural, morphological, optical, and photon attenuation properties of AZO nanocrystals for radiation shielding",Optical Materials
2024,June,Scopus,College of Science,Scientific,Influence of titanium dioxide doping on the attenuation and optical characteristics of magnesium borate glass systems,Ceramics International
2024,June,Scopus,College of Science,Scientific,"Exploring the multi-faceted potential: Synthesized ZnO nanostructure – Characterization, photocatalysis, and crucial biomedical applications",Heliyon
2024,June,Scopus,College of Science,Scientific,Effect of single and double pulse laser-induced breakdown spectroscopy towards steel alloy in different gaseous media,Materials Chemistry and Physics
2024,June,Scopus,College of Science,Scientific,Effect of Mn dopant on physiochemical properties of V2O5 and their photocatalytic application toward mineralization of malachite green (MG) dye,Materials Chemistry and Physics
2024,June,Scopus,College of Science,Scientific,Fabrication of Bi-doped In2S3 thin films for highly sensitive UV photodetector applications,Journal of Photochemistry and Photobiology A: Chemistry
2024,June,Scopus,College of Science,Scientific,Heterostructure formation of perovskite with rGO as energy storage electrode material,Materials Science and Engineering: B
2024,June,Scopus,College of Science,Scientific,Hydrothermal synthesis of NiS2@SnS2 nanohybrid for the water splitting application,Materials Chemistry and Physics
2024,June,Scopus,College of Science,Scientific,Preparation of biomolecular anthocyanin-immobilized plasma-cured nonwoven fibers from pomegranate (Punica granatum L.) and recycled cotton waste for detection of ammonia,Journal of Cleaner Production
2024,June,Scopus,College of Science,Scientific,Preparation of multifunctional and mechanically-reliable smart wood infiltrated with cellulose nanocrystal-reinforced polyvinyl alcohol nanocomposite,International Journal of Biological Macromolecules
2024,June,Scopus,College of Science,Scientific,"Silica nanoparticle-reinforced polyurethane plastic immobilized with strontium aluminate nanofiller: Ultraviolet protection, superhydrophobicity and photoluminescence",Journal of Photochemistry and Photobiology A: Chemistry
2024,June,Scopus,College of Science,Scientific,Surface-silanized glass nanofibers and aluminate nanoparticles as reinforcing agents for acrylic emulsion toward multifunctional stimuli-responsive composite coatings,Ceramics International
2024,June,Scopus,College of Science,Scientific,Preparation of transparent electrospun nanofibrous membrane from long-persistent phosphor-reinforced polymer for security authentication,Journal of Applied Polymer Science
2024,June,Scopus,College of Science,Scientific,"Synthesis, Characterization and Antimicrobial and Anticancer Evaluations of Some Novel Heteroannulated Difuro[3,2-c:3′,2′-g]Chromenes",Molecules
2024,June,Scopus,College of Science,Scientific,"Eco-synthesis route: Developing bis-hydrazono[1,2,4]-thiadiazoles via a green synthetic approach with calcium oxide-chitosan nanocomposite",International Journal of Biological Macromolecules
2024,June,Scopus,College of Science,Scientific,La3+-adjusted optical and ligand field parameters in low CoO impurities Na2O–ZnO borate glass matrix,Optical Materials
2024,June,Scopus,College of Science,Scientific,"Sustainable HPLC technique for measurement of antidiabetic drugs: Appraisal of green and white metrics, content uniformity, and in vitro dissolution",Reviews in Analytical Chemistry
2024,June,Scopus,College of Science,Scientific,"Solvent effects and Raman enhancement during the adsorption of atrazine on pristine Ag, Au, Cu and mixed clusters",Computational and Theoretical Chemistry
2024,June,Scopus,College of Science,Scientific,"Thermal atomic layer deposition of aluminum oxide, nitride, and oxynitride: A mechanistic investigation",AIP Advances
2024,June,Scopus,College of Science,Scientific,Investigating electrical and dielectric characteristics of sodium chloride-based biodegradable polymer blend electrolytes for sustainable energy storage technology,Solid State Ionics
2024,June,Scopus,College of Science,Scientific,Unlocking low-concentration NH3 gas sensing: An innovative MOF-derived In2O3/Co3O4 nanocomposite approach,Materials Science in Semiconductor Processing
2024,June,Scopus,College of Science,Scientific,pH-switchable hydrophobic deep eutectic solvent-based liquid phase microextraction for detecting morphine and codeine in whole blood samples followed by HPLC-UV,Journal of King Saud University - Science
2024,June,Scopus,College of Science,Scientific,Polyester fabric supported graphene oxide/Cu-Ag bimetallic nanoparticles as a “dip catalyst” for the reduction of p-nitrophenol and organic dyes,Colloids and Surfaces A: Physicochemical and Engineering Aspects
2024,June,Scopus,College of Science,Scientific,Non-Enzymatic Electrochemical Sensing of Bisphenol A in Drinking Water and Milk Using Bimetallic Nickel-Copper Metal–Organic Framework,Journal of Analysis and Testing
2024,June,Scopus,College of Science,Scientific,"THERMAL, X-RAY SPECTROSCOPY, MORPHOLOGICAL, DENSITY FUNCTIONAL THEORY AND MOLECULAR MODELING STUDIES ON YTTRIUM(III), GERMANIUM(IV), TUNGSTEN(VI), AND SILICON PENICILLINATE ANTIBIOTIC COMPLEXES",Bulletin of the Chemical Society of Ethiopia
2024,June,Scopus,College of Science,Scientific,Efficient 2-Nitrophenol determination based on ultra-sonochemically prepared low-dimensional Au-nanoparticles decorated ZnO-chitosan nanocomposites by linear sweep voltammetry,Journal of Science: Advanced Materials and Devices
2024,June,Scopus,College of Science,Scientific,Evaluation of novel synthesized thiazole derivatives as potential aromatase inhibitors against breast cancer,Future Medicinal Chemistry
2024,June,Scopus,College of Science,Scientific,Noncovalent interactions between quinoxalines and protoporphyrinogen oxidase (PPO): a computational case study for herbicidal applications,Chemical Papers
2024,June,Scopus,College of Science,Scientific,Estimation of the residual useful life of EV batteries using advanced hybrid learning tools,Electrical Engineering
2024,June,Scopus,College of Science,Scientific,Recent Advancements in Ascribing Several Platinum Free Electrocatalysts Pertinent to Hydrogen Evolution from Water Reduction,Chemistry - An Asian Journal
2024,June,Scopus,College of Science,Scientific,Synthesis and characterisation of MXene based-LDH photocatalytic materials for the removal of toxic pharmaceutical effluents,Journal of Molecular Liquids
2024,June,Scopus,College of Science,Scientific,"Environmental influences of La3+ ions on the structural, ligand field, and optical characteristics of Mn2+/Mn3+ ions inside heavy metal borate glass",Journal of Alloys and Compounds
2024,June,Scopus,College of Science,Scientific,Expression of CD44 is associated with aggressiveness in seminomas,Molecular Biology Reports
2024,June,Scopus,College of Science,Scientific,"Structural, morphological, and EMI shielding evaluations of Sm-Mn co-doped Sr-based M-type hexaferrite for Ku band applications",Journal of Alloys and Compounds
2024,June,Scopus,College of Science,Scientific,Microalbuminuria and lipid variations in adolescents diagnosed with type 1 diabetes,Heliyon
2024,June,Scopus,College of Science,Scientific,The correlations between angiopoietin like 8 and cardiometabolic risk factors in Saudi women with type 2 diabetes mellitus: A pilot study,Diabetes & vascular disease research
2024,June,Scopus,College of Science,Scientific,Machine learning-assisted chemical space generation of small molecule organic semiconductors for efficient photodetectors,Computational Materials Science
2024,June,Scopus,College of Science,Scientific,"Exploring the Potential Biological Activities of Pyrazole-Based Schiff Bases as Anti-Diabetic, Anti-Alzheimer’s, Anti-Inflammatory, and Cytotoxic Agents: In Vitro Studies with Computational Predictions",Pharmaceuticals
2024,June,Scopus,College of Science,Scientific,"High frequency enhancement of dielectric constant, crystal structure analysis, and magnetic properties of Pr3+- Zn2+ substituted Co2Y-type barium hexagonal ferrites",Materials Chemistry and Physics
2024,June,Scopus,College of Science,Scientific,Highly morphological behavior AgI/P1HP intercalated with iodide ions in the polymer chains as a promising photocathode for the hydrogen generation from Red Sea water,Optical and Quantum Electronics
2024,June,Scopus,College of Science,Scientific,Synthesis of heterogeneous mesoporous tetrafunctionalalized porphyrin-aliphatic diamine based framework encapsulated vanadium containing POM as electrocatalyst for hydrogen and oxygen evolution reactions,Journal of Electroanalytical Chemistry
2024,June,Scopus,College of Science,Scientific,Multi-walled carbon nanotubes with embedded nickel sulphide as an effective electrocatalyst for Bi-functional water splitting,International Journal of Hydrogen Energy
2024,June,Scopus,College of Science,Scientific,Niacin based MOF as efficient nano-catalyst in the synthesis of some new benzothiazoles and benzimidazoles as anti-Alzheimer (AChE inhibitors),Journal of Molecular Structure
2024,June,Scopus,College of Science,Scientific,"Microwave-assisted extraction of green tea catechins and antioxidant activity of tea extracts: The role of solvents, microwave power, and contact time",Microchemical Journal
2024,June,Scopus,College of Science,Scientific,Optimizing photocatalytic and supercapacitive performance by β-Bi2O3@BiFeO3 modification with PVDF polymer based nanocomposites,Colloids and Surfaces A: Physicochemical and Engineering Aspects
2024,June,Scopus,College of Science,Scientific,"Effect on structural, electronic and optical properties of mixed functionalized two dimensional Sc2CTxT’1-x MXenes: A DFT study",Physica B: Condensed Matter
2024,June,Scopus,College of Science,Scientific,Mg doped zinc manganese spinel ferrite: Fabrication and investigation of the structural and photocatalytic properties,Journal of the Indian Chemical Society
2024,June,Scopus,College of Science,Scientific,Facile fabrication and electrochemical studies of Bi-Al codoped MoO3 and its composite with r-GO for supercapacitor applications,Ceramics International
2024,June,Scopus,College of Science,Scientific,"Improvement of structural, morphological and thermoelectric power factor of thermally evaporated Sr doped SnTe film",Ceramics International
2024,June,Scopus,College of Science,Scientific,Kinetics of Electrocatalytic Oxygen Reduction Reaction over an Activated Glassy Carbon Electrode in an Alkaline Medium,Catalysts
2024,June,Scopus,College of Science,Scientific,"Synthesis, optical, and spectroscopic studies of bismuth boro-tellurite glass system containing BaO and V2O5",Optical and Quantum Electronics
2024,June,Scopus,College of Science,Scientific,Polyoxometalate based ionic liquids reinforced on magnetic nanoparticles: A sustainable solution for microplastics and heavy metal ions elimination from water,Microchemical Journal
2024,June,Scopus,College of Science,Scientific,Direct evidence of time-dependent crystallization evolution of SAPO-34 and SAPO-20 zeolites directed by trimethylbenzylammonium hydroxide for microwave-assisted ethanolysis of furfuryl alcohol,New Journal of Chemistry
2024,July,Scopus,Foundation Year for Health Colleges,Health-related / Medical,Antioxidant and Anti-inflammatory Applications of Aerva persica Aqueous-Root Extract-Mediated Synthesis of ZnO Nanoparticles,ACS Omega
2024,July,Scopus,Foundation Year for Health Colleges,Health-related / Medical,Health beliefs of unmarried adult Saudi individuals toward safe marriage and the role of premarital screening in avoiding consanguinity: a nationwide cross-sectional study,Frontiers in Public Health
2024,July,Scopus,College of Education and Human Development,Humanitarian ,"Chitosan-lysine nanoparticles for sustained delivery of capecitabine: Formulation, characterization, and evaluation of anticancer and antifungal properties with molecular docking insights on anti-inflammatory potential",Inorganic Chemistry Communications
2024,July,WOS,College of Education and Human Development,Humanitarian ,Enhanced adsorption of ceftriaxone antibiotics from water by mesoporous copper oxide nanosphere,DESALINATION AND WATER TREATMENT
2024,July,WOS,College of Education and Human Development,Humanitarian ,Enhancing predictive accuracy for Cr(VI) removal in polymer inclusion membranes: A comparative study of machine learning models,INORGANICA CHIMICA ACTA
2024,July,WOS,College of Education and Human Development,Humanitarian ,Saudi teachers' perceptions on pedagogical affordances of digital applications in teaching students with learning disabilities,INTERACTIVE LEARNING ENVIRONMENTS
2024,July,WOS,College of Education and Human Development,Humanitarian ,"Study of structural, electronic, mechanical, optical and thermoelectric properties of As based halide-perovskites Ba3AsX3 (X= F, Cl): A first-principles insights",JOURNAL OF MATERIALS RESEARCH AND TECHNOLOGY-JMR&T
2024,July,WOS,College of Education and Human Development,Humanitarian ,"Synergistic shielding of copper from nitric acid corrosion: Unveiling the mechanisms through electrochemical, characterization, and computational insights with 2-Hydroxybenzaldehyde oxime",INORGANIC CHEMISTRY COMMUNICATIONS
2024,July,WOS,College of Education and Human Development,Humanitarian ,Zn/Ni catalyst facilitates the oxidation of ethyl lactate to ethyl pyruvate by selective progressions on mesoporous SBA-15 support by a continuous processing approach,MOLECULAR CATALYSIS
2024,July,Scopus,College of Education and Human Development,Humanitarian ,"Studies of Gamma Ray Shielding Properties of Lead-Free Tungsten-Borate-Tellurite Glasses (xWO3-20B2O3-(80 − x)TeO2); (x = 10, 15, 20 and 25)",Journal of Electronic Materials
2024,July,Scopus,College of Education and Human Development,Humanitarian ,"Mimosa/quince seed mucilage–co-poly (methacrylate) hydrogels for controlled delivery of capecitabine: Simulation studies, characterization and toxicological evaluation",International Journal of Biological Macromolecules
2024,July,Scopus,College of Education and Human Development,Humanitarian ,"Enhancing Bifidobacterium and lactic acid bacteria activity, and improving oxidative stability in functional algal concentrated yoghurt with Spirulina platensis powder; [Підвищення активності біфідобактерій та молочнокислих бактерій, а також покращення окислювальної стабільності у функціональному водоростевому концентрованому йогурті з порошком Spirulina platensis]",Scientific Horizons
2024,July,Scopus,College of Nursing,Health-related / Medical,Awareness of Shaken Baby Syndrome among Saudi Nursing Students: A Cross-Sectional Study,Healthcare (Switzerland)
2024,July,WOS,College of Nursing,Health-related / Medical,Exploring the National Nursing Research Priorities in the Eastern Mediterranean Region and Overcoming the Associated Challenges: An Expert Opinion,CUREUS JOURNAL OF MEDICAL SCIENCE
2024,July,WOS,College of Nursing,Health-related / Medical,Prevalence of stress and types of coping strategies among adolescents (14-18 years) in collectivist communities,JOURNAL OF PEDIATRIC NURSING-NURSING CARE OF CHILDREN & FAMILIES
2024,July,Scopus,College of Nursing,Health-related / Medical,"Psychological Distress, Academic Stress, and Burnout among Saudi Undergraduate Nursing Students",Journal of Clinical Medicine
2024,July,Scopus,College of Nursing,Health-related / Medical,The perception and association between depression and academic stress among female undergraduate nursing students: a cross-sectional study,Frontiers in Public Health
2024,July,Scopus,College of Nursing,Health-related / Medical,Proteomics Analysis of Proteotoxic Stress Response in In-Vitro Human Neuronal Models,International Journal of Molecular Sciences
2024,July,Scopus,College of Nursing,Health-related / Medical,The Impact of Parental Involvement in the Prevention and Management of Obesity in Children: A Systematic Review and Meta-Analysis of Randomized Controlled Trials,Children
2024,July,WOS,College of Health and Rehabilitation Sciences,Health-related / Medical,A Culture of Early Mobilization in Adult Intensive Care Units: Perspective and Competency of Physicians,HEALTHCARE
2024,July,WOS,College of Health and Rehabilitation Sciences,Health-related / Medical,"Effects of water additive mixed probiotics on water quality, growth performance, feed utilization, biochemical analyses and disease resistance against Aeromonas sobria of Nile tilapia",DESALINATION AND WATER TREATMENT
2024,July,WOS,College of Health and Rehabilitation Sciences,Health-related / Medical,Predicting functional movement capacity in adults: the effect of range of motion and isometric strength,BMC SPORTS SCIENCE MEDICINE AND REHABILITATION
2024,July,WOS,College of Health and Rehabilitation Sciences,Health-related / Medical,The pilot study of the effect of six-week robot-assisted ankle training on mobility and strength of lower extremity and life habits for children with cerebral palsy,HELIYON
2024,July,Scopus,College of Health and Rehabilitation Sciences,Health-related / Medical,Factors associated with postpartum fatigue: an exploration of the moderating role of resilience,Frontiers in Public Health
2024,July,Scopus,College of Health and Rehabilitation Sciences,Health-related / Medical,Impact of carbimazole combined with vitamin E on testicular injury induced by experimental hyperthyroidism in adult albino rats: oxidative/ inflammatory/apoptotic pathways,Asian Journal of Andrology
2024,July,Scopus,College of Health and Rehabilitation Sciences,Health-related / Medical,Evaluating attitudes toward soft drink consumption among adults in Saudi Arabia: Five years after selective taxation implementation,Preventive Medicine Reports
2024,July,Scopus,College of Health and Rehabilitation Sciences,Health-related / Medical,"Translation and Cross-Cultural Adaptation of Arabic Version of the Speech, Spatial, and Qualities of Hearing Scale for Parents",Journal of Allied Health
2024,July,WOS,College of pharmacy,Health-related / Medical,Attention-Deficit Hyperactivity Disorder Symptoms in Adults Diagnosed with Multiple Sclerosis: Prevalence and Correlates,JOURNAL OF CLINICAL MEDICINE
2024,July,WOS,College of pharmacy,Health-related / Medical,"Discovery of Novel and Selective Schiff Base Inhibitors as a Key for Drug Synthesis, Molecular Docking, and Pharmacological Evaluation",ACS OMEGA
2024,July,WOS,College of pharmacy,Health-related / Medical,Eco-friendly green synthesis of silver nanoparticles utilizing olive oil waste by-product and their incorporation into a chitosan-aloe vera gel composite for enhanced wound healing in acid burn injuries,INORGANIC CHEMISTRY COMMUNICATIONS
2024,July,WOS,College of pharmacy,Health-related / Medical,Extended thromboprophylaxis in heart failure patients; the unmet need,HEART FAILURE REVIEWS
2024,July,WOS,College of pharmacy,Health-related / Medical,In vitro β-glucuronidase and in silico molecular docking studies of thiazole-fused-thiadiazole derivatives prepared through molecular-iodine promoted [3+2] oxidative cyclization,JOURNAL OF MOLECULAR STRUCTURE
2024,July,WOS,College of pharmacy,Health-related / Medical,Local Anesthetic Infiltration for Pain Control in Aesthetic Breast Reduction Surgery: A Systematic Review and Meta-analysis of Randomized Controlled Trials,AESTHETIC PLASTIC SURGERY
2024,July,WOS,College of pharmacy,Health-related / Medical,Study of phytochemical compound and antipyretic activity of Chenopodium ambrosioides L. fractions,OPEN CHEMISTRY
2024,July,WOS,College of pharmacy,Health-related / Medical,The urgency of Marburg therapeutics: preventing local outbreaks from the potential global spread,FRONTIERS IN MICROBIOLOGY
2024,July,Scopus,College of pharmacy,Health-related / Medical,Neohesperidin-loaded microemulsion for improved healing of Acinetobacter baumannii-infected wound,Journal of Drug Delivery Science and Technology
2024,July,Scopus,College of pharmacy,Health-related / Medical,"Evaluating community pharmacists awareness, perception and roles in providing emergency contraceptives in Jordan",Contraception
2024,July,Scopus,College of pharmacy,Health-related / Medical,Greater mechanistic understanding of the cutaneous pathogenesis of Stevens-Johnson syndrome/toxic epidermal necrolysis can shed light on novel therapeutic strategies: a comprehensive review,Current Opinion in Allergy and Clinical Immunology
2024,July,Scopus,College of pharmacy,Health-related / Medical,Engineering of the Central Core on DBD-Based Materials with Improved Power-Conversion Efficiency by Using the DFT Approach,ACS Omega
2024,July,Scopus,College of pharmacy,Health-related / Medical,Modeling and validation of drug release kinetics using hybrid method for prediction of drug efficiency and novel formulations,Frontiers in Chemistry
2024,July,WOS,College of pharmacy,Health-related / Medical,Herpes simplex virus reactivation among hematopoietic stem cell transplant recipients: re-evaluating acyclovir dosage,BONE MARROW TRANSPLANTATION
2024,July,Scopus,College of Medicine,Health-related / Medical,Development of a fluorescent nano-sensing probe for atomoxetine analysis: Additional clinical pharmacokinetic study,Spectrochimica Acta - Part A: Molecular and Biomolecular Spectroscopy
2024,July,WOS,College of Medicine,Health-related / Medical,Awareness of consanguineous marriage burden and willingness towards premarital genetic testing in Sudan: a national cross-sectional study,ANNALS OF MEDICINE AND SURGERY
2024,July,WOS,College of Medicine,Health-related / Medical,Persistent hypocalcemia post total thyroidectomy in a case of Hashimoto's thyroiditis,INTERNATIONAL JOURNAL OF SURGERY CASE REPORTS
2024,July,Scopus,College of Medicine,Health-related / Medical,Retrospective Analysis of Effective Management Strategies for Primary Amenorrhea of Reproductive Age in Saudi Arabia,Life
2024,July,Scopus,College of Medicine,Health-related / Medical,Rare Case of Adrenal Hemangioma Discovered Incidentally during Renal Colic Investigation,American Journal of Case Reports
2024,July,Scopus,College of Science,Scientific,"Bioaccumulation of heavy metals in water, sediments, and tissues and their histopathological effects on Unio tigridis (Bourguignat 1852)",Acta Geophysica
2024,July,Scopus,College of Science,Scientific,"Cinnamon nanoemulsion mitigates acetamiprid-induced hepatic and renal toxicity in rats: biochemical, histopathological, immunohistochemical, and molecular docking analysis",BMC Veterinary Research
2024,July,Scopus,College of Science,Scientific,"Antioxidant, anti-inflammatory, and anti-DNA damage effects of carnosic acid against aflatoxin B1-induced hepatic, renal, and cardiac toxicities in rats",Toxicology Research
2024,July,Scopus,College of Science,Scientific,Bimetallic nanoparticles and biochar produced by Adansonia Digitata shell and their effect against tomato pathogenic fungi,PeerJ
2024,July,Scopus,College of Science,Scientific,Are microplastics efficient remediation tools for removing the statin Lipitor? A laboratory experiment with meiobenthic nematodes,Frontiers in Marine Science
2024,July,Scopus,College of Science,Scientific,Coactive Application of Bacillus Mycoides PM35 and Calcium Oxide Nanoparticles Stimulate Gene Expression Responses in Maize (Zea Mays L.) under Chromium Stress,Journal of Soil Science and Plant Nutrition
2024,July,Scopus,College of Science,Scientific,Antifungal activity of Carica papaya fruit extract against Microsporum canis: in vitro and in vivo study,Frontiers in Microbiology
2024,July,Scopus,College of Science,Scientific,Advancements in SARS-CoV-2 detection: Navigating the molecular landscape and diagnostic technologies,Heliyon
2024,July,Scopus,College of Science,Scientific,"Correction to: Performance and genotypic variability in diverse date palm (Phoenix dactylifera L.) cultivars for fruit characteristics (Genetic Resources and Crop Evolution, (2024), 71, 5, (1759-1772), 10.1007/s10722-023-01719-0)",Genetic Resources and Crop Evolution
2024,July,Scopus,College of Science,Scientific,"Antifungal, Antibacterial, and Antioxidant Activities of Camel Whey Protein Hydrolysates",Polish Journal of Environmental Studies
2024,July,Scopus,College of Science,Scientific,"Correction to: Seed Priming with Iron Oxide Nanoparticles Ameliorates As Toxicity by Decreasing Organic Acid Exudation Pattern and Modulating Specific Gene Expression in Rapeseed (Brassica napus L.) (Journal of Plant Growth Regulation, (2024), 10.1007/s00344-024-11345-4)",Journal of Plant Growth Regulation
2024,July,Scopus,College of Science,Scientific,Applications of humic and fulvic acid under saline soil conditions to improve growth and yield in barley,BMC Plant Biology
2024,July,Scopus,College of Science,Scientific,Advancing Arsenic Toxicity Mitigation in Rice (Oryza sativa L.) with Rice Straw Biochar and Silicon: A Study on Morpho-Physio-Biochemical Responses,Journal of Soil Science and Plant Nutrition
2024,July,Scopus,College of Science,Scientific,"Does Erodium trifolium (Cav.) Guitt exhibit medicinal properties? Response elements from phytochemical profiling, enzyme-inhibiting, and antioxidant and antimicrobial activities",Open Chemistry 
2024,July,Scopus,College of Science,Scientific,Development of microbial desalination cells for the treatment of reverse osmosis reject water: A new benchtop approach,Environmental Technology and Innovation
2024,July,Scopus,College of Science,Scientific,ACTL6A: unraveling its prognostic impact and paving the way for targeted therapeutics in carcinogenesis,Frontiers in Molecular Biosciences
2024,July,Scopus,College of Science,Scientific,An in-silico investigation based on molecular simulations of novel and potential brain-penetrant GluN2B NMDA receptor antagonists as anti-stroke therapeutic agents,Journal of Biomolecular Structure and Dynamics
2024,July,Scopus,College of Science,Scientific,Ameliorative effect of licorice extract against the detrimental effect of glyphosate-based pesticide: Toxicity and health,Heliyon
2024,July,Scopus,College of Science,Scientific,"Alleviating chromium-induced oxidative stress in Vigna radiata through exogenous trehalose application: insights into growth, photosynthetic efficiency, mineral nutrient uptake, and reactive oxygen species scavenging enzyme activity enhancement",BMC Plant Biology
2024,July,Scopus,College of Science,Scientific,"Bacillus velezensis B63 and chitosan control root rot, improve growth and alter the rhizosphere microbiome of geranium",Phytopathologia Mediterranea
2024,July,Scopus,College of Science,Scientific,"Corrigendum: In silico and in vivo evaluation of the anti-cryptosporidial activity of eugenol(Front. Vet. Sci., (2024), 11, (1374116), 10.3389/fvets.2024.1374116)",Frontiers in Veterinary Science
2024,July,Scopus,College of Science,Scientific,Deciphering the genetic landscape of seedling drought stress tolerance in wheat (Triticum aestivum L.) through genome-wide association studies,Frontiers in Plant Science
2024,July,Scopus,College of Science,Scientific,"Biochemical and nutritional analysis of seaweed (Iyengaria stellata) and its therapeutic significance, using antioxidant, antimicrobial, and hypoglycemic activities",South African Journal of Botany
2024,July,Scopus,College of Science,Scientific,Beneath the Surface: Investigating soil microbial and metazoa communities at various depths in a natural desert ecosystem inhabited by Karelinia caspia,Ecological Indicators
2024,July,Scopus,College of Science,Scientific,Deciphering molecular mechanisms underlying the inhibition of β-glucuronidase by xanthones from Centaurium spicatum,Bioorganic Chemistry
2024,July,Scopus,College of Science,Scientific,A solution for fillet quality: Slaughter age's effect on protein mechanism and oxidation,Heliyon
2024,July,Scopus,College of Science,Scientific,"Cellulose-based Co–Fe LDH composite as a nano-adsorbent for sulfamethoxazole and cefixime residues: Evaluation of performance, green metrics and cytotoxicity",Journal of Contaminant Hydrology
2024,July,Scopus,College of Science,Scientific,"Asiatic acid rescues intestinal tissue by suppressing molecular, biochemical, and histopathological changes associated with the development of ulcerative colitis",Bioscience reports
2024,July,Scopus,College of Science,Scientific,"Assessing the Impacts of Different Levels of Nano-Selenium on Growth Performance, Serum Metabolites, and Gene Expression in Heat-Stressed Growing Quails",Veterinary Sciences
2024,July,Scopus,College of Science,Scientific,Annona squamosa Fruit Extract Ameliorates Lead Acetate-Induced Testicular Injury by Modulating JAK-1/STAT-3/SOCS-1 Signaling in Male Rats,International Journal of Molecular Sciences
2024,July,Scopus,College of Science,Scientific,"Assessing fertiliser-induced adulteration and nutrient imbalance in paddy-growing soils in Punjab, India",Paddy and Water Environment
2024,July,Scopus,College of Science,Scientific,Antioxidant effects and potential molecular mechanism of action of Diplocyclos palmatus (L.) C. Jeffrey fruits based on systematic network pharmacology with experimental validation,Journal of Molecular Structure
2024,July,Scopus,College of Science,Scientific,"Antiacne Gel Containing Aloe vera and Clindamycin Phosphate: Design, Characterization, and Optimization Using Response Surface Methodology",International Journal of Polymer Science
2024,July,Scopus,College of Science,Scientific,Computational analysis and expression profiling of two-component system (TCS) gene family members in mango (Mangifera indica) indicated their roles in stress response,Functional Plant Biology
2024,July,Scopus,College of Science,Scientific,"Analysis of genetic diversity, population structure and phylogenetic relationships of rice (Oryza sativa L.) cultivars using simple sequence repeat (SSR) markers",Genetic Resources and Crop Evolution
2024,July,Scopus,College of Science,Scientific,"Comparative Prevalence of Virulence Genes and Antibiotic Resistance in Campylobacter jejuni Isolated from Broilers, Laying Hens and Farmers",Pakistan Veterinary Journal
2024,July,Scopus,College of Science,Scientific,"Bee chitosan nanoparticles loaded with apitoxin as a novel approach to eradication of common human bacterial, fungal pathogens and treating cancer",Frontiers in Microbiology
2024,July,WOS,College of Science,Scientific,Actomyosin organelle functions of SPIRE actin nucleators precede animal evolution,COMMUNICATIONS BIOLOGY
2024,July,WOS,College of Science,Scientific,"Analysis of the sustainability index for ecologically low-input integrated farming: A comprehensive assessment of environmental, economic, and social impact",ECOLOGICAL MODELLING
2024,July,WOS,College of Science,Scientific,Assessment of activated carbon/alginate for the concurrent removal efficiency of paracetamol and caffeine from wastewater in their binary solutions,CHINESE JOURNAL OF ANALYTICAL CHEMISTRY
2024,July,WOS,College of Science,Scientific,Crossbreeding parameters for body weight data from a complete diallel mating scheme using three breeds of rabbit,ARCHIVES ANIMAL BREEDING
2024,July,WOS,College of Science,Scientific,"Effect of dietary supplementation of macadamia oil on the growth, immune function, physio-biochemical components and thyroid activity of growing rabbits",JOURNAL OF ANIMAL PHYSIOLOGY AND ANIMAL NUTRITION
2024,July,WOS,College of Science,Scientific,Exploring KRas Protein Dynamics: An Integrated Molecular Dynamics Analysis of KRas Wild and Mutant Variants,ACS OMEGA
2024,July,WOS,College of Science,Scientific,Impacts of storage period and egg weight on hatching and growth performance of growing Japanese quails,POULTRY SCIENCE
2024,July,WOS,College of Science,Scientific,Layered double hydroxide/conductive polymer nanocomposites: Toward multifunctional biocompatible nanoadsorbents for wastewater treatment applications,SEPARATION SCIENCE AND TECHNOLOGY
2024,July,WOS,College of Science,Scientific,Myco-fabricated silver nanoparticle by novel soil fungi from Saudi Arabian desert and antimicrobial mechanism,SCIENTIFIC REPORTS
2024,July,WOS,College of Science,Scientific,Nano-Bioremediation of Arsenic and Its Effect on the Biological Activity and Growth of Maize Plants Grown in Highly Arsenic-Contaminated Soil,NANOMATERIALS
2024,July,WOS,College of Science,Scientific,Risk factors of diabetes and cancer-specific mortalities in patients with infiltrating ductal carcinoma of the breast: a population-based study,EUROPEAN JOURNAL OF CANCER PREVENTION
2024,July,WOS,College of Science,Scientific,Strengthen sunflowers resilience to cadmium in saline-alkali soil by PGPR-augmented biochar,ECOTOXICOLOGY AND ENVIRONMENTAL SAFETY
2024,July,WOS,College of Science,Scientific,Structural adaptations of the beak and oropharyngeal cavity roof in migratory Anas crecca: Distinctive scanning electron microscopic pattern of its filter feeding apparatus,ZOOLOGISCHER ANZEIGER
2024,July,WOS,College of Science,Scientific,"Synergistic effect of green synthesis magnesium oxide nanoparticles and seaweed extract on improving water quality, health benefits, and disease resistance in Nile tilapia",ECOTOXICOLOGY AND ENVIRONMENTAL SAFETY
2024,July,WOS,College of Science,Scientific,Transforming bio-waste lignin into amine functionalized carbon quantum dots for selective detection of trace Cu2+ in aqueous system,INTERNATIONAL JOURNAL OF BIOLOGICAL MACROMOLECULES
2024,July,Scopus,College of Science,Scientific,Coherent manipulation of Brewster angles and phase shifts for both left right circularly polarized beams in chiral medium,Optik
2024,July,Scopus,College of Science,Scientific,"Characterization of (α, β) Jordan bi-derivations in prime rings",AIMS Mathematics
2024,July,Scopus,College of Science,Scientific,Chaotic behavior and construction of a variety of wave structures related to a new form of generalized q-Deformed sinh-Gordon model using couple of integration norms,AIMS Mathematics
2024,July,Scopus,College of Science,Scientific,Bivariate q- generalized extreme value distribution: A comparative approach with applications to climate related data,Heliyon
2024,July,Scopus,College of Science,Scientific,A survey on fractal fractional nonlinear Kawahara equation theoretical and computational analysis,Scientific Reports
2024,July,Scopus,College of Science,Scientific,Deriving weighted Newton-type inequalities for diverse function classes through Riemann–Liouville fractional integrals,"Chaos, Solitons and Fractals"
2024,July,Scopus,College of Science,Scientific,Data analysis with applications in physics and engineering using XLindley model with improved adaptive Type-II progressively censored samples,Heliyon
2024,July,Scopus,College of Science,Scientific,Analytical solutions of thermomechanical interaction in living tissues under dual phase-lag model,Indian Journal of Physics
2024,July,Scopus,College of Science,Scientific,"A novel compound G family with properties, copulas, modelling the asymmetric and positive-skewed engineering and medical data",Alexandria Engineering Journal
2024,July,Scopus,College of Science,Scientific,A ROTATING WAVY CYLINDER ON BIOCONVECTION FLOW OF NANOENCAPSULATED PHASE CHANGE MATERIALS IN A FINNED CIRCULAR CYLINDER: ISPH SIMULATIONS,Journal of Porous Media
2024,July,Scopus,College of Science,Scientific,"A New Modification of the Weibull Distribution: Model, Theory, and Analyzing Engineering Data Sets",Symmetry
2024,July,Scopus,College of Science,Scientific,Analytical methods in fractional biological population modeling: Unveiling solitary wave solutions,AIMS Mathematics
2024,July,Scopus,College of Science,Scientific,Assessing Disparities about Overweight and Obesity in Pakistani Youth Using Local and International Standards for Body Mass Index,Journal of Clinical Medicine
2024,July,Scopus,College of Science,Scientific,Comparison of some Bayesian estimation methods for type-I generalized extreme value distribution with simulation,Alexandria Engineering Journal
2024,July,Scopus,College of Science,Scientific,Development of an Investment Sector Selector Using a TOPSIS Method Based on Novel Distances and Similarity Measures for Picture Fuzzy Hypersoft Sets,IEEE Access
2024,July,Scopus,College of Science,Scientific,A new cosine-based approach for modelling the time-to-event phenomena in sports and engineering sectors,Alexandria Engineering Journal
2024,July,Scopus,College of Science,Scientific,Analysis of stochastic delay differential equations in the framework of conformable fractional derivatives,AIMS Mathematics
2024,July,Scopus,College of Science,Scientific,An Algorithm for Nonlinear Problems Based on Fixed Point Methodologies With Applications,International Journal of Analysis and Applications
2024,July,Scopus,College of Science,Scientific,Bayesian estimation and prediction under progressive-stress accelerated life test for a log-logistic model,Alexandria Engineering Journal
2024,July,Scopus,College of Science,Scientific,A Novel Technique for Solving the Nonlinear Fractional-Order Smoking Model,Fractal and Fractional
2024,July,Scopus,College of Science,Scientific,"Characterizing edge-based doubly resolving sets within circulant networks Cn (1, 2)",AIMS Mathematics
2024,July,Scopus,College of Science,Scientific,An Improved Robust Fuzzy Local Information K-Means Clustering Algorithm for Diabetic Retinopathy Detection,IEEE Access
2024,July,Scopus,College of Science,Scientific,A comparative analytical investigation for some linear and nonlinear time-fractional partial differential equations in the framework of the Aboodh transformation,Frontiers in Physics
2024,July,Scopus,College of Science,Scientific,A new family of distributions using a trigonometric function: Properties and applications in the healthcare sector,Heliyon
2024,July,Scopus,College of Science,Scientific,Buongiorno Model of Micropolar Nanofluid with Surface Inclination and Soret Effect,BioNanoScience
2024,July,Scopus,College of Science,Scientific,"Confidence Levels-Based p, q, r-Spherical Fuzzy Aggregation Operators and Their Application in Selection of Solar Panels",IEEE Access
2024,July,Scopus,College of Science,Scientific,Advanced feature learning and classification of microscopic breast abnormalities using a robust deep transfer learning technique,Microscopy Research and Technique
2024,July,Scopus,College of Science,Scientific,A comprehensive analysis of COVID-19 nonlinear mathematical model by incorporating the environment and social distancing,Scientific Reports
2024,July,Scopus,College of Science,Scientific,Distributed Control for Non-Cooperative Systems Governed by Time-Fractional Hyperbolic Operators,Fractal and Fractional
2024,July,Scopus,College of Science,Scientific,A NEW flexible exponent power family of distributions with biomedical data analysis,Heliyon
2024,July,Scopus,College of Science,Scientific,Computational analysis of MHD channel flow of Maxwell fluid with radiation and chemical reaction effects,Colloid and Polymer Science
2024,July,Scopus,College of Science,Scientific,Artificial neural computing and statistical analysis of heat and mass transport of nanofluid flow with melting heat and thermal stratification,Case Studies in Thermal Engineering
2024,July,Scopus,College of Science,Scientific,A homotopic analysis of the blood-based bioconvection Carreau-Yasuda hybrid nanofluid flow over a stretching sheet with convective conditions,Nanotechnology Reviews
2024,July,Scopus,College of Science,Scientific,A numerical investigation of the magnetized water-based hybrid nanofluid flow over an extending sheet with a convective condition: Active and passive controls of nanoparticles,Nanotechnology Reviews
2024,July,Scopus,College of Science,Scientific,A new weighted probabilistic model for analyzing the injury rate in public transport road accidents,Alexandria Engineering Journal
2024,July,Scopus,College of Science,Scientific,Analysis of free convective flow of nanofluid due to inclined surface with thermos-diffusion effects and chemical reaction,Tribology International
2024,July,Scopus,College of Science,Scientific,A novel cosine-derived probability distribution: Theory and data modeling with computer knowledge graph,Alexandria Engineering Journal
2024,July,WOS,College of Science,Scientific,A local meshless method for the numerical solution of multi-term time-fractional generalized Oldroyd-B fluid model,HELIYON
2024,July,WOS,College of Science,Scientific,A novel non-parametric statistical method in reliability theory: Mathematical characterization and analysis of asymmetric data in the fields of biological sciences and engineering,HELIYON
2024,July,WOS,College of Science,Scientific,A revised Jaffrey-Hamel problem with enhanced heat transport attributes considering the Darcy-Forchheimer flow of partially ionized Power-law nanofluid,INTERNATIONAL JOURNAL OF HEAT AND FLUID FLOW
2024,July,WOS,College of Science,Scientific,Analytical solutions of photothermal wave in semiconductor materials,SILICON
2024,July,WOS,College of Science,Scientific,Artificial neural network method in solving smart cities construction fuzzy multi-objective linear programming problems,AIP ADVANCES
2024,July,WOS,College of Science,Scientific,Assessing predictability of environmental time series with statistical and machine learning models,ENVIRONMETRICS
2024,July,WOS,College of Science,Scientific,Brain tumor detection through novel feature selection using deep efficientNet-CNN-based features with supervised learning and data augmentation,PHYSICA SCRIPTA
2024,July,WOS,College of Science,Scientific,"Complex dynamics in a two species system with Crowley-Martin response function: Role of cooperation, additional food and seasonal perturbations",MATHEMATICS AND COMPUTERS IN SIMULATION
2024,July,WOS,College of Science,Scientific,Convergence and Almost Sure Polynomial Stability of Partially Truncated Split-Step Theta Method for Stochastic Pantograph Models with Lévy Jumps,MATHEMATICS
2024,July,WOS,College of Science,Scientific,Effect of chemical reaction and activation energy on Riga plate embedded in a permeable medium over a Maxwell fluid flow,CASE STUDIES IN THERMAL ENGINEERING
2024,July,WOS,College of Science,Scientific,Integrating ISPH simulations and artificial neural networks for simulating free surface flow over various porous media on slopes,COMPUTATIONAL PARTICLE MECHANICS
2024,July,WOS,College of Science,Scientific,Khasminskii Approach for ψ-Caputo Fractional Stochastic Pantograph Problem,QUALITATIVE THEORY OF DYNAMICAL SYSTEMS
2024,July,WOS,College of Science,Scientific,Magnetic field effects on double diffusion of four sloshing fins in a nanofluid-occupied cavity,INTERNATIONAL JOURNAL OF MODELLING AND SIMULATION
2024,July,WOS,College of Science,Scientific,Numerical study of heat and mass transfer of williamson hybrid nanofluid (CuO/CNT's-water) past a permeable stretching/shrinking surface with mixed convective boundary condition,CASE STUDIES IN THERMAL ENGINEERING
2024,July,WOS,College of Science,Scientific,Selection effect of learning rate parameter on estimators of k exponential populations under the joint hybrid censoring,HELIYON
2024,July,WOS,College of Science,Scientific,Simulation-based design of 1-D copper nanograting device for sensing application by studying electromagnetic properties on Cu/Air interface,JOURNAL OF KING SAUD UNIVERSITY SCIENCE
2024,July,WOS,College of Science,Scientific,"Some new (p, q)-Hadamard-type integral inequalities for the generalized m-preinvex functions",MATHEMATICAL METHODS IN THE APPLIED SCIENCES
2024,July,WOS,College of Science,Scientific,Studies on the Marchenko-Pastur Law,MATHEMATICS
2024,July,WOS,College of Science,Scientific,Suzuki-Ciric-Type Nonlinear Contractions Employing a Locally ζ-Transitive Binary Relation with Applications to Boundary Value Problems,MATHEMATICS
2024,July,Scopus,College of Science,Scientific,"Characterization, Dielectric Analysis and Thermal Properties of Novel Flexible Polymer Composite Films",ECS Journal of Solid State Science and Technology
2024,July,Scopus,College of Science,Scientific,"Correction to: An assessment of microstructure, dentinal tubule occlusion and X-ray attenuation properties of Nd:YAG laser-enhanced titanium-doped phosphate glass and nano-hydroxyapatite pastes (Applied Physics A, (2024), 130, 5, (313), 10.1007/s00339-024-07487-7)",Applied Physics A: Materials Science and Processing
2024,July,Scopus,College of Science,Scientific,Development of ZnO/AlFeO3 composite via hydrothermal method as supercapacitor electrode,Journal of Sol-Gel Science and Technology
2024,July,Scopus,College of Science,Scientific,"Ce3+ doped zinc manganese ferrite nanoparticles: Tuned mechanical, dielectric and radiation shielding characteristics",Optical Materials
2024,July,Scopus,College of Science,Scientific,"B2O3+SiO2+BaO+Sm2O3+Na2O+MoO3 glasses: Preparation, optical, physical characteristics as well as γ-ray absorption ability",Optical Materials
2024,July,Scopus,College of Science,Scientific,Developing TiCo2O4 spinel based on rGO nanosheet to enhance electrochemical performance of OER activity,Journal of Electroanalytical Chemistry
2024,July,Scopus,College of Science,Scientific,Development of Mn doped ZnAl2O4 via hydrothermal method as photocatalyst for Cr(VI) reduction under visible light,Ceramics International
2024,July,Scopus,College of Science,Scientific,Dielectric and Gamma Ray Shielding Properties of Lead-Doped Lithium–Zinc–Borosilicate Glasses,Journal of Electronic Materials
2024,July,Scopus,College of Science,Scientific,Achieving effective performance of silicon solar cell through electrosprayed MgF2 antireflection coating,Ceramics International
2024,July,Scopus,College of Science,Scientific,Assessing the efficacy of some heavy-metal infused concrete mixtures in gamma-ray and neutron shielding applications,Radiation Physics and Chemistry
2024,July,Scopus,College of Science,Scientific,Advancing mechanical durability and radiation shielding properties in Silicon dioxide (SiO2) glasses through various incorporations: A comparative analysis,Results in Physics
2024,July,Scopus,College of Science,Scientific,"A comparative investigation on mechanical, gamma-ray and neutron shielding properties of some iron and boron containing concretes samples for nuclear safety applications",Radiation Physics and Chemistry
2024,July,Scopus,College of Science,Scientific,An experimental and theoretical study to evaluate Al2O3–PbO–B2O3–SiO2–BaO radiation shielding properties,Radiation Physics and Chemistry
2024,July,Scopus,College of Science,Scientific,"Adsorption, Sensor Properties, AIM Analysis, Docking of an Anticancer Drug Benzamide on Nanocones: SERS, Solvent Effects and DFT Investigation",Journal of Computational Biophysics and Chemistry
2024,July,Scopus,College of Science,Scientific,Control repeatability synthesis of a new structure: nanoyarn in green synthesis of 3D ZnO NCs and its thermal time influence on optical properties,Journal of Materials Science: Materials in Electronics
2024,July,Scopus,College of Science,Scientific,"Characterizing the properties of Li2O–B2O3–SiO2– P2O5–TiO2 glasses: A multidimensional investigation of their structure, optical properties, and gamma-ray shielding capability",Optical Materials
2024,July,Scopus,College of Science,Scientific,Development of a CeTe/rGO Nanosized Composite for Photoreduction of Heavy Metal in the Aquatic Environment,Journal of Electronic Materials
2024,July,Scopus,College of Science,Scientific,Analytical solutions to time-space fractional Kuramoto-Sivashinsky Model using the integrated Bäcklund transformation and Riccati-Bernoulli sub-ODE method,AIMS Mathematics
2024,July,Scopus,College of Science,Scientific,Characterization and optical studies of flexible methylcellulose/titanium dioxide nanomaterials,Digest Journal of Nanomaterials and Biostructures
2024,July,Scopus,College of Science,Scientific,CHARACTERIZATION AND OPTICAL STUDIES OF ION BEAM-IRRADIATED CA/PANI COMPOSITE MATERIALS,Surface Review and Letters
2024,July,Scopus,College of Science,Scientific,"Application of Physical Statistical Modeling in the Adsorption of the Drug Ketoprofen and the 2,4-D Herbicide using the Bark Campomanesia Guazumifolia Forest Species Modified with H2SO4 as an Adsorbent",Advanced Theory and Simulations
2024,July,Scopus,College of Science,Scientific,Centrality-dependent analysis of hadrons and light nuclei for phase transition insights in intermediate-energy Au–Au collisions,European Physical Journal A
2024,July,Scopus,College of Science,Scientific,Beta-irradiated ZnGa2O4:Sm3+ phosphor: Thermoluminescence glow curves and kinetic parameters via gel combustion synthesis,Journal of Alloys and Compounds
2024,July,Scopus,College of Science,Scientific,‘Exploration of photovoltaic behavior of bithiophene-functionalized dispiro-oxepine based hole-transporting materials for efficient perovskite solar cells’,Physica Scripta
2024,July,Scopus,College of Science,Scientific,"Comprehensive study on structural, optical, mechanical and radiation blocking nature of Eu3+-doped bismuth tellurite glasses",Chemical Papers
2024,July,Scopus,College of Science,Scientific,CuO/CeAlO3 nanocomposite with enhanced electrocapacitive performance for supercapacitor applications,Ceramics International
2024,July,Scopus,College of Science,Scientific,Development of cost-efficient BaMnO3/rGO nanocomposite as electrode for energy storage applications in supercapacitor,Ceramics International
2024,July,Scopus,College of Science,Scientific,Cube-shaped SnZr3 nanoparticles synthesis and their photocatalytic potential as a fuel additive and dye degradation,Journal of the Indian Chemical Society
2024,July,Scopus,College of Science,Scientific,Absolute dimensions of solar-type eclipsing binaries NY Hya: A test for magnetic stellar evolution models,Astronomy and Astrophysics
2024,July,Scopus,College of Science,Scientific,"DFT investigation of optoelectronic and thermoelectric features of Ba2Ce(Sn,Pt)O6 double perovskites",Materials Chemistry and Physics
2024,July,Scopus,College of Science,Scientific,Ag2S nanoflakes decorated over rGO nanosheets: a sustainable and highly efficient electrocatalyst for oxygen evolution reaction,European Physical Journal Plus
2024,July,Scopus,College of Science,Scientific,Development of BaMnO3 nanoparticles embedded on rGO nanosheets via facile hydrothermal route to improve water oxidation,International Journal of Hydrogen Energy
2024,July,Scopus,College of Science,Scientific,Compact 1- and 2-bit coding metamaterial for RCS reduction application in terahertz frequency,Ain Shams Engineering Journal
2024,July,Scopus,College of Science,Scientific,Asymmetric metamaterial sandwich structure with NIM characteristics for THz imaging application,Scientific Reports
2024,July,Scopus,College of Science,Scientific,Cu2+ and W6+ co-doped Na0·5Bi0·5TiO3 solid solution: An effective approach to inhibit oxygen vacancy generation and suppress oxygen ion conduction,Journal of Physics and Chemistry of Solids
2024,July,Scopus,College of Science,Scientific,"A first-principles theoretical study of structural, electronic, and magnetic properties of lead-doped alloys of praseodymium bismuth compounds PrPbxBi1-x",Digest Journal of Nanomaterials and Biostructures
2024,July,Scopus,College of Science,Scientific,"Corrigendum to “Tuning the electrochemical properties of ZnO through chromium doping and its suitability for supercapacitor application” [J. Energy Storage 87 (2024) 111487] (Journal of Energy Storage (2024) 87, (S2352152X24010727), (10.1016/j.est.2024.111487))",Journal of Energy Storage
2024,July,Scopus,College of Science,Scientific,Bandgap Engineering and Enhancing Optoelectronic Performance of a Lead-Free Double Perovskite Cs2AgBiBr6 Solar Cell via Al Doping,ACS Omega
2024,July,Scopus,College of Science,Scientific,Development of Novel Cube-Embedded MnO2/ZnO Nanocomposite for OER Activity and Supercapacitor Performance Evaluation,JOM
2024,July,Scopus,College of Science,Scientific,Advances in porous materials for efficient separation and purification of flue gas,Separation and Purification Technology
2024,July,Scopus,College of Science,Scientific,"Analytical study of time-fractional heat, diffusion, and Burger’s equations using Aboodh residual power series and transform iterative methodologies",AIMS Mathematics
2024,July,Scopus,College of Science,Scientific,Classification of Planetary Motion around Super-Jupiters and Brown Dwarfs,Universe
2024,July,WOS,College of Science,Scientific,A benchmarking analysis on different rubber materials: towards customisation of lightweight and effective radiation protection solutions for aerospace and electronic applications,JOURNAL OF RUBBER RESEARCH
2024,July,WOS,College of Science,Scientific,AFORS-HET-based numerical exploration of tunnel oxide passivated contact solar cells incorporating n- and p-type silicon substrates,RSC ADVANCES
2024,July,WOS,College of Science,Scientific,Atomic structure and transition parameters of the C-like ion K XIV,PHYSICA SCRIPTA
2024,July,WOS,College of Science,Scientific,"Characterization of glasses composed of PbO, ZnO, MgO, and B2O3 in terms of their structural, optical, and gamma ray shielding properties",NUCLEAR ENGINEERING AND TECHNOLOGY
2024,July,WOS,College of Science,Scientific,Core-shell NiS-poly-2-aminothiophenol/NiO nanocomposite of ring-shape for supercapacitor applications,PHYSICA SCRIPTA
2024,July,WOS,College of Science,Scientific,Development of lead-free metal carbides and ceramic decorated HDPE composites for low energy X-ray shielding applications,RADIATION PHYSICS AND CHEMISTRY
2024,July,WOS,College of Science,Scientific,Effects of oxygen irradiation on the electrical properties of polyethylene oxide/nickel oxide composite films,INTERNATIONAL JOURNAL OF POLYMER ANALYSIS AND CHARACTERIZATION
2024,July,WOS,College of Science,Scientific,Electrical and γ-Ray Attenuation Properties of Bario-Borate Sodium Glasses at Various Manganese Ion Concentrations,JOURNAL OF ELECTRONIC MATERIALS
2024,July,WOS,College of Science,Scientific,Enhancing the performance of hybrid supercapacitor and oxygen evolution reaction via temperature-modulated binder-free (zinc strontium phosphate/nitrogen-graphene quantum dots) electrode,JOURNAL OF MATERIALS SCIENCE-MATERIALS IN ELECTRONICS
2024,July,WOS,College of Science,Scientific,"Fabrication, Physical, Optical and γ-Ray Absorption Characteristics of Bi3+ Ions Doped Borate Barium Fluoride Ytterbium Glasses: Role of the Substitution of B2O3/Bi2O3 in the Borate Glass System",JOURNAL OF INORGANIC AND ORGANOMETALLIC POLYMERS AND MATERIALS
2024,July,WOS,College of Science,Scientific,Heterostructure formation of perovskite with rGO as energy storage electrode material,MATERIALS SCIENCE AND ENGINEERING B-ADVANCED FUNCTIONAL SOLID-STATE MATERIALS
2024,July,WOS,College of Science,Scientific,Impacts of sintering temperature on the mechanical properties and gamma ray protection capacity of clay bricks,NUCLEAR ENGINEERING AND TECHNOLOGY
2024,July,WOS,College of Science,Scientific,Improved electrochemical performance of CuS@ graphitic carbon nitride composite for supercapacitor applications,JOURNAL OF MATERIALS SCIENCE-MATERIALS IN ELECTRONICS
2024,July,WOS,College of Science,Scientific,"Influence of substrate temperatures on the microstructural, morphological, and optoelectronic characteristics of Cu3N/ITO thin films intended for solar cell applications",JOURNAL OF MATERIALS SCIENCE-MATERIALS IN ELECTRONICS
2024,July,WOS,College of Science,Scientific,Investigation of manganite nanoparticles for efficient energy conversion,JOURNAL OF MATERIALS SCIENCE-MATERIALS IN ELECTRONICS
2024,July,WOS,College of Science,Scientific,Kinetics and thermodynamics studies of nickel manganite nanoparticle as photocatalyst and fuel additive,HELIYON
2024,July,WOS,College of Science,Scientific,Molecularly engineered pyrrole-based hole transport materials featuring diversified structures for high-performance perovskite solar cells from first-principles,JOURNAL OF MOLECULAR LIQUIDS
2024,July,WOS,College of Science,Scientific,On the equilibrium points of the collinear restricted 4-body problem with non-spherical bodies,ASTRONOMY AND COMPUTING
2024,July,WOS,College of Science,Scientific,Optimization of current density of dye-sensitized solar cells by Cd substitution in the electron transport layer,JOURNAL OF THE KOREAN CERAMIC SOCIETY
2024,July,WOS,College of Science,Scientific,"Structural, Optical, and Dielectric Characterization of NiO Nanoparticles and Their Integration into PVA/SA Blends for Enhanced Nanocomposite Properties",JOURNAL OF ELECTRONIC MATERIALS
2024,July,WOS,College of Science,Scientific,Tuning CoPi stability in electrochemical water oxidation via surface modification with an organic ligand shell,INTERNATIONAL JOURNAL OF HYDROGEN ENERGY
2024,July,Scopus,College of Science,Scientific,"Determination of heavy elements in agricultural regions, Saudi Arabia",Open Chemistry 
2024,July,Scopus,College of Science,Scientific,Controllable Synthesis of Fe2O3/Nickel Cobaltite Electrocatalyst to Enhance Oxidation of Small Molecules,Catalysts
2024,July,Scopus,College of Science,Scientific,Calcium Ferrite Nanoparticles: A Simple Synthesis Approach for the Effective Disposal of Congo Red Dye from Aqueous Environments,Inorganics
2024,July,Scopus,College of Science,Scientific,Designing Green Synthesis-Based Silver Nanoparticles for Antimicrobial Theranostics and Cancer Invasion Prevention,International Journal of Nanomedicine
2024,July,Scopus,College of Science,Scientific,Development of gum Arabic/chitosan-infiltrated photoluminescent wooden smart window with multifunctional properties,Carbohydrate Polymers
2024,July,Scopus,College of Science,Scientific,"Corrigendum to “Antibacterial potency, cell viability and morphological implications of copper oxide nanoparticles encapsulated into cellulose acetate nanofibrous scaffolds” published in [Int. J. Biol. Macromol. 182 (2021) 464–471, (S0141813021007674), (10.1016/j.ijbiomac.2021.04.013)]",International Journal of Biological Macromolecules
2024,July,Scopus,College of Science,Scientific,"A nano-level assay of tizanidine using the fluorogenic character of benzofurazan derivative: Application to plasma, tablets, and content homogeneity evaluation",Spectrochimica Acta - Part A: Molecular and Biomolecular Spectroscopy
2024,July,Scopus,College of Science,Scientific,Design of new boron-doped carbon dots for nano-level assay of nebivolol in human plasma and commercial products; Application to greenness assessments,Spectrochimica Acta - Part A: Molecular and Biomolecular Spectroscopy
2024,July,Scopus,College of Science,Scientific,Development of smart adhesive using lanthanide-doped phosphor and carboxymethyl cellulose-reinforced gum Arabic,Spectrochimica Acta - Part A: Molecular and Biomolecular Spectroscopy
2024,July,Scopus,College of Science,Scientific,DFT Studies and Acetylcholinesterase Inhibition Capacity Analysis of an Adamantane-Isothiourea Derivative via Docking and MD Calculations,Polycyclic Aromatic Compounds
2024,July,Scopus,College of Science,Scientific,Design and synthesis of new dihydropyrimidine/sulphonamide hybrids as promising anti-inflammatory agents via dual mPGES-1/5-LOX inhibition,Frontiers in Chemistry
2024,July,Scopus,College of Science,Scientific,Discovery of new Schiff bases of the disalicylic acid scaffold as DNA gyrase and topoisomerase IV inhibitors endowed with antibacterial properties,Frontiers in Chemistry
2024,July,Scopus,College of Science,Scientific,"Cu-Vit B3 MOF solvothermal preparation, characterization and evaluation as HIV-1 RNA replication inhibitor",Journal of Molecular Structure
2024,July,Scopus,College of Science,Scientific,"Copper-Vit B3 MOF preparation, characterization and catalytic evaluation in a one-pot synthesis of benzoxanthenones with docking validation as anti H. pylori",RSC Advances
2024,July,Scopus,College of Science,Scientific,Cutting-edge HPLC and MCR techniques for synchronically quantifying anticholinergic drugs in the presence of C12 and C14 homologs: Robust application to green and white chemistry,Archiv der Pharmazie
2024,July,Scopus,College of Science,Scientific,CuxMg(0.6)Zn(0.4)Fe2O4 Nanomaterials and Their Composite for Photocatalytic Degradation of Colored and Colorless Effluents Under Xenon Lamp,Journal of Inorganic and Organometallic Polymers and Materials
2024,July,Scopus,College of Science,Scientific,Antibacterial potential and dye decolorization with graphitic carbon nitride and eudragit doped CdTe nanostructures evidential molecular docking analysis,Journal of Photochemistry and Photobiology A: Chemistry
2024,July,Scopus,College of Science,Scientific,"Design, synthesis and mechanistic study of new dual targeting HDAC/tubulin inhibitors",Future Medicinal Chemistry
2024,July,Scopus,College of Science,Scientific,Design and application of metal organic frameworks for heavy metals adsorption in water: a review,RSC Advances
2024,July,Scopus,College of Science,Scientific,"DFT-based computational investigations of the structural, electronic, elastic, and magnetic properties of ternary Half-Heusler TiVX (X = Ge, Si, Pb, Sn) compounds",Chinese Journal of Physics
2024,July,Scopus,College of Science,Scientific,Carbohydrate polymers based MnO2 nanostructures for catalytic and antibacterial activity; kinetic modeling and molecular docking analysis,Materials Science in Semiconductor Processing
2024,July,Scopus,College of Science,Scientific,Correlation between molecular structures and performance of corrosion inhibition of carbon steel by some imidazole analogs in HCl 1 M: Integrating practical and theoretical aspects,Colloids and Surfaces A: Physicochemical and Engineering Aspects
2024,July,Scopus,College of Science,Scientific,A systematic approach to generate polymer library: A search for polymers with high dipole moment,Chemical Physics Letters
2024,July,Scopus,College of Science,Scientific,A vertically aligned flake like CuO/Co3O4 nanoparticle@g-C3N4 ternary nanocomposite: A heterojunction catalyst for efficient photo electrochemical water splitting,Fuel
2024,July,Scopus,College of Science,Scientific,"Apatite–Wollastonite (AW) glass ceramic doped with B2O3: Synthesis, structure, SEM, hardness, XRD, and neutron/charged particle attenuation properties",Ceramics International
2024,July,Scopus,College of Science,Scientific,Dielectrically modified lanthanum (La3+) doped LaxCe2-xO3/ SnO2 nanocomposites for technological applications,Materials Chemistry and Physics
2024,July,Scopus,College of Science,Scientific,"Anti-Diabetic, Anti-Cholinesterase, and Anti-Inflammatory Potential of Plant Derived Extracts and Column Semi-Purified Fractions of Ficus benghalensis",Frontiers in Bioscience - Landmark
2024,July,Scopus,College of Science,Scientific,Architectural design and affecting factors of MXene-based textronics for real-world application,RSC Advances
2024,July,Scopus,College of Science,Scientific,"Comprehensive reviews on the potential applications of inorganic metal sulfide nanostructures in biological, environmental, healthcare, and energy generation and storage",Reviews in Inorganic Chemistry
2024,July,Scopus,College of Science,Scientific,"An electrocatalytic sensing of 2, 6-dichlorophenol based on Dy2O3-Co3O4@CeO2 nanocomposite modified GCE: An enhanced environmental safety",Journal of Industrial and Engineering Chemistry
2024,July,WOS,College of Science,Scientific,"Antidiabetic Properties of Caffeoylmalic Acid, a Bioactive Natural Compound Isolated from Urtica dioica",FITOTERAPIA
2024,July,WOS,College of Science,Scientific,"Controlling the oxide film destruction, metal dissolution, and H2 generation on Al in acid solutions",DESALINATION AND WATER TREATMENT
2024,July,WOS,College of Science,Scientific,"Design, synthesis, and structure-activity relationship of 2-chloro-3-for-mylquinoline containing hybrids as powerful antibacterial agents",JOURNAL OF SAUDI CHEMICAL SOCIETY
2024,July,WOS,College of Science,Scientific,"DFT insight on stability, optoelectronic, and thermoelectric features of Na3XO (X = Cu, Ag) anti-perovskites: Promising materials for sustainable energy applications",INTERNATIONAL JOURNAL OF QUANTUM CHEMISTRY
2024,July,WOS,College of Science,Scientific,Enhancing the water splitting performance of a reduced graphene oxide-platinum nanoparticle hybrid using an intercalating ethylenediamine polar space group,JOURNAL OF MATERIALS CHEMISTRY C
2024,July,WOS,College of Science,Scientific,Highly selective and sensitive colorimetric detection of nitrite in drinking water by acetic acid-capped hierarchical flower-like NiO nanosheets structure,TRANSITION METAL CHEMISTRY
2024,July,WOS,College of Science,Scientific,Immobilization of strontium aluminate nanoparticles into electrospun nanofibrous membrane of nanocrystalline cellulose-reinforced polysulfone as security encoding pattern to combat forgery,EUROPEAN POLYMER JOURNAL
2024,July,WOS,College of Science,Scientific,In vitro anti-breast cancer study of hybrid cinnamic acid derivatives bearing 2-thiohydantoin moiety,FUTURE MEDICINAL CHEMISTRY
2024,July,WOS,College of Science,Scientific,Preparation of lanthanide aluminate-encapsulated silica nanoparticles toward long-persistent photoluminescent polymer paint with superhydrophobic and anticorrosion properties,JOURNAL OF APPLIED POLYMER SCIENCE
2024,July,WOS,College of Science,Scientific,Preparation of multifunctional and mechanically-reliable smart wood infiltrated with cellulose nanocrystal-reinforced polyvinyl alcohol nanocomposite,INTERNATIONAL JOURNAL OF BIOLOGICAL MACROMOLECULES
2024,July,WOS,College of Science,Scientific,Sol-gel synthesis of manganese-doped n-type hematite powder photocatalyst supported on g-C3N4 sheets for the degradation of organic dyes,JOURNAL OF SOL-GEL SCIENCE AND TECHNOLOGY
2024,July,WOS,College of Science,Scientific,Synthesis and characterisation of MXene based-LDH photocatalytic materials for the removal of toxic pharmaceutical effluents,JOURNAL OF MOLECULAR LIQUIDS
2024,July,WOS,College of Science,Scientific,"Synthesis, antibacterial, antibiofilm, and docking studies of chalcones against multidrug resistance pathogens",HELIYON
2024,July,WOS,College of Science,Scientific,"Tuning optical, magnetic, and electrical parameters of CuFe2O4 nanoparticles incorporated with GO and ZnO using a facile synthesis",HELIYON
2024,July,Scopus,College of Science,Scientific,Gamma attenuation and nuclear shieling ability of TeO2/Bi2O3/WO3 glass system,Radiation Physics and Chemistry
2024,July,Scopus,College of Science,Scientific,Recycled cathode ray tube waste glasses for radiation shielding applications: Role of Na2CO3,Ceramics International
2024,July,Scopus,College of Science,Scientific,Statistical physics analysis of the adsorption of reactive red 141 dye on residual avocado peel (Persea americana) chemically modified with H2SO4 and HNO3,Inorganic Chemistry Communications
2024,July,Scopus,College of Science,Scientific,Selective Extraction and Determination of Hydrocortisone and Dexamethasone in Skincare Cosmetics: Analytical Interpretation Using Statistical Physics Formalism,Applied Sciences (Switzerland)
2024,July,Scopus,College of Science,Scientific,Evaluation of Bactericidal Potential and Catalytic Dye Degradation of Yttrium/Graphitic Carbon Nitride Doped Nickel Oxide Nanostructures,Journal of Inorganic and Organometallic Polymers and Materials
2024,July,Scopus,College of Science,Scientific,Elevating capacitive features of hydrothermally produced CeVS3 utilizing rGO for supercapacitor applications,Diamond and Related Materials
2024,July,Scopus,College of Science,Scientific,"Impact of Halide Ion Occupancy on Thermodynamic, Mechanical, Electro-optic, and Electron Transport Characteristics of Rb2CuAsX6 (X = F, Cl, Br) Double Perovskites Using Density Functional Theory",Journal of Inorganic and Organometallic Polymers and Materials
2024,July,Scopus,College of Science,Scientific,"Synthesis and characterization of (Ni, Mn)-ZnO/g-C3N4 nanocomposite for efficient electrochemical water splitting: The role of electrocatalyst for OER",Diamond and Related Materials
2024,July,Scopus,College of Science,Scientific,Efficacy and Comparative Toxicity of Phytochemical Compounds Extracted from Aromatic Perennial Trees and Herbs against Vector Borne Culex pipiens (Diptera: Culicidae) and Hyalomma dromedarii (Acari: Ixodidae) as Green Insecticides,Pakistan Veterinary Journal
2024,July,Scopus,College of Science,Scientific,"Potentiality of zinc phosphate@hydroxyapatite/β-cyclodextrin composites for carrying cisplatin: loading, release and cytotoxicity",New Journal of Chemistry
2024,July,Scopus,College of Science,Scientific,Synthesis and biological research of new imidazolone-sulphonamide-pyrimidine hybrids as potential EGFR-TK inhibitors and apoptosis-inducing agents,RSC Advances
2024,July,Scopus,College of Science,Scientific,Strain relaxation and multidentate anchoring in n-type perovskite transistors and logic circuits,Nature Electronics
2024,July,Scopus,College of Science,Scientific,Nanoarchitectonics and properties of sol-gel-derived bioactive glasses containing maghemite@ZnO core-shell nanoparticles,Applied Physics A: Materials Science and Processing
2024,July,Scopus,College of Science,Scientific,"Evaluation of lithium tetra borate glass-ceramics: Structural, physical and radiation safety properties using experimental and theoretical methods",Nuclear Engineering and Technology
2024,July,Scopus,College of Science,Scientific,Synthesis of ZnV2O6 nanosheet photocatalysts for efficient photodegradation of Rhodamine B: Experimental and RSM modeling,Journal of Environmental Chemical Engineering
2024,July,Scopus,College of Science,Scientific,External velocity and dissipative flow of clay nanoparticles on the lubricity of drilling fluids across a vertical surface in a Darcy-Brinkman porous medium with thermal radiation,Journal of Molecular Liquids
2024,July,Scopus,College of Science,Scientific,Enhancing Integer Time Series Model Estimations through Neural Network-Based Fuzzy Time Series Analysis,Symmetry
2024,July,Scopus,College of Science,Scientific,"Effect of salinity, nitrogen and phosphorus stresses on growth and photosynthetic activity of the marine microalga Dunaliella parva",Notulae Botanicae Horti Agrobotanici Cluj-Napoca
2024,July,Scopus,College of Science,Scientific,"Impact of adding zeolite to broilers' diet and litter on growth, blood parameters, immunity, and ammonia emission",Poultry Science
2024,July,Scopus,College of Science,Scientific,Inducing potential mutants in rice using different doses of gamma rays for improving agronomic traits,Chilean Journal of Agricultural Research
2024,July,Scopus,College of Science,Scientific,Target detection in a known number of intervals based on cooperative search technique,International Journal of Modelling and Simulation
2024,July,Scopus,College of Science,Scientific,Solar light driven enhanced photocatalytic efficiency of Graphene based composite of co-doped Bismuth Ferrite (Ba0.5 Bi0.5 Nd0.5 Fe1.5 O3/Gr0.375) for Crystal Violet and Paracetamol,Current Applied Physics
2024,July,Scopus,College of Science,Scientific,Nonlinear contractions on directed graphs with applications to boundary value problems,AIMS Mathematics
2024,July,Scopus,College of Science,Scientific,General semi-implicit midpoint approximation for fixed point of almost contraction mapping and applications,Applied Mathematics in Science and Engineering
2024,July,Scopus,College of Science,Scientific,Fractional view analytical analysis of generalized regularized long wave equation,Open Physics
2024,July,Scopus,College of Science,Scientific,Pyridoxine-HCl Plus Gypsum and Humic Acid Reinforce Salinity Tolerance of Coriander Plants with Boosting Yield and Modifying Oil Fractionations,Russian Journal of Plant Physiology
2024,July,Scopus,College of Science,Scientific,Evaluation of the impact of PL/hBN and PL/B4C on the neutron leakage generated by the LINAC in the treatment room,Alexandria Engineering Journal
2024,July,Scopus,College of Science,Scientific,Locusta migratoria (L.) (Orthoptera) in a warming world: unravelling the ecological consequences of climate change using GIS,Biodiversity Data Journal
2024,July,Scopus,College of Science,Scientific,Ultra-thin wide-band split-ring resonator-based compact mu-negative metamaterial for terahertz applications,Results in Engineering
2024,July,Scopus,College of Science,Scientific,Enhanced supercapacitive performance of FeAl2O4/g-CN nanocomposite for advanced energy storage systems,Ceramics International
2024,July,Scopus,College of Science,Scientific,Experimental and computational assessment of Antiparkinson Medication effects on meiofauna: Case study of Benserazide and Trihexyphenidyl,Marine Pollution Bulletin
2024,July,Scopus,College of Science,Scientific,Exploring the photocatalytic degradation mechanism for low-density polyethylene utilizing Bi4Ti3O12 nanoflower catalyst,Journal of Environmental Chemical Engineering
2024,July,Scopus,College of Science,Scientific,Spectroscopic diagnosis and metabolite characterization of cisplatin resistance regulated by FDFT1 in bladder cancer tissue,Applied Radiation and Isotopes
2024,July,Scopus,College of Science,Scientific,Enhanced luminescence of Eu3+ in LaAl2B4O10 via energy transfer from Dy3+ doping,Spectrochimica Acta - Part A: Molecular and Biomolecular Spectroscopy
2024,July,Scopus,College of Science,Scientific,Green synthesis of a dual-functional sulfur nanofertilizer to promote growth and enhance salt stress resilience in faba bean,BMC Plant Biology
2024,July,Scopus,College of Science,Scientific,"Mechano-Synthesis, Structure, and Thermal and Magnetic Behaviors of the New Compound Mn1.2Co0.05Fe0.7P0.45Si0.5B0.05",Inorganics
2024,July,Scopus,College of Science,Scientific,Heat transfer in radiative hybrid nanofluids over moving sheet with porous media and slip conditions: Numerical analysis of variable viscosity and thermal conductivity,Materials Today Communications
2024,July,Scopus,College of Science,Scientific,New stochastic solitary solutions for the modified Korteweg-de Vries equation with stochastic term/random variable coefficients,AIMS Mathematics
2024,July,Scopus,College of Science,Scientific,The impact of Brownian motion on the optical solutions of the stochastic ultra-short pulses mathematical model,Alexandria Engineering Journal
2024,July,Scopus,College of Science,Scientific,Innovative Nanocomposites for Enhanced Photocatalytic Removal of Hazardous Pollutants: Probing the Role of CuO/Fe2O3 and MXene Synergy,Industrial and Engineering Chemistry Research
2024,July,Scopus,College of Science,Scientific,Understanding the influence of applying plant extracts and microorganism culture filtrates against barley leaf rust disease,Notulae Botanicae Horti Agrobotanici Cluj-Napoca
2024,July,Scopus,College of Science,Scientific,Photocatalytic applications of A5-mPmH-Zr/CuTiO3 nanocomposite synthesized by simple hydrothermal method,Journal of Environmental Chemical Engineering
2024,July,Scopus,College of Science,Scientific,Fabrication of CMC/PVA/Dextrin-Based Polymeric Membrane for Controlled Release of Cefixime With Enhanced Antibacterial Activity,Dose-Response
2024,July,Scopus,College of Science,Scientific,In-silico assessment of bioactive compounds from chewing stick (Salvadora persica) against N-acetylneuraminate lyase (5ZKA) of Fusobacterium nucleatum involved in salicyclic acid metabolism,Journal of Molecular Structure
2024,July,Scopus,College of Science,Scientific,Structural and optical characterizations of cubic GaN layers grown by MOVPE on GaAs(114) substrate,Optical Materials
2024,July,Scopus,College of Science,Scientific,Sr(II) based one-dimensional coordination polymer as an efficient optical sensor for the detection of nitroaromatic explosives in aqueous medium,Optical Materials
2024,July,Scopus,College of Science,Scientific,"Influence of Ni2+ ions on structural, spectral and dielectric properties of Sr–Co spinel ferrites synthesized by sol-gel auto-combustion route",Ceramics International
2024,July,Scopus,College of Science,Scientific,"In vivo analgesic, anti-inflammatory, sedative, muscle relaxant activities, and docking studies of 3’,4’,7,8-tetrahydroxy-3-methoxyflavone isolated from Pistacia chinensis",Drug Target Insights 
2024,July,Scopus,College of Science,Scientific,In-vitro and molecular docking studies of plant secondary metabolites isolated from Hypericum oblongifolium as antibacterial agents and lipoxygenase (5-LOX) inhibitors,Journal of Molecular Structure
2024,July,Scopus,College of Science,Scientific,First record of Apanteles hemara (N.) on Leucinodes orbonalis Guenée and biodiversity of Hymenoptera parasitoids on Brinjal,PeerJ
2024,July,Scopus,College of Science,Scientific,The utilization of ionic liquids as sustainable and eco-friendly inhibitors for corrosion protection of carbon steel in petroleum fields,Inorganic Chemistry Communications
2024,July,Scopus,College of Science,Scientific,Retardation of the C-Steel Destruction in Hydrochloric Acid Media Utilizing an Effective Schiff Base Inhibitor: Experimental and Theoretical Computations,ACS Omega
2024,July,Scopus,College of Science,Scientific,Hyperbolic Ricci soliton and gradient hyperbolic Ricci soliton on relativistic prefect fluid spacetime,AIMS Mathematics
2024,July,Scopus,College of Science,Scientific,Impact of titanium dioxide (TiO2) nanoparticle and liquid leachate of mushroom compost on agronomic and biochemical response of marigold (Tagetes erecta L.) under saline stress,Environmental Science and Pollution Research
2024,July,Scopus,College of Science,Scientific,Viscoelastic fluid flow on channel in porous medium with Soret and Dufour along with the effect of activation energy and suction and blowing,Journal of Taibah University for Science
2024,July,Scopus,College of Science,Scientific,Effect of heat generation and activation energy on MHD maxwell fluid with multiple slips,Case Studies in Thermal Engineering
2024,July,Scopus,College of Science,Scientific,"Phytochemical characterization by HS-SPME-GC-MS and exploration of the antifungal, insecticidal and repellent activity of Ptychotis verticillata essential oil",Journal of Plant Protection Research
2024,July,Scopus,College of Science,Scientific,Synthesis and characterization of Cu and Tb substituted NiFe2O4@MXene nanocomposite as a new photocatalyst for removal of organic dyes and drugs from industrial wastewater,Results in Physics
2024,July,Scopus,College of Science,Scientific,PufParkChain: Secure and Smart Parking Based on PUF Authentication and Lightweight Blockchain,IEEE Access
2024,July,Scopus,College of Science,Scientific,Unveiling highly sensitive Dy3+ doped BaMgAl10O17 phosphor’s thermoluminescence trap features and temperature dependent luminescence for solid state lighting applications,Physica Scripta
2024,July,Scopus,College of Science,Scientific,"Machine learning assisted designing of conjugated organic chromophores, light absorption, and emission behavior prediction",Spectrochimica Acta - Part A: Molecular and Biomolecular Spectroscopy
2024,July,Scopus,College of Science,Scientific,Tailoring the optoelectronic properties of MoS2 for broadband photodetection: Showcasing an Ab-into study involving the quasi-particle correction within the Green's function-based approximation,Computational Condensed Matter
2024,July,Scopus,College of Science,Scientific,Fabrication of enhanced electrochemical AlBiO3/g-CN nanocomposite electrode material via hydrothermal approach for supercapacitor applications,Diamond and Related Materials
2024,July,Scopus,College of Science,Scientific,Novel generalized inequalities involving a general Hardy operator with multiple variables and general kernels on time scales,AIMS Mathematics
2024,July,Scopus,College of Science,Scientific,"Identification of cysteine-rich receptor-like kinase gene family in potato: revealed StCRLK9 in response to heat, salt and drought stresses",Functional Plant Biology
2024,July,Scopus,College of Science,Scientific,Hydrothermal fabrication of ZnTe/g-CN nanocomposite for supercapacitor application,Diamond and Related Materials
2024,July,Scopus,College of Science,Scientific,Silver nanoparticles alleviate the impact of soil contamination and wastewater irrigation on rosemary plants: modulating of gene expression and secondary metabolites,Materials Research Express
2024,July,Scopus,College of Science,Scientific,Enhancing in vitro cytotoxic and antibacterial performance through green-synthesized Cd doped NiO nanoparticles,Journal of the Indian Chemical Society
2024,July,Scopus,College of Science,Scientific,Elucidating melatonin-mediated distinct mechanistic of specific gene expression of coriander (Coriandrum sativum L.) under chromium stress,Turkish Journal of Agriculture and Forestry
2024,July,Scopus,College of Science,Scientific,Salidroside inhibits insulin resistance and hepatic steatosis by downregulating miR-21 and subsequent activation of AMPK and upregulation of PPARα in the liver and muscles of high fat diet-fed rats,Archives of Physiology and Biochemistry
2024,July,Scopus,College of Science,Scientific,Role of date palm to food and nutritional security in Saudi Arabia,"Food and Nutrition Security in the Kingdom of Saudi Arabia, Vol. 2: Macroeconomic Policy and Its Implication on Food and Nutrition Security"
2024,July,Scopus,College of Science,Scientific,Intelligent real-life key-pixel image detection system for early Arabic sign language learners,PeerJ Computer Science
2024,July,Scopus,College of Science,Scientific,Enhanced Weak Spatial Modeling Through CNN-Based Deep Sign Language Skeletal Feature Transformation,IEEE Access
2024,July,Scopus,College of Science,Scientific,Sensitivity Analysis and Design Optimization of Nanofluid Heat Transfer in a Shell-and-Tube Heat Exchanger for Solar Thermal Energy Systems: A Statistical Approach,Arabian Journal for Science and Engineering
2024,July,Scopus,College of Science,Scientific,Evaluating the lifetime performance index of the generalised half-logistic population in the generalised Type I hybrid censoring scheme,Alexandria Engineering Journal
2024,July,Scopus,College of Science,Scientific,Thermal and mass transport investigation of magnetohydrodynamic reactive nanofluid flow utilizing Buongiorno's model,International Journal of Modern Physics B
2024,July,Scopus,College of Science,Scientific,Echo state network-based adaptive control for nonstrict-feedback nonlinear systems with input dead-zone and external disturbance,AIMS Mathematics
2024,July,Scopus,College of Science,Scientific,Geometric Classifications of Perfect Fluid Space-Time Admit Conformal Ricci-Bourguignon Solitons,Journal of Mathematics
2024,July,Scopus,College of Science,Scientific,Numerical treatment of squeezed fluid flow under the magnetic influence amid parallel disks,International Journal of Thermofluids
2024,July,Scopus,College of Science,Scientific,Well-Posedness and Hyers–Ulam Stability of Fractional Stochastic Delay Systems Governed by the Rosenblatt Process,Fractal and Fractional
2024,July,Scopus,College of Science,Scientific,Employing ISPH simulations and artificial intelligence for enhanced heat and mass transfer in a core reactor with nano-enhanced phase change materials,"Numerical Heat Transfer, Part B: Fundamentals"
2024,July,Scopus,College of Science,Scientific,On rings with involution and inner rings,Results in Nonlinear Analysis
2024,July,Scopus,College of Science,Scientific,X- and gamma rays cross sections and nuclear shielding performance of recycled cathode ray tube doping with high concentrations of Na2CO3,Radiation Physics and Chemistry
2024,July,Scopus,College of Science,Scientific,"Physical, structural, and optical characteristics of the glasses system based on lanthanum-doped phosphate",Optical and Quantum Electronics
2024,July,Scopus,College of Science,Scientific,Improved electrochemical behavior of Co3O4@graphtic carbon nitride nanosheets for supercapacitor applications,Electrochimica Acta
2024,July,Scopus,College of Science,Scientific,"Influence of Al2O3 nanoparticles on the structural, optical, and electrical properties of PVC/PS nanocomposite for use in optoelectronic devices",Surfaces and Interfaces
2024,July,Scopus,College of Science,Scientific,Evaluating deposited radiation energy amount and collision quantities of small-molecule radiosensitizers through Monte Carlo simulations,Heliyon
2024,July,Scopus,College of Science,Scientific,"Impact of incremental zinc-oxide incorporation on optical, magnetic, mechanical and photon transmission properties of K2O, SrF2, PbO containing borate-glasses",Optical Materials
2024,July,Scopus,College of Science,Scientific,Structural and retrospective bio-dosimetric study of gamma-irradiated human fingernails,Radiation Physics and Chemistry
2024,July,Scopus,College of Science,Scientific,Thermoluminescence trap parameters of tailor-made Ge-doped optical fibre dosimeter,Optical Fiber Technology
2024,July,Scopus,College of Science,Scientific,Silica-based geopolymers admixture of borosilicate waste glasses: A green material for gamma radiation shielding applications,Ceramics International
2024,July,Scopus,College of Science,Scientific,Probing the diversity of soliton phenomena within conformable Estevez-Mansfield-Clarkson equation in shallow water,AIMS Mathematics
2024,July,Scopus,College of Science,Scientific,"The impact of TiO2 on physical, optical characteristics and shielding qualities against γ-ray features of titanium bismo-borate glasses",Optical and Quantum Electronics
2024,July,Scopus,College of Science,Scientific,Effects of ion beam on the electrical conductivity and surface characteristics of flexible PVA/TiO2 polymeric nanocomposites films,Digest Journal of Nanomaterials and Biostructures
2024,July,Scopus,College of Science,Scientific,"Unveiling structural features, chemical reactivity, and bioactivity of a newly synthesized purine derivative through crystallography and computational approaches",Journal of Molecular Structure
2024,July,Scopus,College of Science,Scientific,Exploring cinnamon extract’s potential as a green corrosion inhibitor for X65 carbon steel in sulfuric acid: a comprehensive investigation,Journal of Dispersion Science and Technology
2024,July,Scopus,College of Science,Scientific,"Synthesis, Spectroscopic Analysis, Molecular Docking, Molecular Dynamics Simulation of 5-(Adamantan-1-yl)-4-(3-Chlorophenyl)-2,4-Dihydro-3H-1,2,4-Triazole-3-Thione, a Potential Anti-proliferative Agent",Polycyclic Aromatic Compounds
2024,July,Scopus,College of Science,Scientific,"Efficient removal of Sunset yellow food dye from aqueous environment using bimetal-organic frameworks encapsulated with chitosan: Synthesis, characterization, adsorption analysis, and optimization",Journal of Molecular Liquids
2024,July,Scopus,College of Science,Scientific,"Synthesis, DFT investigations, antibacterial activity, and SAR-study of novel thiophene-coumarin hybrids",Journal of Molecular Structure
2024,July,Scopus,College of Science,Scientific,Performance tweaking of Co3O4 UV radiation detector via zirconium dopant microstructural and photo-electronic engineering,Journal of Alloys and Compounds
2024,July,Scopus,College of Science,Scientific,Modified NiFe2O4-Supported Graphene Oxide for Effective Urea Electrochemical Oxidation and Water Splitting Applications,Molecules
2024,July,Scopus,College of Science,Scientific,Study of alkaline metals hydrides RbXH3 (X = Mg/Ca/Sr/Ba) for green energy and hydrogen storage applications,International Journal of Hydrogen Energy
2024,July,Scopus,College of Science,Scientific,Optimizing inorganic SnS/ZrS2 heterojunction solar cells: Numerical analysis and performance insights,Solid State Communications
2024,July,Scopus,College of Science,Scientific,Synthesis and voltammetric studies of azo dye compounds derived from 3-hydroxyquinolin-2-one in aqueous media,International Journal of Electrochemical Science
2024,July,Scopus,College of Science,Scientific,Tuning energy transfer in Sugammadex-Tb3+ complex: Towards highly sensitive chemosensor for Sugammadex in pharmaceutical formulation,Journal of Photochemistry and Photobiology A: Chemistry
2024,July,Scopus,College of Science,Scientific,Enhancing trimethoprim pollutant removal from wastewater using magnetic metal-organic framework encapsulated with poly (itaconic acid)-grafted crosslinked chitosan composite sponge: Optimization through Box-Behnken design and thermodynamics of adsorption parameters,International Journal of Biological Macromolecules
2024,July,Scopus,College of Science,Scientific,Synthesis and Molecular Docking Study of Some New Thiazole-coumarin Molecular Hybrids as Antibacterial Agents,Current Organic Synthesis
2024,July,Scopus,College of Science,Scientific,High thermoelectric power factor of SbPbTe thin alloy film grown by thermal evaporation and post-annealing treatment,Materials Chemistry and Physics
2024,July,Scopus,College of Science,Scientific,The analytical assessment of metal contamination in industrial soils of Saudi Arabia using the inductively coupled plasma technology,Green Processing and Synthesis
2024,July,Scopus,College of Science,Scientific,Hollow mushroom nanomaterials for potentiometric sensing of Pb2+ ions in water via the intercalation of iodide ions into the polypyrrole matrix,Open Chemistry
2024,July,Scopus,College of Science,Scientific,Tungsten oxide-iodide/poly-2-aminobenzenethiol nanocomposite with iodine intercalation as a promising electrode for potentiometric sensing of Pb2+ ions in water,Environmental Progress and Sustainable Energy
2024,July,Scopus,College of Science,Scientific,"Revealing the adsorption of sulfanilamide on pristine Ag3, Au3, Cu3 and AgAuCu clusters: Sensing mechanism, SERS activity and docking studies by DFT",Computational and Theoretical Chemistry
2024,July,Scopus,College of Science,Scientific,"Spectroscopic and SERS investigations of (E)-3-[(3-methoxybenzylidene) amino]rhodanine – Experimental, DFT and MD analyses in solvents",Journal of the Indian Chemical Society
2024,July,Scopus,College of Science,Scientific,Insights into the Adsorption Nature of a Bioactive Anticancer Derivative of Benzenesulfonate on Silver Colloids at Various Concentrations: Experimental and DFT Investigations,Polycyclic Aromatic Compounds
2024,July,Scopus,College of Science,Scientific,Green and sustainable smart wooden system integrated with cellulose nanowhiskers-supported polyvinyl alcohol and anthocyanin biomolecules to monitor food freshness,Spectrochimica Acta - Part A: Molecular and Biomolecular Spectroscopy
2024,July,Scopus,College of Science,Scientific,Synthesis and characterisation of Ag-Cu-co-Doped WO3 @Carbeneous materials composites for waste water treatment,Desalination and Water Treatment
2024,July,Scopus,College of Science,Scientific,"Interplay of weak noncovalent interactions in (E)-4-chloro-N’-(thiophen-2-ylmethylene)benzohydrazide: Insights from Hirshfeld surface, PIXEL energy and QTAIM analyses",Journal of Molecular Structure
2024,July,Scopus,College of Science,Scientific,Functionalization of Strontium Ferrite Nanoparticles with Novel Chitosan–Schiff Base Ligand for Efficient Removal of Pb(II) Ions from Aqueous Media,Inorganics
2024,July,Scopus,College of Science,Scientific,Facile Synthesis of CuFe2O4 Nanoparticles for Efficient Removal of Acid Blue 113 and Malachite Green Dyes from Aqueous Media,Inorganics
2024,July,Scopus,College of Engineering,Scientific,Advancing tunnel equipment maintenance through data-driven predictive strategies in underground infrastructure,Computers and Geotechnics
2024,July,WOS,College of Engineering,Scientific,Improving laryngeal cancer detection using chaotic metaheuristics integration with squeeze-and-excitation resnet model,HEALTH INFORMATION SCIENCE AND SYSTEMS
2024,July,WOS,College of Engineering,Scientific,Unmasking GAN-Generated Faces with Optimal Deep Learning and Cognitive Computing-Based Cutting-Edge Detection System,COGNITIVE COMPUTATION
2024,July,Scopus,College of Business Administration,Scientific,Analyzing the Influence of Energy Consumption and Economic Complexity on Carbon Emissions: Evidence from Malaysia,Energies 
2024,July,Scopus,College of Business Administration,Scientific,Asymmetric impact of energy consumption & financial development on environment using ARDL approach: Case of ASEAN countries,Energy
2024,July,WOS,College of Business Administration,Scientific,"Corporate Sustainability, Sustainable Governance, and Firm Value Efficiency: Evidence from Saudi Listed Companies",SUSTAINABILITY
2024,July,WOS,College of Business Administration,Scientific,Discovering the E-Government and COVID-19 Effect on Sustainable Development: Novel Findings from the China Provinces,SUSTAINABILITY
2024,July,WOS,College of Business Administration,Scientific,Environmental and economical sustainability and stakeholder satisfaction in SMEs. Critical technological success factors of big data analytics,TECHNOLOGICAL FORECASTING AND SOCIAL CHANGE
2024,July,WOS,College of Business Administration,Scientific,"Female top managers, female owners and corporate financial sustainability: new evidence from a panel smooth transition regression model",TOTAL QUALITY MANAGEMENT & BUSINESS EXCELLENCE
2024,July,WOS,College of Business Administration,Scientific,Fifty years of management control systems research: a bibliometric review of the literature and research agenda,INTERNATIONAL JOURNAL OF PRODUCTIVITY AND PERFORMANCE MANAGEMENT
2024,July,WOS,College of Business Administration,Scientific,Financial System Development and Environmental Quality: A System-GMM Dynamic Panel Analysis,JOURNAL OF SCIENTIFIC & INDUSTRIAL RESEARCH
2024,July,WOS,College of Business Administration,Scientific,Sustainability reporting in carbon-intensive industries: Insights from a cross-sector machine learning approach,BUSINESS STRATEGY AND THE ENVIRONMENT
2024,July,WOS,College of Business Administration,Scientific,"Sustainable development in ASEAN: The role of trade diversification, government revenue, and natural resources",NATURAL RESOURCES FORUM
2024,July,WOS,College of Business Administration,Scientific,The impact of Chinese investment on access to clean and sustainable energy in Africa,HELIYON
2024,July,WOS,College of Business Administration,Scientific,Water quality level estimation using IoT sensors and probabilistic machine learning model,HYDROLOGY RESEARCH
2024,July,Scopus,College of Business Administration,Scientific,Investigating attention mechanisms for plant disease identification in challenging environments,Heliyon
2024,July,Scopus,College of Business Administration,Scientific,Not Just for Investment and Job Search: The Role of Earnings Announcement as a Driver of Cyber Risks,Technical and Vocational Education and Training
2024,July,Scopus,College of Business Administration,Scientific,Experience and side effects of COVID-19 vaccine uptake among university students: a cross-sectional survey study,Frontiers in Public Health
2024,July,Scopus,College of Business Administration,Scientific,The impact of Chinese investment on energy independence in Africa,Energy Policy
2024,July,Scopus,College of Business Administration,Scientific,Perceived Risk and External Finance Usage in Small- and Medium-Sized Enterprises: Unveiling the Moderating Influence of Business Age,Journal of Risk and Financial Management
2024,July,Scopus,College of Business Administration,Scientific,"Telda: Send, spend, and save money through the app",Journal of Information Technology Teaching Cases
2024,July,Scopus,College of Business Administration,Scientific,Erratum: Correction to: Integrated approach of federated learning with transfer learning for classification and diagnosis of brain tumor (BMC medical imaging (2024) 24 1 DOI: 10.1186/s12880-024-01261-0),BMC medical imaging
2024,July,WOS,College of Dentistry,Health-related / Medical,Idiopathic Intracranial Hypertension as a Differential Diagnosis in Persistent Idiopathic Facial Pain: A Case Report,CUREUS JOURNAL OF MEDICAL SCIENCE
2024,July,WOS,College of Dentistry,Health-related / Medical,Impact of Some Natural and Artificial Sweeteners Consumption on Different Hormonal Levels and Inflammatory Cytokines in Male Rats: In Vivo and In Silico Studies,ACS OMEGA
2024,July,WOS,College of Dentistry,Health-related / Medical,The effect of irrigation solution temperature and novel heat-treated rotary files on apical debris extrusion and canal preparation time,AUSTRALIAN ENDODONTIC JOURNAL
2024,July,Scopus,College of Computer and Information Sciences,Scientific,"A Comprehensive survey for privacy-preserving biometrics: Recent approaches, challenges, and future directions","Computers, Materials and Continua"
2024,July,Scopus,College of Computer and Information Sciences,Scientific,A Framework for Performance Optimization of Internet of Things Applications,Lecture Notes in Computer Science (including subseries Lecture Notes in Artificial Intelligence and Lecture Notes in Bioinformatics)
2024,July,Scopus,College of Computer and Information Sciences,Scientific,A Healthcare System Employing Lightweight CNN for Disease Prediction with Artificial Intelligence,Open Public Health Journal
2024,July,Scopus,College of Computer and Information Sciences,Scientific,A High Gain Array Based Millimeter Wave MIMO Antenna With Improved Isolation and Decorrelated Fields,IEEE Access
2024,July,Scopus,College of Computer and Information Sciences,Scientific,A Hybrid Cybersecurity Algorithm for Digital Image Transmission over Advanced Communication Channel Models,"Computers, Materials and Continua"
2024,July,Scopus,College of Computer and Information Sciences,Scientific,A Kepler optimization algorithm improved using a novel Lévy-Normal mechanism for optimal parameters selection of proton exchange membrane fuel cells: A comparative study,Energy Reports
2024,July,Scopus,College of Computer and Information Sciences,Scientific,A new control scheme for temperature adjustment of electric furnaces using a novel modified electric eel foraging optimizer,AIMS Mathematics
2024,July,Scopus,College of Computer and Information Sciences,Scientific,A Novel Deep Learning Approach for Accurate Cancer Type and Subtype Identification,IEEE Access
2024,July,Scopus,College of Computer and Information Sciences,Scientific,A Prognostic Model to Improve Asthma Prediction Outcomes Using Machine Learning,Open Bioinformatics Journal
2024,July,Scopus,College of Computer and Information Sciences,Scientific,An Adaptive Threshold-based Modified Artificial Bee Colony Optimization Technique for Virtual Machine Placement in Cloud Datacenters,IEEE Access
2024,July,Scopus,College of Computer and Information Sciences,Scientific,An Enhanced Long Short-Term Memory Recurrent Neural Network Deep Learning Model for Potato Price Prediction,Potato Research
2024,July,Scopus,College of Computer and Information Sciences,Scientific,Application of resolution enhancement techniques on medical images,Journal of Optics (India)
2024,July,Scopus,College of Computer and Information Sciences,Scientific,Breast cancer detection employing stacked ensemble model with convolutional features,Cancer biomarkers : section A of Disease markers
2024,July,Scopus,College of Computer and Information Sciences,Scientific,Breast cancer diagnosis using optimized deep convolutional neural network based on transfer learning technique and improved Coati optimization algorithm,Expert Systems with Applications
2024,July,Scopus,College of Computer and Information Sciences,Scientific,Classification of monkeypox images using Al-Biruni earth radius optimization with deep convolutional neural network,AIP Advances
2024,July,Scopus,College of Computer and Information Sciences,Scientific,CNN-Based Object Detection via Segmentation Capabilities in Outdoor Natural Scenes,IEEE Access
2024,July,Scopus,College of Computer and Information Sciences,Scientific,Computer-aided diagnosis of Alzheimer’s disease and neurocognitive disorders with multimodal Bi-Vision Transformer (BiViT),Pattern Analysis and Applications
2024,July,Scopus,College of Computer and Information Sciences,Scientific,Converging Technologies for Health Prediction and Intrusion Detection in Internet of Healthcare Things with Matrix-Valued Neural Coordinated Federated Intelligence,IEEE Access
2024,July,Scopus,College of Computer and Information Sciences,Scientific,Design of Interoperable Electronic Health Record (EHR) Application for Early Detection of Lung Diseases Using a Decision Support System by Expanding Deep Learning Techniques,Open Respiratory Medicine Journal 
2024,July,Scopus,College of Computer and Information Sciences,Scientific,Digital forensics for the socio-cyber world (DF-SCW): A novel framework for deepfake multimedia investigation on social media platforms,Egyptian Informatics Journal
2024,July,Scopus,College of Computer and Information Sciences,Scientific,DPHT-ANet: Dual-path high-order transformer-style fully attentional network for monaural speech enhancement,Applied Acoustics
2024,July,Scopus,College of Computer and Information Sciences,Scientific,DQQS: Deep Reinforcement Learning-Based Technique for Enhancing Security and Performance in SDN-IoT Environments,IEEE Access
2024,July,WOS,College of Computer and Information Sciences,Scientific,A blockchain-based solution for enhancing the efficiency and security of healthcare knowledge management systems in the era of industry 4.0,WIRELESS NETWORKS
2024,July,WOS,College of Computer and Information Sciences,Scientific,An improved honey badger algorithm for global optimization and multilevel thresholding segmentation: real case with brain tumor images,CLUSTER COMPUTING-THE JOURNAL OF NETWORKS SOFTWARE TOOLS AND APPLICATIONS
2024,July,WOS,College of Computer and Information Sciences,Scientific,Cluster-Based Hybrid Routing Technique for Wireless Sensor Networks,WIRELESS PERSONAL COMMUNICATIONS
2024,July,WOS,College of Computer and Information Sciences,Scientific,Early Detection of Potato Disease Using an Enhanced Convolutional Neural Network-Long Short-Term Memory Deep Learning Model,POTATO RESEARCH
2024,July,WOS,College of Computer and Information Sciences,Scientific,Empowering e-learning approach by the use of federated edge computing,CLUSTER COMPUTING-THE JOURNAL OF NETWORKS SOFTWARE TOOLS AND APPLICATIONS
2024,July,WOS,College of Computer and Information Sciences,Scientific,Exploiting smartphone defence: a novel adversarial malware dataset and approach for adversarial malware detection,PEER-TO-PEER NETWORKING AND APPLICATIONS
2024,July,WOS,College of Computer and Information Sciences,Scientific,Improving prediction of blood cancer using leukemia microarray gene data and Chi2 features with weighted convolutional neural network,SCIENTIFIC REPORTS
2024,July,WOS,College of Computer and Information Sciences,Scientific,Machine learning approaches for predicting shielding effectiveness of carbon fiber-reinforced mortars,CASE STUDIES IN CONSTRUCTION MATERIALS
2024,July,WOS,College of Computer and Information Sciences,Scientific,On the Usability of a Modeling Language for IoT-Based Public Transportation Systems,APPLIED SCIENCES-BASEL
2024,July,WOS,College of Computer and Information Sciences,Scientific,Potato Consumption Forecasting Based on a Hybrid Stacked Deep Learning Model,POTATO RESEARCH
2024,July,WOS,College of Computer and Information Sciences,Scientific,Predicting Potato Crop Yield with Machine Learning and Deep Learning for Sustainable Agriculture,POTATO RESEARCH
2024,July,WOS,College of Computer and Information Sciences,Scientific,SMARTSeiz: Deep Learning With Attention Mechanism for Accurate Seizure Recognition in IoT Healthcare Devices,IEEE JOURNAL OF BIOMEDICAL AND HEALTH INFORMATICS
2024,July,WOS,College of Computer and Information Sciences,Scientific,Testing and Substantiation of Zero Trust Devices with Blockchain Procedures for Secured Data Transfer Approach,HUMAN-CENTRIC COMPUTING AND INFORMATION SCIENCES
2024,July,WOS,College of Computer and Information Sciences,Scientific,TFCNN-BiGRU with self-attention mechanism for automatic human emotion recognition using multi-channel EEG data,CLUSTER COMPUTING-THE JOURNAL OF NETWORKS SOFTWARE TOOLS AND APPLICATIONS
2024,July,WOS,College of Computer and Information Sciences,Scientific,Vision-Based UAV Detection and Localization to Indoor Positioning System,SENSORS
2024,July,Scopus,College of Computer and Information Sciences,Scientific,Enhanced heart disease prediction in remote healthcare monitoring using IoT-enabled cloud-based XGBoost and Bi-LSTM,Alexandria Engineering Journal
2024,July,Scopus,College of Computer and Information Sciences,Scientific,Enhancing visual clarity in hazy media: a comprehensive approach through preprocessing and feature fusion attention-based dehazing,Multimedia Tools and Applications
2024,July,Scopus,College of Computer and Information Sciences,Scientific,Improving mental dysfunction detection from EEG signals: Self-contrastive learning and multitask learning with transformers,Alexandria Engineering Journal
2024,July,Scopus,College of Computer and Information Sciences,Scientific,Reviewing the Impact of Machine Learning on Disease Diagnosis and Prognosis: A Comprehensive Analysis,Open Pain Journal 
2024,July,Scopus,College of Computer and Information Sciences,Scientific,Lightweight Real-Time Recurrent Models for Speech Enhancement and Automatic Speech Recognition,International Journal of Interactive Multimedia and Artificial Intelligence
2024,July,Scopus,College of Computer and Information Sciences,Scientific,Efficient iterative implementation of regularized solutions for image and signal reconstruction problems,Journal of Optics (India)
2024,July,Scopus,College of Computer and Information Sciences,Scientific,New method of colour image encryption using triple chaotic maps,IET Image Processing
2024,July,Scopus,College of Computer and Information Sciences,Scientific,Efficient color image enhancement using piecewise linear transformation and gamma correction,Journal of Optics (India)
2024,July,Scopus,College of Computer and Information Sciences,Scientific,Outlier detection for keystroke biometric user authentication,PeerJ Computer Science
2024,July,Scopus,College of Computer and Information Sciences,Scientific,Enhancing Blockchain Consensus with FPGA: Accelerating Implementation for Efficiency,IEEE Access
2024,July,Scopus,College of Computer and Information Sciences,Scientific,Optical image embedding in speech signals with sensitivity analysis,Journal of Optics (India)
2024,July,Scopus,College of Computer and Information Sciences,Scientific,IR-QLA: Machine Learning-Based Q-Learning Algorithm Optimization for UAVs Faster Trajectory Planning by Instructed- Reinforcement Learning,IEEE Access
2024,July,Scopus,College of Computer and Information Sciences,Scientific,SIFT and ORB performance assessment for object identification in different test cases,Journal of Optics (India)
2024,July,Scopus,College of Computer and Information Sciences,Scientific,Genetic algorithms and deep learning for unique facial landmark-based key generation,Computers and Electrical Engineering
2024,July,Scopus,College of Computer and Information Sciences,Scientific,Efficient image transmission in high-degradation scenarios,Journal of Optics (India)
2024,July,Scopus,College of Computer and Information Sciences,Scientific,Enhancing Vehicle Detection and Tracking in UAV Imagery: A Pixel Labeling and Particle Filter Approach,IEEE Access
2024,July,Scopus,College of Computer and Information Sciences,Scientific,Kinetic Parameters Estimation of The Escherichia coli (E. coli) Model by Garra Rufa-inspired Optimization Algorithm (GRO),IEEE Access
2024,July,Scopus,College of Computer and Information Sciences,Scientific,Machine Learning Techniques for Diabetes Prediction: A Comparative Analysis,Journal of Applied Data Sciences
2024,July,Scopus,College of Computer and Information Sciences,Scientific,Leveraging AI-Generated Content for Synthetic Electronic Health Record Generation With Deep Learning-Based Diagnosis Model,IEEE Transactions on Consumer Electronics
2024,July,Scopus,College of Computer and Information Sciences,Scientific,Parameters Extraction of the Three-Diode Photovoltaic Model Using Crayfish Optimization Algorithm,IEEE Access
2024,July,Scopus,College of Computer and Information Sciences,Scientific,Implementing a Transfer Learning for User Behavior Analysis and Prediction Using Preference-Dependent Model,IEEE Access
2024,July,Scopus,College of Computer and Information Sciences,Scientific,"Systematic Review of Brain-Computer Interface based User Authentication System: Trends, challenges, and Directions",IEEE Access
2024,July,Scopus,College of Computer and Information Sciences,Scientific,Hybrid stacked autoencoder with dwarf mongoose optimization for Phishing attack detection in internet of things environment,Alexandria Engineering Journal
2024,July,Scopus,College of Computer and Information Sciences,Scientific,Next-Generation Movie Recommenders: Leveraging Hybrid Deep Learning for Enhanced Personalization,Applied Mathematics and Information Sciences
2024,July,WOS,Health Sciences Research Centre,Health-related / Medical,Authors' Reply: The Power of Collaboration in Facilitating Mobile Technology Adoption in Health Care,JOURNAL OF MEDICAL INTERNET RESEARCH
2024,July,WOS,Health Sciences Research Centre,Health-related / Medical,Modulation of Solid-State Fluorescence Properties for Anthracene Chalcone Heterocyclic Compounds by Charge-Transfer Cocrystal Self-Assembly: Molecular Stacking Mode and DFT Analysis,CRYSTAL GROWTH & DESIGN
2024,July,WOS,Health Sciences Research Centre,Health-related / Medical,Oral co-polymeric raft-forming nano gels for targeted empagliflozin delivery against stomach cancer (SGC7901),HELIYON
2024,July,WOS,Health Sciences Research Centre,Health-related / Medical,"Preparation, optimization, and characterization of genistein-ginseng long-acting polymeric gel as a breast cancer treatment alternative",DISCOVER ONCOLOGY
2024,July,WOS,Arabic Language Teaching Institute for Non-Arabic Speakers,Humanitarian ,Instruments measuring motivation to learn Arabic as a second language: evidence of validity and reliability,HUMANITIES & SOCIAL SCIENCES COMMUNICATIONS
2024,August,WOS,College of Education and Human Development,Humanitarian ,Efficient adsorption and removal of tetracycline antibiotics from aqueous solutions onto nickel oxide nanoparticles via organometallic chelate,DESALINATION AND WATER TREATMENT
2024,August,WOS,College of Education and Human Development,Humanitarian ,Examining tourists' personality traits and dining-in/dining-out preferences. An approach-avoidance theory perspective,TOURISM RECREATION RESEARCH
2024,August,WOS,College of Education and Human Development,Humanitarian ,Optical characterization of oxadiazoles analogues doped PMMA film for photonic application,INDIAN JOURNAL OF PHYSICS
2024,August,WOS,College of Education and Human Development,Humanitarian ,"Tagetes erecta-Mediated Biosynthesis of Mn3O4 Nanoparticles: Structural, Electrochemical, and Biological Investigations",ACS OMEGA
2024,August,WOS,College of Humanities and Social Sciences,Humanitarian ,"Utilizing Machine Learning Algorithms for the Development of Gully Erosion Susceptibility Maps: Evidence from the Chotanagpur Plateau Region, India",SUSTAINABILITY
2024,August,WOS,College of Health and Rehabilitation Sciences,Health-related / Medical,Activities-specific balance confidence scale: a Rasch evaluation of the Arabic version in lower-limb prosthetic users,DISABILITY AND REHABILITATION
2024,August,WOS,College of Nursing,Health-related / Medical,Associations Between Components of Self-Management Theory and Falls Among Older Adults,JOURNAL OF GERONTOLOGICAL NURSING
2024,August,WOS,College of pharmacy,Health-related / Medical,Astaxanthin ameliorated isoproterenol induced myocardial infarction via improving the mitochondrial function and antioxidant activity in rats,JOURNAL OF BIOCHEMICAL AND MOLECULAR TOXICOLOGY
2024,August,WOS,College of Medicine,Health-related / Medical,Biological Properties of Mentha viridis L. Essential Oil and Its Main Monoterpene Constituents,CHEMISTRY & BIODIVERSITY
2024,August,WOS,College of pharmacy,Health-related / Medical,Characteristics and causes of reported clozapine-related medication errors: analysis of the Ministry of Health database in Saudi Arabia,INTERNATIONAL JOURNAL OF CLINICAL PHARMACY
2024,August,WOS,College of Health and Rehabilitation Sciences,Health-related / Medical,Deep learning-based automated bone age estimation for Saudi patients on hand radiograph images: a retrospective study,BMC MEDICAL IMAGING
2024,August,WOS,College of pharmacy,Health-related / Medical,Effect of chloroquine pre-treatment on the metoclopramide's pharmacokinetics after their co-administration,EXPERT OPINION ON DRUG SAFETY
2024,August,WOS,College of Health and Rehabilitation Sciences,Health-related / Medical,Enhancing radiation safety awareness and practices among female radiographers: a comprehensive approach,BMC HEALTH SERVICES RESEARCH
2024,August,WOS,College of Health and Rehabilitation Sciences,Health-related / Medical,Evaluating attitudes toward soft drink consumption among adults in Saudi Arabia: Five years after selective taxation implementation,PREVENTIVE MEDICINE REPORTS
2024,August,WOS,College of pharmacy,Health-related / Medical,Exploring women's perception and attitude towards antidepressant use: a cross-sectional study,BMC WOMENS HEALTH
2024,August,WOS,College of Nursing,Health-related / Medical,Family-centred care as a mediator in the relationship between parental nurse support and parental stress in neonatal intensive care units,BMC NURSING
2024,August,WOS,College of pharmacy,Health-related / Medical,Greater mechanistic understanding of the cutaneous pathogenesis of Stevens-Johnson syndrome/toxic epidermal necrolysis can shed light on novel therapeutic strategies: a comprehensive review,CURRENT OPINION IN ALLERGY AND CLINICAL IMMUNOLOGY
2024,August,WOS,College of pharmacy,Health-related / Medical,In Vivo and in Vitro Mitigation of Salmonella Typhimurium Isolates by Fortunella Japonica Fruit Extract,CURRENT MICROBIOLOGY
2024,August,WOS,College of Nursing,Health-related / Medical,Linking ethical leadership to nurses' internal whistleblowing through psychological safety,NURSING ETHICS
2024,August,WOS,College of Health and Rehabilitation Sciences,Health-related / Medical,Mosques and Public Health Promotion: A Scoping Review of Faith-Driven Health Interventions,HEALTH EDUCATION & BEHAVIOR
2024,August,WOS,College of Health and Rehabilitation Sciences,Health-related / Medical,Prevalence of Forward head posture among car and bike drivers and its relation with neck and cardiopulmonary health parameters- a cross-sectional study,PLOS ONE
2024,August,WOS,College of pharmacy,Health-related / Medical,Prevalence of human papilloma virus among cervical cancer patients in India: A systematic review and meta-analysis,MEDICINE
2024,August,WOS,College of pharmacy,Health-related / Medical,PTSD symptoms among patients with multiple sclerosis in Jordan during October 7th gaza war outbreak,INTERNATIONAL JOURNAL OF PSYCHIATRY IN MEDICINE
2024,August,WOS,College of Medicine,Health-related / Medical,State of lifestyle medicine education in Saudi medical schools: A descriptive study,PLOS ONE
2024,August,WOS,College of pharmacy,Health-related / Medical,The prevalence of using beta-blockers and its relationship with social anxiety among health profession students at Umm Al-Qura University,PLOS ONE
2024,August,WOS,College of Nursing,Health-related / Medical,The relationship between emotional intelligence and readiness for organizational change among nurses,MEDICINE
2024,August,WOS,College of pharmacy,Health-related / Medical,Therapeutic potential of a novel pyrazolyl-pyridine derivative in the treatment of experimental colitis,FUTURE MEDICINAL CHEMISTRY
2024,August,WOS,College of Nursing,Health-related / Medical,Validity and Reliability of the Greek Version of Adult Vaccine Hesitancy Scale in Terms of Dispositional Optimism in a Community-Dwelling Population: A Cross-Sectional Study,HEALTHCARE
2024,August,WOS,College of Science,Scientific,A first-principles investigation of Ba2CaTeO6 and Ba2CaWO6 compounds for thermoelectric and optoelectronic applications,CHALCOGENIDE LETTERS
2024,August,WOS,College of Science,Scientific,"A new species of Kannaphallus (Polyopisthocotylea: Heteraxinidae) parasitic on the twobar seabream Acanthopagrus bifasciatus (Sparidae, Teleostei) in Saudi Arabia",INVERTEBRATE BIOLOGY
2024,August,WOS,College of Science,Scientific,A novel extended Kumaraswamy distribution and its application to COVID-19 data,ENGINEERING REPORTS
2024,August,WOS,College of Science,Scientific,A property of the free Gaussian distribution,GEORGIAN MATHEMATICAL JOURNAL
2024,August,WOS,College of Science,Scientific,"Abundant optical solutions for the stochastic Schrodinger-Hirota equation in quantum mechanics, science and engineering",MODERN PHYSICS LETTERS B
2024,August,WOS,College of Science,Scientific,"Adsorption of levofloxacin antibiotic residuals from wastewater onto mesoporous ZnO nanoparticle: equilibrium, kinetics, and thermodynamics",DESALINATION AND WATER TREATMENT
2024,August,WOS,College of Science,Scientific,"Analytical solutions to (modified) Korteweg-de Vries-Zakharov-Kuznetsov equation and modeling ion-acoustic solitary, periodic, and breather waves in auroral magnetoplasmas",PHYSICS OF PLASMAS
2024,August,WOS,College of Business Administration,Scientific,Analyzing anonymous activities using Interrupt-aware Anonymous User-System Detection Method (IAU-S-DM) in IoT,SCIENTIFIC REPORTS
2024,August,WOS,College of Science,Scientific,Antioxidative and Metabolic Responses in Canola: Strategies with Wood Distillate and Sugarcane Bagasse Ash for Improved Growth under Abiotic Stress,PLANTS-BASEL
2024,August,WOS,College of Science,Scientific,Assessment of the potential protective effects of culture filtrate of Trichoderma harzianum to ameliorate the damaged histoarchitecture of brain in epileptic rats,METABOLIC BRAIN DISEASE
2024,August,WOS,College of Computer and Information Sciences,Scientific,Bio-oil yield maximization and characteristics of neem based biomass at optimum conditions along with feasibility of biochar through pyrolysis,AIP ADVANCES
2024,August,WOS,College of Computer and Information Sciences,Scientific,Breast histopathological imaging using ultra-fast fluorescence confocal microscopy to identify cancer lesions at early stage,MICROSCOPY RESEARCH AND TECHNIQUE
2024,August,WOS,College of Science,Scientific,Computing degree based topological indices of algebraic hypergraphs,HELIYON
2024,August,WOS,College of Science,Scientific,Cup coral-like Mo(VI) oxide-iodide -polypyrrole light sensor device: flexible and highly performant,JOURNAL OF MATERIALS SCIENCE-MATERIALS IN ELECTRONICS
2024,August,WOS,College of Science,Scientific,Degradation of dye through mechano-catalysis using BaBi4Ti4O15 catalyst,SCIENTIFIC REPORTS
2024,August,WOS,College of Science,Scientific,Design and Synthesis of New Dihydropyrimidine Derivatives with a Cytotoxic Effect as Dual EGFR/VEGFR-2 Inhibitors,ACS OMEGA
2024,August,WOS,College of Science,Scientific,"Design, synthesis, and antiproliferative screening of new quinoline derivatives bearing a cis-vinyl triamide motif as apoptosis activators and EGFR-TK inhibitors",RSC ADVANCES
2024,August,WOS,College of Science,Scientific,Designing of potential polymer donors with lower reorganization energy and chemical space exploration in search of materials for efficient organic solar cells,MATERIALS TODAY COMMUNICATIONS
2024,August,WOS,College of Science,Scientific,Determination of the electron temperature and electron density in reduced pressure hydrogen peroxide (H2O2) discharge,JOURNAL OF CHEMICAL PHYSICS
2024,August,WOS,College of Business Administration,Scientific,Effectiveness of ChatGPT in remote learning environments: An empirical study with medical students in Saudi Arabia,NUTRITION AND HEALTH
2024,August,WOS,College of Business Administration,Scientific,Energy efficiency and environmental regulations for mitigating carbon emissions in Chinese Provinces,ENERGY EFFICIENCY
2024,August,WOS,College of Science,Scientific,Enhanced Removal of Cd(II) Ions from Aqueous Media via Adsorption on Facilely Synthesized Copper Ferrite Nanoparticles,MOLECULES
2024,August,WOS,College of Business Administration,Scientific,Enhancing medical students critical thinking skills through ChatGPT: An empirical study with medical students,NUTRITION AND HEALTH
2024,August,WOS,College of Business Administration,Scientific,Exploring the impact of smart cities on improving the quality of life for people with disabilities in Saudi Arabia,FRONTIERS IN BUILT ENVIRONMENT
2024,August,WOS,College of Science,Scientific,Fabrication of a highly efficient CuO/ZnCo2O4/CNTs ternary composite for photocatalytic degradation of hazardous pollutants,RSC ADVANCES
2024,August,WOS,College of Science,Scientific,"Graphene-Loaded Surface Plasmon Polariton (SPP) Waveguide Surrounded by Uniaxial Chiral (UAC) and Plasma Layers (Jun, 10.1007/s11468-024-02384-4, 2024)",PLASMONICS
2024,August,WOS,College of Computer and Information Sciences,Scientific,Handover for V2V communication in 5G using convolutional neural networks,HELIYON
2024,August,WOS,College of Science,Scientific,Heat transfer in radiative hybrid nanofluids over moving sheet with porous media and slip conditions: Numerical analysis of variable viscosity and thermal conductivity,MATERIALS TODAY COMMUNICATIONS
2024,August,WOS,College of Computer and Information Sciences,Scientific,Human-Human vs Human-AI Therapy: An Empirical Study,INTERNATIONAL JOURNAL OF HUMAN-COMPUTER INTERACTION
2024,August,WOS,College of Science,Scientific,Hydrothermally synthesized Nb -doped TiO2 nanosheets for efficient removal of methylene blue dye on photocatalytic performance,PHYSICA SCRIPTA
2024,August,WOS,College of Science,Scientific,Identification of key genes regulating macronutrient accumulation and final yield in wheat under potassium deficiency,PLANT BIOTECHNOLOGY REPORTS
2024,August,WOS,College of Science,Scientific,Identification of molecular targets and small drug candidates for Huntington's disease via bioinformatics and a network-based screening approach,JOURNAL OF CELLULAR AND MOLECULAR MEDICINE
2024,August,WOS,College of Science,Scientific,"Impact of UV radiation on morphology, structure, and optical properties of tris [2-phenylpyridinato-C2, N]iridium(III) films for optoelectronic applications",OPTICAL AND QUANTUM ELECTRONICS
2024,August,WOS,College of Science,Scientific,Improvement of spinel OER electrochemical property by doping strategy for water splitting,APPLIED PHYSICS A-MATERIALS SCIENCE & PROCESSING
2024,August,WOS,College of Science,Scientific,"INFLUENCE OF ARGON IRRADIATION ON ELECTRICAL PROPERTIES OF PVA/NaI POLYMER COMPOSITES (vol 31, 2450029, 2024",SURFACE REVIEW AND LETTERS
2024,August,WOS,College of Science,Scientific,Inhibition of pitting corrosion of C-steel in oilfield-produced water using some purine derivatives,DESALINATION AND WATER TREATMENT
2024,August,WOS,College of Computer and Information Sciences,Scientific,Leveraging electrocardiography signals for deep learning-driven cardiovascular disease classification model,HELIYON
2024,August,WOS,College of Computer and Information Sciences,Scientific,Metasurface loaded dual band antenna for high gain on- and off- body communication,PHYSICA SCRIPTA
2024,August,WOS,College of Science,Scientific,Nanoarchitectonics and properties of sol-gel-derived bioactive glasses containing maghemite@ZnO core-shell nanoparticles,APPLIED PHYSICS A-MATERIALS SCIENCE & PROCESSING
2024,August,WOS,College of Science,Scientific,Ni-Sr/TiZr for H2 from methane via POM: Sr loading & optimization,RSC ADVANCES
2024,August,WOS,College of Science,Scientific,On the analytical soliton approximations to fractional forced Korteweg-de Vries equation arising in fluids and plasmas using two novel techniques,COMMUNICATIONS IN THEORETICAL PHYSICS
2024,August,WOS,College of Science,Scientific,Optimization of Electrical and Optical Losses in Thin c-Si Bifacial PERC Solar Cells to Module Level Through Modeling,SILICON
2024,August,WOS,College of Computer and Information Sciences,Scientific,Outcomes of sutured scleral-fixated intraocular lens implantation combined with penetrating keratoplasty,BMC OPHTHALMOLOGY
2024,August,WOS,College of Science,Scientific,Phosphorus Fraction in Hydrochar from Co-Hydrothermal Carbonization of Swine Manure and Rice Straw: An Optimization Analysis Based on Response Surface Methodology,WATER
2024,August,WOS,College of Science,Scientific,"Phytochemical Analysis and Anti-dyslipidemia and Antioxidant Activities of Pluchea dioscoridis: In Vitro, In Silico and In Vivo Studies",CHEMISTRY & BIODIVERSITY
2024,August,WOS,College of Science,Scientific,"Phytochemical characterization, antimicrobial properties and in silico modeling perspectives of Anacyclus pyrethrum essential oil",HELIYON
2024,August,WOS,College of Science,Scientific,"Polyaminophenol/Glycerol-Silver Nanohybrids: Synthesis, Characterization, and Antimicrobial Activity",JOURNAL OF POLYMERS AND THE ENVIRONMENT
2024,August,WOS,College of Computer and Information Sciences,Scientific,Potato Harvesting Prediction Using an Improved ResNet-59 Model,POTATO RESEARCH
2024,August,WOS,College of Science,Scientific,"Predicting the magnetocaloric properties in Gd ion substitution on La0.6-xGdxSr0.4MnO3 (x=0, 0.0125, 0.05, and 0.10) manganites synthesized via the sol-gel method",JOURNAL OF SOL-GEL SCIENCE AND TECHNOLOGY
2024,August,WOS,College of Computer and Information Sciences,Scientific,"Prediction of leukemia peptides using convolutional neural network and protein compositions (vol 24, 900, 2024)",BMC CANCER
2024,August,WOS,College of Science,Scientific,Promising porous spherical PbI2/poly-2-aminobenzenethiol nanocomposite as a photocathode for hydrogen generation from Red Sea water,PHYSICA SCRIPTA
2024,August,WOS,College of Science,Scientific,Radiosensitization with metallic nanoparticles under MeV proton beams: local dose enhancement,RADIATION AND ENVIRONMENTAL BIOPHYSICS
2024,August,WOS,College of Science,Scientific,"Rare earth based MgPm2X4(X = S, Se) spinel chalcogenides for spintronic and thermoelectric applications",JOURNAL OF RARE EARTHS
2024,August,WOS,College of Computer and Information Sciences,Scientific,RETRACTION: Shapley-based interpretation of deep learning models for wildfire spread rate prediction,FIRE ECOLOGY
2024,August,WOS,College of Computer and Information Sciences,Scientific,SentinelFusion based machine learning comprehensive approach for enhanced computer forensics,PEERJ COMPUTER SCIENCE
2024,August,WOS,College of Science,Scientific,"Structural, Electronic, Optical and Elastic Characteristics of Cubic Perovskites TlXBr3 (X = Cu, Ag): A First Principles Calculations",JOURNAL OF INORGANIC AND ORGANOMETALLIC POLYMERS AND MATERIALS
2024,August,WOS,College of Science,Scientific,"Structural, Physical, and Optical Characteristics and γ-Ray Protection Efficacy of Fluoroboro-Tellurite Glasses Reinforced with La3+ Ions",JOURNAL OF ELECTRONIC MATERIALS
2024,August,WOS,College of Science,Scientific,"Study of a combined Kairat-II-X equation: Painlevé integrability, multiple kink, lump and other physical solutions",INTERNATIONAL JOURNAL OF NUMERICAL METHODS FOR HEAT & FLUID FLOW
2024,August,WOS,College of Science,Scientific,Study of Half Metallic Ferromagnetism and Thermoelectric Properties of the Spinels MgCo2(S/Se)4 for Spintronic and Energy Harvesting,JOURNAL OF INORGANIC AND ORGANOMETALLIC POLYMERS AND MATERIALS
2024,August,WOS,College of Science,Scientific,Synergistic Effects in BFO@NiCoS@CNT//AC Nanocomposite for High-Capacity Energy Storage Systems,ECS JOURNAL OF SOLID STATE SCIENCE AND TECHNOLOGY
2024,August,WOS,College of Science,Scientific,Synthesis of spinel Nickel Ferrite (NiFe2O4)/CNT electrocatalyst for ethylene glycol oxidation in alkaline medium,HELIYON
2024,August,WOS,College of Science,Scientific,"Synthesis, structural studies and optical behavior of methylcellulose/CuO nanomaterials for optoelectronics",INDIAN JOURNAL OF PHYSICS
2024,August,WOS,College of Science,Scientific,Synthetic approaches for quinoline heterocycles fused at face b: A review,SYNTHETIC COMMUNICATIONS
2024,August,WOS,College of Business Administration,Scientific,The Moderating Effect of Institutions on the Relationship between Financial Development and Environmental Quality: Evidence from GCC countries,JOURNAL OF SCIENTIFIC & INDUSTRIAL RESEARCH
2024,August,WOS,College of Science,Scientific,The study of nonlinear fractional boundary value problems involving the p-Laplacian operator,PHYSICA SCRIPTA
2024,August,WOS,College of Science,Scientific,THE UP-GRATING RANK APPROACH TO SOLVE THE FORCED FRACTAL DUFFING OSCILLATOR BY NON- PERTURBATIVE TECHNIQUE,FACTA UNIVERSITATIS-SERIES MECHANICAL ENGINEERING
2024,August,WOS,College of Science,Scientific,Unveiling highly sensitive Dy3+ doped BaMgAl10O17 phosphor's thermoluminescence trap features and temperature dependent luminescence for solid state lighting applications,PHYSICA SCRIPTA
2024,August,WOS,College of Science,Scientific,"Upper and lower solutions for an integral boundary problem with two different orders (p,q)-fractional difference",JOURNAL OF INEQUALITIES AND APPLICATIONS
2024,August,Scopus,College Of Languages,Humanitarian ,A Psycholinguistic Approach to Consecutive Interpretation: Identifying Problems Among Saudi Interpreters,World Journal of English Language
2024,August,Scopus,College of Education and Human Development,Humanitarian ,Analyzing the motivators and barriers associated with buying green apparel: Digging deep into retail consumers' behavior,Journal of Retailing and Consumer Services
2024,August,Scopus,College of Education and Human Development,Humanitarian ,"Bio fabricated palladium nano particles using phytochemicals from aqueous cranberry fruit extract for anti-bacterial, cytotoxic activities and photocatalytic degradation of anionic dyes",RSC Advances
2024,August,Scopus,College of Education and Human Development,Humanitarian ,"Biological and computational exploration of a hydrogen-bonded charge transfer complex between 8-Hydroxyquinoline and Benzene-1,4-diol in different polar solvents: Synthesis and spectrophotometric analysis",Journal of Molecular Structure
2024,August,Scopus,College of Education and Human Development,Humanitarian ,Consumer engagement in chatbots and voicebots. A multiple-experiment approach in online retailing context,Journal of Retailing and Consumer Services
2024,August,Scopus,College of Education and Human Development,Humanitarian ,Digital photo hoarding in online retail context. An in-depth qualitative investigation of retail consumers,Journal of Retailing and Consumer Services
2024,August,Scopus,College of Humanities and Social Sciences,Humanitarian ,EVALUATION OF THE EFFECTIVENESS OF SOCIAL SUPPORT PROGRAMS IN IMPROVING THE QUALITY OF LIFE OF UNDERSERVED COMMUNITIES,Journal of Community Positive Practices
2024,August,Scopus,College of Education and Human Development,Humanitarian ,GRAPE SEED OIL: HEALTH BENEFITS AND USEFUL IMPACTS ON LIVESTOCK PERFORMANCE AND PRODUCTS QUALITY - A REVIEW,Annals of Animal Science
2024,August,Scopus,College of Education and Human Development,Humanitarian ,"High thermoelectric and opto-electronic properties of Ba3NX3 (X=F, Cl) perovskite: Insights from DFT computation",Radiation Physics and Chemistry
2024,August,Scopus,College of Education and Human Development,Humanitarian ,Humble leadership and nurses' turnover intention: The moderating effect of leader expertise,International Nursing Review
2024,August,Scopus,College of Education and Human Development,Humanitarian ,"Optoelectronic and thermoelectric analysis of halide stable double perovskite Rb2TlSbX6 (X = Cl, Br, I) via DFT calculations",Results in Physics
2024,August,Scopus,College of Law,Humanitarian ,Provisions of Interlocutory Applications in Saudi Arabia,Manchester Journal of Transnational Islamic Law and Practice
2024,August,Scopus,College Of Languages,Humanitarian ,Strategies of reprimand in Saudi Spoken Arabic: a sociopragmatic study,Cogent Arts and Humanities
2024,August,Scopus,College of Education and Human Development,Humanitarian ,Sustainable Development Goals and Future-Oriented Teacher Education Programs,IEEE Transactions on Engineering Management
2024,August,Scopus,College Of Languages,Humanitarian ,The Perception of Cosmetic Brand Names among Saudi Consumers: Implications for Intercultural Advertising,World Journal of English Language
2024,August,Scopus,College Of Languages,Humanitarian ,The Verbal Implications in the Literary Representation of A Family Drama Depicted In the Novels of Vénus Khoury-Ghata and May Menassa; [Les Implications Verbales dans la Représentation Littéraire d’un Drame Familial chez Vénus Khoury-Ghata et May Menassa],Jordan Journal of Modern Languages and Literatures
2024,August,Scopus,College of Humanities and Social Sciences,Humanitarian ,When can empowering leadership foster intrinsic motivation and proactive performance in the tourism and hospitality industry? A moderated mediation model,International Journal of Hospitality Management
2024,August,Scopus,College of Education and Human Development,Humanitarian ,When patrons become perpetrators: Examining the negative effects of customer incivility for Hospitality employees,International Journal of Hospitality Management
2024,August,Scopus,College of pharmacy,Health-related / Medical,“PTSD symptoms among patients with multiple sclerosis in Jordan during October 7th gaza war outbreak”,International Journal of Psychiatry in Medicine
2024,August,Scopus,College of pharmacy,Health-related / Medical,"3D-QSAR, molecular docking, ADMET, simulation dynamic, and retrosynthesis studies on new styrylquinolines derivatives against breast cancer",Open Chemistry 
2024,August,Scopus,College of Medicine,Health-related / Medical,A Box-Behnken response surface methodology for optimizing fluorescent detection of cenobamate using graphene quantum dots: Environmental impact assessment and pharmacokinetic applications,Microchemical Journal
2024,August,Scopus,College of Medicine,Health-related / Medical,A novel missense variant in the ATPase domain of ATP8A2 and review of phenotypic variability of ATP8A2-related disorders caused by missense changes,Neurogenetics
2024,August,Scopus,College of pharmacy,Health-related / Medical,A randomized controlled trial comparing tacrolimus versus hydrocortisone for the treatment of atopic dermatitis in children: new perspectives on interferon gamma-induced protein and growth-related oncogene-α,Frontiers in Medicine
2024,August,Scopus,College of pharmacy,Health-related / Medical,Acrylamide-targeting renal miR−21a−5p/Fibrotic and miR122-5p/ inflammatory signaling pathways and the role of a green approach for nano-zinc detected via in silico and in vivo approaches,Frontiers in Pharmacology
2024,August,Scopus,Health Sciences Research Centre,Health-related / Medical,"Arabic translation, cultural adaptation, and pre-testing of neighborhood environment walkability scale for adults-abbreviated (NEWS-A): Arabic NEWS-A",Frontiers in Built Environment
2024,August,Scopus,College of Dentistry,Health-related / Medical,Assessing the effect of Artemisia sieberi extracts on surface roughness and candida growth of digitally processed denture acrylic materials,Technology and Health Care
2024,August,Scopus,College of Medicine,Health-related / Medical,Assessing Women’s Knowledge and Awareness of Sexually Transmitted Infections in Saudi Arabia: A Comprehensive Study,Healthcare (Switzerland)
2024,August,Scopus,College of pharmacy,Health-related / Medical,Assessment of clinician adherence to Fingolimod instructions and its effect on patient safety,"Neurosciences (Riyadh, Saudi Arabia)"
2024,August,Scopus,College of Medicine,Health-related / Medical,"Association between Endometriosis and the Risk of Ovarian, Endometrial, Cervical, and Breast Cancer: A Population-Based Study from the U.S. National Inpatient Sample 2016–2019",Current Oncology
2024,August,Scopus,College of pharmacy,Health-related / Medical,Association Between Rhesus and ABO Blood Group Types and Their Impact on Clinical Outcomes in Critically Ill Patients with COVID-19: A Multi-Center Investigation,Infection and Drug Resistance
2024,August,Scopus,College of Health and Rehabilitation Sciences,Health-related / Medical,Automated wound care by employing a reliable U-Net architecture combined with ResNet feature encoders for monitoring chronic wounds,Frontiers in Medicine
2024,August,Scopus,College of pharmacy,Health-related / Medical,"Awareness, perspectives and practices of antibiotics deprescribing among physicians in Jordan: a cross-sectional study",Journal of Pharmaceutical Policy and Practice
2024,August,Scopus,College of Medicine,Health-related / Medical,Bi-allelic PRRT2 variants may predispose to Self-limited Familial Infantile Epilepsy,European Journal of Human Genetics
2024,August,Scopus,College of Dentistry,Health-related / Medical,Bibliometric analysis of Saudi dental journals from time of inception to 2023,Saudi Dental Journal
2024,August,Scopus,King Abdullah bin Abdulaziz University Hospital,Health-related / Medical,Bridge plating is an effective adjunct treatment for complex elbow instability,Journal of Shoulder and Elbow Surgery
2024,August,Scopus,College of Dentistry,Health-related / Medical,Can ChatGPT identify predatory biomedical and dental journals? A cross-sectional content analysis,Journal of Dentistry
2024,August,Scopus,College of pharmacy,Health-related / Medical,Characterization and antioxidant activity of nano-formulated berberine and cyperus rotundus extracts with anti-inflammatory effects in mastitis-induced rats,Scientific Reports
2024,August,Scopus,College of Medicine,Health-related / Medical,"Chemical composition and bioactivity of essential oils from Cistus ladanifer L., Pistacia lentiscus L., and Matricaria chamomilla L",Biochemical Systematics and Ecology
2024,August,Scopus,College of Health and Rehabilitation Sciences,Health-related / Medical,Chronotype as a predictor of athletic performance in youth with mild intellectual disabilities,Frontiers in Physiology
2024,August,Scopus,College of pharmacy,Health-related / Medical,"Coding Therapeutic Nucleic Acids from Recombinant Proteins to Next-Generation Vaccines: Current Uses, Limitations, and Future Horizons",Molecular Biotechnology
2024,August,Scopus,College of Dentistry,Health-related / Medical,"Comparative analysis of tobacco industry cigarette marketing expenditures in the United States, 2009–2018",Humanities and Social Sciences Communications
2024,August,Scopus,College of pharmacy,Health-related / Medical,Comparative Efficacy of Inhaled and Intravenous Corticosteroids in Managing COVID-19-Related Acute Respiratory Distress Syndrome,Pharmaceutics
2024,August,Scopus,College of Medicine,Health-related / Medical,COVID-19-related Obsessions and Compulsions after the Full Control of the Pandemic: A Sample of the Nonpsychiatric Saudi Young Adults,Journal of Nature and Science of Medicine
2024,August,Scopus,College of Health and Rehabilitation Sciences,Health-related / Medical,Cultural adaptations of third-wave psychotherapies in Gulf Cooperation Council countries: A systematic review,Transcultural Psychiatry
2024,August,Scopus,College of pharmacy,Health-related / Medical,Development and evaluation of an Acyclovir-loaded cod liver oil nanoemulsion for enhanced anticancer activity,Journal of Taibah University for Science
2024,August,Scopus,College of pharmacy,Health-related / Medical,Development of computational model for description of magnetic drug targeting for cancer therapy: Modeling and validation,Advanced Powder Technology
2024,August,Scopus,College of Medicine,Health-related / Medical,Diplopia and Proptosis Secondary to Biphasic Synovial Sarcoma,Ophthalmology
2024,August,Scopus,College of Health and Rehabilitation Sciences,Health-related / Medical,"Does the Effect of Mental Fatigue Created by Motor Imagery on Upper Extremity Functions Change with Diaphragmatic Breathing Exercises? A Randomized, Controlled, Single-Blinded Trial",Medicina (Lithuania)
2024,August,Scopus,College of Nursing,Health-related / Medical,Effect of a family-based lifestyle intervention on weight reduction among Jordanian children with obesity aged 6–9 years,Food and Nutrition Research
2024,August,Scopus,College of Health and Rehabilitation Sciences,Health-related / Medical,Effect of Acupressure on Anxiety and Pain Levels in Primiparous Women During Normal Labor: A Randomized Controlled Trial,Journal of Integrative and Complementary Medicine
2024,August,Scopus,College of Dentistry,Health-related / Medical,Effect of bioceramic intracanal medication on the dentinal bond strength of bioceramic cements: an ex-vivo study,PeerJ
2024,August,Scopus,College of Health and Rehabilitation Sciences,Health-related / Medical,Effect of Calorie Restriction and Intermittent Fasting Regimens on Brain-Derived Neurotrophic Factor Levels and Cognitive Function in Humans: A Systematic Review,Medicina (Lithuania)
2024,August,Scopus,College of pharmacy,Health-related / Medical,Effect of chloroquine pre-treatment on the metoclopramide’s pharmacokinetics after their co-administration,Expert Opinion on Drug Safety
2024,August,Scopus,College of Dentistry,Health-related / Medical,Effect of different finishing and polishing systems on surface properties of universal single shade resin-based composites,BMC Oral Health
2024,August,Scopus,College of Health and Rehabilitation Sciences,Health-related / Medical,Efficacy of pulsed Nd:YAG laser on forearm skin temperature and electrophysiology in normal subjects: a case-control study,Journal of Thermal Analysis and Calorimetry
2024,August,Scopus,King Abdullah bin Abdulaziz University Hospital,Health-related / Medical,Evaluation of Global Dystonia Rating Scale as a predictor of unfavorable outcomes among acute antipsychotics poisoned patients,Drug and Chemical Toxicology
2024,August,Scopus,College of Dentistry,Health-related / Medical,Evaluation of Teeth Mineral Density and Microhardness Subjected to Different Drinks,Journal of International Dental and Medical Research
2024,August,Scopus,College of Dentistry,Health-related / Medical,Evaluation of the information provided in the instruction manuals of dental light-curing units,Journal of Esthetic and Restorative Dentistry
2024,August,Scopus,College of Health and Rehabilitation Sciences,Health-related / Medical,Evolving radiology continuing medical education: Tapping into the power of online learning,Radiography
2024,August,Scopus,College of Medicine,Health-related / Medical,"Exploring the therapeutic potential of galidesivir analogs against Zaire ebolavirus protein 24 (V24): database screening, molecular docking, drug-relevant property evaluation and molecular dynamics simulations",Journal of Biomolecular Structure and Dynamics
2024,August,Scopus,College of Medicine,Health-related / Medical,Gadd45A-mediated autophagy regulation and its impact on Alzheimer's disease pathogenesis: Deciphering the molecular Nexus,Biochimica et Biophysica Acta - Molecular Basis of Disease
2024,August,Scopus,King Abdullah bin Abdulaziz University Hospital,Health-related / Medical,Glenoid bone loss in shoulder arthroplasty: a narrative review,Annals of Joint
2024,August,Scopus,College of Medicine,Health-related / Medical,Hepatoprotective Effects of Tamarix dioica Leaf Extracts on Paracetamol-Induced Hepatotoxicity in Mice,Pakistan Journal of Zoology
2024,August,Scopus,College of Nursing,Health-related / Medical,Impact and perceptions of distance learning among undergraduate nursing students: An exploratory cross-sectional study in Saudi Arabia,International Journal of Advanced and Applied Sciences
2024,August,Scopus,College of Health and Rehabilitation Sciences,Health-related / Medical,Impact of Exercise on High-Density Lipoprotein Cholesterol in Adults with Overweight and Obesity: A Narrative Review,Annals of Applied Sport Science
2024,August,Scopus,College of Health and Rehabilitation Sciences,Health-related / Medical,Impact of Ramadan Fasting on Cardiometabolic and Inflammatory Biomarkers among Saudi Adults with Diabetes,Current Diabetes Reviews
2024,August,Scopus,College of pharmacy,Health-related / Medical,New apoptotic anti-triple-negative breast cancer theobromine derivative inhibiting EGFRWT and EGFRT790M: in silico and in vitro evaluation,Molecular Diversity
2024,August,Scopus,College of pharmacy,Health-related / Medical,"New thieno[2,3-d]pyrimidine derivatives as EGFRWT and EGFRT790M inhibitors: Design, synthesis, antiproliferative activities, docking studies, ADMET, toxicity, MD simulation studies",Journal of Heterocyclic Chemistry
2024,August,Scopus,College of pharmacy,Health-related / Medical,"Novel Fe2O3/Bi2O3/CeO2 heterojunction photocatalyst for wastewater treatment: Characterization, photocatalytic performance and mechanism study",Journal of Molecular Liquids
2024,August,Scopus,King Abdullah bin Abdulaziz University Hospital,Health-related / Medical,Nutritional Status and Dietary Behaviors of Children with Intellectual or Developmental Disabilities in Saudi Arabia: A Systematic Review,Journal of Multidisciplinary Healthcare
2024,August,Scopus,College of Medicine,Health-related / Medical,Optic Disc Coloboma May Trigger Multiple Evanescent White Dot Syndrome: Expanding the Clinical Spectrum,Retinal Cases and Brief Reports
2024,August,Scopus,College of Dentistry,Health-related / Medical,Optimization and clinical evaluation of hyaluronic acid proniosome loaded in-situ gel for the management of recurrent aphthous stomatitis,Journal of Drug Delivery Science and Technology
2024,August,Scopus,College of pharmacy,Health-related / Medical,Pharmacy-intern-led transition of care services impact on health-related outcomes at King Abdullah bin Abdulaziz University Hospital,Journal of Advanced Pharmacy Education and Research
2024,August,Scopus,College of Health and Rehabilitation Sciences,Health-related / Medical,Physical therapists’ perceptions and attitudes towards artificial intelligence in healthcare and rehabilitation: A qualitative study,Musculoskeletal Science and Practice
2024,August,Scopus,College of Dentistry,Health-related / Medical,Prevalence and risk indicators of primary dentition malocclusion in Riyadh-Saudi Arabia using a new case definition: A cross-sectional study,Saudi Dental Journal
2024,August,Scopus,College of Health and Rehabilitation Sciences,Health-related / Medical,Prevalence of High-Quality Arabic Patient Education Materials on Type 2 Diabetes,American Journal of Health Education
2024,August,Scopus,College of Nursing,Health-related / Medical,Psychological trauma and post-traumatic growth in parents of children with sickle cell disease,Heliyon
2024,August,Scopus,King Abdullah bin Abdulaziz University Hospital,Health-related / Medical,"Raising Hopes, Facing Challenges: Understanding Parental Well-Being in the Midst of Autism in Saudi Arabia",Behavioral Sciences
2024,August,Scopus,College of Health and Rehabilitation Sciences,Health-related / Medical,Relationship of anthropometrics and blood pressure to identify people at risk of hypertension and obesity-related conditions in Nigerian rural areas,Medicine (United States)
2024,August,Scopus,College of Dentistry,Health-related / Medical,Socket Preservation Using Platelet-Rich Fibrin and Free Gingival Grafts,International Dental Journal
2024,August,Scopus,College of pharmacy,Health-related / Medical,"Synthesis and computational studies of new pyridine, pyrazole, pyran, and pyranopyrimidine-based derivatives of potential antimicrobial activity as DNA gyrase and topoisomerase IV inhibitors",Journal of Molecular Structure
2024,August,Scopus,College of Medicine,Health-related / Medical,The Effectiveness and Benefits of Disaster Simulation Training for Undergraduate Medical Students in Saudi Arabia,Advances in Medical Education and Practice
2024,August,Scopus,College of pharmacy,Health-related / Medical,The Frequency of CYP2D6 and CYP3A4/5 Genotypes and The Impact of Their Allele Translation and Phenoconversion-Predicted Enzyme Activity on Risperidone Pharmacokinetics in Saudi Children with Autism,Biochemical Genetics
2024,August,Scopus,College of pharmacy,Health-related / Medical,The Impact of Midodrine Tapering Versus Nontapering Regimens on the Clinical Outcomes of Critically Ill Patients: A Retrospective Cohort Study,Annals of Pharmacotherapy
2024,August,Scopus,College of Medicine,Health-related / Medical,The imperative of the child life profession in KSA in transforming the quality of pediatric healthcare,Journal of Taibah University Medical Sciences
2024,August,Scopus,College of pharmacy,Health-related / Medical,The potential neuroprotective effects of Spirulina platensis in a valproic acid-induced experimental model of autism in the siblings of albino rats: targeting PIk3/AKT/mTOR signalling pathway,Nutritional Neuroscience
2024,August,Scopus,College of pharmacy,Health-related / Medical,The Potential Roles of Ficus carica Extract in the Management of COVID-19 Viral Infections: A Computer-aided Drug Design Study,Current Computer-Aided Drug Design
2024,August,Scopus,College of pharmacy,Health-related / Medical,The relation between Parkinson’s disease and non-steroidal anti-inflammatories; a systematic review and meta-analysis,Frontiers in Pharmacology
2024,August,Scopus,College of pharmacy,Health-related / Medical,"The Risk of Severe Fibromyalgia, Depression, Anxiety, and Insomnia Symptoms in Arab Women: An Implication of Self-Medication with Analgesics? A Cross-Sectional Study",Medicina (Lithuania)
2024,August,Scopus,College of Dentistry,Health-related / Medical,The role of vitamin D in amelioration of oral lichen planus and its effect on salivary and tissue IFN-γ level: a randomized clinical trial,BMC Oral Health
2024,August,Scopus,College of Medicine,Health-related / Medical,Topical minoxidil reported hair discoloration: a cross-sectional study,Dermatology Reports
2024,August,Scopus,College of Health and Rehabilitation Sciences,Health-related / Medical,Translation and Cultural Adaptation into Arabic of Patient-Reported Outcome Measurement Information System® Item Banks: Cognitive Function Abilities and Physical Function for Samples with Mobility Aid Users,Healthcare (Switzerland)
2024,August,Scopus,College of Nursing,Health-related / Medical,Translation and Validation of Digital Competence Indicators in Greek for Health Professionals: A Cross-Sectional Study,Healthcare (Switzerland)
2024,August,Scopus,College of Medicine,Health-related / Medical,Treatment Adherence and Related Factors Among Children with Attention-Deficit/Hyperactivity Disorder in Saudi Arabia,Patient Preference and Adherence
2024,August,Scopus,College of Health and Rehabilitation Sciences,Health-related / Medical,Unveiling the Moderating Factors in the Relationship between Physical Activity and Health-Related Quality of Life among University Students during COVID-19: A Mixed Study Design,Healthcare (Switzerland)
2024,August,Scopus,College of Health and Rehabilitation Sciences,Health-related / Medical,YouTube Video Clips on Breastfeeding Education and Promotion for Arabic-Speaking Populations: A Social Media Content Analysis,Breastfeeding Medicine
2024,August,Scopus,College of Computer and Information Sciences,Scientific,5G Resource Allocation Using Feature Selection and Greylag Goose Optimization Algorithm,"Computers, Materials and Continua"
2024,August,Scopus,College of Computer and Information Sciences,Scientific,A concentrated machine learning-based classification system for age-related macular degeneration (AMD) diagnosis using fundus images,Scientific reports
2024,August,Scopus,College of Science,Scientific,A Conjecture for the Clique Number of Graphs Associated with Symmetric Numerical Semigroups of Arbitrary Multiplicity and Embedding Dimension,Symmetry
2024,August,Scopus,College of Science,Scientific,A critical assessment of the mechanical strength and radiation shielding efficiency of advanced Concrete composites and Vanadium Oxide-Glass container for enhanced nuclear waste management,Results in Physics
2024,August,Scopus,College of Science,Scientific,A DFT Study of Optoelectronic and Photo-catalytic Properties in 2D Copper and Silver Halides Through Strain Engineering,ECS Journal of Solid State Science and Technology
2024,August,Scopus,College of Science,Scientific,A first-time fusion of TiNbWMoZrOx high entropy oxide (HEO) with zinc-tellurite glass: Toward superior physical properties,Journal of Non-Crystalline Solids
2024,August,Scopus,College of Science,Scientific,A green method for the preparation of carbon quantum dots from yellow lupin peel waste for spectrofluorometric determination of nirmatrelvir,Spectrochimica Acta - Part A: Molecular and Biomolecular Spectroscopy
2024,August,Scopus,College of Science,Scientific,A Linear Stabilized Incompressible Magnetohydrodynamic Problem with Magnetic Pressure,Mathematics
2024,August,Scopus,College of Computer and Information Sciences,Scientific,A Machine Learning-Based Framework with Enhanced Feature Selection and Resampling for Improved Intrusion Detection,Mathematics
2024,August,Scopus,College of Science,Scientific,A multiple attribute group decision making model based on 2-tuple linguistic pythagorean fuzzy dombi aggregation operators for optimal selection of potential global suppliers,Heliyon
2024,August,Scopus,College of Computer and Information Sciences,Scientific,A New Image Encryption Scheme Based on the Hybridization of Lorenz Chaotic Map and Fibonacci Q-Matrix,IEEE Access
2024,August,Scopus,College of Science,Scientific,A new optimal probability model: Its background and applications to sports and reliability,Alexandria Engineering Journal
2024,August,Scopus,College of Science,Scientific,A Novel Fixed-Point Iteration Approach for Solving Troesch’s Problem,Symmetry
2024,August,Scopus,College of Computer and Information Sciences,Scientific,A Novel Hybrid Approach for Driver Drowsiness Detection using a Custom Deep Learning Model,IEEE Access
2024,August,Scopus,College of Computer and Information Sciences,Scientific,A Novel Machine Learning Approach for Predicting Neoadjuvant Chemotherapy Response in Breast Cancer: Integration of Multimodal Radiomics With Clinical and Molecular Subtype Markers,IEEE Access
2024,August,Scopus,College of Computer and Information Sciences,Scientific,A novel medical image data protection scheme for smart healthcare system,CAAI Transactions on Intelligence Technology
2024,August,Scopus,College of Computer and Information Sciences,Scientific,A novel methodology for offline English handwritten character recognition using ELBP-based sequential (CNN),Neural Computing and Applications
2024,August,Scopus,College of Engineering,Scientific,A Novel MIMO Antenna Integrated with a Solar Panel and Employing AI-Equalization for 5G Wireless Communication Networks,IEEE Access
2024,August,Scopus,College of Computer and Information Sciences,Scientific,A Novel Network-Level Fusion Architecture of Proposed Self-Attention and Vision Transformer Models for Land Use and Land Cover Classification From Remote Sensing Images,IEEE Journal of Selected Topics in Applied Earth Observations and Remote Sensing
2024,August,Scopus,College of Science,Scientific,A novel probabilistic model: Simulation and modeling the time duration in musical education and engineering,Alexandria Engineering Journal
2024,August,Scopus,College of Science,Scientific,"A Novel Three-Parameter Nadarajah Haghighi Model: Entropy Measures, Inference, and Applications",Symmetry
2024,August,Scopus,College of Computer and Information Sciences,Scientific,A proposed video super-resolution reconstruction strategy using wavelet multi-scale convolutional neural networks,Journal of Optics (India)
2024,August,Scopus,College of Computer and Information Sciences,Scientific,A resilient image encryption scheme using Laplace transform,Egyptian Informatics Journal
2024,August,Scopus,College of Computer and Information Sciences,Scientific,"A review of video-based human activity recognition: theory, methods and applications",Multimedia Tools and Applications
2024,August,Scopus,College of Science,Scientific,A risk analysis based multi-attribute decision-making framework for supply chain management using hypersoft mappings,IEEE Access
2024,August,Scopus,College of Computer and Information Sciences,Scientific,A Robust Approach for Multi Classification-Based Intrusion Detection through Stacking Deep Learning Models,"Computers, Materials and Continua"
2024,August,Scopus,College of Science,Scientific,A study of ∗-Ricci–Yamabe solitons on LP-Kenmotsu manifolds,AIMS Mathematics
2024,August,Scopus,College of Science,Scientific,"A sustainable methodology employing the extract of red dragon fruit peel as a fluorescence probe for detection of indigo carmine (E132) in food samples: evaluation of the method's greenness, whiteness, and blueness",RSC Advances
2024,August,Scopus,College of Computer and Information Sciences,Scientific,A Wearable Inertial Sensor Approach for Locomotion and Localization Recognition on Physical Activity,Sensors
2024,August,Scopus,College of Computer and Information Sciences,Scientific,Abnormal Crops Image Data Acquisition Strategy by Exploiting Edge Intelligence and Dynamic-Static Synergy in Smart Agriculture,IEEE Journal of Selected Topics in Applied Earth Observations and Remote Sensing
2024,August,Scopus,College of Science,Scientific,Abundance and distribution of anthropogenic marine litter on the beaches of Sonadia Island: An Ecologically Critical Area,Regional Studies in Marine Science
2024,August,Scopus,College of Science,Scientific,Abundant Exact Solutions of the Fractional Stochastic Bogoyavlenskii Equation,Advances in Mathematical Physics
2024,August,Scopus,College of Engineering,Scientific,Accelerating biomedical image segmentation using equilibrium optimization with a deep learning approach,AIMS Mathematics
2024,August,Scopus,College of Business Administration,Scientific,"Achieving carbon-neutrality goals in Asian emerging economies: Role of investment in clean energy, eco-regulations, and green finance",Gondwana Research
2024,August,Scopus,College of Science,Scientific,"Activated Carbon as an Adsorbent for CO2 Capture: Adsorption, Kinetics, and RSM Modeling",ACS Omega
2024,August,Scopus,College of Engineering,Scientific,Adaptive Switching Based Data-Communication Model for Internet of Healthcare Things Networks,IEEE Access
2024,August,Scopus,College of Computer and Information Sciences,Scientific,Advanced integration of 2DCNN-GRU model for accurate identification of shockable life-threatening cardiac arrhythmias: a deep learning approach,Frontiers in Physiology
2024,August,Scopus,College of Computer and Information Sciences,Scientific,"Advanced OCTA imaging segmentation: Unsupervised, non-linear retinal vessel detection using modified self-organizing maps and joint MGRF modeling",Computer Methods and Programs in Biomedicine
2024,August,Scopus,College of Science,Scientific,Advanced Plant Disease Segmentation in Precision Agriculture using Optimal Dimensionality Reduction with Fuzzy C-Means Clustering and Deep Learning,IEEE Journal of Selected Topics in Applied Earth Observations and Remote Sensing
2024,August,Scopus,College of Engineering,Scientific,Advances in Wearable Sensors for Real-Time Internet of things based Biomechanical Analysis in High-Performance Sports,Journal of Intelligent Systems and Internet of Things
2024,August,Scopus,College of Computer and Information Sciences,Scientific,Advancing E-Commerce Authenticity: A Novel Fusion Approach Based on Deep Learning and Aspect Features for Detecting False Reviews,IEEE Access
2024,August,Scopus,College of Business Administration,Scientific,AI and Corporate Risk Management: Identifying and Mitigating Technological and Ethical Risks,"2024 International Conference on Knowledge Engineering and Communication Systems, ICKECS 2024"
2024,August,Scopus,College of Science,Scientific,"Alleviation of drought stress damages by melatonin and Bacillus thuringiensis associated with adjusting photosynthetic efficiency, antioxidative system, and anatomical structure of Glycine max (L.)",Heliyon
2024,August,Scopus,College of Science,Scientific,Alzheimer's disease unveiled: Cutting-edge multi-modal neuroimaging and computational methods for enhanced diagnosis,Biomedical Signal Processing and Control
2024,August,Scopus,College of Business Administration,Scientific,An Adaptive Xception Model for Classification of Brain Tumors,International Journal of Pattern Recognition and Artificial Intelligence
2024,August,Scopus,College of Computer and Information Sciences,Scientific,An attention-based neural network for lung cancer classification and gradient in MRI,Automatika
2024,August,Scopus,College of Computer and Information Sciences,Scientific,An autonomous mixed data oversampling method for AIOT-based churn recognition and personalized recommendations using behavioral segmentation,PeerJ Computer Science
2024,August,Scopus,College of Computer and Information Sciences,Scientific,An Early and Smart Detection of Corn Plant Leaf Diseases Using IoT and Deep Learning Multi-Models,IEEE Access
2024,August,Scopus,College of Computer and Information Sciences,Scientific,An enhanced drought forecasting in coastal arid regions using deep learning approach with evaporation index,Environmental Research
2024,August,Scopus,College of Computer and Information Sciences,Scientific,An Improved Binary Quadratic Discriminant Analysis Classifier by Using Robust Regularization,IEEE Access
2024,August,Scopus,College of Science,Scientific,An innovative approach to design readily synthesizable polymers for all-polymer solar cells,Chemical Physics
2024,August,Scopus,College of Computer and Information Sciences,Scientific,An Investigation of Crime Detection Using Artificial Intelligence and Face Sketch Synthesis,Journal of Applied Security Research
2024,August,Scopus,College of Science,Scientific,Analysis of a class of fractal hybrid fractional differential equation with application to a biological model,Scientific Reports
2024,August,Scopus,College of Science,Scientific,Analysis of Weibull progressively first-failure censored data with beta-binomial removals,AIMS Mathematics
2024,August,Scopus,College of Science,Scientific,"Analysis, Estimation, and Practical Implementations of the Discrete Power Quasi-Xgamma Distribution",Journal of Mathematics
2024,August,Scopus,College of Science,Scientific,Analytical solutions for nonequilibrium bioheat transfer in tumor during magnetic nanoparticles hyperthermia,Journal of Non-Equilibrium Thermodynamics
2024,August,Scopus,College of Science,Scientific,Annealing-induced transformation of structural and optical parameters of transparent γ-CuI thin films with superior thermoelectric performance,Ceramics International
2024,August,Scopus,College of Science,Scientific,"Annona Muricata L. extract restores renal function, oxidative stress, immunohistochemical structure, and gene expression of TNF-α, IL-β1, and CYP2E1 in the kidney of DMBA-intoxicated rats",Frontiers in Pharmacology
2024,August,Scopus,College of Science,Scientific,Anthelmintic Effects of Herbal Mixture of Selected Plants of Apiaceae on Strongylus vulgaris and Fasciola hepatica,Pakistan Veterinary Journal
2024,August,Scopus,College of Science,Scientific,Antibacterial and anticancer activities of cardamom volatile oil and its application in food covering,Italian Journal of Food Science
2024,August,Scopus,College of Science,Scientific,Apoptotic Induction by Biosynthesized Gold Nanoparticles Using Phormidesmis communis Strain AB_11_10 against Osteosarcoma Cancer,Biomedicines
2024,August,Scopus,College of Science,Scientific,Application of a hybrid pseudospectral method to a new two-dimensional multi-term mixed sub-diffusion and wave-diffusion equation of fractional order,Networks and Heterogeneous Media
2024,August,Scopus,College of Computer and Information Sciences,Scientific,Archimedes Optimization Algorithm-Based Feature Selection with Hybrid Deep-Learning-Based Churn Prediction in Telecom Industries,Biomimetics
2024,August,Scopus,College of Computer and Information Sciences,Scientific,Artificial Hummingbird Optimization Algorithm with Hierarchical Deep Learning for Traffic Management in Intelligent Transportation Systems,IEEE Access
2024,August,Scopus,College of Computer and Information Sciences,Scientific,Artificial intelligence and Internet of Things-enabled decision support system for the prediction of bacterial stalk root disease in maize crop,Computational Intelligence
2024,August,Scopus,College of Science,Scientific,Ascorbic Acid Increases Cut Flower Longevity of Sword Lily by Regulating Oxidative Stress and Reducing Microbial Load,Journal of Plant Growth Regulation
2024,August,Scopus,College of Computer and Information Sciences,Scientific,Assessment of the Hybrid Deep Learning Models and Hedonic Pricing Model for House Price Prediction,"Proceedings - 2024 7th International Women in Data Science Conference at Prince Sultan University, WiDS-PSU 2024"
2024,August,Scopus,College of Science,Scientific,Association and clouding behaviour of surfactants in aqueous solution of propranolol hydrochloride drug: Understanding of the effects of potassium salts and temperatures,Journal of Molecular Liquids
2024,August,Scopus,College of Science,Scientific,Association between CYP1A2 gene variants −163 C/A (rs762551) and −3860 G/A (rs2069514) and bladder cancer susceptibility,BMC Cancer
2024,August,Scopus,College of Science,Scientific,Bayesian regression modeling and inference of energy efficiency data: the effect of collinearity and sensitivity analysis,Frontiers in Energy Research
2024,August,Scopus,College of Science,Scientific,Biogenic Silver Nanoparticles Combined with L-Arginine Using Escherichia coli and their Antibacterial and Cytotoxic Activities via ROS Production against A-549 Cells,Journal of Biological Regulators and Homeostatic Agents
2024,August,Scopus,College of Science,Scientific,"Biological Control of Tomato Bacterial Leaf Spots and Its Impact on Some Antioxidant Enzymes, Phenolic Compounds, and Pigment Content",Biology
2024,August,Scopus,College of Science,Scientific,Biosynthesis of zinc oxide nanoparticles via neem extract and their anticancer and antibacterial activities,PeerJ
2024,August,Scopus,College of Science,Scientific,Block shrinkage of T. Cai for estimating image,Alexandria Engineering Journal
2024,August,Scopus,College of Computer and Information Sciences,Scientific,Blockchain-Based Logging to Defeat Malicious Insiders: The Case of Remote Health Monitoring Systems,IEEE Access
2024,August,Scopus,College of Computer and Information Sciences,Scientific,Blockchain-Based Piecewise Regressive Kupyna Cryptography for Secure Cloud Services,IET Information Security
2024,August,Scopus,College of Science,Scientific,BMO estimates for commutators of the rough fractional Hausdorff operator on grand-variable-Herz-Morrey spaces,AIMS Mathematics
2024,August,Scopus,College of Computer and Information Sciences,Scientific,Brain Tumor MRI Classification Using a Novel Deep Residual and Regional CNN,Biomedicines
2024,August,Scopus,College of Engineering,Scientific,Breast cancer histopathology image classification using an ensemble of optimized pretrained models with a trainable ensemble strategy classifier,Research on Biomedical Engineering
2024,August,Scopus,College of Science,Scientific,Bridging in silico and in vitro perspectives to unravel molecular mechanisms underlying the inhibition of β-glucuronidase by coumarins from Hibiscus trionum,Biophysical Chemistry
2024,August,Scopus,College of Science,Scientific,Broad and Narrow Photon Transmission and Energy Absorption Parameters of SiO2-Al2O3-Na2O-NaF-YF3 Silicate Glasses,Silicon
2024,August,Scopus,College of Computer and Information Sciences,Scientific,Cardiac Fibrosis Automated Diagnosis Based on FibrosisNet Network Using CMR Ischemic Cardiomyopathy,Diagnostics
2024,August,Scopus,College of Science,Scientific,Cardioprotective Effects of α-Asarone Against Hexavalent Chromium-Induced Oxidative Damage in Mice,"Drug design, development and therapy"
2024,August,Scopus,College of Science,Scientific,Catalytic conversion of triglycerides to biodiesel using ZnO/SnTiO4/SBA-15 nanostructures,Materials Chemistry and Physics
2024,August,Scopus,College of Computer and Information Sciences,Scientific,CATcAFSMs: Context-based adaptive trust calculation for attack detection in fog computing based smart medical systems,Expert Systems
2024,August,Scopus,College of Science,Scientific,"Chia seed-mediated fabrication of ZnO/Ag/Ag2O nanocomposites: structural, antioxidant, anticancer, and wound healing studies",Frontiers in Chemistry
2024,August,Scopus,College of Business Administration,Scientific,CloudIntellMal: An advanced cloud based intelligent malware detection framework to analyze android applications,Computers and Electrical Engineering
2024,August,Scopus,College of Computer and Information Sciences,Scientific,CNN Channel Attention Intrusion Detection System Using NSL-KDD Dataset,"Computers, Materials and Continua"
2024,August,Scopus,College of Science,Scientific,Co:ZnO nanorods synthesis and fabrication of a high-performance photosensor for cost-effective optoelectronic devices,Journal of Materials Science: Materials in Electronics
2024,August,Scopus,College of Science,Scientific,Coherent manipulation of bright and dark solitons of reflection and transmission pulses through sodium atomic medium,Open Physics
2024,August,Scopus,College of Science,Scientific,Combined application of biochar and nanoparticles (silicon and boron) effectively reduced the metal toxicity of sweet basil (Ocimum basilicum L),Acta Physiologiae Plantarum
2024,August,Scopus,College of Science,Scientific,Comparative analysis of jet and underlying event properties across various models as a function of charged particle multiplicity at 7 TeV,Chinese Physics C
2024,August,Scopus,College of Science,Scientific,Comparison Theorems for Oscillation of Higher-Order Neutral Delay Differential Equations,Symmetry
2024,August,Scopus,College of Computer and Information Sciences,Scientific,Comprehensive optimization of fuzzy logic-based energy management system for fuel-cell hybrid electric vehicle using genetic algorithm,International Journal of Hydrogen Energy
2024,August,Scopus,College of Science,Scientific,Comprehensive Tools of Alkaloid/Volatile Compounds–Metabolomics and DNA Profiles: Bioassay-Role-Guided Differentiation Process of Six Annona sp. Grown in Egypt as Anticancer Therapy,Pharmaceuticals
2024,August,Scopus,College of Science,Scientific,Computational Study and Application of the Hamilton and Crosser Model for Ternary Hybrid Nanofluid Flow Past a Riga Wedge with Heterogeneous Catalytic Reaction,Nano
2024,August,Scopus,College of Science,Scientific,"Computational study of systematic substitution of tungsten in two-dimensional Mo2C MXenes: Comparison of structural, electronic, optical, thermoelectric and mechanical properties",Physica B: Condensed Matter
2024,August,Scopus,College of Science,Scientific,Construction of efficient SrMnO3@rGO nanohybrid as an electrode material for improved electrocapacitive performance,Journal of Energy Storage
2024,August,Scopus,College of Computer and Information Sciences,Scientific,Contradiction in text review and apps rating: prediction using textual features and transfer learning,PeerJ Computer Science
2024,August,Scopus,College of Computer and Information Sciences,Scientific,Control of Three-Dimensional Natural Convection of Graphene–Water Nanofluids Using Symmetrical Tree-Shaped Obstacle and External Magnetic Field,Symmetry
2024,August,Scopus,College of Science,Scientific,Copper substituted spinel Co–Cr spinel Ferrites@Graphitic carbon nitride nanocomposite as a visible light active photocatalytic material,Optical Materials
2024,August,Scopus,College of Science,Scientific,"Correction to: Enhancing the performance of hybrid supercapacitor and oxygen evolution reaction via temperature-modulated binder-free (zinc strontium phosphate/nitrogen-graphene quantum dots) electrode (Journal of Materials Science: Materials in Electronics, (2024), 35, 19, (1281), 10.1007/s10854-024-13022-4)",Journal of Materials Science: Materials in Electronics
2024,August,Scopus,College of Science,Scientific,"Correction to: Graphene-Loaded Surface Plasmon Polariton (SPP) Waveguide Surrounded by Uniaxial Chiral (UAC) and Plasma Layers (Plasmonics, (2024), 10.1007/s11468-024-02384-4)",Plasmonics
2024,August,Scopus,College of Science,Scientific,"Correction to: Improvement of spinel OER electrochemical property by doping strategy for water splitting (Applied Physics A, (2024), 130, 8, (554), 10.1007/s00339-024-07679-1)",Applied Physics A: Materials Science and Processing
2024,August,Scopus,College of Science,Scientific,"Correction: Mitigation effect of alpha-tocopherol and thermo-priming in Brassica napus L. under induced mercuric chloride stress (BMC Plant Biology, (2024), 24, 1, (108), 10.1186/s12870-024-04767-5)",BMC Plant Biology
2024,August,Scopus,College of Science,Scientific,"Correction: One step hydrothermal preparation of NiFe2O4@g-CN nanosheets for low-cost electrode material storage devices (Journal of Materials Science: Materials in Electronics, (2024), 35, 8, (608), 10.1007/s10854-024-12362-5)",Journal of Materials Science: Materials in Electronics
2024,August,Scopus,College of Computer and Information Sciences,Scientific,"Correction: Prediction of leukemia peptides using convolutional neural network and protein compositions (BMC Cancer, (2024), 24, 1, (900), 10.1186/s12885-024-12609-8)",BMC Cancer
2024,August,Scopus,College of Science,Scientific,"Corrigendum to ‘Effect of yttrium ion on electrical and magnetic properties of barium based spinel ferrites’ [J Mater Res Technol 12, May–June 2021, 1104–1112] (Journal of Materials Research and Technology (2021) 12 (1104–1112), (S2238785421002271), (10.1016/j.jmrt.2021.03.001))",Journal of Materials Research and Technology
2024,August,Scopus,College of Science,Scientific,"Corrigendum to ‘Magnetic, dielectric and structural properties of spinel ferrites synthesized by sol-gel method’ (Journal of Materials Research and Technology (2021) 11 (158–169), (S2238785420321402), (10.1016/j.jmrt.2020.12.064))",Journal of Materials Research and Technology
2024,August,Scopus,College of Science,Scientific,"Corrigendum to ‘Numerical treatment of squeezed fluid flow under the magnetic influence amid parallel disks (International Journal of Thermofluids (2024) 23, (S2666202724001654), (10.1016/j.ijft.2024.100723))",International Journal of Thermofluids
2024,August,Scopus,College of Science,Scientific,"Corrigendum to “Effect of Sm dopant on electrocatalytic activity of AgNbO3 perovskite fabricated by sonication method for Oxygen Evaluation Reaction (OER)” [Int J Hydrogen Energy, 69, 5 June (2024), Pages 974–981, (S0360319924018093), (10.1016/j.ijhydene.2024.05.122)]",International Journal of Hydrogen Energy
2024,August,Scopus,College of Science,Scientific,"Corrigendum to “Fabrication of MnAl2O4/g-CN nanohybrid as an advantageous electrode for supercapacitor applications” [Ceram. Int. 50 (2024) 14469–14479, (S0272884224003869), (10.1016/j.ceramint.2024.01.359)]",Ceramics International
2024,August,Scopus,College of Science,Scientific,"Corrigendum to “Facile synthesis of CuCo2O4 spinel with rGO nanocomposite via hydrothermal approach for solid state supercapacitor application” [J. Energy Storage volume 66, 30 August 2023, 107394] (Journal of Energy Storage (2023) 66, (S2352152X23007910), (10.1016/j.est.2023.107394))",Journal of Energy Storage
2024,August,Scopus,College of Science,Scientific,"Corrigendum to “Facile synthesis of SnSe–MnTe nanocomposite as a promising electrode for supercapacitor applications” [J. Phys. Chem. Solid. 192 (September 2024) 112058] (Journal of Physics and Chemistry of Solids (2024) 192, (S0022369724001938), (10.1016/j.jpcs.2024.112058))",Journal of Physics and Chemistry of Solids
2024,August,Scopus,College of Science,Scientific,"Corrigendum to “Heterostructure formation of perovskite with rGO as energy storage electrode material” [Mater. Sci. Eng.: B 305 (2024) 117434] (Materials Science & Engineering B (2024) 305, (S0921510724002630), (10.1016/j.mseb.2024.117434))",Materials Science and Engineering: B
2024,August,Scopus,College of Science,Scientific,"Corrigendum to “Hydrothermal fabrication of highly effective g-C3N4/NiIn2S4 composite as supercapacitor electrode material” [Ceramics International 50 (2024) 15100–15109, (S0272884224004565), (10.1016/j.ceramint.2024.01.429)]",Ceramics International
2024,August,Scopus,College of Science,Scientific,"Corrigendum to “Structural characteristics and dielectric properties of irradiated polyvinyl alcohol/sodium iodide composite films” [Inorg. Chem. Commun. 159 (2024) 111651] (Inorganic Chemistry Communications (2024) 159, (S1387700323012637), (10.1016/j.inoche.2023.111651))",Inorganic Chemistry Communications
2024,August,Scopus,College of Science,Scientific,"Could Paenibacillus xylanexedens MS58 be an Ecofriendly Antibiotic in Poultry Production? Impacts on Performance, Blood Biochemistry, Gut Microbiota and Meat Quality",Pakistan Veterinary Journal
2024,August,Scopus,College of Science,Scientific,"Cr-substituted Mn–Zn ferrite nanoparticles: A study of optical, photocatalytic degradation, and radiation shielding evolution",Optical Materials
2024,August,Scopus,College of Science,Scientific,Cu-based metal-organic framework with dual open metal sites for efficient separation of CO2 from flue gas,Journal of Solid State Chemistry
2024,August,Scopus,College of Science,Scientific,Customization of silver(I) oxide incorporation ratio to enhance radiation attenuation properties in chalcogenide oxide reinforced glass-ceramics,Journal of the Australian Ceramic Society
2024,August,Scopus,College of Computer and Information Sciences,Scientific,CVG-Net: novel transfer learning based deep features for diagnosis of brain tumors using MRI scans,PeerJ Computer Science
2024,August,Scopus,College of Computer and Information Sciences,Scientific,Cyclic quantum teleportation of two-qubit entangled states by using six-qubit cluster state and six-qubit entangled state,Scientific Reports
2024,August,Scopus,College of Science,Scientific,Davies-type phase transitions in 4D Dyonic AdS black holes from topological perspective,Nuclear Physics B
2024,August,Scopus,College of Computer and Information Sciences,Scientific,Deep learning solutions for inverse problems in advanced biomedical image analysis on disease detection,Scientific Reports
2024,August,Scopus,College of Science,Scientific,Delignification of wood toward photoluminescent smart window infiltrated with glass nanofibers-reinforced polystyrene for multifunctional applications,Surfaces and Interfaces
2024,August,Scopus,College of Computer and Information Sciences,Scientific,Design and Evaluation of Arabic Handwritten Digit Recognition System Using Biologically Plausible Methods,Arabian Journal for Science and Engineering
2024,August,Scopus,College of Science,Scientific,Design and synthesis of benzo[b]thiophene-based hybrids as novel antitubercular agents against MDR/XDR Mycobacterium tuberculosis,Archiv der Pharmazie
2024,August,Scopus,College of Computer and Information Sciences,Scientific,Design Space Exploration of HW Accelerators and Network Infrastructure for FPGA-Based MPSoC,IEEE Access
2024,August,Scopus,College of Science,Scientific,"Design, Synthesis, and Biological Evaluation of Novel Phenoxy Acetic Acid Derivatives as Selective COX-2 Inhibitors Coupled with Comprehensive Bio-Pharmacological Inquiry, Histopathological Profiling, and Toxicological Scrutiny",Molecules
2024,August,Scopus,College of Science,Scientific,"Detection of cyanogen (NCCN) on Ga-, In-, and Tl-doped aluminium nitride (AlN) nanotube: insights from quantum chemical calculations",Journal of Nanoparticle Research
2024,August,Scopus,College of Computer and Information Sciences,Scientific,Detection of cyberhate speech towards female sport in the Arabic Xsphere,PeerJ Computer Science
2024,August,Scopus,College of Science,Scientific,Detection of Lungs Tumors in CT Scan Images Using Convolutional Neural Networks,IEEE/ACM Transactions on Computational Biology and Bioinformatics
2024,August,Scopus,College of Science,Scientific,Development and in-depth experimental characterization of novel TiZrNbHfTaOx reinforced 316L stainless steel for advanced nuclear applications,Nuclear Engineering and Design
2024,August,Scopus,College of Science,Scientific,Development of an ecofriendly dispersive liquid phase microextraction method for the preconcentration of β-blockers in waste and environmental samples,Microchemical Journal
2024,August,Scopus,College of Science,Scientific,Development of New N- and S-substituted-imidazolidin-4-one Analogues with Potent Anti-breast Cancer Activity: In vitro Molecular Docking Assessment,Current Organic Chemistry
2024,August,Scopus,College of Science,Scientific,"Dielectric, ferroelectric, optical and photocatalytic properties of Zn-doped SrFe12-xZnxO19 synthesized via a microemulsion route",Journal of the Indian Chemical Society
2024,August,Scopus,College of Science,Scientific,"Dietary supplementation with copper nanoparticles enhances broiler performance by improving growth, immunity, digestive enzymes, and gut microbiota",Poultry Science
2024,August,Scopus,College of Computer and Information Sciences,Scientific,Distributed Multiclass Cyberattack Detection using Golden Jackal Optimization with Deep Learning Model for Securing IoT Networks,IEEE Access
2024,August,Scopus,College of Science,Scientific,Divergent evolution of NLR genes in the genus Glycine: impacts of annuals and perennials’ life history strategies,Frontiers in Plant Science
2024,August,Scopus,College of Science,Scientific,"Do parasites induce the expression of biochemical markers in the Golden grey mullet Chelon auratus (Risso, 1810)?",Regional Studies in Marine Science
2024,August,Scopus,College of Business Administration,Scientific,"Does stakeholder pressure influence firms environmental, social and governance (ESG) disclosure? Evidence from Ghana",Cogent Business and Management
2024,August,Scopus,College of Science,Scientific,Drug repurposing of FDA-approved anti-viral drugs via computational screening against novel 6M03 SARS-COVID-19,Irish Journal of Medical Science
2024,August,Scopus,College of Science,Scientific,Dynamics of nanoparticle diameter and solid–liquid interfacial layer on the Al2O3–H2O nanofluid flow over a uni-directional extending heated surface: a numerical analysis,Journal of Thermal Analysis and Calorimetry
2024,August,Scopus,College of Computer and Information Sciences,Scientific,ECG-TransCovNet: A hybrid transformer model for accurate arrhythmia detection using Electrocardiogram signals,CAAI Transactions on Intelligence Technology
2024,August,Scopus,College of Science,Scientific,"Effect of lanthanum oxide on the radiation-shielding, dielectric, and physical properties of lithium zinc phosphate glasses",Radiation Physics and Chemistry
2024,August,Scopus,College of Science,Scientific,Effects of prebiotic (lactoferrin) and diclazuril on broiler chickens experimentally infected with Eimeria tenella,Frontiers in Veterinary Science
2024,August,Scopus,College of Science,Scientific,"Effects of silver in lanthanum zinc ferrite nanocrystallites of AgxCo0.5−xZn0.5Fe1.95La0.05O4/5% G (x = 0, 0.01, 0.05, 0.1, 0.25, 0.5) on corecivity, antimicrobial, and the MDA-MB-231 breast cancer cell",Applied Physics A: Materials Science and Processing
2024,August,Scopus,College of Science,Scientific,"Efficiency of K2WO4 containing a newly synthesized phosphate based glasses: Physical, thermal properties, FTIR spectroscopy and γ-ray shielding parameters",Radiation Physics and Chemistry
2024,August,Scopus,College of Science,Scientific,Efficient Removal of Methylene Blue Dye from Aqueous Media Using Facilely Synthesized Magnesium Borate/Magnesium Oxide Nanostructures,Molecules
2024,August,Scopus,College of Science,Scientific,Electrical and electrochemical properties of A-site non-stoichiometry Ca0.67La0.22□0.11Ti(1− x)CrxO3−δ electrolyte materials for solid oxide fuel cells,Ceramics International
2024,August,Scopus,College of Science,Scientific,Electrochemical behaviour of ZrS2@rGO nanohybrid for high-performance supercapacitors,Diamond and Related Materials
2024,August,Scopus,College of Science,Scientific,Electrodeposited polyaniline modified CNT fiber as efficient counter electrode in flexible dye-sensitized solar cells,Synthetic Metals
2024,August,Scopus,College of Science,Scientific,"Electronic, Optical and Thermoelectric Properties of Cs2XInCl6 (X = Ag, Na) Halide Double Perovskites",Physica Status Solidi (B) Basic Research
2024,August,Scopus,College of Computer and Information Sciences,Scientific,Emotion estimation of people wearing masks using machine learning,"International Journal of Computers, Communications and Control"
2024,August,Scopus,College of Computer and Information Sciences,Scientific,Energy Efficient Path Planning Scheme for Unmanned Aerial Vehicle Using Hybrid Generic Algorithm-Based Q-Learning Optimization,IEEE Access
2024,August,Scopus,College of Computer and Information Sciences,Scientific,Enhanced Data Mining and Visualization of Sensory-Graph-Modeled Datasets through Summarization,Sensors
2024,August,Scopus,College of Science,Scientific,Enhanced Removal of Rhodamine b Dye from Aqueous Media via Adsorption on Facilely Synthesized Zinc Ferrite Nanoparticles,Inorganics
2024,August,Scopus,College of Computer and Information Sciences,Scientific,Enhanced user verification in IoT applications: a fusion-based multimodal cancelable biometric system with ECG and PPG signals,Neural Computing and Applications
2024,August,Scopus,College of Science,Scientific,Enhancement of photocatalytic degradation stability and radiation shielding ability of Cr-substituted zinc-copper nanoferrites,Radiation Physics and Chemistry
2024,August,Scopus,College of Computer and Information Sciences,Scientific,Enhancing High-Speed Data Communications: Optimization of Route Controlling Network on Chip Implementation,IEEE Access
2024,August,Scopus,College of Science,Scientific,Enhancing Precision in Population Variance Vector Estimation: A Two-Phase Sampling Approach with Multi-Auxiliary Information; [(Meningkatkan Ketepatan dalam Anggaran Vektor Varians Populasi: Pendekatan Persampelan Dua Fasa dengan Maklumat Berbilang Bantu)],Sains Malaysiana
2024,August,Scopus,College of Business Administration,Scientific,Enhancing Software Fault Prediction Through Feature Selection With Spider Wasp Optimization Algorithm,IEEE Access
2024,August,Scopus,College of Computer and Information Sciences,Scientific,Enhancing Wireless Sensor Network Efficiency through Al-Biruni Earth Radius Optimization,"Computers, Materials and Continua"
2024,August,Scopus,College of Science,Scientific,Evaluation and analysis of the adsorption mechanism of three emerging pharmaceutical pollutants on a phosphorised carbon-based adsorbent: Application of advanced analytical models to overcome the limitation of classical models,Heliyon
2024,August,Scopus,College of Science,Scientific,Evaluations of Chris-Jerry Data Using Generalized Progressive Hybrid Strategy and Its Engineering Applications,CMES - Computer Modeling in Engineering and Sciences
2024,August,Scopus,College of Computer and Information Sciences,Scientific,Exploiting Feature Fusion with Deep Learning Based Next-Generation Consumer Products Detection on Video Surveillance Monitoring Systems,IEEE Transactions on Consumer Electronics
2024,August,Scopus,College of Science,Scientific,"Exploring Silicon-Based Ca2TiSiO6 Ordered Double Perovskite Oxides: a Comprehensive DFT Investigation of Structural, Dynamical, Mechanical Stability, and Optoelectronic Properties",Silicon
2024,August,Scopus,College of Science,Scientific,Exploring structural and optical properties of Cu-doped and Fe-doped sodium borate glasses,Optik
2024,August,Scopus,College of Computer and Information Sciences,Scientific,"Exploring the Impact of Matching E-Training Material to Arabic Dyslexia Type on Learners’ Reading Performance, Satisfaction and Behaviour",Interacting with Computers
2024,August,Scopus,College of Science,Scientific,Extraction and characterization of essential oil of Lavandula dentata L.: Evaluation of its cytotoxicity and anticonvulsant activities on an epileptic model,Egyptian Journal of Chemistry
2024,August,Scopus,College of Science,Scientific,Fabrication of CuO/MoS2@gCN nanocomposite for effective degradation of methyl orange and phenol photocatalytically,Results in Physics
2024,August,Scopus,College of Computer and Information Sciences,Scientific,Fair resource optimization for cooperative non-terrestrial vehicular networks,Computer Networks
2024,August,Scopus,College of Computer and Information Sciences,Scientific,Federated Active Learning with Transfer Learning: Empowering Edge Intelligence for Enhanced Lung Cancer Diagnosis,"20th International Wireless Communications and Mobile Computing Conference, IWCMC 2024"
2024,August,Scopus,College of Computer and Information Sciences,Scientific,Fine-Tuning Cyber Security Defenses: Evaluating Supervised Machine Learning Classifiers for Windows Malware Detection,"Computers, Materials and Continua"
2024,August,Scopus,College of Science,Scientific,First-ever fusion of high entropy alloy (HEA) with glass: Enhancing of critical properties of zinc-tellurite glass through TiZrNbHfTaOx incorporation,Ceramics International
2024,August,Scopus,College of Science,Scientific,First-principles investigation on the impact of copper concentration on zinc telluride as the back contact for cadmium telluride solar cells,Applied Physics A: Materials Science and Processing
2024,August,Scopus,College of Science,Scientific,Flexure Investigation of P-FG-Plates Via Integral Quasi-3D Theory with Considering Imperfection in the Material Composition,Mechanics of Composite Materials
2024,August,Scopus,College of Science,Scientific,"FTIR, Raman spectroscopic, microstructure and neutron-particle interaction properties of Mo3+ doped cadmium zinc lithium-borate glasses",Ceramics International
2024,August,Scopus,College of Computer and Information Sciences,Scientific,Future Air Quality Prediction using Long Short-Term Memory based on Hyper Heuristic Multi-Chain Model,IEEE Access
2024,August,Scopus,College of Science,Scientific,Genetic associations of transgenerational stress memory in wheat under drought stress,Environmental and Experimental Botany
2024,August,Scopus,College of Science,Scientific,Genome-wide identification and characterization of the dof gene family in mango (Mangifera indica L.),Genetic Resources and Crop Evolution
2024,August,Scopus,College of Science,Scientific,Gut microbiota composition in patients with Crohn’s disease in Saudi Arabia,PLoS ONE
2024,August,Scopus,College of Science,Scientific,"Half Metallic Ferromagnetism, Mechanical, Thermodynamic, and Thermoelectric Properties of Vacancy Ordered Double Perovskites Rb2(V/Cr)Cl6 for Spintronics",Journal of Inorganic and Organometallic Polymers and Materials
2024,August,Scopus,College of Science,Scientific,Heat and mass transfer dynamics in curved Ш-Chip: ISPH simulations and ANN analysis,Case Studies in Thermal Engineering
2024,August,Scopus,College of Science,Scientific,Hierarchical CaZrO3@rGO nanostructure as an electrode material for high-performance supercapacitor devices,Diamond and Related Materials
2024,August,Scopus,College of Science,Scientific,High thermal stability molybdenum-Boosted lithium tellurite glass for radiation shielding,Ceramics International
2024,August,Scopus,College of Computer and Information Sciences,Scientific,Human gender estimation from CT images of skull using deep feature selection and feature fusion,Scientific Reports
2024,August,Scopus,College of Computer and Information Sciences,Scientific,Hybrid healthcare unit recommendation system using computational techniques with lung cancer segmentation,Frontiers in Medicine
2024,August,Scopus,College of Science,Scientific,Hybrid multi-criteria decision-making technique for the selection of best cryptographic multivalued Boolean function,Complex and Intelligent Systems
2024,August,Scopus,College of Computer and Information Sciences,Scientific,Impact of Autocatalytic Chemical Reactions and Convective Boundary Conditions on NaC6H7O6-SiO2-Based Nanofluid Oblique Stagnation Point Flow Across a Stretching Sheet,Nano
2024,August,Scopus,College of Science,Scientific,"Impact of europium oxide on structural, dielectric, and radiation-shielding properties of zinc lithium borate glasses",Optical and Quantum Electronics
2024,August,Scopus,College of Science,Scientific,Impact of Fe-doping on magneto-optoelectronic properties of beryllium sulfide (BeS): A first principles insight,Physica B: Condensed Matter
2024,August,Scopus,College of Science,Scientific,Impact of Fixation of Camel Lymph Node Cells on Marker Expression Stability in Flow Cytometry,World's Veterinary Journal
2024,August,Scopus,College of Science,Scientific,"Impact of Gd-substitution on structural, dielectric, spectroscopic, Raman, and photo luminance properties of Ba0.4Sr0.6Co2Fe16O27 ceramics",Materials Chemistry and Physics
2024,August,Scopus,College of Science,Scientific,Improving biochar properties through liquid-phase exfoliation of onion peel biochar doped with chicken feathers,Surfaces and Interfaces
2024,August,Scopus,College of Science,Scientific,Improving the electrocatalytic efficiency of hydrothermally developed ZnMnO3 with rGO for oxygen evolution reaction activity,International Journal of Hydrogen Energy
2024,August,Scopus,College of Science,Scientific,Incompressible smoothed particle hydrodynamics solutions of double diffusion of nanoparticle-enhanced phase change materials in vertical mounted circular cylinders,"Numerical Heat Transfer, Part B: Fundamentals"
2024,August,Scopus,College of Science,Scientific,Influence of nanoparticles and fins on performance improvement of cold storage system utilizing numerical technique,Journal of Energy Storage
2024,August,Scopus,College of Science,Scientific,"Influence of Pyramidal M 2 0 (M = Cu, Ag and Au) Clusters on SERS and Noncovalent Interactions toward Tuberculosis Drug Pretomanid (PTD): DFT Study",Journal of Computational Biophysics and Chemistry
2024,August,Scopus,College of Computer and Information Sciences,Scientific,Innovative healthcare solutions: robust hand gesture recognition of daily life routines using 1D CNN,Frontiers in Bioengineering and Biotechnology
2024,August,Scopus,College of Computer and Information Sciences,Scientific,Innovative Insect Detection and Classification for the Agricultural Sector Using Gannet Optimization Algorithm with Deep Learning,IEEE Access
2024,August,Scopus,College of Science,Scientific,"Integrability and multiple kinks, lumps, and breathers solutions to an extended (3+1)-dimensional Calogero-Bogoyavlenskii-Schiff fluid model",Physica Scripta
2024,August,Scopus,College of Science,Scientific,"Integrated analysis of yield response and early stage biochemical, molecular, and gene expression profiles of pre-breeding rice lines under water deficit stress",Scientific Reports
2024,August,Scopus,College of Business Administration,Scientific,Motivational drivers and psychological detachment in shaping the work–home interface for Saudi women,Career Development International
2024,August,Scopus,College of Computer and Information Sciences,Scientific,Multi-Agent System for Students Cognitive Assessment in E-Learning Environment,IEEE Access
2024,August,Scopus,College of Business Administration,Scientific,Multi-class Breast Cancer Classification Using CNN Features Hybridization,International Journal of Computational Intelligence Systems
2024,August,Scopus,College of Computer and Information Sciences,Scientific,Mutually Injection Locked Multi-Element Terahertz Oscillator Based on AlGaN/GaN High Electron Mobility Avalanche Transit Time Devices,IEEE Access
2024,August,Scopus,College of Computer and Information Sciences,Scientific,Network Security Enhanced with Deep Neural Network-Based Intrusion Detection System,"Computers, Materials and Continua"
2024,August,Scopus,College of Computer and Information Sciences,Scientific,Neuro-XAI: Explainable deep learning framework based on deeplabV3+ and bayesian optimization for segmentation and classification of brain tumor in MRI scans,Journal of Neuroscience Methods
2024,August,Scopus,College of Science,Scientific,"New 1D Cd(II) coordination polymer based on L‒arginine ligand; Synthesis, X−ray structure, Hirshfeld analysis, DFT studies, and biological activity",Journal of Molecular Structure
2024,August,Scopus,College of Science,Scientific,New degradable PCL/thiazole composite for biological applications; characterization and spectroscopic studies,Journal of Molecular Structure
2024,August,Scopus,College of Science,Scientific,"New Diaryl-1,2,4-triazolo[3,4-a]pyrimidine Hybrids as Selective COX-2/sEH Dual Inhibitors with Potent Analgesic/Anti-inflammatory and Cardioprotective Properties",ACS Omega
2024,August,Scopus,College of Science,Scientific,New Green Chemistry Approach of Synthesis of Aryl Substituted Dihydro Pyrimidone Derivatives Using Citrus Extract for Antibacterial and Antifungal Activities,Polish Journal of Environmental Studies
2024,August,Scopus,College of Science,Scientific,New Monotonic Properties for Solutions of Odd-Order Advanced Nonlinear Differential Equations,Symmetry
2024,August,Scopus,College of Science,Scientific,New soliton solutions of ion dynamics on acoustic dusty plasma,Alexandria Engineering Journal
2024,August,Scopus,College of Computer and Information Sciences,Scientific,Newtonian heating effect across the moving horizontal plate with chemical reaction of MHD Maxwell fluid,Journal of Thermal Analysis and Calorimetry
2024,August,Scopus,College of Business Administration,Scientific,Nexus between corporate environmental disclosures and gender diversity: Interaction effects of board independence,Business Strategy and the Environment
2024,August,Scopus,College of Science,Scientific,Non-decreasing monotonic effects of cerium and gadolinium on tellurite glasses toward enhanced heavy-charged particle stopping: alpha-proton particles as major a part of cosmic radiation,Journal of the Australian Ceramic Society
2024,August,Scopus,College of Science,Scientific,Non-targeted metabolomics reveals hormonal mechanisms regarding arbuscular mycorrhizal fungi- and Serendipita indica-mediated plant growth response in Camellia oleifera,Scientia Horticulturae
2024,August,Scopus,College of Science,Scientific,"Nootkatone Counteracts Melamine-Mediated Nephrotoxicity via Modulation of Intermediate Filament Proteins, Oxidative, Inflammatory, and Apoptotic Events","Drug Design, Development and Therapy"
2024,August,Scopus,College of Science,Scientific,"Novel hybrid motifs of 2-(2-pyridinyl)-1H-benzo[d]imidazole-1,2,3-triazole: Synthesis, anticancer assessment, and in silico study",Journal of Molecular Structure
2024,August,Scopus,College of Science,Scientific,Novel solitary wave solutions and bifurcation analysis of multispecies dusty plasma consisting of cold dust grains,Alexandria Engineering Journal
2024,August,Scopus,College of Computer and Information Sciences,Scientific,Numerical investigation and thermal transport features of magnetic hybrid nanoparticles flow over a poignant tiny needle subject to Joule heating and slip boundary conditions,Modern Physics Letters B
2024,August,Scopus,College of Science,Scientific,Numerical Solution of the Linear Fractional Delay Differential Equation Using Gauss–Hermite Quadrature,Symmetry
2024,August,Scopus,College of Science,Scientific,Numerical treatment based on artificial neural network to Soret and Dufour effects on MHD squeezing flow of Jeffrey fluid in horizontal channel with thermal radiation,International Journal of Thermofluids
2024,August,Scopus,College of Science,Scientific,On gradient normalized Ricci-harmonic solitons in sequential warped products,AIMS Mathematics
2024,August,Scopus,College of Science,Scientific,On the numerical solution of second order delay differential equations via a novel approach,Journal of Mathematics and Computer Science
2024,August,Scopus,College of Science,Scientific,Optical and gamma-ray attenuation of cobalt and lanthanum-doped sodium zinc lead borate glass,Journal of Materials Science: Materials in Electronics
2024,August,Scopus,College of Science,Scientific,Optical engineering perspectives on fractional analysis: A comprehensive study of the conformable Gross-Pitaevskii equation in the Bose-Einstein condensation,Modern Physics Letters B
2024,August,Scopus,College of Science,Scientific,Optical Properties and Radiation Shielding Performance of Boron Silicate Glasses Containing CrO3 and SrTiO3,Silicon
2024,August,Scopus,College of Computer and Information Sciences,Scientific,Optimized Data Fusion With Scheduled Rest Periods for Enhanced Smart Agriculture via Blockchain Integration,IEEE Access
2024,August,Scopus,College of Computer and Information Sciences,Scientific,Optimizing electric vehicle paths to charging stations using parallel greylag goose algorithm and Restricted Boltzmann Machines,Frontiers in Energy Research
2024,August,Scopus,College of Science,Scientific,Optimizing SNARK networks via double metric dimension,AIMS Mathematics
2024,August,Scopus,College of Science,Scientific,"Painlevé analysis and Hirota direct method for analyzing three novel physical fluid extended KP, Boussinesq, and KP-Boussinesq equations: Multi-solitons/shocks and lumps",Results in Engineering
2024,August,Scopus,College of Science,Scientific,Parabolic trough solar collector technology using TiO2 nanofluids with dimpled tubes,Case Studies in Thermal Engineering
2024,August,Scopus,College of Computer and Information Sciences,Scientific,Performance of Snow Ablation Optimization for Solving Optimum Allocation of Generator Units,IEEE Access
2024,August,Scopus,College of Science,Scientific,Perovskite nanostructure anchored on reduced graphene (rGO) nanosheets as an efficient electrocatalyst for oxygen evolution reaction (OER),Diamond and Related Materials
2024,August,Scopus,College of Science,Scientific,Photoluminescence of polysiloxane-immobilized lignin-modified wood toward color-tunable and ultraviolet protective smart window,Ceramics International
2024,August,Scopus,College of Science,Scientific,"Physical, chemical and radiation shielding properties of metakaolin-based geopolymers containing borosilicate waste glass",Radiation Physics and Chemistry
2024,August,Scopus,College of Science,Scientific,"Physical, mechanical, and radiation shielding studies: effects of glass network and ion valance states of Ti3+ and Mo5+ on TiO2-doped lead molybdenum borate glasses",Journal of the Australian Ceramic Society
2024,August,Scopus,College of Science,Scientific,Phyto-treatment of tannery industry effluents under combined application of citric acid and chromium-reducing bacterial strain through Lemna minor L.: A lab scale study,Heliyon
2024,August,Scopus,College of Science,Scientific,Plasmonic photo-bleaching enabled broadband nonlinear optics and ultrafast photonics,"Chaos, Solitons and Fractals"
2024,August,Scopus,College of Science,Scientific,Poisson-Lindley minification INAR process with application to financial data,AIMS Mathematics
2024,August,Scopus,College of Science,Scientific,"Population status, habitat preferences and predictive current and future distributions of three endangered Silene species under changing climate",Frontiers in Plant Science
2024,August,Scopus,College of Science,Scientific,Porphyrin like porous fullerene functionalized with Ga as an effective adsorbent for the removal of methylene blue from wastewater effluent,Surfaces and Interfaces
2024,August,Scopus,College of Science,Scientific,Potassium silica nanostructure improved growth and nutrient uptake of sorghum plants subjected to drought stress,Frontiers in Plant Science
2024,August,Scopus,College of Science,Scientific,Potential Development of Porous Carbon Composites Generated from the Biomass for Energy Storage Applications,Chemistry - An Asian Journal
2024,August,Scopus,College of Science,Scientific,"Potentiality of chitosan hybridized magnesium doped-hydroxyapatite (CH/Mg·HAP) for enhanced carrying of oxaliplatin: loading, release, kinetics, and cytotoxicity",New Journal of Chemistry
2024,August,Scopus,College of Computer and Information Sciences,Scientific,Precise Prostate Cancer Assessment Using IVIM-Based Parametric Estimation of Blood Diffusion from DW-MRI,Bioengineering
2024,August,Scopus,College of Computer and Information Sciences,Scientific,Precision Grading of Glioma: A System for Accurate Diagnosis and Treatment Planning,Handbook of Texture Analysis: AI-Based Medical Imaging Applications: Volume II
2024,August,Scopus,College of Computer and Information Sciences,Scientific,Pre-Trained Transformer-Based Models for Text Classification Using Low-Resourced Ewe Language,Systems
2024,August,Scopus,College of Computer and Information Sciences,Scientific,Privacy-Preserving Information Fusion Technique for Device to Server-Enabled Communication in the Internet of Things: A Hybrid Approach,"Computers, Materials and Continua"
2024,August,Scopus,College of Computer and Information Sciences,Scientific,Property Ownership Formal Modelling Using Event-B and iUML-B,Lecture Notes in Computer Science (including subseries Lecture Notes in Artificial Intelligence and Lecture Notes in Bioinformatics)
2024,August,Scopus,College of Science,Scientific,Purification and characterization of a thermostable Galium aparine β-galactosidase: A competent agent with enhanced cytotoxic activity against MCF-7 cell line,Process Biochemistry
2024,August,Scopus,College of Science,Scientific,Radiative Double-Diffusive Mixed Convection Flow in a Non-Newtonian Hybrid Nanofluid Over a Vertical Deformable Sheet with Thermophoretic Particle Deposition Effects,Nano
2024,August,Scopus,College of Computer and Information Sciences,Scientific,Recent Developments in AI and ML for IoT: A Systematic Literature Review on LoRaWAN Energy Efficiency and Performance Optimization,Sensors
2024,August,Scopus,College of Science,Scientific,Regression analysis of Cattaneo–Christov heat and thermal radiation on 3D Darcy flow of Non-Newtonian fluids induced by stretchable sheet,Case Studies in Thermal Engineering
2024,August,Scopus,College of Science,Scientific,"Relationship among micro-pollutants, economic growth, renewable energy, nanotechnology and ecological foot prints of China: evidence from panel data analysis",Environmental Geochemistry and Health
2024,August,Scopus,College of Science,Scientific,"Removal of acetaminophen from wastewater using a novel bimetallic La/Th metal-organic framework: Kinetics, thermodynamics, isotherms, and optimization through Box-Behnken design",Process Safety and Environmental Protection
2024,August,Scopus,College of Science,Scientific,Revolutionizing bioconvection: Artificial intelligence-powered nano-encapsulation with oxytactic microorganisms,Engineering Applications of Artificial Intelligence
2024,August,Scopus,College of Computer and Information Sciences,Scientific,Ridge Regressive Data Preprocessed Quantum Deep Belief Neural Network for Effective Trajectory Planning in Autonomous Vehicles,Complexity
2024,August,Scopus,College of Science,Scientific,Rifabutin loaded inhalable β-glucan microparticle based drug delivery system for pulmonary TB,Scientific Reports
2024,August,Scopus,College of Computer and Information Sciences,Scientific,RLStop: A Reinforcement Learning Stopping Method for TAR,SIGIR 2024 - Proceedings of the 47th International ACM SIGIR Conference on Research and Development in Information Retrieval
2024,August,Scopus,College of Computer and Information Sciences,Scientific,Robust Machine Learning Technique to Classify COVID-19 Using Fusion of Texture and Vesselness of X-Ray Images,CMES - Computer Modeling in Engineering and Sciences
2024,August,Scopus,College of Science,Scientific,Roughness of linear Diophantine fuzzy sets by intuitionistic fuzzy relations over dual universes with decision-making applications,Computational and Applied Mathematics
2024,August,Scopus,College of Science,Scientific,Rutin mitigates acetic acid-induced ulcerative colitis: novel coloprotective mechanism,Toxicology Research
2024,August,Scopus,College of Computer and Information Sciences,Scientific,Securing Consumer Electronics Devices: A Blockchain-Based Access Management Approach Enhanced by Deep Learning Threat Modeling for IoT Ecosystems,IEEE Access
2024,August,Scopus,College of Computer and Information Sciences,Scientific,Short-Term Load Forecasting in Smart Grids Using Hybrid Deep Learning,IEEE Access
2024,August,Scopus,College of Computer and Information Sciences,Scientific,SINS&#x005F;AR: An Efficient Smart Indoor Navigation System Based on Augmented Reality,IEEE Access
2024,August,Scopus,College of Computer and Information Sciences,Scientific,SkinMarkNet: an automated approach for prediction of monkeyPox using image data augmentation with deep ensemble learning models,Multimedia Tools and Applications
2024,August,Scopus,College of Computer and Information Sciences,Scientific,"Social media's dark secrets: A propagation, lexical and psycholinguistic oriented deep learning approach for fake news proliferation",Expert Systems with Applications
2024,August,Scopus,College of Science,Scientific,Spatial Distribution and Molecular Characterization of Huanglongbing and its Vector in Various Citrus Cultivars,Pakistan Journal of Agricultural Sciences
2024,August,Scopus,College of Computer and Information Sciences,Scientific,Spatio-Temporal Features Representation Using Recurrent Capsules for Monaural Speech Enhancement,IEEE Access
2024,August,Scopus,College of Science,Scientific,"Structural, Morphological and Ferroelectric Properties of Sr-Cd Co-Doped Nickel Ferrite for Energy Storage Devices",Magnetochemistry
2024,August,Scopus,College of Science,Scientific,Structures and applications of graphs arising from congruences over moduli,AIMS Mathematics
2024,August,Scopus,College of Science,Scientific,Studies on Photophysical and Biological Activity of Newly Synthesized of 4-Methylpiperidin-4-ol Substituted Pyrazole Derivatives,Polish Journal of Environmental Studies
2024,August,Scopus,College of Science,Scientific,Study of a bounded interval perks distribution with quantile regression analysis,Statistical Analysis and Data Mining
2024,August,Scopus,College of Science,Scientific,Study on the synthesis and activity of Ag/LaFeO3/CNTs for photodegradation of harmful pollutants under visible light irradiation,Journal of the Korean Ceramic Society
2024,August,Scopus,College of Science,Scientific,Superior Electrochemical Performance and Cyclic Stability of WS2@CoMgS//AC Composite on the Nickel-Foam for Asymmetric Supercapacitor Devices,Energies
2024,August,Scopus,College of Science,Scientific,Surra-affected dromedary camels show reduced numbers of blood B-cells and in vitro evidence of Trypanosoma-induced B cell death,Tropical Animal Health and Production
2024,August,Scopus,College of Business Administration,Scientific,Sustainable IoT Security in Entrepreneurship: Leveraging Univariate Feature Selection and Deep CNN Model for Innovation and Knowledge,Sustainability (Switzerland)
2024,August,Scopus,College of Science,Scientific,Sustainable wastewater sludge@bimetallic cadmium-MOFs and nano-copper oxide as a promising shielding composite for gamma rays: Experimental and simulation investigations,Materials Science and Engineering: B
2024,August,Scopus,College of Computer and Information Sciences,Scientific,Swin-GA-RF: genetic algorithm-based Swin Transformer and random forest for enhancing cervical cancer classification,Frontiers in Oncology
2024,August,Scopus,College of Science,Scientific,"Synergistic effects of Gd2O3 and SiO2 in enhancing the acoustic, mechanical, and shielding qualities of borate glasses",Radiation Physics and Chemistry
2024,August,Scopus,College of Science,Scientific,"Synthesis and characterization of cellulose fibers modified zinc phosphate/hydroxyapatite core-shell as enhanced carrier of cisplatin: Loading, release, and cytotoxicity",International Journal of Biological Macromolecules
2024,August,Scopus,College of Science,Scientific,Synthesis and characterizations of lead barium borate (LBB) glasses reinforced with Er3+ ions for optoelectronic applications,Materials Science and Engineering: B
2024,August,Scopus,College of Science,Scientific,Synthesis and Multifaceted Exploration of 4-Phenylpiperidin-4-ol Substituted Pyrazole: Photophysical Insights with Biological Activity,Polish Journal of Chemical Technology
2024,August,Scopus,College of Science,Scientific,Synthesis of a new series of 4-pyrazolylquinolinones with apoptotic antiproliferative effects as dual EGFR/BRAFV600E inhibitors,RSC Medicinal Chemistry 
2024,August,Scopus,College of Science,Scientific,Synthesis of CdS/N-rGO S-scheme heterojunction photocatalyst for efficient H2 evolution,Materials Science in Semiconductor Processing
2024,August,Scopus,College of Science,Scientific,Synthesis of clickable aminoguanidine-modified pullulan for selective samarium (III) recognition,Journal of Water Process Engineering
2024,August,Scopus,College of Science,Scientific,"Synthesis of new pyrazine-pyrazole-thiazolidin-4-one and pyrazine-triazole-thiazolidin-4-one conjugates, molecular modelling and docking as antimicrobial agents",Journal of Molecular Structure
2024,August,Scopus,College of Science,Scientific,"Synthesis, characterization, and dyeing performance of Novel Bisazo disperse dyes: A combined spectroscopic and computational study",Journal of Molecular Structure
2024,August,Scopus,College of Science,Scientific,"Synthesis, characterization, and photodegradation assessment of Ni and Cd-doped TiO2 nanocrystals via sol-gel method for methylene blue under sunlight",Digest Journal of Nanomaterials and Biostructures
2024,August,Scopus,College of Science,Scientific,"Synthesis, DFT, and in silico biological evaluation of chalcone bearing pyrazoline ring against Helicobacter pylori receptors",Heliyon
2024,August,Scopus,College of Science,Scientific,"Synthesis, structural characterization and optical studies of Fe2O3 nanoparticles based polymeric materials for flexible electronic devices",Digest Journal of Nanomaterials and Biostructures
2024,August,Scopus,College of Science,Scientific,"Synthesis, structure and luminescence properties of PbLaTb(WO4)4 phosphor ceramics for LEDs applications: Role of Tb rare earth",Ceramics International
2024,August,Scopus,College of Science,Scientific,"The Additive Xgamma-Burr XII Distribution: Properties, Estimation and Applications",Symmetry
2024,August,Scopus,College of Science,Scientific,"The antioxidant, anti-inflammatory, and anti-apoptotic effects of sesamin against cisplatin-induced renal and testicular toxicity in rats",Renal Failure
2024,August,Scopus,College of Science,Scientific,The bio-convection analysis for non-Newtonian nano-fluid due to accelerating surface,Journal of Thermal Analysis and Calorimetry
2024,August,Scopus,College of Business Administration,Scientific,"The effect of remote work, institution efficiency, and work management on the competitiveness of the saudi finance institutions","Studies in Systems, Decision and Control"
2024,August,Scopus,College of Science,Scientific,The enhanced fitting ability of a new tangent-apt probabilistic model: Its implementations to the music engineering and reliability phenomena,Alexandria Engineering Journal
2024,August,Scopus,College of Science,Scientific,The impact of polarization force on the oblique propagation of dust-acoustic solitons in a superthermal complex magnetoplasma,"Chaos, Solitons and Fractals"
2024,August,Scopus,College of Business Administration,Scientific,The influence of religion on the strength of auditing and reporting standards,"Studies in Systems, Decision and Control"
2024,August,Scopus,College of Business Administration,Scientific,The Influence of Work–Family Conflict and Enhancement on the Wellbeing of the Self-Employed and Their Spouses: A Dyadic Analysis,"Work, Employment and Society"
2024,August,Scopus,College of Science,Scientific,The MgMnS infused with GQDs as a binder-free electrode in sodium perchlorate-based hybrid electrolyte for supercapatteries and hydrogen production,Diamond and Related Materials
2024,August,Scopus,College of Science,Scientific,"The microsprinkler irrigation system influences the growth, yield, and water productivity and nutrient uptake of aerobic rice under humid subtropical climatic conditions",Paddy and Water Environment
2024,August,Scopus,College of Computer and Information Sciences,Scientific,The role of morphometric characteristics in predicting 20-meter sprint performance through machine learning,Scientific Reports
2024,August,Scopus,College of Science,Scientific,The role of turmeric and black pepper oil nanoemulsion in attenuating cytokine storm triggered by duck hepatitis A virus type I (DHAV-I)-induced infection in ducklings,Poultry Science
2024,August,Scopus,College of Science,Scientific,"The secrets of environmental Pseudomonas aeruginosa in slaughterhouses: Antibiogram profile, virulence, and antibiotic resistance genes",Folia Microbiologica
2024,August,Scopus,College of Science,Scientific,The therapeutic efficacy of neem (Azadirecta indica) leaf extract against coinfection with Chlamydophila psittaci and low pathogenic avian influenza virus H9N2 in broiler chickens,Poultry Science
2024,August,Scopus,College of Science,Scientific,Theoretical framework and inference for fitting extreme data through the modified Weibull distribution in a first-failure censored progressive approach,Heliyon
2024,August,Scopus,College of Science,Scientific,"Theoretical Investigation of a new Double Perovskites of Rb2CuSbZ6 (Z = F, Br, and I) for Sustainable Technologies",Journal of Inorganic and Organometallic Polymers and Materials
2024,August,Scopus,College of Science,Scientific,Thermal analysis of generalized Cattaneo-Christov theories in Burgers nanofluid in the presence of thermo-diffusion effects and variable thermal conductivity,Open Physics
2024,August,Scopus,College of Science,Scientific,Thermal Conductivity Evaluation of Radiative Entropy Optimized Cross-Flow in Eyring–Powell Nanofluid Past a Permeable Deformable Sheet: The Case of Solar-Powered Ship Application,Nano
2024,August,Scopus,College of Science,Scientific,"Thermal examination of chemically reactive Casson ternary hybrid nanofluid flow on bi-directional stretching sheet subject to Cattaneo-Christov mass/heat flux phenomena, variable porosity and exponential heat source",Modern Physics Letters B
2024,August,Scopus,College of Science,Scientific,Thermodynamical stability and optoelectronic characteristics of Sr1-xCoxTe: A DFT study,Physica B: Condensed Matter
2024,August,Scopus,College of Science,Scientific,Thermoluminescence characteristics of gamma-irradiated Gd:Mg doped silica glass,Radiation Physics and Chemistry
2024,August,Scopus,College of Science,Scientific,Timelike Constant Axis Ruled Surface Family in Minkowski 3-Space,Symmetry
2024,August,Scopus,College of Science,Scientific,Timelike surfaces with Bertrand geodesic curves in Minkowski 3-space,AIP Advances
2024,August,Scopus,College of Computer and Information Sciences,Scientific,Towards an Optimized Blockchain-Based Secure Medical Prescription-Management System,Future Internet
2024,August,Scopus,College of Computer and Information Sciences,Scientific,Tree Seed Algorithm-based Feature Selection with Optimal Deep Learning Model for Supply Chain Management,Fluctuation and Noise Letters
2024,August,Scopus,College of Science,Scientific,Two metal-insulator transitions and magnetoresistive properties investigation in La0.67Ca0.33−xSrxMn0.98Ni0.02O3(0.1≤x≤0.3),Journal of Alloys and Compounds
2024,August,Scopus,College of Business Administration,Scientific,Understanding the relationship between AI and gender on social TV content selection,Frontiers in Communication
2024,August,Scopus,College of Science,Scientific,"Understanding Trimipraminium Maleate (TPM) through Spectroscopic, Hirshfeld surface and reactivity analysis: Experimental, DFT and MD studies in different solvents at different temperatures",Journal of the Indian Chemical Society
2024,August,Scopus,College of Computer and Information Sciences,Scientific,UNet Based onMulti-Object Segmentation and Convolution Neural Network for Object Recognition,"Computers, Materials and Continua"
2024,August,Scopus,College of Science,Scientific,Unraveling molecular mechanisms of β-glucuronidase inhibition by flavonoids from Centaurea scoparia: integrated in silico and in vitro insights,New Journal of Chemistry
2024,August,Scopus,College of Computer and Information Sciences,Scientific,Unveiling Deception in Arabic: Optimization of Deceptive Text Detection Across Formal and Informal Genres,IEEE Access
2024,August,Scopus,College of Science,Scientific,Unveiling into Genetic Architecture of Transgenerational Stress Memory via Promoting Drought Tolerance in Barley,Journal of Soil Science and Plant Nutrition
2024,August,Scopus,College of Science,Scientific,Unveiling the Impact of Eco-Friendly Synthesized Nanoparticles on Vegetative Growth and Gene Expression in Pelargonium graveolens and Sinapis alba L.,Molecules
2024,August,Scopus,College of Science,Scientific,Unveiling the potential of Nd2O3 in optimizing the radiation shielding performance of B2O3–TiO2–BaO–ZnO-Nd2O3 glasses,Nuclear Engineering and Technology
2024,August,Scopus,College of Computer and Information Sciences,Scientific,Urban Electric Vehicle Charging Station Placement Optimization with Graylag Goose Optimization Voting Classifier,"Computers, Materials and Continua"
2024,August,Scopus,College of Science,Scientific,Utilization of Polyvinylpyrrolidone as an Organic Template for the Facile Synthesis of Analcime Nanoparticles for Efficient Removal of Pb(II) and Cu(II) Ions from Aqueous Media,Silicon
2024,August,Scopus,College of Science,Scientific,Utilizing endophytic plant growth-promoting bacteria and the nematophagous fungus Purpureocillium lilacinum as biocontrol agents against the root-knot nematode (Meloidogyne incognita) on tomato plants,European Journal of Plant Pathology
2024,August,Scopus,College of Computer and Information Sciences,Scientific,Video and image quality improvement using an enhanced optimized dehazing technique,Multimedia Tools and Applications
2024,August,Scopus,College of Computer and Information Sciences,Scientific,Wireless sensor network-based machine learning framework for smart cities in intelligent waste management,Heliyon
2024,August,Scopus,College of Science,Scientific,"Zircoborate glass-ceramic composite reinforced with aluminum oxynitride: Microstructural evolution, physical properties, and charged radiation attenuation analysis",Ceramics International
2024,September,WOS,College of Education and Human Development,Humanitarian ,Envisaging the quantum capacitance in modified monolayer silicon carbide,APPLIED PHYSICS A-MATERIALS SCIENCE & PROCESSING
2024,September,WOS,College of Education and Human Development,Humanitarian ,Evaluating electronic gaming addiction impact on middle schoolers: Parental views,EDUCATION AND INFORMATION TECHNOLOGIES
2024,September,WOS,College of Education and Human Development,Humanitarian ,Antibiotic alternatives to produce organic poultry meat as a safe food source and the impact of its consumption on human health: A review,ANNALS OF ANIMAL SCIENCE
2024,September,WOS,College of Education and Human Development,Humanitarian ,Suicidal behaviors among high school graduates with preexisting mental health problems: a machine learning and GIS-based study,INTERNATIONAL JOURNAL OF SOCIAL PSYCHIATRY
2024,September,WOS,College of Nursing,Health-related / Medical,Effect of Kinematic Chain Exercise Protocol on Throwing Performance and Shoulder Muscle Strength among University Shot Put Athletes-A Randomized Controlled Trial,JOURNAL OF CLINICAL MEDICINE
2024,September,WOS,College of Nursing,Health-related / Medical,Pirfenidone targeted mechanisms for alleviating methotrexate-induced testiculopathy in Wistar rats,NAUNYN-SCHMIEDEBERGS ARCHIVES OF PHARMACOLOGY
2024,September,WOS,College of Nursing,Health-related / Medical,Sparking nurses' creativity: the roles of ambidextrous leadership and psychological safety,BMC NURSING
2024,September,WOS,College of Nursing,Health-related / Medical,The variations in health cost based on the traditional obesity parameters among patients with coronary artery diseases undergoing cardiac catheterization,BMC HEALTH SERVICES RESEARCH
2024,September,WOS,College of Health and Rehabilitation Sciences,Health-related / Medical,BURNOUT AND RESILIENCE AMONG PHYSICALTHERAPY STUDENTS :A CROSS-SECTIONAL STUDY,MEDYCYNA PRACY-WORKERS HEALTH AND SAFETY
2024,September,WOS,College of Health and Rehabilitation Sciences,Health-related / Medical,Comprehension of verb morphology in Arabic-speaking children with and without developmental language disorder,CLINICAL LINGUISTICS & PHONETICS
2024,September,WOS,College of Health and Rehabilitation Sciences,Health-related / Medical,Staff perspectives on fall prevention activities in long-term care facilities for older residents: Brief but often staff education is key,PLOS ONE
2024,September,WOS,College of Health and Rehabilitation Sciences,Health-related / Medical,Validating the Accuracy of a Patient-Facing Clinical Decision Support System in Predicting Lumbar Disc Herniation: Diagnostic Accuracy Study,DIAGNOSTICS
2024,September,WOS,College of pharmacy,Health-related / Medical,Heterologous SARS-CoV-2 booster vaccine for individuals with hematological malignancies after a primary SARS-CoV-2 mRNA vaccine series,VACCINE
2024,September,WOS,College of pharmacy,Health-related / Medical,"In vitro ADME, mouse pharmacokinetics of LD14b, and bioanalysis of a novel aβ 17β-HSD10 modulator for the treatment of Alzheimer's disease",XENOBIOTICA
2024,September,WOS,College of pharmacy,Health-related / Medical,"Innovative UPLC technique for concurrent quantification of etofenamate and benzyl nicotinate in the presence of methylparaben and benzyl alcohol in their topical cream: Greens, white, and Six Sigma methodologies",BIOMEDICAL CHROMATOGRAPHY
2024,September,WOS,College of pharmacy,Health-related / Medical,"Knowledge, attitude, and practices of pharmacy students in 7 Middle Eastern countries concerning antibiotic resistance: A cross-sectional study",MEDICINE
2024,September,WOS,College of pharmacy,Health-related / Medical,Prevalence and predictors of polypharmacy and comorbidities among patients with chronic obstructive pulmonary disease: a cross-sectional retrospective study in a tertiary hospital in Saudi Arabia,BMC PULMONARY MEDICINE
2024,September,WOS,College of pharmacy,Health-related / Medical,Repurposing FDA-Approved Drugs as Potential Inhibitors of SARS-CoV-2 PLpro: A Comprehensive Computational Study,JOURNAL OF COMPUTATIONAL BIOPHYSICS AND CHEMISTRY
2024,September,WOS,College of pharmacy,Health-related / Medical,"Shikonin mitigates cyclophosphamide-induced cardiotoxicity in mice: the role of sirtuin-1, NLRP3 inflammasome, autophagy, and apoptosis",JOURNAL OF PHARMACY AND PHARMACOLOGY
2024,September,WOS,College of Medicine,Health-related / Medical,"Activity of Fluoroquinolones and Proton Pump Inhibitors against Resistant Oral Bacterial Biofilms, in silico and in vitro Analysis",POLISH JOURNAL OF MICROBIOLOGY
2024,September,WOS,College of Medicine,Health-related / Medical,Intraoperative 3D Fluoroscopy During Open Reduction for DDH: An Effective Alternative to Postoperative CT/MRI,JOURNAL OF PEDIATRIC ORTHOPAEDICS
2024,September,WOS,College of Medicine,Health-related / Medical,"Knowledge, attitude, and perception of robotic-assisted surgery among the general population in Saudi Arabia: a cross-sectional study (vol 18, 196, 2024)",JOURNAL OF ROBOTIC SURGERY
2024,September,WOS,College of Medicine,Health-related / Medical,Polycystic Ovary Syndrome: A Comprehensive Exploration of Diagnosis Experience in Saudi Women,JOURNAL OF CLINICAL MEDICINE
2024,September,WOS,College of Medicine,Health-related / Medical,"Synthesis, Characterization of Polyphenolic Flavonoid Silymarin Encapsulated Carbon Quantum Dots (SL-CQDs) and Its Anticancer, Antibacterial Potential in In Vitro",JOURNAL OF INORGANIC AND ORGANOMETALLIC POLYMERS AND MATERIALS
2024,September,WOS,College of Medicine,Health-related / Medical,The role of prophylactic transfusion on the maternal and fetal outcomes in pregnant women with sickle cell disease: A systematic review and meta-analysis,MEDICINE
2024,September,WOS,College of Science,Scientific,Personality traits and change in depression status at 18 months: Findings from a British Psychiatric Morbidity Survey,JOURNAL OF AFFECTIVE DISORDERS
2024,September,WOS,College of Science,Scientific,A Non-Relativistic 2D Quantum System and Its Thermo-Magnetic Properties with a Generalized Pseudo-Harmonic Oscillator,MATHEMATICS
2024,September,WOS,College of Science,Scientific,A novel algorithmic multi-attribute decision-making framework for solar panel selection using modified aggregations of cubic intuitionistic fuzzy hypersoft set,HELIYON
2024,September,WOS,College of Science,Scientific,"An optimal estimation approach in stratified random sampling utilizing two auxiliary attributes with application in agricultural, demography, finance, and education sectors",HELIYON
2024,September,WOS,College of Science,Scientific,Application of CRISPR/Cas9 system to knock out GluB gene for developing low glutelin rice mutant,BOTANICAL STUDIES
2024,September,WOS,College of Science,Scientific,Arbuscular mycorrhizal fungi improve tolerance of wheat plants under soil Europium contamination,PLANT AND SOIL
2024,September,WOS,College of Science,Scientific,Bayesian estimation of some reliability characteristics for Nakagami model using adaptive progressive censoring,PHYSICA SCRIPTA
2024,September,WOS,College of Science,Scientific,Bayesian Methods for Step-Stress Accelerated Test under Gamma Distribution with a Useful Reparametrization and an Industrial Data Application,MATHEMATICS
2024,September,WOS,College of Science,Scientific,Biogenic Syntheses of AgNPs With Leaf Extract Abution indicum and Its Application for Antimicrobial and Photocatalytic Activity,APPLIED ORGANOMETALLIC CHEMISTRY
2024,September,WOS,College of Science,Scientific,Cadmium-induced pancreatic toxicity in rats: comparing vitamin C and Nigella sativa as protective agents: a histomorphometric and ultrastructural study,TOXICOLOGY MECHANISMS AND METHODS
2024,September,WOS,College of Science,Scientific,Chromosome 16p11.2 microdeletion syndrome with microcephaly and Dandy-Walker malformation spectrum: expanding the known phenotype,HUMAN GENOMICS
2024,September,WOS,College of Science,Scientific,Clay Induced Performance Enhancement of a Plant Extract-Based WORM and RRAM for Sustainable Data Storage and Neuromorphic Computing Applications,ACS APPLIED ELECTRONIC MATERIALS
2024,September,WOS,College of Science,Scientific,Co/MoS2 nanocomposite for passive Q-switched pulse operation in erbium-doped fiber lasers,OPTICAL MATERIALS EXPRESS
2024,September,WOS,College of Science,Scientific,Comparative analysis of jet and underlying event properties across various models as a function of charged particle multiplicity at 7 TeV,CHINESE PHYSICS C
2024,September,WOS,College of Science,Scientific,"Comprehensive analysis of structural, mechanical, optoelectronic, and thermodynamic properties of Ba2XBiO6 (X = Y, La) double perovskites using density functional theory",PHYSICA SCRIPTA
2024,September,WOS,College of Science,Scientific,"Comprehensive evaluation and prediction of groundwater quality and risk indices using quantitative approaches, multivariate analysis, and machine learning models: An exploratory study",HELIYON
2024,September,WOS,College of Science,Scientific,"Coral like gadolinium doped hematite nanostructure as stable and robust electrocatalyst for oxygen evolution water splitting (vol 338, 127313, 2023)",FUEL
2024,September,WOS,College of Science,Scientific,"Deciphering the degradation of sulfonamides by UV/chlorination in aqueous solution: kinetics, reaction pathways, and toxicological evolution",ENVIRONMENTAL RESEARCH COMMUNICATIONS
2024,September,WOS,College of Science,Scientific,Derivation Analysis and Control of Multiport Flyback Converter with Lyapunov Function-Based Controller in Renewable Energy Systems Considering Circuit Parasitics,ARABIAN JOURNAL FOR SCIENCE AND ENGINEERING
2024,September,WOS,College of Science,Scientific,Development of biochromic paper strips from cellulose nanocrystals and anthocyanin extract from pomegranate (Punica granatum L.) for colorimetric determination of urea,JOURNAL OF APPLIED POLYMER SCIENCE
2024,September,WOS,College of Science,Scientific,Development of strontium aluminate-printed nonwoven fabric from recycled cotton cellulose for smart wearable photochromic applications,LUMINESCENCE
2024,September,WOS,College of Science,Scientific,Different estimation techniques and data analysis for constant-partially accelerated life tests for power half-logistic distribution,SCIENTIFIC REPORTS
2024,September,WOS,College of Science,Scientific,Effect of ZnO particle size on the radiation shielding efficiency of B2O3-BaO-ZnO glass system,RADIOCHIMICA ACTA
2024,September,WOS,College of Science,Scientific,"Effects of alfa lipoic acid and coenzyme Q10 treatment on AFB1-induced oxidative, inflammatory, and DNA damages in rats",TOXICON
2024,September,WOS,College of Science,Scientific,Enhancing salt tolerance in maize using co-application of exogenously applied lipoic acid or silicon with soil-based vermicompost-tea by reinforcing antioxidant defense mechanisms and regulating plant performance,CHILEAN JOURNAL OF AGRICULTURAL RESEARCH
2024,September,WOS,College of Science,Scientific,"Examining anion influence on the physical properties and performance analysis of lead-free calcium-based Ca3NX3 (X=F, Cl, Br and I) perovskite",MATERIALS SCIENCE AND ENGINEERING B-ADVANCED FUNCTIONAL SOLID-STATE MATERIALS
2024,September,WOS,College of Science,Scientific,Fabrication of SrSnO3/rGO composite via hydrothermal technique as robust electrocatalyst for OER process,JOURNAL OF SOL-GEL SCIENCE AND TECHNOLOGY
2024,September,WOS,College of Science,Scientific,"Fabrication, structure and optical characteristics of CuO/polymer nanocomposites materials for optical devices",INTERNATIONAL JOURNAL OF POLYMER ANALYSIS AND CHARACTERIZATION
2024,September,WOS,College of Science,Scientific,Facile fabrication of Mn doped WSe2 as an electrode material for supercapacitor application,ELECTROCHIMICA ACTA
2024,September,WOS,College of Science,Scientific,First-ever fusion of high entropy alloy (HEA) with glass: Enhancing of critical properties of zinc-tellurite glass through TiZrNbHfTaOx incorporation,CERAMICS INTERNATIONAL
2024,September,WOS,College of Science,Scientific,"FTIR, Raman spectroscopic, microstructure and neutron-particle interaction properties of Mo3+ doped cadmium zinc lithium-borate glasses",CERAMICS INTERNATIONAL
2024,September,WOS,College of Science,Scientific,Gdistns: R package for maximum goodness-of-fit estimates of the generalized G distributions,SOFTWAREX
2024,September,WOS,College of Science,Scientific,High thermal stability molybdenum-Boosted lithium tellurite glass for radiation shielding,CERAMICS INTERNATIONAL
2024,September,WOS,College of Science,Scientific,Homology groups in CR-warped products of complex space forms,HELIYON
2024,September,WOS,College of Science,Scientific,"Impact of titanium dioxide/graphene in polyvinylidene fluoride nanocomposite membrane to intensify methylene blue dye removal, antifouling performance, and reusability",JOURNAL OF APPLIED POLYMER SCIENCE
2024,September,WOS,College of Science,Scientific,"Improvement of spinel OER electrochemical property by doping strategy for water splitting (vol 130, 554, 2024)",APPLIED PHYSICS A-MATERIALS SCIENCE & PROCESSING
2024,September,WOS,College of Science,Scientific,Induced nematic phase with improved thermal characteristics for new maleic anhydride derivatives,MOLECULAR CRYSTALS AND LIQUID CRYSTALS
2024,September,WOS,College of Science,Scientific,"Integrability and multiple kinks, lumps, and breathers solutions to an extended (3+1)-dimensional Calogero-Bogoyavlenskii-Schiff fluid model",PHYSICA SCRIPTA
2024,September,WOS,College of Science,Scientific,Intelligent faculty evaluation and ranking system based on N-framed plithogenic fuzzy hypersoft set and extended NR-TOPSIS,ALEXANDRIA ENGINEERING JOURNAL
2024,September,WOS,College of Science,Scientific,"Investigation of physical properties of Ba2NdX(X=Nb, Ta)O6 double perovskites for renewable energy applications",CHEMICAL PHYSICS LETTERS
2024,September,WOS,College of Science,Scientific,Microscopic and macroscopic analysis of hexavalent chromium adsorption on polypyrrole-polyaniline@rice husk ash adsorbent using statistical physics modeling,HELIYON
2024,September,WOS,College of Science,Scientific,"Microstructural, mechanical and neutron-attenuation properties of apatite-wollastonite doped by SiO2, Fe2O3, and TiO2",CERAMICS INTERNATIONAL
2024,September,WOS,College of Science,Scientific,Mitigation of biochemical alterations in streptozotocin-induced gestational diabetes in rats through mesenchymal stem cells and olive leaf extract,JOURNAL OF EXPERIMENTAL ZOOLOGY PART A-ECOLOGICAL AND INTEGRATIVE PHYSIOLOGY
2024,September,WOS,College of Science,Scientific,Nonlinear evolution equations in dispersive media: Analyzing the semilinear dispersive-fisher model,INTERNATIONAL JOURNAL OF GEOMETRIC METHODS IN MODERN PHYSICS
2024,September,WOS,College of Science,Scientific,"Octopus vulgaris ink chemical profiling and validation of its potential as antioxidant, antimicrobial, anti-cancer as well as anti-Schistosomal drug in vitro",ARQUIVO BRASILEIRO DE MEDICINA VETERINARIA E ZOOTECNIA
2024,September,WOS,College of Science,Scientific,On Convoluted Forms of Multivariate Legendre-Hermite Polynomials with Algebraic Matrix Based Approach,MATHEMATICS
2024,September,WOS,College of Science,Scientific,On the charge transport mechanism and the dielectric behavior of Fe-doped SnO2/rGO heterostructure,MATERIALS CHEMISTRY AND PHYSICS
2024,September,WOS,College of Science,Scientific,One-pot derivatization spectrofluorimetric method for detection of aspartame in sweetener commercial tablets and soft drinks: Greenness assessments of the methodology,LUMINESCENCE
2024,September,WOS,College of Science,Scientific,Optimization of a novel lead-free MASiI3 3 based perovskite solar cell: A comprehensive study on device performance enhancement,RESULTS IN ENGINEERING
2024,September,WOS,College of Science,Scientific,Performance Evaluation of the Mixed Conducting Co0.6Mn0.4Al1.6Fe0.4O4-Sm0.2Ce0.8O2 Heterostructure Composite Electrolyte Membrane in SOFC and SOEC Mode,ACS APPLIED ENERGY MATERIALS
2024,September,WOS,College of Science,Scientific,Photoluminescence of polysiloxane-immobilized lignin-modified wood toward color-tunable and ultraviolet protective smart window,CERAMICS INTERNATIONAL
2024,September,WOS,College of Science,Scientific,"Radiation Shielding Analysis of Multi-Component Glasses: Effects of Varying BaO, PbO2 and Gd2O3 Concentrations",ECS JOURNAL OF SOLID STATE SCIENCE AND TECHNOLOGY
2024,September,WOS,College of Science,Scientific,Recent developments in MnNiO3@rGO nanohybrid for advanced energy storage devices,JOURNAL OF SOL-GEL SCIENCE AND TECHNOLOGY
2024,September,WOS,College of Science,Scientific,"Relationship among micro-pollutants, economic growth, renewable energy, nanotechnology and ecological foot prints of China: evidence from panel data analysis",ENVIRONMENTAL GEOCHEMISTRY AND HEALTH
2024,September,WOS,College of Science,Scientific,Roughness of linear Diophantine fuzzy sets by intuitionistic fuzzy relations over dual universes with decision-making applications,COMPUTATIONAL & APPLIED MATHEMATICS
2024,September,WOS,College of Science,Scientific,Structural Characteristics and Dielectric Properties of Deposited Silver Nanoparticles with Polypyrrole on PET Films for Dielectric Devices,ECS JOURNAL OF SOLID STATE SCIENCE AND TECHNOLOGY
2024,September,WOS,College of Science,Scientific,Surra-affected dromedary camels show reduced numbers of blood B-cells and in vitro evidence of Trypanosoma-induced B cell death,TROPICAL ANIMAL HEALTH AND PRODUCTION
2024,September,WOS,College of Science,Scientific,Symmetric two-electodes pseudosupercapacitor from trichalcogenide MoS3-MoO3-poly-O-amino-benzenethiol nanocomposite,PHYSICA SCRIPTA
2024,September,WOS,College of Science,Scientific,"Synthesis Properties and Neutron Attenuation of New Geopolymers Containing Si, O, Na and Al: Role of Pb Addition",SILICON
2024,September,WOS,College of Science,Scientific,"Synthesis, optical properties, and enhanced photocatalytic degradation of (Mg, Cu) co-doped TiO2 nanoparticles under ultraviolet light irradiation",TRANSITION METAL CHEMISTRY
2024,September,WOS,College of Science,Scientific,Taxonomic Revision of Genus Ephedra Tourn. ex L. in Egypt with Intra-Gender Diversity in Morphometric Traits and Fatty Acid Composition,PLANTS-BASEL
2024,September,WOS,College of Science,Scientific,"The determinants of leptin, angiopoietin like 8, and thyroid hormones levels in Saudi females with type 2 diabetes mellitus: A retrospective study",MEDICINE
2024,September,WOS,College of Science,Scientific,"The Lanthanum-Doped Phosphate Glass System: Optical, Mechanical, and Gamma-Ray Shielding Properties",JOURNAL OF INORGANIC AND ORGANOMETALLIC POLYMERS AND MATERIALS
2024,September,WOS,College of Science,Scientific,The Potential Use of Arthrospira (Spirulina platensis) as a Biostimulant for Drought Tolerance in Wheat (Triticum aestivum L.) for Sustainable Agriculture,JOURNAL OF PLANT GROWTH REGULATION
2024,September,WOS,College of Science,Scientific,Weak ψ-Contractions on Directed Graphs with Applications to Integral Equations,MATHEMATICS
2024,September,WOS,College of Science,Scientific,Zingiber officinale Ameliorates Acute Toxoplasmosis-Induced Pathology in Mice,ACTA PARASITOLOGICA
2024,September,WOS,College of Science,Scientific,ZnAl2O4 decorated on graphitic carbon nitride (g-CN) composite as efficient electrocatalyst for water oxidation in alkaline medium,DIAMOND AND RELATED MATERIALS
2024,September,WOS,College of Humanities and Social Sciences,Humanitarian ,Assessment of Commercial GNSS Radio Occultation Performance from PlanetiQ Mission,REMOTE SENSING
2024,September,WOS,College of Engineering,Scientific,Computer-aided diagnosis for lung cancer using waterwheel plant algorithm with deep learning,SCIENTIFIC REPORTS
2024,September,WOS,College of Business Administration,Scientific,Digital Learning Orientation and Entrepreneurial Competencies in Graduates: Is Blended Learning Sustainable?,SUSTAINABILITY
2024,September,WOS,College of Business Administration,Scientific,Dung beetle optimization with deep learning approach for solving inverse problems in predicting financial futures,ALEXANDRIA ENGINEERING JOURNAL
2024,September,WOS,College of Business Administration,Scientific,Enhanced Parameter Estimation of DENsity CLUstEring (DENCLUE) Using Differential Evolution,MATHEMATICS
2024,September,WOS,College of Business Administration,Scientific,Enhancing climate action in OECD countries: the role of environmental policy stringency for energy transitioning to a sustainable environment,ENVIRONMENTAL SCIENCES EUROPE
2024,September,WOS,College of Business Administration,Scientific,Implementing sustainability: What role do knowledge management and management accounting play? Agenda for environmentally friendly businesses,CORPORATE SOCIAL RESPONSIBILITY AND ENVIRONMENTAL MANAGEMENT
2024,September,WOS,College of Business Administration,Scientific,The effect of eco-friendly and financial technologies on renewable energy growth in emerging economies,HELIYON
2024,September,WOS,College of Dentistry,Health-related / Medical,A Comparison of Two Methods of Dental Age Estimation in a Population of Saudi Children and Adolescents,DIAGNOSTICS
2024,September,WOS,College of Dentistry,Health-related / Medical,Is orthodontic research falling prey to obscure and predatory journals? A bibliometric study,EUROPEAN JOURNAL OF ORTHODONTICS
2024,September,WOS,College of Dentistry,Health-related / Medical,The Effectiveness of Technology-Enhanced Learning in Prosthodontic Education: A Systematic Review,EUROPEAN JOURNAL OF DENTAL EDUCATION
2024,September,WOS,King Abdullah bin Abdulaziz University Hospital\College of Dentistry,Health-related / Medical,Comparative Accuracy and Reliability of Three Electronic Apex Locators in Determining the Apical Constriction of Molar Canals: A Micro-CT Evaluation,JOURNAL OF CLINICAL MEDICINE
2024,September,WOS,College of Computer and Information Sciences,Scientific,"A Semantic, Syntactic, and Context-Aware Natural Language Adversarial Example Generator",IEEE TRANSACTIONS ON DEPENDABLE AND SECURE COMPUTING
2024,September,WOS,College of Computer and Information Sciences,Scientific,An efficient brain tumor detection and classification using pre-trained convolutional neural network models,HELIYON
2024,September,WOS,College of Computer and Information Sciences,Scientific,An Improved Adaptive Neuro-fuzzy Inference Framework for Lung Cancer Detection and Prediction on Internet of Medical Things Platform,INTERNATIONAL JOURNAL OF COMPUTATIONAL INTELLIGENCE SYSTEMS
2024,September,WOS,College of Computer and Information Sciences,Scientific,Computer-aided diagnosis of Alzheimer's disease and neurocognitive disorders with multimodal Bi-Vision Transformer (BiViT),PATTERN ANALYSIS AND APPLICATIONS
2024,September,WOS,College of Computer and Information Sciences,Scientific,Cyberbullying Detection Using PCA Extracted GLOVE Features and RoBERTaNet Transformer Learning Model,IEEE TRANSACTIONS ON COMPUTATIONAL SOCIAL SYSTEMS
2024,September,WOS,College of Computer and Information Sciences,Scientific,Deep feature fusion with computer vision driven fall detection approach for enhanced assisted living safety,SCIENTIFIC REPORTS
2024,September,WOS,College of Computer and Information Sciences,Scientific,Exploiting histopathological imaging for early detection of lung and colon cancer via ensemble deep learning model,SCIENTIFIC REPORTS
2024,September,WOS,College of Computer and Information Sciences,Scientific,Integrating machine and deep learning technologies in green buildings for enhanced energy efficiency and environmental sustainability,SCIENTIFIC REPORTS
2024,September,WOS,College of Computer and Information Sciences,Scientific,Optimized automated blood cells analysis using Enhanced Greywolf Optimization with integrated attention mechanism and YOLOv5,ALEXANDRIA ENGINEERING JOURNAL
2024,September,WOS,College of Computer and Information Sciences,Scientific,Optimizing solar power generation forecasting in smart grids: a hybrid convolutional neural network -autoencoder long short-term memory approach,PHYSICA SCRIPTA
2024,September,WOS,College of Computer and Information Sciences,Scientific,Prairie Dog Optimization Algorithm with deep learning assisted based Aerial Image Classification on UAV imagery,HELIYON
2024,September,WOS,College of Computer and Information Sciences,Scientific,Real-time Arabic avatar for deaf-mute communication enabled by deep learning sign language translation,COMPUTERS & ELECTRICAL ENGINEERING
2024,September,WOS,College of Computer and Information Sciences,Scientific,Thermal modeling and Machine learning for optimizing heat transfer in smart city infrastructure balancing energy efficiency and Climate Impact,THERMAL SCIENCE AND ENGINEERING PROGRESS
2024,September,WOS,Health Sciences Research Centre,Health-related / Medical,Acceptor-Induced Cooperative Mixed-Stacking Supramolecular Co-Assembly with Enhanced Emissive Characteristics,CRYSTAL GROWTH & DESIGN
2024,September,WOS,King Abdullah bin Abdulaziz University Hospital,Health-related / Medical,High removal of methylene blue and methyl violet dyes from aqueous solutions using efficient biomaterial byproduct,HELIYON
2024,September,WOS,King Abdullah bin Abdulaziz University Hospital,Health-related / Medical,Use of low titer O whole blood in infants and young children undergoing cardiac surgery with cardiopulmonary bypass,TRANSFUSION
2024,September,Scopus,College of Education and Human Development,Humanitarian ,"Assessment of the ‘students’ perceptions of education using Dundee Ready Environment Educational Measure (DREEM) inventory at Princess Nora bint Abdulrahman University, Saudi Arabia",BMC Medical Education
2024,September,Scopus,College of Education and Human Development,Humanitarian ,Effects of Hormonal Replacement Therapy and Mindfulness-Based Stress Reduction on Climacteric Symptoms Following Risk-Reducing Salpingo-Oophorectomy,Healthcare (Switzerland)
2024,September,Scopus,College of Education and Human Development,Humanitarian ,Envisaging the energy and quantum capacitance in modified silicene: A DFT studies,Journal of Energy Storage
2024,September,Scopus,College of Education and Human Development,Humanitarian ,Exploring Sleep Duration and Insomnia Among Prospective University Students: A Study with Geographical Data and Machine Learning Techniques,Nature and Science of Sleep
2024,September,Scopus,College of Education and Human Development,Humanitarian ,First-Principles Investigation of Optoelectronic Structure and Thermodynamic Properties of Ruddlesden-Popper Halide Perovskites for Optoelectronic Applications,Journal of Inorganic and Organometallic Polymers and Materials
2024,September,Scopus,College of Education and Human Development,Humanitarian ,Impact of modern technological methods of knowledge management and total quality management on the performance of educational colleges faculty: A case of Jordan,"Journal of Infrastructure, Policy and Development"
2024,September,Scopus,College of Education and Human Development,Humanitarian ,MODELING THE FACTORS INFLUENCING SECONDARY STUDENTS’ PERFORMANCE IN STEM SUBJECTS,Journal of Baltic Science Education
2024,September,Scopus,College of Education and Human Development,Humanitarian ,Prevalence and associated factors of cigarette smoking and substance use among university entrance test-taking students: A GIS-based study,PLoS ONE
2024,September,Scopus,College of Education and Human Development,Humanitarian ,"Prevalence and risk factors of depression, anxiety, and stress among the Bangladeshi construction workers: A cross-sectional study",PLoS ONE
2024,September,Scopus,College of Education and Human Development,Humanitarian ,Utilization of technologies in French language translation (FLT) education in Saudi Arabia: A quantitative survey study,Heliyon
2024,September,Scopus,College of Arts and Design,Humanitarian ,Reviewing Co-creation Method in the Context of Visual Arts Co-creation: A Case Study of Usungan Parade Project,Journal of Visual Art and Design
2024,September,Scopus,College of Nursing,Health-related / Medical,Bullying Behaviors and Stress (Acute and Perceived) among Undergraduate Nursing and Midwifery Students: The Moderating Role of Gender and Academic Majors,Healthcare (Switzerland)
2024,September,Scopus,College of Nursing,Health-related / Medical,Critical care nurses' knowledge and attitudes towards using ventilator waveform monitoring to detect patient–ventilator asynchrony: A cross-sectional online survey,Nursing in Critical Care
2024,September,Scopus,College of Nursing,Health-related / Medical,"Exploring the Intersection of Depression, Anxiety, and Sexual Health in Perimenopausal Women",International Journal of Women's Health
2024,September,Scopus,College of Nursing,Health-related / Medical,Investigating the relationship between nurses' workplace behaviour and perceived levels of ethical leadership in managers,Nursing Management
2024,September,Scopus,College of Nursing,Health-related / Medical,Post COVID-19 mucormycosis in critical care settings: A prospective cohort study in a tertiary care center in Egypt,Journal of Infection and Public Health
2024,September,Scopus,College of Nursing,Health-related / Medical,Promoting workplace retention during global crises: An international survey of the preventive role of psychological support among victims of social discrimination in long-term care facilities,Geriatric Nursing
2024,September,Scopus,College of Nursing,Health-related / Medical,The Impact of Undergraduate Informatics Education on Nurses' Acceptance of Information and Communication Technologies: A Cross-sectional Study,CIN - Computers Informatics Nursing
2024,September,Scopus,College of Nursing,Health-related / Medical,Therapeutic Effects of Semaglutide on Nonalcoholic Fatty Liver Disease with Type 2 Diabetes Mellitus and Obesity: An Open-Label Controlled Trial,Diseases
2024,September,Scopus,College of Nursing,Health-related / Medical,Using a flipped teaching strategy in undergraduate nursing education: students’ perceptions and performance,BMC Medical Education
2024,September,Scopus,College of Health and Rehabilitation Sciences,Health-related / Medical,Assessment of Park Paths and Trails for Physical Activity Promotion among Older Adults in Saudi Arabia: Feasibility and Future Directions,Healthcare (Switzerland)
2024,September,Scopus,College of Health and Rehabilitation Sciences,Health-related / Medical,Bibliometric Analysis of Meningiomas from 2001 to 2023: Focus on the Top 100 Most Cited Papers,World Neurosurgery
2024,September,Scopus,College of Health and Rehabilitation Sciences,Health-related / Medical,"Comparable Real-World Patient-Reported Outcomes Data Across Health Conditions, Settings, and Countries: The PROMIS International Collaboration",NEJM Catalyst Innovations in Care Delivery
2024,September,Scopus,College of Health and Rehabilitation Sciences,Health-related / Medical,Computational Identification and Functional Analysis of Potentially Pathogenic nsSNPs in the NLRP3 Gene Linked to Alzheimer’s Disease,Cell Biochemistry and Biophysics
2024,September,Scopus,College of Health and Rehabilitation Sciences,Health-related / Medical,"Development of Valid and Reliable Questionnaire to Evaluate Knowledge, Attitude, and Practices (KAP) of Lifestyle Medicine Domains",Healthcare (Switzerland)
2024,September,Scopus,College of Health and Rehabilitation Sciences,Health-related / Medical,Evaluation of newborn hearing screening program in Jordan,Frontiers in Pediatrics
2024,September,Scopus,College of Health and Rehabilitation Sciences,Health-related / Medical,Genetic Patterns of Oral Cavity Microbiome in Patients with Sickle Cell Disease,International Journal of Molecular Sciences
2024,September,Scopus,College of Health and Rehabilitation Sciences,Health-related / Medical,Neglect of Psychological Care for Children with Cerebral Palsy and Their Families and Its Impact on Their Occupational Engagement in Saudi Arabia,Medicina (Lithuania)
2024,September,Scopus,College of Health and Rehabilitation Sciences,Health-related / Medical,"Regional Disparities in Growth Patterns of Children with Cerebral Palsy: A Comparative Analysis of Saudi Arabian, UK, and US Data",Children
2024,September,Scopus,College of Health and Rehabilitation Sciences,Health-related / Medical,"Relationship between Pain, Physical Activity, Screen Time and Age among Young Children during the COVID-19 Pandemic",Healthcare (Switzerland)
2024,September,Scopus,College of Health and Rehabilitation Sciences,Health-related / Medical,Secondary Sjögren's syndrome in a rheumatoid arthritis patient: A case report and review of literature,Radiology Case Reports
2024,September,Scopus,College of Health and Rehabilitation Sciences,Health-related / Medical,The 4‘I’s for a holistic musculoskeletal rehabilitation approach following hematopoietic stem cell transplantation,Cellular Therapy and Transplantation
2024,September,Scopus,College of Health and Rehabilitation Sciences,Health-related / Medical,"Traumatic Stress, Psychological Well-being, and Sociodemographic Correlates in High-stress Environments among Healthcare Professionals",Open Psychology Journal
2024,September,Scopus,College of pharmacy,Health-related / Medical,Advancing cancer care: How artificial intelligence is transforming oncology pharmacy,Informatics in Medicine Unlocked
2024,September,Scopus,College of pharmacy,Health-related / Medical,Adverse pregnancy outcomes in maternal malarial infection: A systematic review and meta-analysis,New Microbes and New Infections
2024,September,Scopus,College of pharmacy,Health-related / Medical,"An Investigation of Novel Series of 2-Thioxo-1,3-dithiol-carboxamides as Potential Antispasmodic Agents: Design, Synthesis via Coupling Reactions, Density Functional Theory Calculations, and Molecular Docking",Molecules
2024,September,Scopus,College of pharmacy,Health-related / Medical,"Chitosan/Hesperidin Nanoparticles for Sufficient, Compatible, Antioxidant, and Antitumor Drug Delivery Systems",Pharmaceuticals
2024,September,Scopus,College of pharmacy,Health-related / Medical,Effect of hybrid weaving patterns on mechanical performance of 3D woven structures,Polymers and Polymer Composites
2024,September,Scopus,College of pharmacy,Health-related / Medical,Effectiveness of early Anakinra on cardiac function in children with multisystem inflammatory syndrome of COVID-19: a systematic review,BMC Infectious Diseases
2024,September,Scopus,College of pharmacy,Health-related / Medical,Exploring the analgesic potential of isorhamnetin: insights from formalin-induced pain and diabetic neuropathy models,European Review for Medical and Pharmacological Sciences
2024,September,Scopus,College of pharmacy,Health-related / Medical,"Exploring the Overlooked Depression, Anxiety, Insomnia and Fibromyalgia Syndrome Burden in Arab Women with Type 2 Diabetes: New Avenues for Chronic Disease Management",Medicina (Lithuania)
2024,September,Scopus,College of pharmacy,Health-related / Medical,Identification of Selective JAK3/STAT1 and CYP34A from Pyrazolopyrimidine Derivatives: A Search for Potential Drug Targets for Rheumatoid Arthritis using In-silico Drug Discovery Techniques,Letters in Drug Design and Discovery
2024,September,Scopus,College of pharmacy,Health-related / Medical,Impulsivity and Its Association with Depression and Anxiety in the Normal Egyptian Population Post COVID-19 Pandemic,Medicina (Lithuania)
2024,September,Scopus,College of pharmacy,Health-related / Medical,Knowledge and attitude of self-medicating among foundation-year students at Saudi university: Cross-sectional study,Journal of Advanced Pharmacy Education and Research
2024,September,Scopus,College of pharmacy,Health-related / Medical,Menstrual pain self-medication relates to poor mental health outcomes from Al-Zaatri refugees’ camp,African Journal of Reproductive Health
2024,September,Scopus,College of pharmacy,Health-related / Medical,Molecular Characterization of Multidrug-Resistant and Extended-Spectrum β-Lactamases-Producing Salmonella enterica Serovars Enteritidis and Typhimurium Isolated from Raw Meat in Retail Markets,Antibiotics
2024,September,Scopus,College of pharmacy,Health-related / Medical,Multi-objective optimization and artificial neural network models for enhancing the overall performance of a microchannel heat sink with fins inspired Tesla valve profile,Case Studies in Thermal Engineering
2024,September,Scopus,College of pharmacy,Health-related / Medical,"New Thieno[2,3-d]pyrimidines as Anticancer VEGFR-2 Inhibitors with Apoptosis Induction: Design, Synthesis, and Biological and In Silico Studies",Medicinal Chemistry
2024,September,Scopus,College of pharmacy,Health-related / Medical,"Novel Insights into the Antimicrobial and Antibiofilm Activity of Pyrroloquinoline Quinone (PQQ); In Vitro, In Silico, and Shotgun Proteomic Studies",Biomolecules
2024,September,Scopus,College of pharmacy,Health-related / Medical,Pyrazine-based small molecule kinase inhibitors: clinical applications and patent review (2019–2023),Future Medicinal Chemistry
2024,September,Scopus,College of pharmacy,Health-related / Medical,"Ruthenium(II) Complex-Based Tetradentate Schiff Bases: Synthesis, Spectroscopic, Antioxidant, and Antibacterial Investigations",International Journal of Molecular Sciences
2024,September,Scopus,College of pharmacy,Health-related / Medical,The effectiveness of 0.5 mg and 1mg of semaglutide in patients with type two diabetes and predictors of response: a retrospective cohort study,Frontiers in Endocrinology
2024,September,Scopus,College of Medicine,Health-related / Medical,Awareness and knowledge of cardiovascular disease and their associations with the lifestyles of 8-16-year-old girls: a perspective from Saudi Arabia,BMC Public Health
2024,September,Scopus,College of Medicine,Health-related / Medical,Barriers and Challenges to Implementing Whole Blood Transfusion Protocols in Civilian Hospitals: A Systematic Review and Meta-Analysis,Journal of Clinical Medicine
2024,September,Scopus,College of Medicine,Health-related / Medical,"Correction to: Knowledge, attitude, and perception of robotic-assisted surgery among the general population in Saudi Arabia: a cross-sectional study (Journal of Robotic Surgery, (2024), 18, 1, (196), 10.1007/s11701-024-01892-z)",Journal of Robotic Surgery
2024,September,Scopus,College of Medicine,Health-related / Medical,Electrical burn-induced vocal cord injury: insights from a case report and literature review,Case Reports in Plastic Surgery and Hand Surgery
2024,September,Scopus,College of Medicine,Health-related / Medical,"Formulation, characterization and evaluation of anti-breast cancer activity of 2-carene nanoemulsion; in silico, in vitro and in vivo study: Formulation and anti-breast cancer activity of 2-carene nanoemulsion",Arabian Journal of Chemistry
2024,September,Scopus,College of Medicine,Health-related / Medical,"GC-MS-MS analysis and biological properties determination of Mentha piperita L., essential oils",Biochemical Systematics and Ecology
2024,September,Scopus,College of Medicine,Health-related / Medical,Key modifiable risk factors for self-medication among university students: An observational study,Exploratory Research in Clinical and Social Pharmacy
2024,September,Scopus,College of Medicine,Health-related / Medical,Maternal negative affect in pregnancy predicts cytokine levels which in turn predict birth outcomes – A prospective longitudinal study in a low-risk population,Journal of Affective Disorders
2024,September,Scopus,College of Medicine,Health-related / Medical,Novel chiral phthalimides: Antimicrobial evaluation and docking study against Acinetobacter baumannii's OmpA protein,Computers in Biology and Medicine
2024,September,Scopus,College of Medicine,Health-related / Medical,Targeting the WWP1 gene with incensole acetate nanoemulsion: A novel therapeutic strategy for breast cancer,South African Journal of Botany
2024,September,Scopus,College of Medicine,Health-related / Medical,The Effectiveness of No or Low-Dose versus High-Dose Aspirin in Treating Acute Kawasaki Disease: A Systematic Review and Meta-Analysis,Clinics and Practice
2024,September,Scopus,College of Medicine,Health-related / Medical,Topical Corticophobia Among Healthcare Professionals in Saudi Arabia: A Cross-Sectional Study,Dermatology Practical and Conceptual
2024,September,Scopus,College of Science,Scientific,A DDVV Conjecture for Riemannian Maps,Symmetry
2024,September,Scopus,College of Science,Scientific,A flexible model for bounded data with bathtub shaped hazard rate function and applications,AIMS Mathematics
2024,September,Scopus,College of Science,Scientific,A modified cosine-based probability distribution: Its mathematical features with statistical modeling in sports and reliability prospects,Alexandria Engineering Journal
2024,September,Scopus,College of Science,Scientific,"A more flexible Lomax distribution: Characterization, estimation, group acceptance sampling plan and applications",Alexandria Engineering Journal
2024,September,Scopus,College of Science,Scientific,A new probabilistic model with properties: Its implementations to the reliability and musical instruments,Alexandria Engineering Journal
2024,September,Scopus,College of Science,Scientific,A novel zingerone-loaded zinc MOF coated by niosome nanocomposites to enhance antimicrobial properties and apoptosis in breast cancer cells,Materials Today Communications
2024,September,Scopus,College of Science,Scientific,An extension of Schweitzer's inequality to Riemann-Liouville fractional integral,Open Mathematics
2024,September,Scopus,College of Science,Scientific,An intelligent deep augmented model for detection of banana leaves diseases,Microscopy Research and Technique
2024,September,Scopus,College of Science,Scientific,Analysis of Progressively Type-II Inverted Generalized Gamma Censored Data and Its Engineering Application,CMES - Computer Modeling in Engineering and Sciences
2024,September,Scopus,College of Science,Scientific,Anchoration of hydrothermally developed FeSe nanoparticles on rGO nanosheets as electrode for energy storage devices,Journal of Energy Storage
2024,September,Scopus,College of Science,Scientific,Applications of partial differential equations to transient heat and mass transfer in MHD flow over a porous medium,Partial Differential Equations in Applied Mathematics
2024,September,Scopus,College of Science,Scientific,Arbuscular mycorrhizal remediation of heavy metals contaminated soils,"Bio-organic Amendments for Heavy Metal Remediation: Water, Soil and Plant Approaches and Technologies"
2024,September,Scopus,College of Science,Scientific,ASSESSING PRODUCTIVITY AND QUALITY POTENTIAL OF PROMISING NEWLY DEVELOPED RICE LINES UNDER WATER DEFICIT AND WELL-WATERED CONDITIONS,Pakistan Journal of Botany
2024,September,Scopus,College of Science,Scientific,Assessing Saudi women’s awareness about human papillomavirus (HPV) and their susceptibility to receive the vaccine,Human Vaccines and Immunotherapeutics
2024,September,Scopus,College of Science,Scientific,Assessment of γ-ray and neutron safeguard competence of phosphate glasses containing potassium tungstate: comparative study,Journal of the Australian Ceramic Society
2024,September,Scopus,College of Science,Scientific,Atomic structure and Stark width calculation for Cl III ion,Journal of Quantitative Spectroscopy and Radiative Transfer
2024,September,Scopus,College of Science,Scientific,"Bioactivity screening and molecular identification of Anchusa milleri L. sunflower crud extract for antioxidant, antiviral, antimicrobial, and anticancer properties",Natural Product Research
2024,September,Scopus,College of Science,Scientific,"Boro-tellurite glasses reinforced with ZrO2: Synthesis, structure, physical, optical characteristics as well as γ-ray shielding capacity",Optical Materials
2024,September,Scopus,College of Science,Scientific,Chemical growth of Niobium-doped vanadium pentoxide on aminated graphene for all-solid-state asymmetric supercapacitors,Materials Today Sustainability
2024,September,Scopus,College of Science,Scientific,Compositional impacts of high CdO content on the structure and radiation shielding efficiency of CoO–Na2O–B2O3 glass system,Radiation Physics and Chemistry
2024,September,Scopus,College of Science,Scientific,"Computational insight on K2AuBiX6 (X = F, Cl, Br, I) double perovskites to comprehensively investigate mechanical, optoelectronic, and thermoelectric features for green energy applications",Materials Science and Engineering: B
2024,September,Scopus,College of Science,Scientific,Construction of improved comprehensive classes of estimators for population distribution function,Scientific Reports
2024,September,Scopus,College of Science,Scientific,"Correction: Visible light active SrZrO3/PbS nanocomposite for photoconversion of CO2 into methane and methanol (Applied Physics A, (2022), 128, 3, (246), 10.1007/s00339-022-05383-6)",Applied Physics A: Materials Science and Processing
2024,September,Scopus,College of Science,Scientific,"Corrigendum to “Coral like gadolinium doped hematite nanostructure as stable and robust electrocatalyst for oxygen evolution water splitting” [Fuel 338 (2023) 127313] (Fuel (2023) 338, (S0016236122041370), (10.1016/j.fuel.2022.127313))",Fuel
2024,September,Scopus,College of Science,Scientific,"Corrigendum to “Facile synthesis of CuZrO3@PPY nanohybrid balls embedded 3-dimensional network with synergistic effect for efficient oxygen evolution reaction” [Surfaces and Interfaces Volume 36, February 2023, 102607] (Surfaces and Interfaces (2023) 36, (S2468023022008641), (10.1016/j.surfin.2022.102607))",Surfaces and Interfaces
2024,September,Scopus,College of Science,Scientific,"Corrigendum to “Physical, chemical and radiation shielding properties of metakaolin-based geopolymers containing borosilicate waste glass” [Radiat. Phys. Chem. 224 (2024) 112075] (Radiation Physics and Chemistry (2024) 224, (S0969806X2400567X), (10.1016/j.radphyschem.2024.112075))",Radiation Physics and Chemistry
2024,September,Scopus,College of Science,Scientific,"Corrigendum to “Synthesis of CuO/MnAl2O4 nanocomposite as electrocatalysts for robust oxygen evolution reaction” [J. Phys. Chem. Solids Volume 193, October 2024, 112121] (Journal of Physics and Chemistry of Solids (2024) 193, (S0022369724002567), (10.1016/j.jpcs.2024.112121))",Journal of Physics and Chemistry of Solids
2024,September,Scopus,College of Science,Scientific,"Corrigendum: Methotrexate-conjugated zinc oxide nanoparticles exert substantially improved cytotoxic effect on lung cancer cells by inducing apoptosis(Front. Pharmacol., (2023), 14, (1194578), 10.3389/fphar.2023.1194578)",Frontiers in Pharmacology
2024,September,Scopus,College of Science,Scientific,"Cr-doped Li-based β-(Beta) type hexaferrites: XRD, FTIR, XPS and dielectric evaluations for high-frequency applications",Materials Chemistry and Physics
2024,September,Scopus,College of Science,Scientific,Dependence of thermodynamic quantities at freeze-out on pseudorapidity and collision energy in p-p collisions at LHC energies,Chinese Physics C
2024,September,Scopus,College of Science,Scientific,Designing of High-Performance MnNiS@MXene Hybrid Electrode for Energy Storage and Photoelectrochemical Applications,Inorganics
2024,September,Scopus,College of Science,Scientific,Development and characterization of new ecological adsorbents based on cardoon wastes: Application to brilliant green adsorption,Open Chemistry
2024,September,Scopus,College of Science,Scientific,Development and evaluation of biodegradable alginate beads loaded with sorafenib for cancer treatment,Colloids and Surfaces A: Physicochemical and Engineering Aspects
2024,September,Scopus,College of Science,Scientific,Development and Techno-Economic Analysis of a Tracked Indirect Forced Solar Dryer Integrated Photovoltaic System for Drying Tomatoes,Sustainability (Switzerland)
2024,September,Scopus,College of Science,Scientific,Development of new LSM-83177 analogues as anti-tumor agents against colorectal cancer targeting p53-MDM2 interaction,Bioorganic Chemistry
2024,September,Scopus,College of Science,Scientific,Development of pivalic acid conjugated Nafion modified glassy carbon electrode for sensitive detection of Cu(II) by electrochemical approach,Inorganica Chimica Acta
2024,September,Scopus,College of Science,Scientific,Development of Taqman Real-time Fluorescent Quantitative PCR for Rapid Detection and differentiation between DHAV-1 and DHAV-3 in Duck Farming,Pakistan Veterinary Journal
2024,September,Scopus,College of Science,Scientific,DFT Analysis of Ba2NbRhO6: A Promising Double Perovskite for Sustainable Energy Applications,Journal of Inorganic and Organometallic Polymers and Materials
2024,September,Scopus,College of Science,Scientific,Dinaphthodiospyrol H: a natural α-glucosidase inhibibitor extracted from Diospyros kaki L.f,Natural Product Research
2024,September,Scopus,College of Science,Scientific,Dissecting molecular mechanisms underlying the inhibition of β-glucuronidase by alkaloids from Hibiscus trionum: Integrating in vitro and in silico perspectives,Computers in Biology and Medicine
2024,September,Scopus,College of Science,Scientific,"Dynamics of Bifurcation, Chaos, Sensitivity and Diverse Soliton Solution to the Drinfeld-Sokolov-Wilson Equations Arise in Mathematical Physics",International Journal of Theoretical Physics
2024,September,Scopus,College of Science,Scientific,Editorial: Antioxidant potential of polyphenolic and flavonoid compounds,Frontiers in Chemistry
2024,September,Scopus,College of Science,Scientific,"Effective and sustainable removal of Pb2+ ions from wastewater by a new synthetic bis-thiosemicarbazone derivative immobilized in amberlite XAD-2: Kinetic, isotherm and thermodynamic aspects",Separation Science and Technology (Philadelphia)
2024,September,Scopus,College of Science,Scientific,"Effective levofloxacin adsorption and removal from aqueous solution onto tea waste biochar; synthesis, characterization, adsorption studies, and optimization by Box–Behnken design and its antibacterial activity",Environmental Technology (United Kingdom)
2024,September,Scopus,College of Science,Scientific,Effective OER activity of rhombohedral nickel sulphide nanoparticles supported via reduced graphene oxide,Diamond and Related Materials
2024,September,Scopus,College of Science,Scientific,Effects of Cattaneo-Christov heat flux on double diffusion of a nanofluid-filled cavity containing a rotated wavy cylinder and four fins: ISPH simulations with artificial neural network,AIMS Mathematics
2024,September,Scopus,College of Science,Scientific,Effects of Lévy noise and impulsive action on the averaging principle of Atangana–Baleanu fractional stochastic delay differential equations,Boundary Value Problems
2024,September,Scopus,College of Science,Scientific,Efficient removal of organophosphate insecticide employing magnetic chitosan-derivatives,International Journal of Biological Macromolecules
2024,September,Scopus,College of Science,Scientific,"Electronegativity, susceptibility, and radiation shielding features of thulium reinforced barium-cadmium-lithium-borate glasses",Chalcogenide Letters
2024,September,Scopus,College of Science,Scientific,"Empagliflozin impact on experimentally induced acetaminophen toxicity: Imprint of mitochondrial dynamics, biogenesis, and cGAS/STING signal in amending liver insult",FASEB Journal
2024,September,Scopus,College of Science,Scientific,Enhanced electrochemical performance of NbSe2/rGO nanocomposite for oxygen evolution reaction (OER),Journal of Sol-Gel Science and Technology
2024,September,Scopus,College of Science,Scientific,Enhanced electrochemical performance of rGO/CuBi2O4 as an advance electrode for supercapacitor applications,Journal of Alloys and Compounds
2024,September,Scopus,College of Science,Scientific,Enhanced remediation of U(vi) ions from water resources using advanced forms of morphologically modified glauconite (nano-sheets and nano-rods): experimental and theoretical investigations,RSC Advances
2024,September,Scopus,College of Science,Scientific,Enhancement of BaCeO3 OER performance by generating a nanohybrid with gCN for electrochemical water splitting,International Journal of Hydrogen Energy
2024,September,Scopus,College of Science,Scientific,Enhancing security authentication and mapping of fingermarks using dual-mode emission of phosphor-immobilized glass nanofiber-reinforced carboxymethyl cellulose nanocomposite,Ceramics International
2024,September,Scopus,College of Science,Scientific,Enhancing Soil Resilience and Sugar Beet (Beta vulgaris L.) Yield: Mid-Term Effects of Compost and Glauconite Integration,Journal of Agronomy and Crop Science
2024,September,Scopus,College of Science,Scientific,Enhancing trustworthiness and reliability: advance explainable artificial intelligence framework for real world Sclerosis detection,Physica Scripta
2024,September,Scopus,College of Science,Scientific,Enhancing water treatment with polyvinylidene fluoride (PVDF)/cellulose composite membranes: a comprehensive review,Polymer-Plastics Technology and Materials
2024,September,Scopus,College of Science,Scientific,"Enhancing wheat tolerance to salinity using nanomaterials, proline, and biochar-inoculated with Bacillus subtilis",Heliyon
2024,September,Scopus,College of Science,Scientific,Enviro-economic and optimal hybrid energy system: Photovoltaic–biogas–hydro–battery system in rural areas of Pakistan,Heliyon
2024,September,Scopus,College of Science,Scientific,Existence Results for Nonlinear Hilfer Pantograph Fractional Integrodifferential Equations,Qualitative Theory of Dynamical Systems
2024,September,Scopus,College of Science,Scientific,Exploring the ammonia gas sensing properties of Gd doped CeO2 thin films deposited by spray pyrolysis method,Journal of Alloys and Compounds
2024,September,Scopus,College of Science,Scientific,Exploring the physical properties of anisotropic compact objects and constraining their mass–radius relations beyond standard limit in F(Q)-gravity,Physics of the Dark Universe
2024,September,Scopus,College of Science,Scientific,Exploring the potential of bismuth-containing silicate borate glasses for optoelectronic devices and radiation protection,Optical Materials
2024,September,Scopus,College of Science,Scientific,"Extraction of Bioactive Compound-Rich Essential Oil from Cistus ladanifer L. by Microwave-Assisted Hydrodistillation: GC-MS Characterization, In Vitro Pharmacological Activities, and Molecular Docking",Separations
2024,September,Scopus,College of Science,Scientific,Fabrication of perovskite barium tin oxide composite with reduced graphene oxide via hydrothermal route for supercapacitor applications,International Journal of Hydrogen Energy
2024,September,Scopus,College of Science,Scientific,"Farnesol attenuates cadmium-induced kidney injury by mitigating oxidative stress, inflammation and necroptosis and upregulating cytoglobin and PPARγ in rats",Tissue and Cell
2024,September,Scopus,College of Science,Scientific,Fe-Gallic acid metal organic framework-encapsulated cellulose polymer thin film for fluorescent immunoassay of prostate-specific antigen,Results in Chemistry
2024,September,Scopus,College of Science,Scientific,Finite-Time Adaptive Fuzzy Control for Stochastic Nonlinear Systems with Input Quantization and Actuator Faults,Journal of Mathematics
2024,September,Scopus,College of Science,Scientific,"First microscopic, pathological, epidemiological, and molecular investigation of Leucocytozoon (Apicomplexa: Haemosporida) parasites in Egyptian pigeons",Frontiers in Veterinary Science
2024,September,Scopus,College of Science,Scientific,"First-principle study of the ground-state crystal structure and optoelectronic response of CsPbX3 (X= Cl, Br, I) for photovoltaic applications",Materials Science in Semiconductor Processing
2024,September,Scopus,College of Science,Scientific,"First-Principles Study of Structural, Elastic, Mechanical, Magnetic, Electronic and Thermoelectric Properties of Half Metallic Ga2NbX6 (X = Cl, Br) Variant Perovskites",Journal of Inorganic and Organometallic Polymers and Materials
2024,September,Scopus,College of Science,Scientific,Galangin attenuates chlorpyrifos-induced kidney injury by mitigating oxidative stress and inflammation and upregulating Nrf2 and farnesoid-X-receptor in rats,Environmental Toxicology and Pharmacology
2024,September,Scopus,College of Science,Scientific,Generalized variational inclusion: graph convergence and dynamical system approach,AIMS Mathematics
2024,September,Scopus,College of Science,Scientific,Generation of Chemically Active Species in Hydrogen Peroxide (H2O2) Discharge Plasma and Their Role in the Eradication of Microorganisms,Brazilian Journal of Physics
2024,September,Scopus,College of Science,Scientific,Genome-wide association scan reveals the reinforcing effect of nano-potassium in improving the yield and quality of salt-stressed barley via enhancing the antioxidant defense system,Plant Molecular Biology
2024,September,Scopus,College of Science,Scientific,Geometric topology of CR-warped products in six-dimensional sphere,AIMS Mathematics
2024,September,Scopus,College of Science,Scientific,Georeferencing of exposure from EMF base stations in urban areas,Journal of King Saud University - Science
2024,September,Scopus,College of Science,Scientific,Handling linear dependency in linear regression models: Almost unbiased modified ridge-type estimator,Scientific African
2024,September,Scopus,College of Science,Scientific,Harnessing Desmochloris edaphica Strain CCAP 6006/5 for the Eco-Friendly Synthesis of Silver Nanoparticles: Insights into the Anticancer and Antibacterial Efficacy,Molecules
2024,September,Scopus,College of Science,Scientific,Hepatoprotective potential of taxifolin in type 2 diabetic rats: modulation of oxidative stress and Bcl2/Bax/Caspase-3 signaling pathway,Molecular Biology Reports
2024,September,Scopus,College of Science,Scientific,High Performance Thin Layer Chromatography (HPTLC) Analysis of Anti-Asthmatic Combination Therapy in Pharmaceutical Formulation: Assessment of the Method’s Greenness and Blueness,Pharmaceuticals
2024,September,Scopus,College of Science,Scientific,High-Selectivity Hydrogen Gas Sensors based on Mesoporous PbOx-ZnO Nanocomposites,Chemistry - An Asian Journal
2024,September,Scopus,College of Science,Scientific,"Hydration effects on molecular structure, vibrational, electronic properties, drug-likeness analysis, molecular docking, and molecular dynamics studies of (Z)-3-(2-oxo-2-phenylethylidene)indolin-2-one",Journal of Molecular Liquids
2024,September,Scopus,College of Science,Scientific,Hydrothermally fabricated MoTe2/rGO as a proficient electrocatalyst for robust oxygen evolution reaction,Diamond and Related Materials
2024,September,Scopus,College of Science,Scientific,"Impact of Heat Treatment on the Structural, Optical, Magnetic and Photocatalytic Properties of Nickel Oxide Nanoparticles",Materials
2024,September,Scopus,College of Science,Scientific,Impact of SnO2 doping on spectroscopic characteristics of the SnO2-Na2O-CoO-B2O3 borate glass matrix,Optical Materials
2024,September,Scopus,College of Science,Scientific,Improvement in electrocatalytic behavior of hydrothermally prepared SrBi2O4 with g-CN toward OER activity,Diamond and Related Materials
2024,September,Scopus,College of Science,Scientific,"INFLUENCE OF CuO NANOPARTICLES ON THE STRUCTURAL PROPERTIES, SURFACE CHARACTERISTICS, AND OPTICAL BEHAVIOR OF POLY(4-CHLOROANILINE) POLYMERIC FILMS",Surface Review and Letters
2024,September,Scopus,College of Science,Scientific,"Influence of doping soda-lime-silica glasses with Gd2O3, In2O3, and La2O3 on the enhancing of their physical, opto-mechanical and radiation shielding properties",Optical Materials
2024,September,Scopus,College of Science,Scientific,"Influence of La3+ ions on the structural, elastic, optical, and radiation shielding properties of Cr2O3-Doped heavy metal glasses",Ceramics International
2024,September,Scopus,College of Science,Scientific,Innovative nano-shielding for minimizing stray radiation dose in external radiation therapy: A promising approach to enhance patient safety,"Nuclear Instruments and Methods in Physics Research, Section B: Beam Interactions with Materials and Atoms"
2024,September,Scopus,College of Science,Scientific,Insights into seeds priming effects using a magnetic field and algal treatments on growth and productivity of faba bean under salinity stress conditions,Journal of Applied Botany and Food Quality
2024,September,Scopus,College of Science,Scientific,Interfacial metal ions rearrangement of LaFe2O4-WO3 heterostructure for developing ceramic fuel cells cathode,Ceramics International
2024,September,Scopus,College of Science,Scientific,Interfacial studies of Cu2O/TiO2 junction deposited at different electropotentials,Results in Physics
2024,September,Scopus,College of Science,Scientific,Interlayer engineered bilayered V₂O₅ NPs as saturable absorbers for infrared ultrashort pulse generation,Optical Materials
2024,September,Scopus,College of Science,Scientific,Investigating rheological characteristics of nonlinear fluid model in an asymmetric channel: A peristaltic pumping of blood with curvature and hydrodynamic impacts,Chinese Journal of Physics
2024,September,Scopus,College of Science,Scientific,Investigating the combined effects of β-sitosterol and biochar on nutritional value and drought tolerance in Phaseolus vulgaris under drought stress,Functional Plant Biology
2024,September,Scopus,College of Science,Scientific,Investigating the physical characteristics and photovoltaic performance of inorganic Ba3NCl3 perovskite utilizing DFT and SCAPS-1D simulations,Materials Science and Engineering: B
2024,September,Scopus,College of Science,Scientific,Investigation into the Characteristics of Nanoporous Carbon/Silica-Nickel Nanocomposite for high-frequency Applications,Journal of Inorganic and Organometallic Polymers and Materials
2024,September,Scopus,College of Science,Scientific,"Investigation of Bardeen stellar structures in modified f(R, φ, X) theory of gravity",International Journal of Geometric Methods in Modern Physics
2024,September,Scopus,College of Science,Scientific,Investigation of gamma-ray and neutron protection competence of oxyfluoride aluminosilicate glasses reinforced with TbF3: Comparative study,Radiation Physics and Chemistry
2024,September,Scopus,College of Science,Scientific,Investigation of the flow behavior of a water-based hybrid nanofluid containing silver and titanium oxide nanomaterials between two angular rotating disks: A numerical approach,Modern Physics Letters B
2024,September,Scopus,College of Science,Scientific,"Investigation of the molecular structure of CHBP, biological activities and SARS-CoV-2 protein binding interaction by molecular and biomolecular spectroscopy approaches",Spectrochimica Acta - Part A: Molecular and Biomolecular Spectroscopy
2024,September,Scopus,College of Science,Scientific,"Investigation of thermal, optical properties, AC conductivity and broadband dielectric spectroscopy of poly(ethyl methacrylate)/poly(vinyl chloride) polymer blend",Results in Materials
2024,September,Scopus,College of Science,Scientific,Irreversible and reversible chemical reaction impacts on convective Maxwell fluid flow over a porous media with activation energy,Case Studies in Thermal Engineering
2024,September,Scopus,College of Science,Scientific,Irreversible mechanism and thermal cross-radiative flow in nanofluids driven along a stretching/shrinking sheet with the existence of possible turning/critical points,Frontiers in Materials
2024,September,Scopus,College of Science,Scientific,k-Nearest Neighbors Estimator for Functional Asymmetry Shortfall Regression,Symmetry
2024,September,Scopus,College of Science,Scientific,"Linear/non-linear optical properties, γ-ray and neutron shielding competence of borosilicate glasses reinforced with Ag2O",Journal of Materials Science: Materials in Electronics
2024,September,Scopus,College of Science,Scientific,Loop-mediated isothermal amplification (LAMP) assay proved the mechanism of biological control against root rot pathogens,Egyptian Journal of Biological Pest Control
2024,September,Scopus,College of Science,Scientific,Machine learning-driven assessment of biochemical qualities in tomato and mandarin using RGB and hyperspectral sensors as nondestructive technologies,PLoS ONE
2024,September,Scopus,College of Science,Scientific,Maximizing the electrochemical efficiency of Ce doped SnFe2O4 through hydrothermal route for supercapacitor applications,Electrochimica Acta
2024,September,Scopus,College of Science,Scientific,Mesophase Behavior of Molecules Containing Three Benzene Rings Connected via Imines and Ester Linkages,ACS Omega
2024,September,Scopus,College of Science,Scientific,MHD Casson flow over a solid sphere surrounded by porous material in the presence of Stefan blowing and slip conditions,Alexandria Engineering Journal
2024,September,Scopus,College of Science,Scientific,Modifying of surface properties and structural characteristics of low energy argon beam irradiated methylcellulose/TiO2 nanocomposite films,Digest Journal of Nanomaterials and Biostructures
2024,September,Scopus,College of Science,Scientific,Modulation of dielectric and antibacterial properties of Zn0.5Mn0.5O nanoparticles by post growth annealing method,Heliyon
2024,September,Scopus,College of Science,Scientific,"MOLECULAR, PHYSIOLOGICAL AND MORPHOLOGICAL MARKERS ASSISTED SELECTION FOR SALT-TOLERANT IN SOME EGYPTIAN FABA BEAN VARIETIES",Pakistan Journal of Botany
2024,September,Scopus,College of Science,Scientific,Neutral Emden–Fowler Differential Equation of Second Order: Oscillation Criteria of Coles Type,Symmetry
2024,September,Scopus,College of Science,Scientific,Novel CdFe2O4 nanoparticles facile synthesis and their applications towards practical ammonia detection: an effect of annealing,Physica Scripta
2024,September,Scopus,College of Science,Scientific,On ∼n Notion of Conjugacy in Some Classes of Epigroups,Journal of Mathematics
2024,September,Scopus,College of Science,Scientific,On Centralizers of Idempotents with Restricted Range,Symmetry
2024,September,Scopus,College of Science,Scientific,On Sequential Warped Products Whose Manifold Admits Gradient Schouten Harmonic Solitons,Mathematics
2024,September,Scopus,College of Science,Scientific,On the positron-acoustic Kawahara solitary and cnoidal waves in a non-Maxwellian electron-positron-ion plasma,AIP Advances
2024,September,Scopus,College of Science,Scientific,Optical response of Zr2CO2/MoS2 van der Waals heterostructures calculated using first-principles calculations,Materials Science in Semiconductor Processing
2024,September,Scopus,College of Science,Scientific,Optimized virtual reality design through user immersion level detection with novel feature fusion and explainable artificial intelligence,PeerJ Computer Science
2024,September,Scopus,College of Science,Scientific,Oscillatory Features of Fourth-Order Emden–Fowler Differential Equations with Sublinear Neutral Terms,Symmetry
2024,September,Scopus,College of Science,Scientific,Oscillatory Properties of Second-Order Differential Equations with Advanced Arguments in the Noncanonical Case,Symmetry
2024,September,Scopus,College of Science,Scientific,Painlevé integrability and multiple soliton solutions for the extensions of the (modified) Korteweg-de Vries-type equations with second-order time-derivative,Alexandria Engineering Journal
2024,September,Scopus,College of Science,Scientific,"Physicochemical, microbiological, and sensory properties of healthy juices containing aloe vera gel and probiotics and their antidiabetic effects on albino rats",Frontiers in Nutrition
2024,September,Scopus,College of Science,Scientific,Phytochemical Profiling and Bioactive Potential of Grape Seed Extract in Enhancing Salinity Tolerance of Vicia faba,Plants
2024,September,Scopus,College of Science,Scientific,Proton ions migration in amorphous Nd-alumina oxide based- electrolyte,Journal of Power Sources
2024,September,Scopus,College of Science,Scientific,Proven anti-virulence therapies in combating methicillin- and vancomycin-resistant Staphylococcus aureus infections,Frontiers in Cellular and Infection Microbiology
2024,September,Scopus,College of Science,Scientific,Relation-Preserving Functional Contractions Involving a Triplet of Auxiliary Functions with an Application to Integral Equations,Symmetry
2024,September,Scopus,College of Science,Scientific,"Resistome Signature and Antibiotic Resistance Mechanisms in Rhizospheric Soil Bacteriomes of Mecca Region, Saudi Arabia: Insights into Impact on Human Health",Life
2024,September,Scopus,College of Science,Scientific,"RETRACTED: Improving the Structural, Optical and Photovoltaic Properties of Sb- and Bi- Co-Doped MAPbBr3 Perovskite Solar Cell (Coatings, (2022), 12, 3, (386), 10.3390/coatings12030386)",Coatings
2024,September,Scopus,College of Science,Scientific,"Retraction notice: Proteomic modulation by arsenic and microplastic toxicity in the presence of iron oxide nanoparticles in wheat (Triticum aestivum L.) seedlings (South African Journal of Botany (2024) 166 (591–602), (S0254629924000930), (10.1016/j.sajb.2024.02.001))",South African Journal of Botany
2024,September,Scopus,College of Science,Scientific,Scaling up features of photocatalytic degradation and radiation shielding of multicomponent Cr–Co–Zn nanoferrites,Radiation Physics and Chemistry
2024,September,Scopus,College of Science,Scientific,Selective mixed micelle-mediated microextraction and separation of zirconium from some water and geological samples,Microchemical Journal
2024,September,Scopus,College of Science,Scientific,Silver nanogranules-decorated ZnO hybrid nanostructures with enhanced UV photoresponses,Materials Today Communications
2024,September,Scopus,College of Science,Scientific,Sol-gel synthesis of Tb-doped lithium-nickel ferrite anchored onto g-C3N4 sheets for efficient photocatalytic degradation of organic dyes,Ceramics International
2024,September,Scopus,College of Science,Scientific,Solving a Novel System of Time-Dependent Nuclear Reactor Equations of Fractional Order,Symmetry
2024,September,Scopus,College of Science,Scientific,Stability analysis of MHD Jeffery–Hamel flow using artificial neural network,International Journal of Thermofluids
2024,September,Scopus,College of Science,Scientific,"Structural, dielectric and Magnetic properties of Samarium doped (Ni–Zn) based Spinel Ferrite (Ni0.5Zn0.5SmxFe2-xO4) nanomaterials",Ceramics International
2024,September,Scopus,College of Science,Scientific,"Structure, electronic transitions, and ligand field parameters of CoO-Na2O-borate glass via different La2O3 concentrations",Ceramics International
2024,September,Scopus,College of Science,Scientific,Study of structural and magnetic properties of Sn-doped cobaltite perovskite LaCoO3: experimental and DFT approach,Journal of Materials Science: Materials in Electronics
2024,September,Scopus,College of Science,Scientific,Suppression of NLRP3 inflammasome orchestrates the protective efficacy of tiron against isoprenaline-induced myocardial injury,Frontiers in Pharmacology
2024,September,Scopus,College of Science,Scientific,Synergetic studies on the influence of the integrated cellulose on the adsorption of selenite and selenite by cellulose/phillipsite composite: Steric and energetic assessments,Inorganic Chemistry Communications
2024,September,Scopus,College of Science,Scientific,Synthesis of Eco-friendly Zn-Ni bimetallic MOFs with biodegradable glycolic acid ligands for enhanced supercapacitor performance and hydrogen evolution reaction,Physica Scripta
2024,September,Scopus,College of Science,Scientific,"Synthesis, physical and electrochemical characterization of NiFe2O4/ZnO nanocomposite for OER application",Materials Chemistry and Physics
2024,September,Scopus,College of Science,Scientific,Tailorable MBene aerogel with the lowest evaporation enthalpy for solar seawater desalination and wastewater purification,Chemical Engineering Journal
2024,September,Scopus,College of Science,Scientific,The green approach of chitosan/Fe2O3/ZnO-nanocomposite synthesis with an evaluation of its biological activities,Applied Biological Chemistry
2024,September,Scopus,College of Science,Scientific,"The influence of the incorporation of Mn atoms in CdO nanoparticles on structural pathways, linear, and non-linear optical characteristics for optoelectronic devices",Journal of Nonlinear Optical Physics and Materials
2024,September,Scopus,College of Science,Scientific,The role of DNA topoisomerase 1a (AtTOP1a) in regulating arabidopsis meiotic recombination and chromosome segregation,PeerJ
2024,September,Scopus,College of Science,Scientific,The Transcript Levels and the Serum Profile of Biomarkers Associated with Clinical Endometritis Susceptibility in Buffalo Cows,Veterinary Sciences
2024,September,Scopus,College of Science,Scientific,"Tuning of optical, thermodynamic, and thermoelectric properties of Cs2CuBiX6 (X = Cl, Br, I) halide perovskites for solar cells and energy harvesting applications",Physica Scripta
2024,September,Scopus,College of Science,Scientific,Unlocking the secrets of colored glass: Structural-optical behaviors and non-linear optical properties of La3+ and Fe3+ ions-doped borates,Optical Materials
2024,September,Scopus,College of Science,Scientific,Unraveling the mechanism of carbonic anhydrase IX inhibition by alkaloids from Ruta chalepensis: A synergistic analysis of in vitro and in silico data,Biochemical and Biophysical Research Communications
2024,September,Scopus,College of Science,Scientific,Yttria-doped geopolymers: Environmentally friendly and effective materials for shielding concrete in gamma radiation facilities,Results in Physics
2024,September,Scopus,College of Humanities and Social Sciences,Humanitarian ,The Effects of Cognitive Bias Modification on Hostile Interpretation Bias and Aggressive Behavior: A Systematic Review and Meta-analysis,Cognitive Therapy and Research
2024,September,Scopus,College of Humanities and Social Sciences,Humanitarian ,"The potential role of religiosity, psychological immunity, gender, and age group in predicting the psychological well-being of diabetic patients in Saudi Arabia within the Bayesian framework",PLoS ONE
2024,September,Scopus,College Of Languages,Humanitarian ,Enhancing Text Summarization with Linguistic Prompting and Reinforcement Learning: A Human-Centered Approach,Tehnicki Vjesnik
2024,September,Scopus,College Of Languages,Humanitarian ,Literary Irony at the Intersection of Three Rhetorical Proofs: The Case of 'The Wise Follies of Nasr Eddin Hodja'; [L'ironie littéraire au carrefour des trois preuves rhétoriques. Le cas de Les Sages Inepties de Nasr Eddin Hodja],Dirasat: Human and Social Sciences
2024,September,Scopus,College Of Languages,Humanitarian ,Measuring the Efficiency of Post-Edited Text Generated by CAT Tools: An Experimental Study,Theory and Practice in Language Studies
2024,September,Scopus,College Of Languages,Humanitarian ,Promoting Saudi University Students’ Experience Through Peer Assessment Practice,Theory and Practice in Language Studies
2024,September,Scopus,College of Engineering,Scientific,Computational study of cross-flow in entropy-optimized nanofluids,Nanotechnology Reviews
2024,September,Scopus,College of Engineering,Scientific,Eco-friendly nanotechnology in rheumatoid arthritis: ANFIS-XGBoost enhanced layered nanomaterials,Environmental Research
2024,September,Scopus,College of Engineering,Scientific,Effects of using magnetic field and double jet impingement for cooling of a hot oscillating object,Case Studies in Thermal Engineering
2024,September,Scopus,College of Engineering,Scientific,Evaluating the influence of Nano-GO concrete pavement mechanical properties on road performance and traffic safety using ANN-GA and PSO techniques,Environmental Research
2024,September,Scopus,College of Engineering,Scientific,LCA-Informed Approach for Lower Environmental Impact Recycling of Crystalline Silicon Solar Cells,"2024 31st International Workshop on Active-Matrix Flatpanel Displays and Devices, AM-FPD 2024"
2024,September,Scopus,College of Business Administration,Scientific,A panel data analysis of the effect of audit quality on financial statement fraud,Asian Journal of Accounting Research
2024,September,Scopus,College of Business Administration,Scientific,"A study to analyse the social, economic, cultural, and technological determinants of e-business adoption in small and medium enterprises of the Kingdom of Saudi Arabia",International Journal of Business Innovation and Research
2024,September,Scopus,College of Business Administration,Scientific,Adoption of contact tracing app during pandemic: Users’ resistance behavior,Health Policy and Technology
2024,September,Scopus,College of Business Administration,Scientific,Aggregated Pattern Classification Method for improving neural disorder stage detection,Brain and Behavior
2024,September,Scopus,College of Business Administration,Scientific,"Bridging shores: Leveraging green finance, financial globalization, and human capital for a cleaner environment in G-20 marine ecosystems using the fishing ground capability curve theory",Marine Policy
2024,September,Scopus,College of Business Administration,Scientific,"Do Digital Adaptation, Energy Transition, Export Diversification, and Income Inequality Accelerate towards Load Capacity Factors across the Globe?",Energies
2024,September,Scopus,College of Business Administration,Scientific,"Ethical Considerations of AI in Financial Services: Privacy, Bias, and Algorithmic Transparency","2024 International Conference on Knowledge Engineering and Communication Systems, ICKECS 2024"
2024,September,Scopus,College of Business Administration,Scientific,Exploring impact of green finance and natural resources on eco-efficiency: case of China,Scientific Reports
2024,September,Scopus,College of Business Administration,Scientific,"How do knowledge management practices, intellectual property protection and management innovation nurture the entrepreneurial leadership to attain sustainable growth?",Journal of Knowledge Management
2024,September,Scopus,College of Business Administration,Scientific,"How mineral resources rent collaborate with consumer price index, environmental policies, and economic performance in Türkiye and India: Evidence from artificial neural networks and machine learning",Natural Resources Forum
2024,September,Scopus,College of Business Administration,Scientific,Influence of key ESG factors on Islamic banks’ financial performance: Evidence from GCC countries,International Review of Economics and Finance
2024,September,Scopus,College of Business Administration,Scientific,LSTMBased Neural NetworkModel for Anomaly Event Detection in Care-Independent Smart Homes,CMES - Computer Modeling in Engineering and Sciences
2024,September,Scopus,College of Business Administration,Scientific,Remittances and Sustainable Development Goals An Overview of Opportunities and Challenges in MENA Countries,Journal of Ecohumanism
2024,September,Scopus,College of Business Administration,Scientific,"Synergy for climate actions in G7 countries: Unraveling the role of environmental policy stringency between technological innovation and CO2 emission interplay with DOLS, FMOLS and MMQR approaches",Energy Reports
2024,September,Scopus,College of Business Administration,Scientific,"The nexus between economic growth, urbanization, technological advancement, and CO2 emissions: Where does the GCC stand?",Asian Journal of Economic Modelling
2024,September,Scopus,College of Business Administration,Scientific,TinyDeepUAV: A Tiny Deep Reinforcement Learning Framework for UAV Task Offloading in Edge-Based Consumer Electronics,IEEE Transactions on Consumer Electronics
2024,September,Scopus,College of Business Administration,Scientific,Unpacking the Phillips Curve in the Mena Region (Excluding High-Income Countries): Trends and Implications for Policy in the Period 1990-2022,Journal of Ecohumanism
2024,September,Scopus,College of Dentistry,Health-related / Medical,"A cross sectional study on levels of dental anxiety, its influencing factors, and the preferred management techniques among patients in Riyadh, Saudi Arabia",PLoS ONE
2024,September,Scopus,College of Dentistry,Health-related / Medical,Acute Effect of Whole-Body Vibration on Trunk Endurance and Balance in Obese Female Students: Randomized Controlled Trial,Medicina (Lithuania)
2024,September,Scopus,College of Dentistry,Health-related / Medical,"Alchemilla vulgaris modulates isoproterenol-induced cardiotoxicity: interplay of oxidative stress, inflammation, autophagy, and apoptosis",Frontiers in Pharmacology
2024,September,Scopus,College of Dentistry,Health-related / Medical,Efficacy of various techniques in calcium silicate-based intracanal medicament removal: a micro-CT analysis,Scientific Reports
2024,September,Scopus,College of Dentistry,Health-related / Medical,Exploring the cytoprotective role of mesenchymal stem Cell-Derived exosomes in chronic liver Fibrosis: Insights into the Nrf2/Keap1/p62 signaling pathway,International Immunopharmacology
2024,September,Scopus,College of Dentistry,Health-related / Medical,Impact of combining dental composite brushes with modeling resins on the color stability and topographic features of composites,Journal of Applied Biomaterials and Functional Materials
2024,September,Scopus,College of Dentistry,Health-related / Medical,Intraosseous mandibular schwannoma managed via submandibular approach: a case report with a review of previously published cases,Journal of Surgical Case Reports
2024,September,Scopus,College of Dentistry,Health-related / Medical,Salivary Proteins in Human Acquired Enamel Pellicle (AEP) on Eroded and Uneroded Teeth in Patients with Gastro-Oesophageal Reflux Disease (GORD),Dentistry Journal
2024,September,Scopus,College of Dentistry,Health-related / Medical,The impact of Streptococcus mutans biofilms on the color stability and topographical features of three lithium disilicate ceramics,Journal of Prosthodontics
2024,September,Scopus,College of Computer and Information Sciences,Scientific,A circularly polarized graphene based wideband 1 × 2 array antenna for terahertz spectrum applications,Heliyon
2024,September,Scopus,College of Computer and Information Sciences,Scientific,A Modified Bonobo Optimizer with its Application in Solving Engineering Design Problems,IEEE Access
2024,September,Scopus,College of Computer and Information Sciences,Scientific,A Neuroimaging ML-Based Framework for Anosmia Grading in Covid-19,Proceedings - International Symposium on Biomedical Imaging
2024,September,Scopus,College of Computer and Information Sciences,Scientific,A Novel Machine Learning-Based Classification Framework for Age-Related Macular Degeneration (AMD) Diagnosis from Fundus Images,Proceedings - International Symposium on Biomedical Imaging
2024,September,Scopus,College of Computer and Information Sciences,Scientific,A robust multimodal detection system: physical exercise monitoring in long-term care environments,Frontiers in Bioengineering and Biotechnology
2024,September,Scopus,College of Computer and Information Sciences,Scientific,Active learning-based machine learning approach for enhancing environmental sustainability in green building energy consumption,Scientific Reports
2024,September,Scopus,College of Computer and Information Sciences,Scientific,Advancing Personalized Prostate Cancer Therapy Through Hormonal Treatment: Promising Findings,Proceedings - International Symposium on Biomedical Imaging
2024,September,Scopus,College of Computer and Information Sciences,Scientific,An efficient improved parrot optimizer for bladder cancer classification,Computers in Biology and Medicine
2024,September,Scopus,College of Computer and Information Sciences,Scientific,An Enhanced Fault Tolerance Algorithm for Optical Mark Recognition Using Smartphone Cameras,IEEE Access
2024,September,Scopus,College of Computer and Information Sciences,Scientific,An Intelligent Attack Detection Framework for the Internet of Autonomous Vehicles with Imbalanced Car Hacking Data,World Electric Vehicle Journal
2024,September,Scopus,College of Computer and Information Sciences,Scientific,An intelligent healthcare framework for breast cancer diagnosis based on the information fusion of novel deep learning architectures and improved optimization algorithm,Engineering Applications of Artificial Intelligence
2024,September,Scopus,College of Computer and Information Sciences,Scientific,Assessment of coastal vulnerability using AHP and machine learning techniques,Journal of South American Earth Sciences
2024,September,Scopus,College of Computer and Information Sciences,Scientific,Automatic Restoration of Diacritics for Speech Data Sets,"Proceedings of the 2024 Conference of the North American Chapter of the Association for Computational Linguistics: Human Language Technologies, NAACL 2024"
2024,September,Scopus,College of Computer and Information Sciences,Scientific,Blockchain-based color medical image cryptosystem for industrial Internet of Healthcare Things (IoHT),Multimedia Tools and Applications
2024,September,Scopus,College of Computer and Information Sciences,Scientific,Brain Tumor Detection Based on Deep Features Concatenation and Machine Learning Classifiers With Genetic Selection,IEEE Access
2024,September,Scopus,College of Computer and Information Sciences,Scientific,Brain Tumor Segmentation using Generative Adversarial Networks,IEEE Access
2024,September,Scopus,College of Computer and Information Sciences,Scientific,Class imbalanced data handling with cyberattack classification using Hybrid Salp Swarm Algorithm with deep learning approach,Alexandria Engineering Journal
2024,September,Scopus,College of Computer and Information Sciences,Scientific,COVID-19 Mental Health Impact Analysis using Ensemble-based Classifier,Open Public Health Journal
2024,September,Scopus,College of Computer and Information Sciences,Scientific,Deep cancelable multibiometric finger vein and fingerprint authentication with non-negative matrix factorization,IEEE Access
2024,September,Scopus,College of Computer and Information Sciences,Scientific,Design and characterization of a meandered V-shaped antenna using characteristics mode analysis and its MIMO configuration for future mmWave devices,AEU - International Journal of Electronics and Communications
2024,September,Scopus,College of Computer and Information Sciences,Scientific,Device-enabled neighborhood-slot allocation for the edge-oriented Internet of Things,Frontiers in Computer Science
2024,September,Scopus,College of Computer and Information Sciences,Scientific,Driven traffic flow prediction in smart cities using hunter-prey optimization with hybrid deep learning models,Alexandria Engineering Journal
2024,September,Scopus,College of Computer and Information Sciences,Scientific,EEBERT: An Emoji-Enhanced BERT fine-tuning on Amazon Product Reviews for Text Sentiment Classification,IEEE Access
2024,September,Scopus,College of Computer and Information Sciences,Scientific,"Effectiveness of ELMo embeddings, and semantic models in predicting review helpfulness",Intelligent Data Analysis
2024,September,Scopus,College of Computer and Information Sciences,Scientific,Embedded Low Power Blockchain Traceability Solution for University Classroom Attendance,Jordan Journal of Electrical Engineering
2024,September,Scopus,College of Computer and Information Sciences,Scientific,Energy efficiency optimization for 6G multi-IRS multi-cell NOMA vehicle-to-infrastructure communication networks,Computer Communications
2024,September,Scopus,College of Computer and Information Sciences,Scientific,Enhancing Coronary Artery Disease Prognosis: A Novel Dual-Class Boosted Decision Trees Strategy for Robust Optimization,IEEE Access
2024,September,Scopus,College of Computer and Information Sciences,Scientific,Hate Speech and Target Community Detection in Nastaliq Urdu Using Transfer Learning Techniques,IEEE Access
2024,September,Scopus,College of Computer and Information Sciences,Scientific,Image Hiding with High Robustness Based on Dynamic Region Attention in the Wavelet Domain,CMES - Computer Modeling in Engineering and Sciences
2024,September,Scopus,College of Computer and Information Sciences,Scientific,Image-to-image translation based face photo de-meshing using GANs,Computer Vision and Image Understanding
2024,September,Scopus,College of Computer and Information Sciences,Scientific,Impact and Implications of Quantum Computing on Blockchain-based Electronic Health Record Systems,Open Bioinformatics Journal
2024,September,Scopus,College of Computer and Information Sciences,Scientific,Improving Quality of Service (QoS) in Wireless Multimedia Sensor Networks using Epsilon Greedy Strategy,Measurement Science Review
2024,September,Scopus,College of Computer and Information Sciences,Scientific,Integrated hybrid membrane system for enhanced water treatment and desalination for environmental preservation,Desalination and Water Treatment
2024,September,Scopus,College of Computer and Information Sciences,Scientific,Intrusion Detection in IOT systems using Denoising Autoencoder,IEEE Access
2024,September,Scopus,College of Computer and Information Sciences,Scientific,Intuitionistic Fuzzy Biofeedback Control of Implanted Dual-Sensor Cardiac Pacemakers,Bioengineering
2024,September,Scopus,College of Computer and Information Sciences,Scientific,Leveraging Machine Learning and Patient Reviews for Developing a Drug Recommendation System to Reduce Medical Errors,Open Bioinformatics Journal
2024,September,Scopus,College of Computer and Information Sciences,Scientific,MediGPT: Exploring Potentials of Conventional and Large Language Models on Medical Data,IEEE Access
2024,September,Scopus,College of Computer and Information Sciences,Scientific,Navigating the ethical landscape of multimodal learning analytics: a guiding framework,Ethics in Online Ai-Based Systems: Risks and Opportunities in Current Technological Trends
2024,September,Scopus,College of Computer and Information Sciences,Scientific,Next-Gen WSN Enabled IoT for Consumer Electronics in Smart City: Elevating Quality of Service Through Reinforcement Learning-Enhanced Multi-Objective Strategies,IEEE Transactions on Consumer Electronics
2024,September,Scopus,College of Computer and Information Sciences,Scientific,Novel glassbox based explainable boosting machine for fault detection in electrical power transmission system,PLoS ONE
2024,September,Scopus,College of Computer and Information Sciences,Scientific,Novel Meta Learning Approach for Detecting Postpartum Depression Disorder Using Questionnaire Data,IEEE Access
2024,September,Scopus,College of Computer and Information Sciences,Scientific,Optimized differential evolution and hybrid deep learning for superior drug-target binding affinity prediction,Alexandria Engineering Journal
2024,September,Scopus,College of Computer and Information Sciences,Scientific,Optimized LSTM for Accurate Smart Grid Stability Prediction Using a Novel Optimization Algorithm,Frontiers in Energy Research
2024,September,Scopus,College of Computer and Information Sciences,Scientific,Optimizing cancer diagnosis: A hybrid approach of genetic operators and Sinh Cosh Optimizer for tumor identification and feature gene selection,Computers in Biology and Medicine
2024,September,Scopus,College of Computer and Information Sciences,Scientific,Optimizing Potato Disease Classification Using a Metaheuristics Algorithm for Deep Learning: A Novel Approach for Sustainable Agriculture,Potato Research
2024,September,Scopus,College of Computer and Information Sciences,Scientific,Potato Leaf Disease Classification Using Optimized Machine Learning Models and Feature Selection Techniques,Potato Research
2024,September,Scopus,College of Computer and Information Sciences,Scientific,Predictive Modelling Insights with Interpretable NARX - LIME for Geomagnetic Disturbance-Storm-Time Index,"14th IEEE Symposium on Computer Applications and Industrial Electronics, ISCAIE 2024"
2024,September,Scopus,College of Computer and Information Sciences,Scientific,Prostate Cancer Diagnosis via Visual Representation of Tabular Data and Deep Transfer Learning,Bioengineering
2024,September,Scopus,College of Computer and Information Sciences,Scientific,Rainfall classification and forecasting based on a novel voting adaptive dynamic optimization algorithm,Frontiers in Environmental Science
2024,September,Scopus,College of Computer and Information Sciences,Scientific,Research directions for agile model-driven engineering,CEUR Workshop Proceedings
2024,September,Scopus,College of Computer and Information Sciences,Scientific,"Retraction note: Shapley-based interpretation of deep learning models for wildfire spread rate prediction (Fire Ecology, (2024), 20, 1, (8), 10.1186/s42408-023-00242-y)",Fire Ecology
2024,September,Scopus,College of Computer and Information Sciences,Scientific,Revolutionizing image encryption: Introducing the Beta wavelet map and DNA coding paradigm,IEEE Access
2024,September,Scopus,College of Computer and Information Sciences,Scientific,Secure speaker identification in open and closed environments modeled with symmetric comb filters,Multimedia Tools and Applications
2024,September,Scopus,College of Computer and Information Sciences,Scientific,Securing blockchain-enabled smart health care image encryption framework using Tinkerbell Map,Alexandria Engineering Journal
2024,September,Scopus,College of Computer and Information Sciences,Scientific,Semantic Safeguards: Harnessing BERT and Advanced Deep Learning Models Outperforming in the Detection of Hate Speech on Social Networks,Applied Mathematics and Information Sciences
2024,September,Scopus,College of Computer and Information Sciences,Scientific,Semantic Segmentation and YOLO Detector over Aerial Vehicle Images,"Computers, Materials and Continua"
2024,September,Scopus,College of Computer and Information Sciences,Scientific,Temporally Dynamic Spiking Transformer Network for Speech Enhancement,IEEE Access
2024,September,Scopus,College of Computer and Information Sciences,Scientific,Toward sustainability: Integrating experimental study and data-driven modeling for eco-friendly paver blocks containing plastic waste,Reviews on Advanced Materials Science
2024,September,Scopus,College of Computer and Information Sciences,Scientific,Towards laryngeal cancer diagnosis using Dandelion Optimizer Algorithm with ensemble learning on biomedical throat region images,Scientific Reports
2024,September,Scopus,College of Computer and Information Sciences,Scientific,Toxic Fake News Detection and Classification for Combating COVID-19 Misinformation,IEEE Transactions on Computational Social Systems
2024,September,Scopus,College of Computer and Information Sciences,Scientific,UAV Detection using Template Matching and Centroid Tracking,IEEE Access
2024,September,Scopus,College of Computer and Information Sciences,Scientific,Vehicle recognition pipeline via DeepSort on aerial image datasets,Frontiers in Neurorobotics
2024,September,Scopus,Health Sciences Research Centre,Health-related / Medical,Efficacy of pegylated Graphene oxide quantum dots as a nanoconjugate sustained release metformin delivery system in in vitro insulin resistance model,PLoS ONE
2024,October,WOS,College of Education and Human Development,Humanitarian ,Past-year substance use behaviors among university admission test-takers: insights from Bangladesh,BMC PUBLIC HEALTH
2024,October,WOS,College of Nursing,Health-related / Medical,Analysis of Nurses' Perceptions of Handover Practices,CRITICAL CARE NURSING QUARTERLY
2024,October,WOS,College of Nursing,Health-related / Medical,Exploring perception and attitude of nursing students towards interprofessional education in Saudi Arabia,PLOS ONE
2024,October,WOS,College of Nursing,Health-related / Medical,"Relationship between perceived value, attitudes, and academic motivation in distance learning among nursing students in rural areas",BMC NURSING
2024,October,WOS,College of Nursing,Health-related / Medical,The effect of organizational silence on the relationship between workplace ostracism and nurses' procrastination behavior: A structural equation modeling,INTERNATIONAL NURSING REVIEW
2024,October,WOS,College of Nursing,Health-related / Medical,"The relationship between virtual simulation, critical thinking, and self-directed learning abilities of nursing students in Riyadh, Saudi Arabia",PEERJ COMPUTER SCIENCE
2024,October,WOS,College of Health and Rehabilitation Sciences,Health-related / Medical,Bibliometric Analysis of Meningiomas from 2001 to 2023: Focus on the Top 100 Most Cited Papers,WORLD NEUROSURGERY
2024,October,WOS,College of Health and Rehabilitation Sciences,Health-related / Medical,Comparative study of Saudi and Turkish coffee consumption in Saudi Arabia: insights into sociodemographic factors and caffeine intake,FRONTIERS IN NUTRITION
2024,October,WOS,College of Health and Rehabilitation Sciences,Health-related / Medical,"Examining the Association between Social Media Use and Dietary Habits among College Students in Riyadh, Saudi Arabia",JOURNAL OF COMMUNITY HEALTH
2024,October,WOS,College of Health and Rehabilitation Sciences,Health-related / Medical,The FIFA 11+injury prevention program reduces the incidence of lower extremity injuries in football players: a systematic review and meta-analysis,JOURNAL OF SPORTS MEDICINE AND PHYSICAL FITNESS
2024,October,WOS,College of pharmacy,Health-related / Medical,Evaluation of treatment-related problems in hemodialysis patients in Egypt: a prospective observational study,FUTURE JOURNAL OF PHARMACEUTICAL SCIENCES
2024,October,WOS,College of pharmacy,Health-related / Medical,"Identification of compounds from Origanum compactum and Origanum elongatum using HPLC/UV-ESI-MS and comparative analysis of their antioxidant, antimicrobial, anticoagulant, and antidiabetic properties",SAUDI PHARMACEUTICAL JOURNAL
2024,October,WOS,College of pharmacy,Health-related / Medical,Network-Based Drug Repurposing and Genomic Analysis to Unveil Potential Therapeutics for Monkeypox Virus,CHEMISTRY & BIODIVERSITY
2024,October,WOS,College of Medicine,Health-related / Medical,A rare finding of pulmonary nodules in a middle ear neuroendocrine tumor: a case report and review of the literature,JOURNAL OF SURGICAL CASE REPORTS
2024,October,WOS,College of Medicine,Health-related / Medical,Enhanced ovarian cancer survival prediction using temporal analysis and graph neural networks,BMC MEDICAL INFORMATICS AND DECISION MAKING
2024,October,WOS,College of Medicine,Health-related / Medical,Prevalence and Predictors of Premature Graying of Hair Before the Age of 30: A Cross-Sectional Study in Saudi Arabia,JOURNAL OF COSMETIC DERMATOLOGY
2024,October,WOS,College of Medicine,Health-related / Medical,Ribosomal computing: implementation of the computational method,BMC BIOINFORMATICS
2024,October,WOS,College of Medicine,Health-related / Medical,Chronic dacryocystitis due to Mycobacterium abscessus,ORBIT-THE INTERNATIONAL JOURNAL ON ORBITAL DISORDERS-OCULOPLASTIC AND LACRIMAL SURGERY
2024,October,WOS,College of Medicine \ Foundation Year for Health Colleges \ King Abdullah bin Abdulaziz University Hospital \ Health Sciences Research Centre \ College of Science,Health-related / Medical,"Chromosome 16p11.2 microdeletion syndrome with microcephaly and Dandy-Walker malformation spectrum: expanding the known phenotype (vol 18, 95, 2024)",HUMAN GENOMICS
2024,October,WOS,College of Science,Scientific,A magnetohydrodynamic flow of a water-based hybrid nanofluid past a convectively heated rotating disk surface: A passive control of nanoparticles,REVIEWS ON ADVANCED MATERIALS SCIENCE
2024,October,WOS,College of Science,Scientific,A novel investigation into time-fractional multi-dimensional Navier-Stokes equations within Aboodh transform,OPEN PHYSICS
2024,October,WOS,College of Science,Scientific,A theoretical approach for investigating the end-capped engineering effect on indophenine-based core for efficient organic solar cells,CHEMICAL PAPERS
2024,October,WOS,College of Science,Scientific,Advanced catalytic and biomedical applications of silver functionalized SnCuO3 nanocomposites synthesized through novel surfactant mediated chemical approach,RESULTS IN CHEMISTRY
2024,October,WOS,College of Science,Scientific,An Analysis of the Static-Pre-Stress Effect on the Thermal Quality Factor of a Silicon Viscothermoelastic Nano Resonator Under the Hyperbolic Two-Temperature Dual-Phase-Lag Heat Transfer,SILICON
2024,October,WOS,College of Science,Scientific,An insight into the solitonic features of the nonlinear generalized higher-order Schrödinger equation using the solver method,AIP ADVANCES
2024,October,WOS,College of Science,Scientific,Analysis of Reliability Indicators for Inverted Lomax Model via Improved Adaptive Type-II Progressive Censoring Plan with Applications,COMPLEXITY
2024,October,WOS,College of Science,Scientific,Application of artificial intelligence for feature engineering in education sector and learning science,ALEXANDRIA ENGINEERING JOURNAL
2024,October,WOS,College of Science,Scientific,Biogenic synthesis of AgNPs via polyherbal formulation: Mechanistic neutralization and toxicological impact on acetylcholinesterase from Bungarus sindanus venom,MICROSCOPY RESEARCH AND TECHNIQUE
2024,October,WOS,College of Science,Scientific,Control of scabies fluctuation during COVID-19 pandemic,ALEXANDRIA ENGINEERING JOURNAL
2024,October,WOS,College of Science,Scientific,"Cost-effective eggshell-modified LDH composite for caffeine adsorption, cytotoxicity and antimicrobial activity: exploring the synergy and economic viability in search processes",RSC ADVANCES
2024,October,WOS,College of Science,Scientific,Dependence of thermodynamic quantities at freeze-out on pseudorapidity and collision energy in p-p collisions at LHC energies,CHINESE PHYSICS C
2024,October,WOS,College of Science,Scientific,Design and synthesis of novel tetrahydronephthalene-1-amine based analogues as cholinesterase inhibitors,RESULTS IN CHEMISTRY
2024,October,WOS,College of Science,Scientific,"Design, synthesis, and biological evaluation of novel quinoline-based EGFR/HER-2 dual-target inhibitors as potential anti-tumor agents",RSC ADVANCES
2024,October,WOS,College of Science,Scientific,"Designing Tb-doped Mn-Ni-Cu ferrite meta-absorbers for a broad frequency range: Magnetodielectric, physical, reflection loss, and absorptivity characteristics",JOURNAL OF ALLOYS AND COMPOUNDS
2024,October,WOS,College of Science,Scientific,Eco-friendly drugs induce cellular changes in colistin-resistant bacteria,GREEN PROCESSING AND SYNTHESIS
2024,October,WOS,College of Science,Scientific,"Effect of Ag Content on the Electrochemical Performance of Ag2Te Nanostructures Synthesized by Hydrothermal Route for Supercapacitor Applications (vol 37, pg 1297, 2023)",ENERGY & FUELS
2024,October,WOS,College of Science,Scientific,Effects of hydrogen irradiation on the electrical properties of dilute nitride GaAsN Schottky diodes,JOURNAL OF MATERIALS SCIENCE-MATERIALS IN ELECTRONICS
2024,October,WOS,College of Science,Scientific,Elucidating gastric cancer mechanisms and therapeutic potential of Adociaquinone A targeting EGFR: A genomic analysis and Computer Aided Drug Design (CADD) approach,JOURNAL OF CELLULAR AND MOLECULAR MEDICINE
2024,October,WOS,College of Science,Scientific,Enhancing Soil Resilience and Sugar Beet (Beta vulgaris L.) Yield: Mid-Term Effects of Compost and Glauconite Integration,JOURNAL OF AGRONOMY AND CROP SCIENCE
2024,October,WOS,College of Science,Scientific,Enhancing trustworthiness and reliability: advance explainable artificial intelligence framework for real world Sclerosis detection,PHYSICA SCRIPTA
2024,October,WOS,College of Science,Scientific,Evaluation of new Garima data using type-II generalized progressive-hybrid technique and its application to a sodium-sulfur battery,AIP ADVANCES
2024,October,WOS,College of Science,Scientific,Existence of Tracking Brownian Nanoparticle Technique with Reducing its First Collision Time with One of the Nanosensors in the Interactive Medium,JOURNAL OF NONLINEAR MATHEMATICAL PHYSICS
2024,October,WOS,College of Science,Scientific,Fabrication of a Photocathode Based on Silver Iodide/Poly-2-Aminothiophenol with High Optical Absorbance Related to Intercalated Iodide Ions for Hydrogen Generation from Wastewater Without a Sacrificial Agent,JOURNAL OF ELECTRONIC MATERIALS
2024,October,WOS,College of Science,Scientific,Facile fabrication of nickel selenide with manganese telluride (NiSe/MnTe) nanocomposite employed as strong electrocatalyst in oxygen evolution reaction,JOURNAL OF THE KOREAN CERAMIC SOCIETY
2024,October,WOS,College of Science,Scientific,Fixed-time adaptive control for nonstrict-feedback nonlinear systems with sensor faults and input saturation,JOURNAL OF LOW FREQUENCY NOISE VIBRATION AND ACTIVE CONTROL
2024,October,WOS,College of Science,Scientific,"Galangin prevents gentamicin-induced nephrotoxicity by modulating oxidative damage, inflammation and apoptosis in rats",NAUNYN-SCHMIEDEBERGS ARCHIVES OF PHARMACOLOGY
2024,October,WOS,College of Science,Scientific,Generation of Chemically Active Species in Hydrogen Peroxide (H2O2) Discharge Plasma and Their Role in the Eradication of Microorganisms,BRAZILIAN JOURNAL OF PHYSICS
2024,October,WOS,College of Science,Scientific,"Genetic Insights into Stress Resilience via Enhancing Salinity Adaptation in Barley (vol 42, pg 424, 2024)",PLANT MOLECULAR BIOLOGY REPORTER
2024,October,WOS,College of Science,Scientific,Genipin Nanoparticles-Doped Reduced Graphene Oxide Membranes: A Promising Solution for Arsenic Ion Removal From Wastewater,ARABIAN JOURNAL FOR SCIENCE AND ENGINEERING
2024,October,WOS,College of Science,Scientific,Genome-wide association scan reveals the reinforcing effect of nano-potassium in improving the yield and quality of salt-stressed barley via enhancing the antioxidant defense system,PLANT MOLECULAR BIOLOGY
2024,October,WOS,College of Science,Scientific,Genome-wide profiling of bZIP transcription factors in Camelina sativa: implications for development and stress response,BMC GENOMIC DATA
2024,October,WOS,College of Science,Scientific,Harnessing spectrophotometry resolution power for determining ternary mixture for respiratory disorders treatment in their pharmaceutical formulation,PLOS ONE
2024,October,WOS,College of Science,Scientific,Hybrid Design Using Metal-Organic Framework MIL-101(Cr) with Melaminium Bis (Hydrogenoxalate) (MOX) for Hybrid Supercapacitors and Hydrogen Evolution Reactions,JOURNAL OF INORGANIC AND ORGANOMETALLIC POLYMERS AND MATERIALS
2024,October,WOS,College of Science,Scientific,"Identification, charectrization and genetic transformation of lignin and pectin polysaccharides through CRISPR/Cas9 in Nicotiana tobacum",FUNCTIONAL & INTEGRATIVE GENOMICS
2024,October,WOS,College of Science,Scientific,"Impact of Low Iron Doping on the Structural, Optical, and Magnetic Properties of Zinc Oxide Nanofilms for Spintronic Applications",JOURNAL OF SUPERCONDUCTIVITY AND NOVEL MAGNETISM
2024,October,WOS,College of Science,Scientific,"Lead fluoride as a multifunctional modifier in bismuth gadolinium borate glasses: Optical, structural, and radiation attenuation characterization",RADIATION PHYSICS AND CHEMISTRY
2024,October,WOS,College of Science,Scientific,"Manufacturing, Optical, Dielectric, and Gamma-Attenuation Characteristics of Phosphate Glasses Doped with Lanthanum and Erbium",JOURNAL OF INORGANIC AND ORGANOMETALLIC POLYMERS AND MATERIALS
2024,October,WOS,College of Science,Scientific,Metamorphosing forex: advancements in volatility forecasting using a modified fuzzy time series framework,JOURNAL OF BIG DATA
2024,October,WOS,College of Science,Scientific,New optical stochastic solutions for the Schrödinger equation with multiplicative Wiener process/random variable coefficients using two different methods,OPEN PHYSICS
2024,October,WOS,College of Science,Scientific,Novel CdFe2O4 nanoparticles facile synthesis and their applications towards practical ammonia detection: an effect of annealing,PHYSICA SCRIPTA
2024,October,WOS,College of Science,Scientific,Novel molybdenum sulfide-decorated graphitic carbon nitride nanohybrid for enhanced electrochemical oxygen evolution reaction,JOURNAL OF SOL-GEL SCIENCE AND TECHNOLOGY
2024,October,WOS,College of Science,Scientific,Oblique collision of low-frequency dust-acoustic solitons and rogue waves in a multi-dimensional anisotropic self-gravitating electron-depleted complex plasmas,JOURNAL OF LOW FREQUENCY NOISE VIBRATION AND ACTIVE CONTROL
2024,October,WOS,College of Science,Scientific,"On β-titanium alloys: tailoring gamma-ray, and neutron transmission properties for nuclear and biomedical applications",METALLURGICAL RESEARCH & TECHNOLOGY
2024,October,WOS,College of Science,Scientific,One-pot fabrication of open-spherical shapes based on the decoration of copper sulfide/poly-O-amino benzenethiol on copper oxide as a promising photocathode for hydrogen generation from the natural source of Red Sea water,NANOTECHNOLOGY REVIEWS
2024,October,WOS,College of Science,Scientific,Paroxetine Loaded Nanostructured Lipid Carriers Based In-situ Gel for Brain Delivery via Nasal Route for Enhanced Anti-Depressant Effect: In Vitro Prospect and In Vivo Efficacy,AAPS PHARMSCITECH
2024,October,WOS,College of Science,Scientific,Prediction of RNA editing sites in maize under salt stress through transcriptomic approaches,PLANT BIOTECHNOLOGY REPORTS
2024,October,WOS,College of Science,Scientific,"Preparation and characterization of chitosan graphene oxide nanocomposite for the removal of 17-β-estradiol sulfate from water: kinetics, thermodynamics and simulation studies",CHEMICAL ENGINEERING COMMUNICATIONS
2024,October,WOS,College of Science,Scientific,Prior Trichinella spiralis infection protects against Schistosoma mansoni induced hepatic fibrosis,FRONTIERS IN VETERINARY SCIENCE
2024,October,WOS,College of Science,Scientific,Production of diesel-like fuel by catalytic co-pyrolysis of waste cooking oil and waste lubricating oil-an alternate energy source,BIOMASS CONVERSION AND BIOREFINERY
2024,October,WOS,College of Science,Scientific,Spectroscopic ellipsometry investigation of a 6H-SiC single crystal plate for potential use in graphene optoelectronic devices,OPTICAL MATERIALS
2024,October,WOS,College of Science,Scientific,Sulfur-Doped Zinc Oxide-Nikel Oxide as Efficient Bifunctional Electrocatalyst for Overall Water Splitting,ELECTROCATALYSIS
2024,October,WOS,College of Science,Scientific,Sustainable polymeric adsorbents for adsorption-based water remediation and pathogen deactivation: a review,RSC ADVANCES
2024,October,WOS,College of Science,Scientific,Synthesis and characterization of highly conductive MXene@Bi2O3 electrode material for improved oxygen evolution: the role of electrocatalyst for oxygen evolution reactions,APPLIED PHYSICS A-MATERIALS SCIENCE & PROCESSING
2024,October,WOS,College of Science,Scientific,Synthesis of Eco-friendly Zn-Ni bimetallic MOFs with biodegradable glycolic acid ligands for enhanced supercapacitor performance and hydrogen evolution reaction,PHYSICA SCRIPTA
2024,October,WOS,College of Science,Scientific,Tailoring optical and electrical properties of PVP-I2 complexes through gamma irradiation-induced structural defect Engineering for optoelectronic applications,RESULTS IN CHEMISTRY
2024,October,WOS,College of Science,Scientific,The Diatom Genus Navicula in Spring Ecosystems with the Description of Navicula aquaesuavis sp. nov.,WATER
2024,October,WOS,College of Science,Scientific,"Therapeutic effects of myrrh extract and myrrh-based silver nanoparticles on Trichinella spiralis-infected mice: parasitological, histopathological, and immunological (IFN-γ, IL-10, and MMP-9) investigations",FRONTIERS IN VETERINARY SCIENCE
2024,October,WOS,College of Science,Scientific,Time delayed fractional diabetes mellitus model and consistent numerical algorithm,SCIENTIFIC REPORTS
2024,October,WOS,College of Science,Scientific,"Tuning of optical, thermodynamic, and thermoelectric properties of Cs2CuBiX6 (X = Cl, Br, I) halide perovskites for solar cells and energy harvesting applications",PHYSICA SCRIPTA
2024,October,WOS,College of Science,Scientific,"Visible light active SrZrO3/PbS nanocomposite for photoconversion of CO2 into methane and methanol (vol 128, 246, 2022)",APPLIED PHYSICS A-MATERIALS SCIENCE & PROCESSING
2024,October,WOS,College of Science,Scientific,"Zirconium/niacin metal-organic framework preparation, characterization and assessment as a catalyst in one-pot synthesis of xanthene-1,8-dione derivatives with docking validation as anti-inflammatory",JOURNAL OF ORGANOMETALLIC CHEMISTRY
2024,October,WOS,College of Humanities and Social Sciences,Humanitarian ,Exploring a GIS-based analytic hierarchy process for spatial flood risk assessment in Egypt: a case study of the Damietta branch,ENVIRONMENTAL SCIENCES EUROPE
2024,October,WOS,College of Humanities and Social Sciences,Humanitarian ,"Research Output, Key Topics, and Trends in Productivity, Visibility, and Collaboration in Social Sciences Research on COVID-19: A Scientometric Analysis and Visualization",SAGE OPEN
2024,October,WOS,College of Humanities and Social Sciences,Humanitarian ,"Women's Knowledge of Local Plants and Their Gastronomic Heritage in Chitral, NW Pakistan",PLANTS-BASEL
2024,October,WOS,College of Humanities and Social Sciences,Humanitarian ,Influence of information technology on project risk management: The mediating role of risk identification,JOURNAL OF PROJECT MANAGEMENT
2024,October,WOS,College of Engineering,Scientific,Implementation of stacking regressor model on the flow induced by TiO2-H2O and Ti6Al4V-H2O nanofluid with waste discharge concentration,ZAMM-ZEITSCHRIFT FUR ANGEWANDTE MATHEMATIK UND MECHANIK
2024,October,WOS,College of Business Administration,Scientific,Co-movements and spillovers in GCC financial and commodity markets during turbulent periods: a quantile VAR connectedness approach,INTERNATIONAL JOURNAL OF ISLAMIC AND MIDDLE EASTERN FINANCE AND MANAGEMENT
2024,October,WOS,College of Business Administration,Scientific,Factors Affecting Teachers' Behavior of Innovative Teaching with Technology: Structural Equation Modelling,SUSTAINABILITY
2024,October,WOS,College of Business Administration,Scientific,The Relationship between Financial Inclusion and Women's Financial Worries: Evidence from Saudi Arabia,SUSTAINABILITY
2024,October,WOS,College of Business Administration,Scientific,Women Entrepreneur's Perspective towards Sustainable Entrepreneurship in the Apparel Sector of Saudi Arabia,SUSTAINABILITY
2024,October,WOS,College of Dentistry,Health-related / Medical,"Effect of different mouthwash solutions on the surface morphology, nanohardness and flexural modulus of nickel-titanium orthodontic wire",PAKISTAN JOURNAL OF MEDICAL SCIENCES
2024,October,WOS,College of Dentistry,Health-related / Medical,Primordial Odontogenic Tumor: A Decade Post-Description Systematic Review,HEAD & NECK PATHOLOGY
2024,October,WOS,College of Dentistry,Health-related / Medical,The Efficacy of Diagnostic Plaster Models in Orthodontic Diagnosis and Treatment Planning,DIAGNOSTICS
2024,October,WOS,College of Dentistry,Health-related / Medical,Undergraduate endodontic curricula across Canadian Dental Schools: A cross-sectional analysis,JOURNAL OF DENTAL EDUCATION
2024,October,WOS,College of Computer and Information Sciences,Scientific,A retinal detachment based strabismus detection through FEDCNN,SCIENTIFIC REPORTS
2024,October,WOS,College of Computer and Information Sciences,Scientific,Ai-enhanced thermal modeling for integrated process-product-system optimization in zero-defect manufacturing chains,THERMAL SCIENCE AND ENGINEERING PROGRESS
2024,October,WOS,College of Computer and Information Sciences,Scientific,An attention-based neural network for lung cancer classification and gradient in MRI,AUTOMATIKA
2024,October,WOS,College of Computer and Information Sciences,Scientific,An EfficientNet integrated ResNet deep network and explainable AI for breast lesion classification from ultrasound images,CAAI TRANSACTIONS ON INTELLIGENCE TECHNOLOGY
2024,October,WOS,College of Computer and Information Sciences,Scientific,"An integrated method for detecting lung cancer via CT scanning via optimization, deep learning, and IoT data transmission",FRONTIERS IN ONCOLOGY
2024,October,WOS,College of Computer and Information Sciences,Scientific,Blockchain-assisted improved interval type-2 fuzzy deep learning-based attack detection on internet of things driven consumer electronics,ALEXANDRIA ENGINEERING JOURNAL
2024,October,WOS,College of Computer and Information Sciences,Scientific,Blockchain-IoT: A revolutionary model for secure data storage and fine-grained access control in internet of things,IET COMMUNICATIONS
2024,October,WOS,College of Computer and Information Sciences,Scientific,Fast encryption of color medical videos for Internet of Medical Things,JOURNAL OF REAL-TIME IMAGE PROCESSING
2024,October,WOS,College of Computer and Information Sciences,Scientific,HealthChain: A blockchain-based framework for secure and interoperable electronic health records (EHRs),IET COMMUNICATIONS
2024,October,WOS,College of Computer and Information Sciences,Scientific,Optimized classification of diabetes using dynamic waterwheel plant optimization algorithm,SCIENTIFIC REPORTS
2024,October,WOS,College of Computer and Information Sciences,Scientific,Predicting normalized difference vegetation index using a deep attention network with bidirectional GRU: a hybrid parametric optimization approach,INTERNATIONAL JOURNAL OF DATA SCIENCE AND ANALYTICS
2024,October,WOS,College of Computer and Information Sciences,Scientific,Predicting stroke occurrences: a stacked machine learning approach with feature selection and data preprocessing,BMC BIOINFORMATICS
2024,October,WOS,College of Computer and Information Sciences,Scientific,RCLNet: an effective anomaly-based intrusion detection for securing the IoMT system,FRONTIERS IN DIGITAL HEALTH
2024,October,WOS,College of Computer and Information Sciences,Scientific,Reinforcement tokenization and graph convolution for high-precision breast tumor segmentation in DCE-MRI,BIOMEDICAL SIGNAL PROCESSING AND CONTROL
2024,October,WOS,College of Computer and Information Sciences,Scientific,Research on ECG signal reconstruction based on improved weighted nuclear norm minimization and approximate message passing algorithm,FRONTIERS IN NEUROINFORMATICS
2024,October,WOS,College of Computer and Information Sciences,Scientific,Unraveling the dynamics of ChatGPT adoption and utilization through Structural Equation Modeling,SCIENTIFIC REPORTS
2024,October,WOS,College of Sports Science and Physical Activity\ College of Science,Humanitarian ,"Effective synthesis and characterization of citric acid cross-linking of modified ferrous metal-organic framework and chitosan nanocomposite sponge for Th(IV) elimination: Adsorption isotherms, kinetic analysis, and optimization by Box-Behnken design",INTERNATIONAL JOURNAL OF BIOLOGICAL MACROMOLECULES
2024,October,WOS,Health Sciences Research Centre,Health-related / Medical,Suppression of virulence factors of uropathogenic Escherichia coli by Trans-resveratrol and design of nanoemulgel,BMC MICROBIOLOGY
2024,October,WOS,King Abdullah bin Abdulaziz University Hospital,Health-related / Medical,Insulin Pump Use and Diabetic Ketoacidosis Risk in Type 1 Diabetes: Secular Trends over Four Decades,DIABETES TECHNOLOGY & THERAPEUTICS
2024,October,Scopus,Applied College,Humanitarian ,A Low Complexity ML-Based Methods for Malware Classification,"Computers, Materials and Continua"
2024,October,Scopus,Applied College,Humanitarian ,Harnessing Deep Learning for Effective Extractive Text Summarization: A Comparative Study,"2nd International Conference of Intelligent Methods, Systems and Applications, IMSA 2024"
2024,October,Scopus,Applied College,Humanitarian ,Innovative Approaches to Arabic Author Identification: A Comprehensive Evaluation of Classical and Deep Learning Approaches,"2nd International Conference of Intelligent Methods, Systems and Applications, IMSA 2024"
2024,October,Scopus,Applied College,Humanitarian ,SINS_AR: An Efficient Smart Indoor Navigation System Based on Augmented Reality,IEEE Access
2024,October,Scopus,College of Education and Human Development,Humanitarian ,Adaptation and Validation of School Burnout Inventory-Bangla and Its Predictive Factors Among Adolescents,Psychological Reports
2024,October,Scopus,College of Education and Human Development,Humanitarian ,Ensemble and optimization algorithm in support vector machines for classification of wheat genotypes,Scientific Reports
2024,October,Scopus,College of Education and Human Development,Humanitarian ,Examining the link between CSR perceptions and employee advocacy through organizational justice: Can corporate hypocrisy mitigate?,Corporate Social Responsibility and Environmental Management
2024,October,Scopus,College of Nursing,Health-related / Medical,Breaking barriers: Navigating the path to successful scientific research publication among faculty members in Egypt,SAGE Open Medicine
2024,October,Scopus,College of Nursing,Health-related / Medical,"Determinants of Utilization of Antenatal Care Services Among Women of Childbearing Age in Jigawa State, Nigeria",International Journal of Public Health
2024,October,Scopus,College of Nursing,Health-related / Medical,Facilitators and Barriers for Advocacy among Nurses - A Cross- Sectional Study,Malaysian Journal of Nursing
2024,October,Scopus,College of Nursing,Health-related / Medical,The Journey to Adulthood: A Systematic Review of Interventions in Type 1 Diabetes Paediatric to Adult Transition Care,Pediatric Diabetes
2024,October,Scopus,College of Nursing,Health-related / Medical,The relationship between cognitive emotion regulation strategies and emotional manipulation among health colleges students: a cross-sectional correlational study,Frontiers in Psychiatry
2024,October,Scopus,College of Nursing,Health-related / Medical,"Moderating role of relationships between workloads, job burnout, turnover intention, and healthcare quality among nurses",BMC Psychology
2024,October,Scopus,College of Nursing,Health-related / Medical,"Psychological distress, work environment quality, and motivation levels among nurses working in Saudi Arabia",PeerJ
2024,October,Scopus,College of Health and Rehabilitation Sciences,Health-related / Medical,A pilot health education intervention to improve oral health among females in childbearing age,International Journal of Health Promotion and Education
2024,October,Scopus,College of Health and Rehabilitation Sciences,Health-related / Medical,Accuracy of Ultrasound in the Diagnosis of Uterine Fibroids and Malignant Uterine Lesions among Saudi Women,International Journal of Biomedicine
2024,October,Scopus,College of Health and Rehabilitation Sciences,Health-related / Medical,Advanced Assessment of Hepatic Choline and Lipid Profiling via Magnetic Resonance Spectroscopy among Young Saudi Women: Unraveling Metabolic Dynamics and Implications for Health,International Journal of Biomedicine
2024,October,Scopus,College of Health and Rehabilitation Sciences,Health-related / Medical,"Tinnitus Prevalence, Impact on Quality of Life, and Health‑care‑seeking Behavior among Adults: A Cross‑sectional Study",Indian Journal of Otology
2024,October,Scopus,College of Health and Rehabilitation Sciences,Health-related / Medical,"Changes in energy and macronutrient intakes during Ramadan fasting: a systematic review, meta-analysis, and meta-regression",Nutrition Reviews
2024,October,Scopus,College of Health and Rehabilitation Sciences,Health-related / Medical,Effect of mindfulness training program on well-being and leadership skills of psychiatric nurses,Archives of Psychiatric Nursing
2024,October,Scopus,College of Health and Rehabilitation Sciences,Health-related / Medical,Examining Emotional and Physical Burden in Informal Saudi Caregivers: Links to Quality of Life and Social Support,Healthcare (Switzerland)
2024,October,Scopus,College of Health and Rehabilitation Sciences,Health-related / Medical,Exploring key factors associated with falls in people with multiple sclerosis: The role of trunk impairment and other contributing factors,Heliyon
2024,October,Scopus,College of Health and Rehabilitation Sciences,Health-related / Medical,Increased fatigability and impaired skeletal muscle microvascular reactivity in adults with obstructive sleep apnea: a cross-sectional study,European journal of medical research
2024,October,Scopus,College of Health and Rehabilitation Sciences,Health-related / Medical,The Current use of Adaptive Strategies for External Beam Radiotherapy in Cervical Cancer: A Systematic Review,Clinical Oncology
2024,October,Scopus,College of Health and Rehabilitation Sciences,Health-related / Medical,The general public’s intent to receive a COVID-19 vaccine in Saudi Arabia,International Journal of Health Promotion and Education
2024,October,Scopus,College of Health and Rehabilitation Sciences,Health-related / Medical,The psychometric properties of the Quality of Life in Neurological Disorders (Neuro-QoL) measurement system in neurorehabilitation populations: a systematic review,Journal of Patient-Reported Outcomes
2024,October,Scopus,College of Health and Rehabilitation Sciences,Health-related / Medical,Predictive biomarkers of mortality in patients with severe COVID-19 hospitalized in intensive care unit,Frontiers in Immunology
2024,October,Scopus,College of pharmacy,Health-related / Medical,A Meta-Analysis Examining the Effect of Perioperative Biologic Disease-Modifying Anti-Rheumatic Medications on Postoperative Wound Complications in Various Orthopedic Surgeries,Journal of Clinical Medicine
2024,October,Scopus,College of pharmacy,Health-related / Medical,Ameliorative Effect of Chitosan/Spirulina platensis Ethanolic Extract Nanoformulation against Cyclophosphamide-Induced Ovarian Toxicity: Role of PPAR-γ/Nrf-2/HO-1 and NF-kB/TNF-α Signaling Pathways,Marine Drugs
2024,October,Scopus,College of pharmacy,Health-related / Medical,"Anti-proliferative 2,3-dihydro-1,3,4-thiadiazoles targeting VEGFR-2: Design, synthesis, in vitro, and in silico studies",Computational Biology and Chemistry
2024,October,Scopus,College of pharmacy,Health-related / Medical,Chitosan/hesperidin nanoparticles formulation: a promising approach against ethanol-induced gastric ulcers via Sirt1/FOXO1/PGC-1α/HO-1 pathway,Frontiers in Pharmacology
2024,October,Scopus,College of pharmacy,Health-related / Medical,"Corrigendum to “Synergistic strategies for enhanced liver cancer therapy with sorafenib/resveratrol PEGylated liposomes in vitro and in vivo” [J. Drug Deliv. Sci. Technol. 96 (2024) 105703] (Journal of Drug Delivery Science and Technology (2024) 96, (S1773224724003721), (10.1016/j.jddst.2024.105703))",Journal of Drug Delivery Science and Technology
2024,October,Scopus,College of pharmacy,Health-related / Medical,"Corrigendum: Effect of a high dose atorvastatin as added-on therapy on symptoms and serum AMPK/NLRP3 inflammasome and IL-6/STAT3 axes in patients with major depressive disorder: randomized controlled clinical study (Frontiers in Pharmacology, (2024), 15, (1381523), 10.3389/fphar.2024.1381523)",Frontiers in Pharmacology
2024,October,Scopus,College of pharmacy,Health-related / Medical,Fetal exposure to isotretinoin in Saudi Arabia: a multicenter real-world data analysis from 2015 to 2020,Therapeutic Advances in Drug Safety
2024,October,Scopus,College of pharmacy,Health-related / Medical,Hepatoprotective Effect of Camel Thorn Polyphenols in Concanavalin A-Induced Hepatitis in Mice,Chinese Journal of Integrative Medicine
2024,October,Scopus,College of pharmacy,Health-related / Medical,Hesperidin Nanoformulation: A Potential Strategy for Reducing Doxorubicin-Induced Renal Damage via the Sirt-1/HIF1-α/VEGF/NF-κB Signaling Cascade,Pharmaceuticals
2024,October,Scopus,College of pharmacy,Health-related / Medical,Human sulfotransferase SULT2B1 physiological role and the impact of genetic polymorphism on enzyme activity and pathological conditions,Frontiers in Genetics
2024,October,Scopus,College of pharmacy,Health-related / Medical,Identification of potential Escherichia coli DNA gyrase B inhibitors targeting antibacterial therapy: an integrated docking and molecular dynamics simulation study,Journal of Biomolecular Structure and Dynamics
2024,October,Scopus,College of pharmacy,Health-related / Medical,Therapeutic efficiency of Tamoxifen/Orlistat nanocrystals against solid ehrlich carcinoma via targeting TXNIP/HIF1-α/MMP-9/P27 and BAX/Bcl2/P53 signaling pathways,Biomedicine and Pharmacotherapy
2024,October,Scopus,College of pharmacy,Health-related / Medical,Multi-organ clinical manifestations of Mpox: an umbrella review of systematic reviews,BMC Infectious Diseases
2024,October,Scopus,College of pharmacy,Health-related / Medical,"Ocular mucoadhesive and biodegradable spanlastics loaded cationic spongy insert for enhancing and sustaining the anti-inflammatory effect of prednisolone Na phosphate; Preparation, I-optimal optimization, and In-vivo evaluation",International Journal of Pharmaceutics: X
2024,October,Scopus,College of pharmacy,Health-related / Medical,One-pot synthesis and pharmacological evaluation of new quinoline/pyrimido-diazepines as pulmonary antifibrotic agents,Future Medicinal Chemistry
2024,October,Scopus,College of pharmacy,Health-related / Medical,Recent advancements toward the incremsent of drug solubility using environmentally-friendly supercritical CO2: a machine learning perspective,Frontiers in Medicine
2024,October,Scopus,College of Medicine,Health-related / Medical,Alleviative effects of green-fabricated zinc oxide nanoparticles on acrylamide-induced oxidative and inflammatory reactions in the rat stomach via modulating gastric neuroactive substances and the MiR-27a-5p/ROS/NF-κB axis,Tissue and Cell
2024,October,Scopus,College of Medicine,Health-related / Medical,An Advanced Cardiac Life Support Application Improves Performance during Simulated Cardiac Arrest,Applied clinical informatics
2024,October,Scopus,College of Medicine,Health-related / Medical,"Antioxidant and antidiabetic potentials of methoxy-substituted Schiff bases using in vitro, in vivo, and molecular simulation approaches",Open Chemistry
2024,October,Scopus,College of Medicine,Health-related / Medical,Evaluation of one-shot vincristine sulfate combined with surgical excision as a new regimen for treatment of canine transmissible venereal tumor,Journal of Advanced Veterinary and Animal Research
2024,October,Scopus,College of Medicine,Health-related / Medical,Bioassessment of the inflammatory response of macrophages to collagen-chitosan scaffold blended with Aloe vera,Biomass Conversion and Biorefinery
2024,October,Scopus,College of Medicine,Health-related / Medical,"Biosynthesis of gold nanoparticles from Martynia annua aqueous leaves extract, its antioxidant potential and antimicrobial ability against selected wound pathogens",Inorganic Chemistry Communications
2024,October,Scopus,College of Medicine,Health-related / Medical,"Correction: Chromosome 16p11.2 microdeletion syndrome with microcephaly and Dandy-Walker malformation spectrum: expanding the known phenotype (Human Genomics, (2024), 18, 1, (95), 10.1186/s40246-024-00662-0)",Human Genomics
2024,October,Scopus,College of Medicine,Health-related / Medical,Exploring the Relationship between Cerebral Palsy and Hip Dysplasia: Insights from the National Inpatient Sample,Medicina (Lithuania)
2024,October,Scopus,College of Medicine,Health-related / Medical,Generation of dengue 3 envelope domain III using tobacco mosaic virus-based vector system and its immunological response mouse model by generating anti-dengue virus antibodies,"Cellular and molecular biology (Noisy-le-Grand, France)"
2024,October,Scopus,College of Medicine,Health-related / Medical,"LncRNA ILF3AS1, MMP3, and MMP9 as well as miRNA-212 as emerging novel biomarkers for childhood epilepsy",Frontiers in Molecular Biosciences
2024,October,Scopus,College of Medicine,Health-related / Medical,Patients' experience of telehealth clinics during the COVID-19 pandemic: Cross-sectional study,Medicine (United States)
2024,October,Scopus,College of Medicine,Health-related / Medical,Prediction of promiscuous multiepitope-based peptide vaccine against RdRp of rotavirus using immunoinformatics studies,Revista do Instituto de Medicina Tropical de Sao Paulo
2024,October,Scopus,College of Medicine,Health-related / Medical,Prevalence and correlates of mental disorders among women: results from the Saudi National Mental Health Survey,BMC Public Health
2024,October,Scopus,College of Medicine,Health-related / Medical,Prevalence of menstrual alterations following COVID-19 vaccination: systematic review & meta-analysis,BMC Women's Health
2024,October,Scopus,College of Medicine,Health-related / Medical,Reducing metastasis ability of gastric cancer cell line by targeting MMP16 using miR-193a-5p and 5-FU,Advances in Medical Sciences
2024,October,Scopus,College of Science,Scientific,In-silico screening of Acacia pennata and Bridelia retusa reveals pinocembrin-7-O-β-D-glucopyranoside as a promising β-lactamase inhibitor to combat antibiotic resistance,Journal of Biomolecular Structure and Dynamics
2024,October,Scopus,College of Science,Scientific,A besyian regularisation neural network approach for hepatitis B virus spread prediction and immune system therapy model,Scientific Reports
2024,October,Scopus,College of Science,Scientific,A hybrid collocation method for the approximation of 2D time fractional diffusion-wave equation,AIMS Mathematics
2024,October,Scopus,College of Science,Scientific,A novel study on the structure of left almost hypermodules,Heliyon
2024,October,Scopus,College of Science,Scientific,Advances in extraction and biological activities of crawfish chitosan and its application in decolorization of synthetic dyes; [Avanços na extração e atividades biológicas da quitosana de lagostim e sua aplicação na descoloração de corantes sintéticos],Arquivo Brasileiro de Medicina Veterinaria e Zootecnia
2024,October,Scopus,College of Science,Scientific,An Acid-Responsive Fluorescent Molecule for Erasable Anti-Counterfeiting,Molecules
2024,October,Scopus,College of Science,Scientific,Investigating the influence of the Ag and Al co-doping in ZnO electron transport layer on the performance of organic-inorganic perovskite solar cells using experimentation and SCAPS-1D simulation,Optical Materials
2024,October,Scopus,College of Science,Scientific,"Ameliorative Effect of Lycopene on Follicular Reserve Depletion, Oxidative Damage, Apoptosis Rate, and Hormonal Profile during Repeated Superovulations in Mice",Veterinary Sciences
2024,October,Scopus,College of Science,Scientific,"Analysis of Lie symmetry, bifurcations with phase portraits, sensitivity and diverse W − M-shape soliton solutions for the (2 + 1)-dimensional evolution equation","Physics Letters, Section A: General, Atomic and Solid State Physics"
2024,October,Scopus,College of Science,Scientific,Anisotropic Durgapal-Fuloria compact stars in f(R) gravity,Nuclear Physics B
2024,October,Scopus,College of Science,Scientific,Application of Ce2(WO4)3–ZnO–CuO nanocomposite as active photocatalyst for removal of ciprofloxacin from wastewater,Journal of the Indian Chemical Society
2024,October,Scopus,College of Science,Scientific,Assessment of a LPG hybrid solar dryer assisted with smart air circulation system for drying basil leaves,Scientific Reports
2024,October,Scopus,College of Science,Scientific,Assessment of biocidal efficacy of zinc oxide-zeolite nanocomposites as a novel water disinfectant against commercial disinfectants used in water purification,Applied Water Science
2024,October,Scopus,College of Science,Scientific,Examining Adaptive Responses of Foeniculum vulgare to Elevated Sodium and Chloride Stress in the Root Zone,Journal of Soil Science and Plant Nutrition
2024,October,Scopus,College of Science,Scientific,Unveiling the antimicrobial and antibiofilm potential of biosurfactant produced by newly isolated Lactiplantibacillus plantarum strain 1625,Frontiers in Microbiology
2024,October,Scopus,College of Science,Scientific,Variational Iteration Method for Solving Reaction Diffusion Equation in Oscillatory Chemical Reactions,International Journal of Analysis and Applications
2024,October,Scopus,College of Science,Scientific,Waste Biomass Utilization for the Production of Adsorbent and Value-Added Products for Investigation of the Resultant Adsorption and Methanol Electro-Oxidation,Catalysts
2024,October,Scopus,College of Science,Scientific,"Assessment of the conceivable inhibitory activity of pathogenic microorganisms extracted from seaweed using phytochemicals, antioxidants, and in-silico molecular dynamic simulation",Scientific Reports
2024,October,Scopus,College of Science,Scientific,"Attenuation of inflammation, oxidative stress and TGF-β1/Smad3 signaling and upregulation of Nrf2/HO-1 signaling mediate the protective effect of diallyl disulfide against cadmium nephrotoxicity",Tissue and Cell
2024,October,Scopus,College of Science,Scientific,Benzenesulfonohydrazide-tethered non-fused and fused heterocycles as potential anti-mycobacterial agents targeting enoyl acyl carrier protein reductase (InhA) with antibiofilm activity,RSC Advances
2024,October,Scopus,College of Science,Scientific,Characterizing the impact of CPSF30 gene disruption on TuMV infection in Arabidopsis thaliana,GM Crops and Food
2024,October,Scopus,College of Science,Scientific,Comprehensive discussion of Krori-Barua Bardeen compact stars on modified f (R) theories of gravity with scalar potential,International Journal of Geometric Methods in Modern Physics
2024,October,Scopus,College of Science,Scientific,Comprehensive identification of GASA genes in sunflower and expression profiling in response to drought,BMC Genomics
2024,October,Scopus,College of Science,Scientific,Constacyclic codes over FqST and their applications,AKCE International Journal of Graphs and Combinatorics
2024,October,Scopus,College of Science,Scientific,"Correction to: An assessment of microstructure, dentinal tubule occlusion and X-ray attenuation properties of Nd:YAG laser-enhanced titanium-doped phosphate glass and nano-hydroxyapatite pastes (Applied Physics A, (2024), 130, 5, (313), 10.1007/s00339-024-07487-7)",Applied Physics A: Materials Science and Processing
2024,October,Scopus,College of Science,Scientific,"Correction to: Bioactive silver nanoparticles fabricated using Lasiurus scindicus and Panicum turgidum seed extracts: anticancer and antibacterial efficiency (Scientific Reports, (2024), 14, 1, (4162), 10.1038/s41598-024-54449-3)",Scientific Reports
2024,October,Scopus,College of Science,Scientific,"Correction to: Genetic Insights into Stress Resilience via Enhancing Salinity Adaptation in Barley (Plant Molecular Biology Reporter, (2024), 42, 3, (424-434), 10.1007/s11105-024-01450-9)",Plant Molecular Biology Reporter
2024,October,Scopus,College of Science,Scientific,"Correction to: Integrated analysis of yield response and early stage biochemical, molecular, and gene expression profiles of pre-breeding rice lines under water deficit stress (Scientific Reports, (2024), 14, 1, (17855), 10.1038/s41598-024-60863-4)",Scientific Reports
2024,October,Scopus,College of Science,Scientific,"Correction: Seed Priming with Iron Oxide Nanoparticles Ameliorates As Toxicity by Decreasing Organic Acid Exudation Pattern and Modulating Specific Gene Expression in Rapeseed (Brassica napus L.) (Journal of Plant Growth Regulation, (2024), 43, 10, (3685-3700), 10.1007/s00344-024-11345-4)",Journal of Plant Growth Regulation
2024,October,Scopus,College of Science,Scientific,Corrosion kinetics of carbon steel in hydrochloric acid and its inhibition by recycling Salbutamol extracted from expired Farcolin drug,Green Chemistry Letters and Reviews
2024,October,Scopus,College of Science,Scientific,CRISPR-Cas9 guided RNA-based model for the silencing of spinal bulbar muscular atrophy: A functional genetic disorder,"Cellular and molecular biology (Noisy-le-Grand, France)"
2024,October,Scopus,College of Science,Scientific,"Degradation of 2-(2H-benzotriazol-2-yl)-4,6-di-tert-pentylphenol (UV328) in soil by FeS activated persulfate: Kinetics, mechanism, and theoretical calculations",Environmental Pollution
2024,October,Scopus,College of Science,Scientific,Design and synthesis new indole-based aromatase/iNOS inhibitors with apoptotic antiproliferative activity,Frontiers in Chemistry
2024,October,Scopus,College of Science,Scientific,Development and analysis of novel Sm doped LaSiO for photocatalytic degradation and electrochemical sensing of heavy metals,Ceramics International
2024,October,Scopus,College of Science,Scientific,Development of hydroxyapatite/poly(3-hydroxybutyrate-co-3-hydroxyvalerate)/gelatin composite nanofibers to improve bone-forming cell proliferation and mineral deposition,Polymer Engineering and Science
2024,October,Scopus,College of Science,Scientific,Development of microfibrillated cellulose-reinforced carboxymethyl cellulose strip imprinted with benzotrifluoride-bearing hydrazone sensor for colorimetric detection of organophosphonates,International Journal of Biological Macromolecules
2024,October,Scopus,College of Science,Scientific,DFT insights into the nonlinear optical properties of azulene-stilbene dyads for photonics and optoelectronics,Journal of Molecular Liquids
2024,October,Scopus,College of Science,Scientific,Display of Bacterial Exochitanase on Bacillus subtilis Spores Improved Enzyme Stability and Recyclability,Molecules
2024,October,Scopus,College of Science,Scientific,"Diuron Removal from Water by Adsorption: Fundamentals, Mechanism, Desorption, and Future Perspectives",Separation and Purification Reviews
2024,October,Scopus,College of Science,Scientific,Double-diffusive convection from an oscillating baffle embedded in an astroid-shaped cavity suspended by nano encapsulated phage change materials: ISPH simulations,Waves in Random and Complex Media
2024,October,Scopus,College of Science,Scientific,Effect of arsenic green synthesis nanoparticles on multi-drug resistant Acinetobacter baumannii,Green Materials
2024,October,Scopus,College of Science,Scientific,Effect of ions anisotropy pressure on the ion-acoustic cnoidal waves in electron-positron-ion magnetoplasmas,AIP Advances
2024,October,Scopus,College of Science,Scientific,"Effect of low concentrations of WO3 on synthesis, structural, physical, optical, neutron attenuation, and charged particle absorption properties of B2O3+Na2O+BaO glassy composites",Ceramics International
2024,October,Scopus,College of Science,Scientific,"Effect of Nano-Zinc Oxide, Rice Straw Compost, and Gypsum on Wheat (Triticum aestivum L.) Yield and Soil Quality in Saline–Sodic Soil",Nanomaterials
2024,October,Scopus,College of Science,Scientific,Effect of Ni/Co ratio on Ce-Sc-ZrO2 catalysts for selective H2 production via methane partial oxidation,Journal of Saudi Chemical Society
2024,October,Scopus,College of Science,Scientific,Electrolyte impact on supercapacitors made off Ni2O3-Ni2S3 decorating graphitic carbon nitride,Physica Scripta
2024,October,Scopus,College of Science,Scientific,Eliminating Manifold Pharmaceutical Pollutants with Carbon Nanoparticles Driven via a Short-Duration Ball-Milling Process,Surfaces
2024,October,Scopus,College of Science,Scientific,Eminent Red Sea water hydrogen generation via a Pb(ii)-iodide/poly(1H-pyrrole) nanocomposite photocathode,Green Processing and Synthesis
2024,October,Scopus,College of Science,Scientific,Enhancement of luminescence and thermal stability in Eu3+-doped K3Y(BO2)6 with Li+ and Na+ co-doping,Advanced Powder Technology
2024,October,Scopus,College of Science,Scientific,"Enhancing Biomedical and Photocatalytic Properties: Synthesis, Characterization, and Evaluation of Copper–Zinc Oxide Nanoparticles via Co-Precipitation Approach",Catalysts
2024,October,Scopus,College of Science,Scientific,Enhancing diesel production from waste plastics: A study on Pd/MCM-48 catalytic hydroprocessing,Fuel Processing Technology
2024,October,Scopus,College of Science,Scientific,Enhancing Radiation Shielding with Gadolinium(III) Oxide in Cerium(III) Fluoride-Doped Silica Borate Glass,Science and Technology of Nuclear Installations
2024,October,Scopus,College of Science,Scientific,Exothermic reaction on non-Newtonian NEPCM over ellipses in a curved channel: Hybrid ISPH method and artificial intelligence,Journal of Energy Storage
2024,October,Scopus,College of Science,Scientific,Experimental evaluation of the impact of ZnO on the radiation shielding ability of B2O3–PbO–ZnO–CaO glass systems,Optical Materials
2024,October,Scopus,College of Science,Scientific,Experimental infection of Clades 2.2.1.2 (H5N1) and 2.3.4.4b (H5N8) of highly pathogenic avian influenza virus infection in commercial broilers,"Comparative Immunology, Microbiology and Infectious Diseases"
2024,October,Scopus,College of Science,Scientific,Exploring gamma-ray and neutron attenuation properties of some high-density alloy samples through MCNP Monte Carlo code,International Journal of Computational and Experimental Science and Engineering
2024,October,Scopus,College of Science,Scientific,Exploring the Effects of Methyl Jasmonate and Lipopeptides against Gray Mold in Strawberry fruit (Fragaria x ananassa Duch.),Journal of Plant Growth Regulation
2024,October,Scopus,College of Science,Scientific,Extensions of Bicomplex Hypergeometric Functions and Riemann–Liouville Fractional Calculus in Bicomplex Numbers,Fractal and Fractional
2024,October,Scopus,College of Science,Scientific,Fabrication of cerium vanadate-embedded on carbon based graphene material (rGO) with significant performance for supercapacitor electrode,Journal of Energy Storage
2024,October,Scopus,College of Science,Scientific,"Fabrication, Physical, Structural, Optical Properties, and γ-Ray Attenuation Attributes of Germanate Borosilicate Glasses: Role of GeO2",ChemistrySelect
2024,October,Scopus,College of Science,Scientific,"Fertilization shapes microbial life strategies, carbon and nitrogen metabolic functions in Camellia oleifera soil",Journal of Environmental Management
2024,October,Scopus,College of Science,Scientific,FeSnO3/rGO nanocomposite electrode development for supercapacitor application,Journal of Alloys and Compounds
2024,October,Scopus,College of Science,Scientific,Fractional-order view analysis of Fisher’s and foam drainage equations within Aboodh transform,"Engineering Computations (Swansea, Wales)"
2024,October,Scopus,College of Science,Scientific,Gd2O3-doped calcium borophosphate glasses for optical and medical applications: experimental and theoretical studies,Applied Physics A: Materials Science and Processing
2024,October,Scopus,College of Science,Scientific,Generalized thermoelastic interactions in functional graded materials under laser heat source with a timed pulse,Case Studies in Thermal Engineering
2024,October,Scopus,College of Science,Scientific,Genetic Associations Underpinning the Metabolite-Mediated Salt Stress Tolerance in Barley,Plant Molecular Biology Reporter
2024,October,Scopus,College of Science,Scientific,Graded Weakly Strongly Quasi-Primary Ideals over Commutative Graded Rings,Mathematics
2024,October,Scopus,College of Science,Scientific,Green synthesis of NiO and NiO@graphene oxide nanomaterials using Elettaria cardamomum leaves: Structural and electrochemical studies,Heliyon
2024,October,Scopus,College of Science,Scientific,Green Synthesis of Zinc Oxide Nanoparticles Using Egg White and Coriander Root Waste: Characterization and Anti-Cancer Efficacy in Hela Cells,Waste and Biomass Valorization
2024,October,Scopus,College of Science,Scientific,Harnessing de novo transcriptome sequencing to identify and characterize genes regulating carbohydrate biosynthesis pathways in Salvia guaranitica L.,Frontiers in Plant Science
2024,October,Scopus,College of Science,Scientific,Holmium doped La2O3 and its composite with graphitic carbon nitride for the removal of atrazine and chlorpyrifos from wastewater,Desalination and Water Treatment
2024,October,Scopus,College of Science,Scientific,Hydrothermally synthesized binder-less ZnS/CdS on nickel foam as promising hybrid supercapacitor electrode materials,Journal of Electroanalytical Chemistry
2024,October,Scopus,College of Science,Scientific,"Impact of B2O3/Co3O4 substitution on structure, physical, optical characteristics and photon attenuation capacity of borosilicate glasses",Optical Materials
2024,October,Scopus,College of Science,Scientific,"Impact of chromium substitution on structural, spectroscopic, and dielectric properties of Ba4Ni2Fe36O60 ceramics",Ceramics International
2024,October,Scopus,College of Science,Scientific,"Impact of Dietary Bacillus toyonensis M44 as an Antibiotic Alternative on Growth, Blood Biochemical Properties, Immunity, Gut Microbiota, and Meat Quality of IR Broilers",Pakistan Veterinary Journal
2024,October,Scopus,College of Science,Scientific,Improvement in electrochemical performance of SrTiO3 with rGO via composite (SrTiO3/rGO) strategy fabricated via solvothermal approach,Ceramics International
2024,October,Scopus,College of Science,Scientific,Infiltration of anthocyanidin and cellulose-reinforced polylactic acid into delignified wood toward smart packaging,Sustainable Chemistry and Pharmacy
2024,October,Scopus,College of Science,Scientific,Infiltration of glass nanofiber-reinforced polylactic acid into delignified hardwood toward photoluminescent and mechanically reliable smart windows,Optical Materials
2024,October,Scopus,College of Science,Scientific,"Inoculation with Jeotgalicoccus sp. improves nutritional quality and biological value of Eruca sativa by enhancing amino acid and phenolic metabolism and increasing mineral uptake, unsaturated fatty acids, vitamins, and antioxidants",Frontiers in Plant Science
2024,October,Scopus,College of Science,Scientific,Insight into the integration effect of chitosan and β-cyclodextrin on the properties of zinc-phosphate/hydroxyapatite hybrid as delivery structures for 5-fluorouracil: loading and release profiles,Frontiers in Chemistry
2024,October,Scopus,College of Science,Scientific,In-situ synthesis of bifunctional N-doped CoFe₂O₄/rGO composites for enhanced electrocatalysis in hydrogen and oxygen evolution reactions,Journal of Alloys and Compounds
2024,October,Scopus,College of Science,Scientific,Investigating the impact of shear and bulk viscosity on the damping of confined acoustic modes in phononic crystal sensors,Scientific Reports
2024,October,Scopus,College of Science,Scientific,"Investigating the synergistic effect of Nd3+ and Ni2+ in CuO nanocrystals on their structural, optical, and magnetic properties for photovoltaic and photocatalytic implementations",Physica B: Condensed Matter
2024,October,Scopus,College of Science,Scientific,Investigation of Mg1−xNixS Alloys for Spintronic and Optoelectronic Application,Physica Status Solidi (B) Basic Research
2024,October,Scopus,College of Science,Scientific,"Investigation of structural, physical and radiation attenuation properties of lithium tetra-borate with Cr2O3 glass-ceramics: experimental and theoretical methods",Journal of the Australian Ceramic Society
2024,October,Scopus,College of Science,Scientific,Iron-iridium metal organic framework/nitrogen doped MXene/graphene quantum dots: A leading composite for electrolytic energy storage and hydrogen evolution reaction,Diamond and Related Materials
2024,October,Scopus,College of Science,Scientific,Jasmonic acid priming and foliar application of spermidine up-regulates the tolerance mechanisms to alleviate the damaging effects of cadmium stress on growth and photosynthesis in wheat,Notulae Botanicae Horti Agrobotanici Cluj-Napoca
2024,October,Scopus,College of Science,Scientific,"Lemongrass extract enhances productive performance, blood biomarkers, immunity, and gut health of broilers",Heliyon
2024,October,Scopus,College of Science,Scientific,"Linear and Angular Heteroannulated Pyridines Tethered 6-Hydroxy-4,7-Dimethoxybenzofuran: Synthesis and Antimicrobial Activity",Molecules
2024,October,Scopus,College of Science,Scientific,Lithium Chloride-Mediated enhancement of dye removal capacity in Borneo bamboo derived nanocellulose-based nanocomposite membranes (NCMs),Journal of Molecular Liquids
2024,October,Scopus,College of Science,Scientific,"Malva sylvestris leaf powder as a feed additive affects the performance, carcass traits, meat quality attributes, serum antioxidants, stress physiology, intestinal bacterial counts, and gut morphology of broiler chicken",Frontiers in Physiology
2024,October,Scopus,College of Science,Scientific,"The complete chloroplast genome of Psydrax latifolia: evolutionary dynamics, comparative genomics and phylogeny",Frontiers in Ecology and Evolution
2024,October,Scopus,College of Science,Scientific,The exponentiated Ailamujia distribution: Properties and application,Alexandria Engineering Journal
2024,October,Scopus,College of Science,Scientific,"The influence of Quercetin on behavior, performance and splenic immunity in broiler chickens",Veterinary and Animal Science
2024,October,Scopus,College of Science,Scientific,The magnetic field on the bioconvection flow of NEPCM in A Z-shaped cavity containing three circular cylinders,Chinese Journal of Physics
2024,October,Scopus,College of Science,Scientific,"The manufacture, optical properties, and mechanical aspects of europium-doped borate glasses",Scientific Reports
2024,October,Scopus,College of Science,Scientific,"The role of Eu3+ ions on FTIR, UV–vis spectroscopy, photoluminescence, and mechanical properties of newly fabricated borate-based glasses",Journal of the Australian Ceramic Society
2024,October,Scopus,College of Science,Scientific,Therapeutic Impact of Bitter Gourd Seed-fortified Crackers on Alloxan-induced Diabetic Rats,Pakistan Veterinary Journal
2024,October,Scopus,College of Science,Scientific,Marker-assisted selection for scab resistance and columnar growth habit in inter-varietal population of apple (Malus × domestica),Plant Biotechnology Reports
2024,October,Scopus,College of Science,Scientific,Mathematical frameworks for investigating fractional nonlinear coupled Korteweg-de Vries and Burger’s equations,Frontiers in Physics
2024,October,Scopus,College of Science,Scientific,"MCGDM approach based on (p, q, r)-spherical fuzzy Frank aggregation operators: applications in the categorization of renewable energy sources",Scientific Reports
2024,October,Scopus,College of Science,Scientific,Migration of two rigid spheres translating within an infinite couple stress fluid under the impact of magnetic field,Open Physics
2024,October,Scopus,College of Science,Scientific,Modeling the Effects of Irrigation and Its Interaction with Silicon on Quinoa Seed Yield and Water Use Efficiency in Arid Regions,Agronomy
2024,October,Scopus,College of Science,Scientific,Molecular and agro-morphological diversity assessment of some bread wheat genotypes and their crosses for drought tolerance,PeerJ
2024,October,Scopus,College of Science,Scientific,Molecular insights into withaferin A: A holistic approach to cancer therapy,Inorganic Chemistry Communications
2024,October,Scopus,College of Science,Scientific,Monte Carlo dosimetry for BEBIG Cobalt-60 brachytherapy source with gynecological applicator in the presence of inhomogeneities,Polish Journal of Medical Physics and Engineering
2024,October,Scopus,College of Science,Scientific,Nanoarchitectonics of molybdenum rich crown shaped polyoxometalates based ionic liquids reinforced on magnetic nanoparticles for the removal of microplastics and heavy metals from water,Journal of Environmental Chemical Engineering
2024,October,Scopus,College of Science,Scientific,New insights of heat transfer in pistons and nozzles flow of graphene-transformer oil nanofluid: A differential transform method,Case Studies in Thermal Engineering
2024,October,Scopus,College of Science,Scientific,"New solition wave structure and modulation instability analysis for nonlinear Schrödinger equation with cubic, quintic, septic, and nonic nonlinearities",AIMS Mathematics
2024,October,Scopus,College of Science,Scientific,Non-commutative geometries and wormhole solutions in f (G) gravity,International Journal of Geometric Methods in Modern Physics
2024,October,Scopus,College of Science,Scientific,Nonparametric Expectile Shortfall Regression for Complex Functional Structure,Entropy
2024,October,Scopus,College of Science,Scientific,Novel Ostrowski–Type Inequalities for Generalized Fractional Integrals and Diverse Function Classes,Fractal and Fractional
2024,October,Scopus,College of Science,Scientific,"Novel S-scheme WO3/ZnO-modified g-C3N4 heterojunction for optimizing norfloxacin photodegradation condition via DoE: Synthesis, characterization, and mechanism evaluation",Journal of Water Process Engineering
2024,October,Scopus,College of Science,Scientific,Optical fractals and Hump soliton structures in integrable Kuralay-II system,AIMS Mathematics
2024,October,Scopus,College of Science,Scientific,"Optical parameters and gamma shielding quality of sodium-borate glasses: The relative contribution of Bi2O3, SrO, and Li2O",Solid State Sciences
2024,October,Scopus,College of Science,Scientific,Phenolic compounds and biological activities of berberis fruit: Enhancing role on physiochemical and antioxidant properties of yogurt,LWT
2024,October,Scopus,College of Science,Scientific,Photovoltaic properties of halide perovskites for solar cell application with efficiency greater than 18%,RSC Advances
2024,October,Scopus,College of Science,Scientific,"Physical, elasto-mechanical and neutron-radiation shielding of barium borate glasses with distinct PtO2 concentrations",Journal of the Australian Ceramic Society
2024,October,Scopus,College of Science,Scientific,Physicochemical and electrochemical investigation of lead sulphide-graphene oxide hybrid nanostructure for energy storage applications,Journal of Electroanalytical Chemistry
2024,October,Scopus,College of Science,Scientific,"Polyhalite improves growth, yield, and quality and reduces insect pest incidence in sugarcane (Saccharum officinarum L.) in the semiarid tropics",Frontiers in Sustainable Food Systems
2024,October,Scopus,College of Science,Scientific,Potential of iron oxide-modified biochar in simultaneous mitigation of lead and nickel toxicity in wheat (Triticum aestivum L.),South African Journal of Botany
2024,October,Scopus,College of Science,Scientific,"Preparation, characterization and optical studies of methylcellulose/CuO hybrid materials",Emerging Materials Research
2024,October,Scopus,College of Science,Scientific,Promising vaccine models against astrovirus MLB2 using integrated vaccinomics and immunoinformatics approaches,Molecular Systems Design and Engineering
2024,October,Scopus,College of Science,Scientific,Radiation exposure to patients undergoing percutaneous transhepatic cholangiography and endoscopic retrograde cholangiography: an advanced phantom study,Radiation protection dosimetry
2024,October,Scopus,College of Science,Scientific,Radiation Shielding Characteristics and Transmission Factor values of some Selected Alloys: A Monte Carlo-Based Study,International Journal of Computational and Experimental Science and Engineering
2024,October,Scopus,College of Science,Scientific,Singularities of swept surfaces in Euclidean 3-space,AIMS Mathematics
2024,October,Scopus,College of Science,Scientific,Slow-released fertilizers optimization and experimental impacts on soil fertility and wheat-maize cropping system,Scientia Agricola
2024,October,Scopus,College of Science,Scientific,"SnO2QDs: Photophysical properties, photocatalytic activity, mineralization financial cost and recycling process during industrial effluent treatment",Journal of Water Process Engineering
2024,October,Scopus,College of Science,Scientific,"Sodium Fluoroborate Glass Loaded with Fixed CoO and Variable La2O3: Fabrication, Physical, FTIR, and Dielectric Characteristics",Journal of Electronic Materials
2024,October,Scopus,College of Science,Scientific,Sodium metaphosphate-tungsten trioxide glasses: a characterization study on gamma-ray shielding properties and transmission factors (TFs),Journal of the Australian Ceramic Society
2024,October,Scopus,College of Science,Scientific,Some Hardy's inequalities on conformable fractional calculus,Demonstratio Mathematica
2024,October,Scopus,College of Science,Scientific,Species-specific ecotoxicity of platinum nanoparticles to two cyanobacteria,Marine Pollution Bulletin
2024,October,Scopus,College of Science,Scientific,Stereo- and Regioselective Installation of Vinyl Sulfonyl Fluoride onto Indoles without Transition-Metal Catalyst,Journal of Organic Chemistry
2024,October,Scopus,College of Science,Scientific,Stress-driven metabolites of desert soil fungi,Biotechnology and Genetic Engineering Reviews
2024,October,Scopus,College of Science,Scientific,Structural Analysis of Octagonal Nanotubes via Double Edge-Resolving Partitions,Processes
2024,October,Scopus,College of Science,Scientific,"Structure, electronic and magneto-elastic properties of rare earth nitrides Ln3NIn (Ln = Nd, Pm, Sm, Eu, Gd, Tb) anti-perovskites",Physica B: Condensed Matter
2024,October,Scopus,College of Science,Scientific,Structure-optical properties of CdO glass matrix with low levels of cobalt impurities,Optical Materials
2024,October,Scopus,College of Science,Scientific,Swirling motion of temperature-dependent chemical reactions and Arrhenius activation energy in Cross fluid,International Communications in Heat and Mass Transfer
2024,October,Scopus,College of Science,Scientific,"Systematic exploration of properties, band gap energies and precise optical transition in ZnO–TeO2–P2O5–B2O3– Dy2O3–Sm2O3 glasses",Ceramics International
2024,October,Scopus,College of Science,Scientific,Tannin-encapsulated electrospun nanofibrous membrane of cellulose nanowhiskers-reinforced polysulfone for colorimetric detection of iron(III),International Journal of Biological Macromolecules
2024,October,Scopus,College of Science,Scientific,The anticoccidial effects of probiotics and prebiotics on the live coccidia vaccine and the subsequent influence on poultry performance post-challenge with mixed Eimeria species,Poultry Science
2024,October,Scopus,College of Science,Scientific,Adsorption of Gentian violet dye onto mesoporous aluminosilica monoliths: nanoarchitectonics and application to industrial wastewater,International Journal of Environmental Analytical Chemistry
2024,October,Scopus,College of Humanities and Social Sciences,Humanitarian ,A Novel Integrated Approach to Assess Groundwater Appropriateness for Agricultural Uses in the Eastern Coastal Region of India,Water (Switzerland)
2024,October,Scopus,College Of Languages,Humanitarian ,Towards Integrating Emotional Intelligence in the Interpreter’s Toolkit: Emotions’ Management Training of Translation Graduate Students in KSA,Forum for Linguistic Studies
2024,October,Scopus,College of Engineering,Scientific,Artificial rabbits optimization with transfer learning based deepfake detection model for biometric applications,Ain Shams Engineering Journal
2024,October,Scopus,College of Engineering,Scientific,Automated gall bladder cancer detection using artificial gorilla troops optimizer with transfer learning on ultrasound images,Scientific Reports
2024,October,Scopus,College of Engineering,Scientific,Moving-fuzzy sliding mode control of aircraft wing-rock motion,Archives of Electrical Engineering
2024,October,Scopus,College of Engineering,Scientific,Optimizing point-of-sale services in MEC enabled near field wireless communications using multi-agent reinforcement learning,Computer Communications
2024,October,Scopus,College of Engineering,Scientific,Radiative flow of clay nanoparticles on the lubricity of Williamson drilling fluids across a vertical surface in a Darcy-Brinkman porous medium,Chinese Journal of Physics
2024,October,Scopus,College of Engineering,Scientific,Textile Inspection Based on À trous Wavelet Transform,Wireless Personal Communications
2024,October,Scopus,College of Business Administration,Scientific,Charting new terrains: How CSR initiatives shape employee creativity and contribute to UN-SDGs in a knowledge-driven world,Journal of Innovation and Knowledge
2024,October,Scopus,College of Business Administration,Scientific,Energy Security and Women’s Empowerment: A Generalized Method of Moments Approach from a Global Perspective,Energies
2024,October,Scopus,College of Business Administration,Scientific,Innovative pedagogy: nurturing excellence through an effective student-centered approach in medicinal chemistry courses,Humanities and Social Sciences Communications
2024,October,Scopus,College of Business Administration,Scientific,Investigating the Role of Financial Development in Encouraging the Transition to Renewable Energy: A Fractional Response Model Approach,Sustainability (Switzerland)
2024,October,Scopus,College of Business Administration,Scientific,"The impact of artificial intelligence on women’s empowerment, and work-life balance in Saudi educational institutions",Frontiers in Psychology
2024,October,Scopus,College of Business Administration,Scientific,The impact of corruption on climate risk – An international evidence,Environmental Development
2024,October,Scopus,College of Business Administration,Scientific,Optimized Phishing Detection with Recurrent Neural Network and Whale Optimizer Algorithm,"Computers, Materials and Continua"
2024,October,Scopus,College of Business Administration,Scientific,Remote Working and Sustainability: A Bibliometric Mapping Analysis,Journal of Ecohumanism
2024,October,Scopus,College of Business Administration,Scientific,Spatial Attention Integrated EfficientNet Architecture for Breast Cancer Classification with Explainable AI,"Computers, Materials and Continua"
2024,October,Scopus,College of Business Administration,Scientific,"How do renewable energy, energy innovation and climate change shape the energy transition in USA? Unraveling the role of green finance development",Energy Economics
2024,October,Scopus,College of Business Administration,Scientific,How Does a Digital Government Impact Energy Transition in Gulf Economies?,Journal of Ecohumanism
2024,October,Scopus,College of Business Administration,Scientific,How does geopolitical risk affect sustainable nuclear energy development?,Nuclear Engineering and Technology
2024,October,Scopus,College of Dentistry,Health-related / Medical,Assessing color stability of orthodontic esthetic wires in different staining solutions,Technology and health care : official journal of the European Society for Engineering and Medicine
2024,October,Scopus,College of Dentistry,Health-related / Medical,Digital technology implementation in prosthodontics postgraduate programs in Saudi Arabia: a multi-institutional survey of program directors,BMC Oral Health
2024,October,Scopus,College of Dentistry,Health-related / Medical,Effects of Time-Elapsed Bleaching on the Surface and Mechanical Properties of Dentin Substrate Using Hydrogen Peroxide-Free Nanohydroxyapatite Gel,International journal of nanomedicine
2024,October,Scopus,College of Dentistry,Health-related / Medical,Breaking the glass ceiling: Women representation in orthodontic societies' leadership and awards,Seminars in Orthodontics
2024,October,Scopus,College of Computer and Information Sciences,Scientific,5G APPLICATIONS VIA VIRTUAL REALITY TECHNOLOGY IN EDUCATION,Journal of Theoretical and Applied Information Technology
2024,October,Scopus,College of Computer and Information Sciences,Scientific,A Data-Centric Approach to improve performance of deep learning models,Scientific Reports
2024,October,Scopus,College of Computer and Information Sciences,Scientific,A Deep CNN-Based Salinity and Freshwater Fish Identification and Classification Using Deep Learning and Machine Learning,Sustainability (Switzerland)
2024,October,Scopus,College of Computer and Information Sciences,Scientific,A Lightweight malware detection technique based on hybrid fuzzy simulated annealing clustering in Android apps,Egyptian Informatics Journal
2024,October,Scopus,College of Computer and Information Sciences,Scientific,A robust audio steganography technique based on image encryption using different chaotic maps,Scientific Reports
2024,October,Scopus,College of Computer and Information Sciences,Scientific,AHP VIKOR framework for selecting wind turbine materials with a focus on corrosion and efficiency,Scientific Reports
2024,October,Scopus,College of Computer and Information Sciences,Scientific,ALATT-network: automated LSTM-based framework for classification and monitoring of autism spectrum disorder therapy tasks,"Signal, Image and Video Processing"
2024,October,Scopus,College of Computer and Information Sciences,Scientific,An adaptive enhanced human memory algorithm for multi-level image segmentation for pathological lung cancer images,Computers in Biology and Medicine
2024,October,Scopus,College of Computer and Information Sciences,Scientific,An approach for classification of breast cancer using lightweight deep convolution neural network,Heliyon
2024,October,Scopus,College of Computer and Information Sciences,Scientific,An automated approach to predict diabetic patients using KNN imputation and effective data mining techniques,BMC Medical Research Methodology
2024,October,Scopus,College of Computer and Information Sciences,Scientific,Arabic Clustering Through Advanced Stemming and WordNet-Based Extraction for Water Cycle Cluster,International Journal of Data Warehousing and Mining
2024,October,Scopus,College of Computer and Information Sciences,Scientific,Arithmetic optimization based secure intelligent clustering algorithm for Vehicular Adhoc Network,PLoS ONE
2024,October,Scopus,College of Computer and Information Sciences,Scientific,Assessment and classification of COVID-19 DNA sequence using pairwise features concatenation from multi-transformer and deep features with machine learning models,SLAS technology
2024,October,Scopus,College of Computer and Information Sciences,Scientific,Towards the future of bot detection: A comprehensive taxonomical review and challenges on Twitter/X,Computer Networks
2024,October,Scopus,College of Computer and Information Sciences,Scientific,User profile visualisation for privacy awareness on Geo-Social Networks,Journal of Location Based Services
2024,October,Scopus,College of Computer and Information Sciences,Scientific,An Improved Quadratic Spline Model Using Curvature Tip Compression - Particle Swarm Optimization to Forecast Accurately the Nonlinear Fluid Calibration Curve,IEEE Access
2024,October,Scopus,College of Computer and Information Sciences,Scientific,Artificial neural network to predict the compressive strength of high strength self-compacting concrete made of marble dust,Revista Materia
2024,October,Scopus,College of Computer and Information Sciences,Scientific,Boosting Deep Feature Fusion-based Detection Model for Fake Faces Generated by Generative Adversarial Networks for Consumer Space Environment,IEEE Access
2024,October,Scopus,College of Computer and Information Sciences,Scientific,Cancer Ease: You Are Not Alone!,"Smart Innovation, Systems and Technologies"
2024,October,Scopus,College of Computer and Information Sciences,Scientific,"Corrigendum: A novel voting classifier for electric vehicles population at different locations using Al-Biruni earth radius optimization algorithm (Frontiers in Energy Research, (2023), 11, (1221032), 10.3389/fenrg.2023.1221032)",Frontiers in Energy Research
2024,October,Scopus,College of Computer and Information Sciences,Scientific,Data-driven evolutionary programming for evaluating the mechanical properties of concrete containing plastic waste,Case Studies in Construction Materials
2024,October,Scopus,College of Computer and Information Sciences,Scientific,Deer Hunting Optimization with Deep Learning-Driven Automated Fabric Defect Detection and Classification,Mobile Networks and Applications
2024,October,Scopus,College of Computer and Information Sciences,Scientific,Deploying Hybrid EnsembleMachine Learning Techniques for Effective Cross-Site Scripting (XSS) Attack Detection,"Computers, Materials and Continua"
2024,October,Scopus,College of Computer and Information Sciences,Scientific,Design and performance optimization of a novel lens antenna for emerging beyond 5G wireless applications,Frontiers in Materials
2024,October,Scopus,College of Computer and Information Sciences,Scientific,Efficient bladder cancer diagnosis using an improved RIME algorithm with Orthogonal Learning,Computers in Biology and Medicine
2024,October,Scopus,College of Computer and Information Sciences,Scientific,Efficient Blind Signal Separation Algorithms for Wireless Multimedia Communication Systems,Wireless Personal Communications
2024,October,Scopus,College of Computer and Information Sciences,Scientific,Efficient utilization of adaptive LMS channel estimation with activity detection guidance and tap decoupling in indoor optical wireless communication systems,Journal of Optics (India)
2024,October,Scopus,College of Computer and Information Sciences,Scientific,EfficientNetB1 Deep LearningModel for Microscopic Lung Cancer Lesion Detection and Classification Using Histopathological Images,"Computers, Materials and Continua"
2024,October,Scopus,College of Computer and Information Sciences,Scientific,Empirical Analysis of Honeybees Acoustics as Biosensors Signals for Swarm Prediction in Beehives,IEEE Access
2024,October,Scopus,College of Computer and Information Sciences,Scientific,Enhancing deep learning-based slope stability classification using a novel metaheuristic optimization algorithm for feature selection,Scientific Reports
2024,October,Scopus,College of Computer and Information Sciences,Scientific,Enhancing security in financial transactions: a novel blockchain-based federated learning framework for detecting counterfeit data in fintech,PeerJ Computer Science
2024,October,Scopus,College of Computer and Information Sciences,Scientific,Ensemble learning approach for distinguishing human and computer-generated Arabic reviews,PeerJ Computer Science
2024,October,Scopus,College of Computer and Information Sciences,Scientific,Estimating best nanomaterial for energy harvesting through reinforcement learning DQN coupled with fuzzy PROMETHEE under road-based conditions,Scientific Reports
2024,October,Scopus,College of Computer and Information Sciences,Scientific,"Federated Learning-Based Model to Lightweight IDSs for Heterogeneous IoT Networks: State-of-the-Art, Challenges, and Future Directions",IEEE Access
2024,October,Scopus,College of Computer and Information Sciences,Scientific,Fruit and vegetable leaf disease recognition based on a novel custom convolutional neural network and shallow classifier,Frontiers in Plant Science
2024,October,Scopus,College of Computer and Information Sciences,Scientific,Gamify4LexAmb: a gamification-based approach to address lexical ambiguity in natural language requirements,PeerJ Computer Science
2024,October,Scopus,College of Computer and Information Sciences,Scientific,Genetic programming-based algorithms application in modeling the compressive strength of steel fiber-reinforced concrete exposed to elevated temperatures,Composites Part C: Open Access
2024,October,Scopus,College of Computer and Information Sciences,Scientific,Green Anaconda Optimization Based Energy Aware Clustering Protocol for 6G Wireless Communication Systems,Mobile Networks and Applications
2024,October,Scopus,College of Computer and Information Sciences,Scientific,Greylag goose optimization and multilayer perceptron for enhancing lung cancer classification,Scientific Reports
2024,October,Scopus,College of Computer and Information Sciences,Scientific,Heart disease prediction using autoencoder and DenseNet architecture,Egyptian Informatics Journal
2024,October,Scopus,College of Computer and Information Sciences,Scientific,Heart-Net: A Multi-Modal Deep Learning Approach for Diagnosing Cardiovascular Diseases,"Computers, Materials and Continua"
2024,October,Scopus,College of Computer and Information Sciences,Scientific,Hybrid attention-based deep neural networks for short-term wind power forecasting using meteorological data in desert regions,Scientific Reports
2024,October,Scopus,College of Computer and Information Sciences,Scientific,Improving prediction of skeletal growth problems for age evaluation using hand X-rays,Multimedia Tools and Applications
2024,October,Scopus,College of Computer and Information Sciences,Scientific,Improving remote sensing scene classification using dung Beetle optimization with enhanced deep learning approach,Heliyon
2024,October,Scopus,College of Computer and Information Sciences,Scientific,Innovative Feature Extraction and Machine Learning Joint Approaches for Automated Detection of Focal Cortical Dysplasia Type II,IEEE Access
2024,October,Scopus,College of Computer and Information Sciences,Scientific,Machine learning-based technique for directivity prediction of a compact and highly efficient 4-port MIMO antenna for 5G millimeter wave applications,Results in Engineering
2024,October,Scopus,College of Computer and Information Sciences,Scientific,The Role of Blockchain in Transforming Industries Beyond Finance,IEEE Access
2024,October,Scopus,College of Computer and Information Sciences,Scientific,Multimodal brain tumor segmentation and classification from MRI scans based on optimized DeepLabV3+ and interpreted networks information fusion empowered with explainable AI,Computers in Biology and Medicine
2024,October,Scopus,College of Computer and Information Sciences,Scientific,Multi-modal remote perception learning for object sensory data,Frontiers in Neurorobotics
2024,October,Scopus,College of Computer and Information Sciences,Scientific,Next-Gen Connectivity: Exploring UAV Swarm Applications in Cell-Free Massive MIMO for IIoT,IEEE Access
2024,October,Scopus,College of Computer and Information Sciences,Scientific,Nonlinear FOPID controller design for pressure regulation of steam condenser via improved metaheuristic algorithm,PLoS ONE
2024,October,Scopus,College of Computer and Information Sciences,Scientific,Object Detection from Enhanced IR Images Based on Preprocessing and Cumulative Histogram Estimation for Tracking and Gait Recognition Applications,Journal of Optics (India)
2024,October,Scopus,College of Computer and Information Sciences,Scientific,OptDevNet: A Optimized Deep Event-Based Network Framework for Credit Card Fraud Detection,IEEE Access
2024,October,Scopus,College of Computer and Information Sciences,Scientific,Optimization of classification model for electric vehicle charging station placement using dynamic graylag goose algorithm,Frontiers in Energy Research
2024,October,Scopus,College of Computer and Information Sciences,Scientific,Plastic debris detection along coastal waters using Sentinel-2 satellite data and machine learning techniques,Marine Pollution Bulletin
2024,October,Scopus,College of Computer and Information Sciences,Scientific,Removal of ring artifacts in neutron tomography image slices,Journal of Optics (India)
2024,October,Scopus,College of Computer and Information Sciences,Scientific,Target detection and classification via EfficientDet and CNN over unmanned aerial vehicles,Frontiers in Neurorobotics
2024,October,Scopus,College of Computer and Information Sciences,Scientific,Tasmanian devil optimization with deep autoencoder for intrusion detection in IoT assisted unmanned aerial vehicle networks,Ain Shams Engineering Journal
2024,October,Scopus,College of Sports Science and Physical Activity,Humanitarian ,"Structural, electronic and thermoelectric properties of boron phosphorous nitride B2PN via first principles study",RSC Advances
2024,October,Scopus,College of Sports Science and Physical Activity,Humanitarian ,Unveiling elevated curie temperature and exceptional perpendicular magnetic anisotropy in chlorinated monolayer CrI3,Materials Chemistry and Physics
2024,October,Scopus,College of Sports Science and Physical Activity,Humanitarian ,Chitosan and its derivatives regulate lactic acid synthesis during milk fermentation,Frontiers in Nutrition
2024,October,Scopus,College of Sports Science and Physical Activity,Humanitarian ,"Enriching wheat flour with grape pomace powder impacts a snack's chemical, nutritional, and sensory characteristics",Czech Journal of Food Sciences
2024,October,Scopus,King Abdullah bin Abdulaziz University Hospital,Health-related / Medical,Sleep patterns and quality during summer and academic year among female university students,"Neurosciences (Riyadh, Saudi Arabia)"
2024,November,WOS,College of Science,Scientific,4-(Pyrazolyl)benzenesulfonamide Ureas as Carbonic Anhydrases Inhibitors and Hypoxia-Mediated Chemo-Sensitizing Agents in Colorectal Cancer Cells,JOURNAL OF MEDICINAL CHEMISTRY
2024,November,WOS,College of Science,Scientific,A collection of optical solitons for the concatenation model in the presence of multiplicative white noise and spatio-temporal dispersion,ALEXANDRIA ENGINEERING JOURNAL
2024,November,WOS,College of Computer and Information Sciences,Scientific,A Deep Cryptographic Framework for Securing the Healthcare Network from Penetration,SENSORS
2024,November,WOS,College of Science,Scientific,A new inverted Pham distribution for data modeling of mechanical components and diamond in South-West Africa,PHYSICA SCRIPTA
2024,November,WOS,College of Computer and Information Sciences,Scientific,A Novel Hybrid XAI Solution for Autonomous Vehicles: Real-Time Interpretability Through LIME-SHAP Integration,SENSORS
2024,November,WOS,College of Computer and Information Sciences,Scientific,A novel meta learning based stacked approach for diagnosis of thyroid syndrome,PLOS ONE
2024,November,WOS,College of Science,Scientific,"A theoretical approach for investigating the end-capped engineering effect on indophenine-based core for efficient organic solar cells (Oct, 10.1007/s11696-024-03709-7, 2024)",CHEMICAL PAPERS
2024,November,WOS,College of Science,Scientific,"Acyl Hydrazides as Insecticides: Synthesis, Biochemical, Structure-Activity Relationship Studies and Insecticidal Activity of some IGRs Analogues Against Spodoptera littorallis (Boisd.)",CHEMISTRY & BIODIVERSITY
2024,November,WOS,College of Business Administration,Scientific,Advance deep learning for soil type classification in space informatics,JOURNAL OF INDUSTRIAL INFORMATION INTEGRATION
2024,November,WOS,College of Computer and Information Sciences,Scientific,Advanced Mineral Deposit Mapping via Deep Learning and SVM Integration With Remote Sensing Imaging Data,ENGINEERING REPORTS
2024,November,WOS,College of Science,Scientific,Advances in extraction and biological activities of crawfish chitosan and its application in decolorization of synthetic dyes,ARQUIVO BRASILEIRO DE MEDICINA VETERINARIA E ZOOTECNIA
2024,November,WOS,College of Science,Scientific,An Active Mesoporous MgIn2O4/gCN Electrocatalyst Fabricated via Hydrothermal Route for Efficient Oxygen Evolution Reaction,JOURNAL OF INORGANIC AND ORGANOMETALLIC POLYMERS AND MATERIALS
2024,November,WOS,College of Dentistry,Health-related / Medical,Antibiofilm efficacy of a calcium silicate-based intracanal medicament against Fusobacterium nucleatum strains,SCIENTIFIC REPORTS
2024,November,WOS,College of Science,Scientific,Antioxidant and antidiabetic potential of Cystoseira myrica-mediated green metallic zinc nanoparticles using the algal extract: synthesis and characterization,MATERIALS RESEARCH EXPRESS
2024,November,WOS,College of Science,Scientific,Application of Reverse Vaccinology and Immunoinformatics to Design a Multitope Vaccine against Gastrointestinal Cancer-inducing Cryptosporidium Parvum,JOURNAL OF COMPUTATIONAL BIOPHYSICS AND CHEMISTRY
2024,November,WOS,College of Sports Science and Physical Activity,Humanitarian ,Aryl/Hetero-Aryl Tosylates as Coupling Partners in Metal-Mediated Suzuki and Hiyama Cross-Coupling Reactions in Ionic Liquids: Ligand-Free Facile Synthesis of Biaryls/Heterobiaryls,CHEMISTRYSELECT
2024,November,WOS,College of pharmacy,Health-related / Medical,"Assessing the impact of ecological, climatic, and socioeconomic factors on age-specific malaria incidence in India: a mixed-model approach using the Global Burden of Disease Study (2010-2019)",MALARIA JOURNAL
2024,November,WOS,College of Science,Scientific,Assessment of biocidal efficacy of zinc oxide-zeolite nanocomposites as a novel water disinfectant against commercial disinfectants used in water purification,APPLIED WATER SCIENCE
2024,November,WOS,College of Computer and Information Sciences,Scientific,AUTOMATED GESTURE RECOGNITION USING ARTIFICIAL RABBITS OPTIMIZATION WITH DEEP LEARNING FOR ASSISTING VISUALLY CHALLENGED PEOPLE,FRACTALS-COMPLEX GEOMETRY PATTERNS AND SCALING IN NATURE AND SOCIETY
2024,November,WOS,College of Medicine\ College of pharmacy,Health-related / Medical,Biofabricated zinc oxide nanoparticles mitigate acrylamide-induced immune toxicity and modulate immune-related genes and microRNA in rats,NAUNYN-SCHMIEDEBERGS ARCHIVES OF PHARMACOLOGY
2024,November,WOS,College of Medicine,Health-related / Medical,Biological evaluation of CH3OH and C2H5OH of Berberis vulgaris for in vivo antileishmanial potential against Leishmania tropica in murine models,OPEN CHEMISTRY
2024,November,WOS,College of pharmacy,Health-related / Medical,Budget impact analysis of subcutaneous infliximab (CT-P13 SC) for treating inflammatory bowel disease in Saudi Arabia: Analysis from payer perspective,PLOS ONE
2024,November,WOS,College of Computer and Information Sciences,Scientific,ChessCrypt: enhancing wireless communication security in smart cities through dynamically generated S-Box with chess-based nonlinearity,SCIENTIFIC REPORTS
2024,November,WOS,College of Dentistry,Health-related / Medical,Clinical and Radiographic Status and PISF Levels of PGE2 Around Cement and Screw Retained Implants,INTERNATIONAL DENTAL JOURNAL
2024,November,WOS,College of Medicine,Health-related / Medical,Cloud IaaS Optimization Using Machine Vision at the IoT Edge and the Grid Sensing Algorithm,SENSORS
2024,November,WOS,College of Dentistry,Health-related / Medical,Comparative Effectiveness of Miswak and Toothbrushing on Dental Plaque and Gingivitis: A Randomized Controlled Trial,HEALTHCARE
2024,November,WOS,College of pharmacy,Health-related / Medical,Controlled Delivery of Ketoconazole an Antifungal Agent from Uncemented Titanium Using a Layer-by-Layer Technique,ACS OMEGA
2024,November,WOS,College of pharmacy,Health-related / Medical,Dengue virus infection in Saudi Arabia from 2003 to 2023: a systematic review and meta-analysis,PATHOGENS AND GLOBAL HEALTH
2024,November,WOS,College of Nursing,Health-related / Medical,Design and development of an intelligent neck and head support system based on eye blink recognition for cervical dystonia,DISCOVER APPLIED SCIENCES
2024,November,WOS,College of Science,Scientific,Design and Optimization of MoS2@rGO@NiFeS Nanocomposites for Hybrid Supercapattery Performance and Sensitive Electrochemical Detection,MOLECULES
2024,November,WOS,College of Computer and Information Sciences,Scientific,Design of EEG based thought identification system using EMD & deep neural network,SCIENTIFIC REPORTS
2024,November,WOS,College of Science,Scientific,"Design, synthesis, and evaluation of novel thiadiazole derivatives as potent VEGFR-2 inhibitors: a comprehensive in vitro and in silico study",RSC ADVANCES
2024,November,WOS,College of Nursing,Health-related / Medical,Development and validation of an Arabic tool for assessment of post-vaccination confidence in COVID-19 vaccines (ARAB-VAX-CONF),JOURNAL OF THE EGYPTIAN PUBLIC HEALTH ASSOCIATION
2024,November,WOS,College of pharmacy,Health-related / Medical,Discovery of potential FDA-approved SARS-CoV-2 Papain-like protease inhibitors: A multi-phase in silico approach,JOURNAL OF CHEMICAL RESEARCH
2024,November,WOS,College of Health and Rehabilitation Sciences,Health-related / Medical,Dose-response effects of 8-week resistance training on body composition and muscular performance in untrained young women: A quasi-experimental design,MEDICINE
2024,November,WOS,College of Science,Scientific,Dynamic interactions and inhibitory mechanisms of Artemisia annua terpenoids with carbonic anhydrase IX,INTERNATIONAL JOURNAL OF BIOLOGICAL MACROMOLECULES
2024,November,WOS,College of Science,Scientific,"Eco-friendly RP-HPLC approach for simultaneously estimating the promising combination of pentoxifylline and simvastatin in therapeutic potential for breast cancer: Appraisal of greenness, whiteness, and Box-Behnken design",GREEN PROCESSING AND SYNTHESIS
2024,November,WOS,College of Science,Scientific,Effect of bismuth oxide on radiation shielding and interaction characteristics of polyvinyl alcohol-based polymer: Potential use in medical apron design,JOURNAL OF RADIATION RESEARCH AND APPLIED SCIENCES
2024,November,WOS,College of pharmacy,Health-related / Medical,Effectiveness and Safety of GLP-1 Receptor Agonists in Patients with Type 1 Diabetes,JOURNAL OF CLINICAL MEDICINE
2024,November,WOS,College of Science,Scientific,Effects of thermal radiation on TiO2-Cu/water hybrid nanofluid: A finite difference discretization,JOURNAL OF RADIATION RESEARCH AND APPLIED SCIENCES
2024,November,WOS,College of Science,Scientific,Electrolyte impact on supercapacitors made off Ni2O3-Ni2S3 decorating graphitic carbon nitride,PHYSICA SCRIPTA
2024,November,WOS,College of Medicine,Health-related / Medical,Endoscopic endonasal resection of Rathke cleft cysts: a single-institution analysis of 148 consecutive patients,JOURNAL OF NEUROSURGERY
2024,November,WOS,College of Science,Scientific,Energy storage performance and electrocaloric effect of Zr doped BaTiO3-based lead-free ferroelectric ceramics,APPLIED PHYSICS A-MATERIALS SCIENCE & PROCESSING
2024,November,WOS,College of Science,Scientific,"Enhanced performance of V2+-doped MAPbI2Br perovskite films in solar cells: structural, optical, and photovoltaic insights",JOURNAL OF NANOPARTICLE RESEARCH
2024,November,WOS,College of Science,Scientific,Enhanced thermoelectric power factor in BiSnTe alloy thin films via post-annealing: a structural and electrical study,JOURNAL OF MATERIALS SCIENCE-MATERIALS IN ELECTRONICS
2024,November,WOS,College of Science,Scientific,Enhancement of luminescence and thermal stability in Eu3+-doped K3Y (BO2)6 with Li+ and Na+ co-doping,ADVANCED POWDER TECHNOLOGY
2024,November,WOS,College of Medicine,Health-related / Medical,Enhancing genomic disorder prediction through Feynman Concordance and Interpolated Nearest Centroid techniques,SCIENTIFIC REPORTS
2024,November,WOS,College of Science,Scientific,Existence Results for Nonlinear Hilfer Pantograph Fractional Integrodifferential Equations,QUALITATIVE THEORY OF DYNAMICAL SYSTEMS
2024,November,WOS,College of Computer and Information Sciences,Scientific,EXPLOITING OPTIMAL SELF-ATTENTION DEEP LEARNING-BASED RECOGNITION OF TEXTUAL EMOTIONS FOR DISABLED PERSONS,FRACTALS-COMPLEX GEOMETRY PATTERNS AND SCALING IN NATURE AND SOCIETY
2024,November,WOS,College of Science,Scientific,"Exploring thermodynamic, physical and radiative interaction properties of quinary FeNiCoCr high entropy alloys (HEAs): a multi-directional characterization study",PHYSICA SCRIPTA
2024,November,WOS,King Abdullah bin Abdulaziz University Hospital\College of pharmacy,Health-related / Medical,"Exploring women's perception and attitude towards antidepressant use: a cross-sectional study (vol 24, 453, 2024)",BMC WOMENS HEALTH
2024,November,WOS,College of Science,Scientific,Fabrication of Anthocyanidin-Encapsulated Polyvinyl Alcohol Nanofibrous Membrane for Smart Packaging,NANOMATERIALS
2024,November,WOS,College of Computer and Information Sciences,Scientific,FRACTAL PEAK POWER ANALYSIS ON NOMA WAVEFORMS USING THE PTS METHOD FOR DIFFERENT SUB-CARRIERS: APPLICATIONS IN 5G AND BEYOND,FRACTALS-COMPLEX GEOMETRY PATTERNS AND SCALING IN NATURE AND SOCIETY
2024,November,WOS,College of Science,Scientific,"Frequency and risk factors of nosocomial infections in a trauma center: a case study from the Beni Suef University Hospital, Egypt",WIENER MEDIZINISCHE WOCHENSCHRIFT
2024,November,WOS,College of Computer and Information Sciences,Scientific,FROM PIXELS TO PREDICTIONS: ROLE OF BOOSTED DEEP LEARNING-ENABLED OBJECT DETECTION FOR AUTONOMOUS VEHICLES ON LARGE SCALE CONSUMER ELECTRONICS ENVIRONMENT,FRACTALS-COMPLEX GEOMETRY PATTERNS AND SCALING IN NATURE AND SOCIETY
2024,November,WOS,College of Business Administration,Scientific,From status to sustainability: How social influence and sustainability consciousness drive green purchase intentions in luxury restaurants,ACTA PSYCHOLOGICA
2024,November,WOS,College of Science,Scientific,Functional Differential Equations with Distributed Deviating Arguments: Oscillatory Features of Solutions,MEDITERRANEAN JOURNAL OF MATHEMATICS
2024,November,WOS,College of Science,Scientific,Gd2O3-doped calcium borophosphate glasses for optical and medical applications: experimental and theoretical studies,APPLIED PHYSICS A-MATERIALS SCIENCE & PROCESSING
2024,November,WOS,College of Medicine,Health-related / Medical,Gender Difference in Response to Domestic Violence and Its Relation to Impulsivity Among Saudi University Students,VIOLENCE AND GENDER
2024,November,WOS,College of Science,Scientific,"Glycyrrhiza glabra and Saussurea costus extracts mitigate arsenic-induced nephrotoxicity via orchestrating Nrf2/HO-1 and NF-kB crosstalk and repressing the expression of HSPs genes, and apoptosis in broiler chickens",TOXIN REVIEWS
2024,November,WOS,College of Science,Scientific,"Haloxylon salicornicum Phytochemicals Suppress NF-κB, iNOS and Pro-inflammatory Cytokines in Lipopolysaccharide-induced Macrophages",CHEMISTRY & BIODIVERSITY
2024,November,WOS,College of Computer and Information Sciences,Scientific,HARNESSING BLOCKCHAIN WITH ENSEMBLE DEEP LEARNING-BASED DISTRIBUTED DOS ATTACK DETECTION IN IOT-ASSISTED SECURE CONSUMER ELECTRONICS SYSTEMS,FRACTALS-COMPLEX GEOMETRY PATTERNS AND SCALING IN NATURE AND SOCIETY
2024,November,WOS,College of Computer and Information Sciences,Scientific,HARNESSING PRIVACY-PRESERVING FEDERATED LEARNING WITH BLOCKCHAIN FOR SECURE IoMT APPLICATIONS IN SMART HEALTHCARE SYSTEMS,FRACTALS-COMPLEX GEOMETRY PATTERNS AND SCALING IN NATURE AND SOCIETY
2024,November,WOS,College of Science,Scientific,Harnessing the interfacial charge transfer in Mn-doped γ-Fe2O3@ZnO heterojunction for broad spectrum photocatalytic degradation of organic dyes,OPTICAL MATERIALS
2024,November,WOS,College of Science,Scientific,Hydrothermally synthesized binder-less ZnS/CdS on nickel foam as promising hybrid supercapacitor electrode materials,JOURNAL OF ELECTROANALYTICAL CHEMISTRY
2024,November,WOS,College of Science,Scientific,"Impact of Thermal Energy on Water and Ethylene Glycol (50:50)-Based Rotating Hybrid Nanofluid Past A Riga Surface with Radiation, Homogeneous and Heterogeneous Reactions",NANO
2024,November,WOS,College of Science,Scientific,"Impact of Yttrium Oxide on the Dielectric, Radiation-Shielding, and Physical Characteristics of Glasses Made of Lithium Bismuth Zinc Phosphate",JOURNAL OF INORGANIC AND ORGANOMETALLIC POLYMERS AND MATERIALS
2024,November,WOS,College of pharmacy,Health-related / Medical,Implementation of a Pharmacist-Driven Vancomycin Area Under the Concentration-Time Curve Monitoring Program Using Bayesian Modeling in Outpatient Parenteral Antimicrobial Therapy,OPEN FORUM INFECTIOUS DISEASES
2024,November,WOS,College of Computer and Information Sciences,Scientific,Improving crop production using an agro-deep learning framework in precision agriculture,BMC BIOINFORMATICS
2024,November,WOS,College of Science,Scientific,Improving the functionality of biosensors through the use of periodic and quasi-periodic one-dimensional phononic crystals,ZEITSCHRIFT FUR NATURFORSCHUNG SECTION A-A JOURNAL OF PHYSICAL SCIENCES
2024,November,WOS,College of Science,Scientific,Influence of exogenously sprayed growth regulators at different concentrations on grain biochemical constituents and yield traits of bread wheat,CHILEAN JOURNAL OF AGRICULTURAL RESEARCH
2024,November,WOS,College of Science,Scientific,Integrating Computational Modeling and Experimental Validation to Unveil Tyrosinase Inhibition Mechanisms of Flavonoids from Alhagi graecorum,ACS OMEGA
2024,November,WOS,Arabic Language Teaching Institute for Non-Arabic Speakers,Humanitarian ,INTEGRATING FRACTAL SNOW ABLATION OPTIMIZER WITH BAYESIAN MACHINE LEARNING FOR ASPECT-LEVEL SENTIMENT ANALYSIS ON SOCIAL MEDIA,FRACTALS-COMPLEX GEOMETRY PATTERNS AND SCALING IN NATURE AND SOCIETY
2024,November,WOS,College of pharmacy,Health-related / Medical,In-vitro and in-silico studies based discovery of 2-aryl-N-(4morpholinophenyl)thiazol-4-amines as promising DNA gyrase inhibitors,ADVANCEMENTS IN LIFE SCIENCES
2024,November,WOS,College of Science,Scientific,Iron-iridium metal organic framework/nitrogen doped MXene/graphene quantum dots: A leading composite for electrolytic energy storage and hydrogen evolution reaction,DIAMOND AND RELATED MATERIALS
2024,November,WOS,Arabic Language Teaching Institute for Non-Arabic Speakers,Humanitarian ,LEVERAGING CORPUS LINGUISTICS AND DATA-DRIVEN DEEP LEARNING FOR TEXTUAL EMOTION ANALYSIS,FRACTALS-COMPLEX GEOMETRY PATTERNS AND SCALING IN NATURE AND SOCIETY
2024,November,WOS,College of Computer and Information Sciences,Scientific,Machine learning for high-performance solar radiation prediction,ENERGY REPORTS
2024,November,WOS,College of Computer and Information Sciences,Scientific,MOTION TARGET MONITORING AND RECOGNITION IN VIDEO SURVEILLANCE USING CLOUD-EDGE-IOT AND MACHINE LEARNING TECHNIQUES,FRACTALS-COMPLEX GEOMETRY PATTERNS AND SCALING IN NATURE AND SOCIETY
2024,November,WOS,College of Science,Scientific,Multifaceted Synergism of Dual Active Sites in Oxygen Vacancies Enriched Plasmonic Ag-BiOI Nanosheets for Enhanced Piezo-Photocatalytic Degradation of Trimethoprim,ACS ES&T ENGINEERING
2024,November,WOS,College of Science,Scientific,Multi-Stimuli Responsive Viologen-Imprinted Polyvinyl Alcohol and Tricarboxy Cellulose Nanocomposite Hydrogels,SENSORS
2024,November,WOS,College of pharmacy,Health-related / Medical,"New N-amino-5-cyano-6-pyridones as antimicrobial small molecules endowed with DNA gyrase a inhibitory activity: design, one-pot synthesis, biological assessment and in silico insights",BMC CHEMISTRY
2024,November,WOS,College of Science,Scientific,Numerical optimization of inorganic p-Sb2Se3/n-ZrS2 heterojunction solar cells: achieving high efficiency through SCAPS-1D simulation,PHYSICA SCRIPTA
2024,November,WOS,College of Computer and Information Sciences,Scientific,"Optimizing Open Radio Access Network Systems with LLAMA V2 for Enhanced Mobile Broadband, Ultra-Reliable Low-Latency Communications, and Massive Machine-Type Communications: A Framework for Efficient Network Slicing and Real-Time Resource Allocation",SENSORS
2024,November,WOS,College of Science,Scientific,Performance of an integrated household greywater treatment system for water optimization and reuse,APPLIED WATER SCIENCE
2024,November,WOS,College of Science,Scientific,"Phase Stability, Structural Properties, Electronegativity, Mechanical Properties, and Neutron and Gamma-Ray Attenuation Properties of Cantor High Entropy Alloys for Advanced Nuclear Applications",JOURNAL OF MATERIALS ENGINEERING AND PERFORMANCE
2024,November,WOS,College of Science,Scientific,Physio-mathematic processing to correlate the optical band gap of Zn(1-x) GdxO thin films to its refractive index dispersion: A novel empirical approach,OPTICAL MATERIALS
2024,November,WOS,College of Science,Scientific,Picture fuzzy complex proportional assessment approach with step-wise weight assessment ratio analysis and criteria importance through intercriteria correlation,ENGINEERING APPLICATIONS OF ARTIFICIAL INTELLIGENCE
2024,November,WOS,College of Science,Scientific,Polypyrrole-bismuth tungstate/polypyrrole core-shell for optoelectronic devices exhibiting Schottky photodiode behavior,SCIENTIFIC REPORTS
2024,November,WOS,College of Education and Human Development,Humanitarian ,Predicting Suicidal Behaviors in Individuals With Diabetes Using Machine Learning Techniques,PERSPECTIVES IN PSYCHIATRIC CARE
2024,November,WOS,College of Computer and Information Sciences,Scientific,Predictive analytics of complex healthcare systems using deep learning based disease diagnosis model,SCIENTIFIC REPORTS
2024,November,WOS,College of Science,Scientific,Promoting tomato resilience: effects of ascorbic acid and sulfur-treated biochar in saline and non-saline cultivation environments,BMC PLANT BIOLOGY
2024,November,WOS,College of Humanities and Social Sciences,Humanitarian ,Psychological flow and mental immunity as predictors of job performance for mental health care practitioners during COVID-19,PLOS ONE
2024,November,WOS,College of Science,Scientific,Quantum correlations and parameter estimation for two superconducting qubits interacting with a quantized field,SCIENTIFIC REPORTS
2024,November,WOS,College of Health and Rehabilitation Sciences,Health-related / Medical,Relationship Between Vitamin D Insufficiency and Anemia in Older Adults: An Approach Considering Clinical Aspects and Food Insecurity,NUTRIENTS
2024,November,WOS,College of Health and Rehabilitation Sciences,Health-related / Medical,Reliability of the Star Excursion Balance Test with End-Stage Knee Osteoarthritis Patients and Its Responsiveness Following Total Knee Arthroplasty,JOURNAL OF CLINICAL MEDICINE
2024,November,WOS,College of Science,Scientific,RETRACTION: Optimized Conjugation of Fluvastatin to HIV-1 TAT Displays Enhanced Pro-Apoptotic Activity in HepG2 Cells,INTERNATIONAL JOURNAL OF MOLECULAR SCIENCES
2024,November,WOS,College of Science,Scientific,RETRACTION: Proteomic modulation by arsenic and microplastic toxicity in the presence of iron oxide nanoparticles in wheat (Triticum aestivum L.) seedlings,SOUTH AFRICAN JOURNAL OF BOTANY
2024,November,WOS,College of Science,Scientific,"RETRACTION: The structural, dielectric and magnetic study of cobalt based spinel ferrites and polypyrrole composites",JOURNAL OF MATERIALS SCIENCE-MATERIALS IN ELECTRONICS
2024,November,WOS,College of Computer and Information Sciences,Scientific,Sandpiper optimization with hybrid deep learning model for blockchain-assisted intrusion detection in iot environment,ALEXANDRIA ENGINEERING JOURNAL
2024,November,WOS,College of Science,Scientific,Sarecycline for moderate to severe acne: a promising narrow-spectrum antibacterial drug,NAUNYN-SCHMIEDEBERGS ARCHIVES OF PHARMACOLOGY
2024,November,WOS,College of Science,Scientific,Selective IR wavelengths multichannel filter based on the one-dimensional topological photonic crystals comprising hyperbolic metamaterial,SOLID STATE COMMUNICATIONS
2024,November,WOS,College of Science,Scientific,"Selenium mitigates vanadium toxicity through enhanced nutrition, photosynthesis, and antioxidant defense in rice (Oryza sativa L.) seedlings",BMC PLANT BIOLOGY
2024,November,WOS,College of Medicine,Health-related / Medical,Serum level of myostatin and type I interferon-inducible gene expression in dermatomyositis patients and its relation to insulin resistance,EGYPTIAN JOURNAL OF NEUROLOGY PSYCHIATRY AND NEUROSURGERY
2024,November,WOS,College of Science,Scientific,Simulation of Magnetic Field Effects on Heat and Mass Transfer in a Porous Spline Half-Cylinder Using ANN and ISPH Approaches,HEAT TRANSFER
2024,November,WOS,College of Sports Science and Physical Activity,Humanitarian ,Spirulina Unleashed: A Pancreatic Symphony to Restore Glycemic Balance and Improve Hyperlipidemia and Antioxidant Properties by Transcriptional Modulation of Genes in a Rat Model,FOODS
2024,November,WOS,College of Science,Scientific,Synergistic Effects of Bismuth Oxide on the Radiation Attenuation Characteristics of Borosilicate Glasses,ECS JOURNAL OF SOLID STATE SCIENCE AND TECHNOLOGY
2024,November,WOS,College of pharmacy,Health-related / Medical,"Synergistic strategies for enhanced liver cancer therapy with sorafenib/resveratrol PEGylated liposomes in vitro and in vivo (vol 96, 105703, 2024)",JOURNAL OF DRUG DELIVERY SCIENCE AND TECHNOLOGY
2024,November,WOS,College of Science,Scientific,"Synthesis and Antimicrobial Evaluation of New 1,2,4-Triazolo[1,5-a]pyrimidine-Based Derivatives as Dual Inhibitors of Bacterial DNA Gyrase and DHFR",ACS OMEGA
2024,November,WOS,College of Science,Scientific,Synthesis and Molecular Docking of Curcumin-Derived Pyrazole-Thiazole Hybrids as Potent α-Glucosidase Inhibitors,CHEMISTRY & BIODIVERSITY
2024,November,WOS,College of pharmacy,Health-related / Medical,"Synthesis of New Pyrazolo[3,4-d]pyrimidine Derivatives: NMR Spectroscopic Characterization, X-Ray, Hirshfeld Surface Analysis, DFT, Molecular Docking, and Antiproliferative Activity Investigations",MOLECULES
2024,November,WOS,College of Health and Rehabilitation Sciences,Health-related / Medical,"The Additional Effect of Neurodynamic Slump and Suboccipital Muscle Inhibition to Passive Stretching of the Short Hamstring: A Single-Blind, Randomized Controlled Trial",HEALTHCARE
2024,November,WOS,College of Medicine,Health-related / Medical,The Impact of Nusinersen Treatment on Respiratory Function in Patients with Spinal Muscular Atrophy: A Systematic Review,JOURNAL OF CLINICAL MEDICINE
2024,November,WOS,College of Education and Human Development,Humanitarian ,Unveiling the dark and scary side of metaverse: an in-depth qualitative investigation,JOURNAL OF ENTERPRISE INFORMATION MANAGEMENT
2024,November,WOS,Arabic Language Teaching Institute for Non-Arabic Speakers,Humanitarian ,UTILIZING CONVOLUTIONAL NEURAL NETWORKS TO COMPREHEND SIGN LANGUAGE AND RECOGNIZE EMOTIONS,FRACTALS-COMPLEX GEOMETRY PATTERNS AND SCALING IN NATURE AND SOCIETY
2024,November,Scopus,College of Science,Scientific,"An electrocatalytic sensing of 2, 6-dichlorophenol based on Dy2O3-Co3O4@CeO2 nanocomposite modified GCE: An enhanced environmental safety",Journal of Industrial and Engineering Chemistry
2024,November,Scopus,College of Science,Scientific,Are COVID-19’s medications ecotoxic for free-living marine nematodes? Experimental assessment through separate and combined treatments with miglustat and migalastat,Regional Studies in Marine Science
2024,November,Scopus,College of Science,Scientific,"Degradation of 2-(2H-benzotriazol-2-yl)-4,6-di-tert-pentylphenol (UV328) in soil by FeS activated persulfate: Kinetics, mechanism, and theoretical calculations",Environmental Pollution
2024,November,Scopus,College of Science,Scientific,"Designing Tb-doped Mn-Ni-Cu ferrite meta-absorbers for a broad frequency range: Magnetodielectric, physical, reflection loss, and absorptivity characteristics",Journal of Alloys and Compounds
2024,November,Scopus,College of Science,Scientific,Development of biochromic paper strips from cellulose nanocrystals and anthocyanin extract from pomegranate (Punica granatum L.) for colorimetric determination of urea,Journal of Applied Polymer Science
2024,November,Scopus,College of Science,Scientific,"Electronic transport properties of Rb2AsAuX6 (X = Cl, Br) halide double perovskites for energy harvesting applications",Chemical Physics Letters
2024,November,Scopus,College of Science,Scientific,FeSnO3/rGO nanocomposite electrode development for supercapacitor application,Journal of Alloys and Compounds
2024,November,Scopus,College of Science,Scientific,"Impact of titanium dioxide/graphene in polyvinylidene fluoride nanocomposite membrane to intensify methylene blue dye removal, antifouling performance, and reusability",Journal of Applied Polymer Science
2024,November,Scopus,College of Science,Scientific,In-situ synthesis of bifunctional N-doped CoFe₂O₄/rGO composites for enhanced electrocatalysis in hydrogen and oxygen evolution reactions,Journal of Alloys and Compounds
2024,November,Scopus,College of Science,Scientific,"Investigating the synergistic effect of Nd3+ and Ni2+ in CuO nanocrystals on their structural, optical, and magnetic properties for photovoltaic and photocatalytic implementations",Physica B: Condensed Matter
2024,December,Scopus,College of Education and Human Development,Humanitarian ,Associations between personality traits and emotional experiences as predictors of obesity during the COVID-19 pandemic: A cross-sectional study,Heliyon
2024,December,Scopus,College of Education and Human Development,Humanitarian ,"Correction to: Assessment of the ‘students’ perceptions of education using Dundee Ready Environment Educational Measure (DREEM) inventory at Princess Nourah bint Abdulrahman University, Saudi Arabia (BMC Medical Education, (2024), 24, 1, (928), 10.1186/s12909-024-05870-9)",BMC Medical Education
2024,December,Scopus,College of Education and Human Development,Humanitarian ,Embodied learning of science concepts through augmented reality technology,Education and Information Technologies
2024,December,Scopus,College of Education and Human Development,Humanitarian ,Exploring career interest and STEM self-efficacy: implications for promoting gender equity,Frontiers in Psychology
2024,December,Scopus,College of Education and Human Development,Humanitarian ,Exploring mental health literacy among prospective university students using GIS techniques in Bangladesh: an exploratory study,Global Mental Health
2024,December,Scopus,College of Education and Human Development,Humanitarian ,Feature Contributions and Predictive Accuracy in Modeling Adolescent Daytime Sleepiness Using Machine Learning: The MeLiSA Study,Brain Sciences
2024,December,Scopus,College of Education and Human Development,Humanitarian ,Predicting substance use behaviors among students taking university entrance test: a cross-sectional study with machine learning techniques,Current Psychology
2024,December,Scopus,College of Education and Human Development,Humanitarian ,Prevalence and factors associated with depression and anxiety among the Bangladeshi university entrance test-taking students using GIS technology,Scientific Reports
2024,December,Scopus,College of Education and Human Development,Humanitarian ,Undergraduate research symposium: Vital component in undergraduates' research journey,Journal of Academic Librarianship
2024,December,Scopus,College of Education and Human Development,Humanitarian ,Unveiling customer intentions: exploring factors driving engagement with hospitality virtual influencers,Journal of Hospitality Marketing and Management
2024,December,Scopus,College of Arts and Design,Humanitarian ,Creating Products to Support Handicrafts and Achieve Sustainable Development,Cultura. International Journal of Philosophy of Culture and Axiology
2024,December,Scopus,College of Arts and Design,Humanitarian ,Development of Automatic Balancing Application for Fashion Company Using Artificial Intelligence; [Razvoj aplikacije za samodejno uravnoteženje procesov v modnem podjetju s pomočjo umetne inteligence],Tekstilec
2024,December,WOS,College of Nursing,Health-related / Medical,Exploring the experiences of female undergraduate nursing students in providing home healthcare to older adults,INTERNATIONAL JOURNAL OF QUALITATIVE STUDIES ON HEALTH AND WELL-BEING
2024,December,WOS,College of Nursing,Health-related / Medical,Psychological antecedents of vaccine inequity: keys to improve the rates of vaccination,JOURNAL OF THE EGYPTIAN PUBLIC HEALTH ASSOCIATION
2024,December,Scopus,College of Nursing,Health-related / Medical,Assessing Barriers and Difficulties to Healthcare Access Among Syrian Refugees in Jordan: An Observational Study,Healthcare (Switzerland)
2024,December,Scopus,College of Nursing,Health-related / Medical,Chronic Diarrhea Owing to Microscopic Colitis: A Cohort Study with Insights into Diagnostic Challenges and Size of the Problem,Diagnostics
2024,December,Scopus,College of Nursing,Health-related / Medical,Enhanced diagnosing patients suspected of sarcoidosis using a hybrid support vector regression model with bald eagle and chimp optimizers,PeerJ Computer Science
2024,December,Scopus,College of Nursing,Health-related / Medical,Exploring Organisational Agility's Impact on Nurses' Green Work Behaviour: The Mediating Role of Climate Activism,Journal of Advanced Nursing
2024,December,Scopus,College of Nursing,Health-related / Medical,Inpatient Satisfaction on Non-Pharmacological Interventions for Acute Settings: A Systematic Review,Patient Preference and Adherence 
2024,December,Scopus,College of Nursing,Health-related / Medical,Mortality of patients with sepsis in intensive care units at tertiary hospitals in Jordan Prospective cohort study,Medicine (United States)
2024,December,Scopus,College of Nursing,Health-related / Medical,Nurses’ Knowledge Regarding Incontinence-Associated Dermatitis,Risk Management and Healthcare Policy
2024,December,Scopus,College of Nursing,Health-related / Medical,Prevalence and Socio-Demographic and Hygiene Factors Influencing Impetigo in Saudi Arabian Children: A Cross-Sectional Investigation,"Clinical, Cosmetic and Investigational Dermatology "
2024,December,Scopus,College of Nursing,Health-related / Medical,Relationship between emotional intelligence and quality of healthcare among nurses,Frontiers in Psychology
2024,December,WOS,College of Health and Rehabilitation Sciences,Health-related / Medical,"Multifaceted associations between walking performance, physical fitness, extremity function, health status, and depression in individuals with COPD",ANNALS OF MEDICINE
2024,December,WOS,College of Health and Rehabilitation Sciences,Health-related / Medical,"RETRACTION: Testing alternatives: the use of adipose-derived mesenchymal stem cells to slow neurodegeneration in a rat model of Parkinson's Disease (Retraction of Vol 46, Pg 5841, 2019)",MOLECULAR BIOLOGY REPORTS
2024,December,WOS,College of Health and Rehabilitation Sciences,Health-related / Medical,Spiral strapping for improving upper extremity motor functions in individuals with stroke: A randomized controlled trial,PROSTHETICS AND ORTHOTICS INTERNATIONAL
2024,December,Scopus,College of Health and Rehabilitation Sciences,Health-related / Medical,A Double-Blinded Randomized Controlled Trial: Can Pulsed Electromagnetic Field Therapy Be a Novel Method for Treating Chronic Rhinosinusitis?,Medicina (Lithuania)
2024,December,Scopus,College of Health and Rehabilitation Sciences,Health-related / Medical,A Randomized Controlled Trial on the Effect of Regular Dart Training on Visual Perception and Attention Level in Pre-Adolescent Children,Healthcare (Switzerland)
2024,December,Scopus,College of Health and Rehabilitation Sciences,Health-related / Medical,An Investigation of the Feasibility and Acceptability of Using a Commercial DASH (Dietary Approaches to Stop Hypertension) App in People With High Blood Pressure: Mixed Methods Study,JMIR Formative Research
2024,December,Scopus,College of Health and Rehabilitation Sciences,Health-related / Medical,Arabic Translation and Rasch Validation of PROMIS Anxiety Short Form among General Population in Saudi Arabia,Behavioral Sciences
2024,December,Scopus,College of Health and Rehabilitation Sciences,Health-related / Medical,Does socioeconomic factors and child behavior contribute to caregiver's stress in families of children with disabilities in Jordan: A cross-sectional study,Medicine (United States)
2024,December,Scopus,College of Health and Rehabilitation Sciences,Health-related / Medical,"Effectiveness of virtual reality based aerobic exercises on walking endurance, gait kinematics, and function in patients with chronic stroke: A double blinded randomized controlled trial; [Skuteczność ćwiczeń aerobowych opartych na wirtualnej rzeczywistości w zakresie wytrzymałości chodu, kinematyki chodu oraz funkcji u pacjentów z przewlekłym udarem mózgu: Podwójnie zaślepione randomizowane badanie kontrolowane]",Fizjoterapia Polska
2024,December,Scopus,College of Health and Rehabilitation Sciences,Health-related / Medical,Evaluating the impact of rock climbing on mental health and emotional well-being in adolescents,Frontiers in Psychology
2024,December,Scopus,College of Health and Rehabilitation Sciences,Health-related / Medical,Evaluation of the Impact of Artificial Intelligence on Clinical Practice of Radiology in Saudi Arabia,Journal of Multidisciplinary Healthcare
2024,December,Scopus,College of Health and Rehabilitation Sciences,Health-related / Medical,Exploring the Relationship Between Video Game Engagement and Creative Thinking in Academic Environments: Cross-Sectional Study,Sustainability (Switzerland)
2024,December,Scopus,College of Health and Rehabilitation Sciences,Health-related / Medical,Hematological and iron status in aerobic vs. anaerobic female athletes: an observational study,Frontiers in Sports and Active Living
2024,December,Scopus,College of Health and Rehabilitation Sciences,Health-related / Medical,Immediate and Long-Term Effects of Breathing Exercises on Reaction Time,Medicina (Lithuania)
2024,December,Scopus,College of Health and Rehabilitation Sciences,Health-related / Medical,Integrated management of osteopathy and rehabilitation for complex regional pain syndrome: A case report,SAGE Open Medical Case Reports
2024,December,Scopus,College of Health and Rehabilitation Sciences,Health-related / Medical,Parental knowledge and satisfaction with newborn hearing screening in Saudi Arabia,Frontiers in Pediatrics
2024,December,Scopus,College of Health and Rehabilitation Sciences,Health-related / Medical,Post-Lunch Napping as a Strategy to Enhance Physiological Performance and Cognitive Function in Elite Volleyball Players,Medicina (Lithuania)
2024,December,Scopus,College of Health and Rehabilitation Sciences,Health-related / Medical,Ramadan fasting and exercise combination therapy: A novel approach for osteoporosis prevention in ovariectomized rats,Frontiers in Physiology
2024,December,Scopus,College of Health and Rehabilitation Sciences,Health-related / Medical,Refugee Caregivers’ Perceptions of Using Mindfulness-Based Interventions to Support Coping Skills in Children with Disability in Jordan,Children
2024,December,Scopus,College of Health and Rehabilitation Sciences,Health-related / Medical,School-based hearing screening of first-grade students in Saudi Arabia: A pilot study,South African Journal of Communication Disorders
2024,December,Scopus,College of Health and Rehabilitation Sciences,Health-related / Medical,The Effect of the Nordic Hamstring Curl Training Program on Athletic Performance in Young Football Players,Applied Sciences (Switzerland)
2024,December,Scopus,College of Health and Rehabilitation Sciences,Health-related / Medical,"The effects of structured coordinative exercise protocol on physical fitness, motor competence and inhibitory control in preschool children",Scientific Reports
2024,December,Scopus,College of Health and Rehabilitation Sciences,Health-related / Medical,The Epidemiology of Pediatric Thermal Injury-associated Toxic Shock Syndrome: A Systematic Review,Journal of Burn Care and Research
2024,December,Scopus,College of Health and Rehabilitation Sciences,Health-related / Medical,The Influence of high kinesiophobia on dynamic postural stability among females with patellofemoral pain syndrome during a single­leg squat test.; [Wpływ wysokiej kinezjofobii na dynamiczną stabilność posturalną u kobiet z zespołem bólu rzepkowo­udowego podczas testu przysiadu na jednej nodze.],Fizjoterapia Polska
2024,December,Scopus,College of Health and Rehabilitation Sciences,Health-related / Medical,The relationship between distress tolerance and life satisfaction among young adults in Saudi Arabia,Frontiers in Psychology
2024,December,Scopus,College of Health and Rehabilitation Sciences,Health-related / Medical,Use and Perceptions of Mobile Mental Health Applications among Healthcare Workers in Saudi Arabia: A Cross-Sectional Study,Journal of Nervous and Mental Disease
2024,December,Scopus,College of Health and Rehabilitation Sciences,Health-related / Medical,Utilization of Motor Imagery Training for Improvement of Balance of Ataxic Children after Medulloblastoma Resection,Scientific Reports
2024,December,Scopus,College of Health and Rehabilitation Sciences,Health-related / Medical,Efficacy of Laser Acupuncture on Neurophysiological Parameters of Median Nerve and Hand Function in Postpartum Women: A Randomized Controlled Clinical Trial,"Photobiomodulation, Photomedicine, and Laser Surgery"
2024,December,Scopus,College of Health and Rehabilitation Sciences,Health-related / Medical,From Plate to Planet: A Systematic Review and Meta-Analysis on Strategies to Reduce Plate Food Waste at Food Services,Sustainability (Switzerland)
2024,December,WOS,College of pharmacy,Health-related / Medical,Adverse pregnancy outcomes in maternal malarial infection: A systematic review and meta-analysis,NEW MICROBES AND NEW INFECTIONS
2024,December,WOS,College of pharmacy,Health-related / Medical,Assessment of community pharmacists' experiences and perceptions on gabapentin abuse in Jordan: a cross-sectional study,JOURNAL OF PHARMACEUTICAL POLICY AND PRACTICE
2024,December,WOS,College of pharmacy,Health-related / Medical,"Awareness, perspectives and practices of antibiotics deprescribing among physicians in Jordan: a cross-sectional study",JOURNAL OF PHARMACEUTICAL POLICY AND PRACTICE
2024,December,WOS,College of pharmacy,Health-related / Medical,Development and evaluation of an Acyclovir-loaded cod liver oil nanoemulsion for enhanced anticancer activity,JOURNAL OF TAIBAH UNIVERSITY FOR SCIENCE
2024,December,WOS,College of pharmacy,Health-related / Medical,"Ocular mucoadhesive and biodegradable spanlastics loaded cationic spongy insert for enhancing and sustaining the anti-inflammatory effect of prednisolone Na phosphate; Preparation, I-optimal optimization, and In-vivo evaluation",INTERNATIONAL JOURNAL OF PHARMACEUTICS-X
2024,December,WOS,College of pharmacy,Health-related / Medical,Repurposing FDA-approved drugs for COVID-19: targeting the main protease through multi-phase in silico approach,ANTIVIRAL THERAPY
2024,December,WOS,College of pharmacy,Health-related / Medical,Studying the effects of secondary metabolites isolated from Cycas thouarsii R.Br. leaves on MDA-MB-231 breast cancer cells,ARTIFICIAL CELLS NANOMEDICINE AND BIOTECHNOLOGY
2024,December,WOS,College of pharmacy,Health-related / Medical,"The interplay of oxidative stress, apoptotic signaling, and impaired mitochondrial function in the pyrethroid-induced cardiac injury: Alleviative role of curcumin-loaded chitosan nanoparticle",FOOD AND CHEMICAL TOXICOLOGY
2024,December,Scopus,College of pharmacy,Health-related / Medical,A retrospective analysis of tacrolimus pharmacokinetic in Saudi paediatric patients in early post-liver transplantation period,Pediatrics and Neonatology
2024,December,Scopus,College of pharmacy,Health-related / Medical,Chitosomal Encapsulation Enhances the Anticancer Efficacy of a Theobromine Analogue: An Integrated In Silico and In Vitro Study,Journal of Computational Biophysics and Chemistry
2024,December,Scopus,College of pharmacy,Health-related / Medical,Computational analysis of controlled drug release from porous polymeric carrier with the aid of Mass transfer and Artificial Intelligence modeling,Scientific Reports
2024,December,Scopus,College of pharmacy,Health-related / Medical,Development of novel CDK9 and CYP3A4 inhibitors for cancer therapy through field and computational approaches,Frontiers in Chemistry
2024,December,Scopus,College of pharmacy,Health-related / Medical,"Efficacy of the cardiac glycoside digoxin as an adjunct to csDMARDs in rheumatoid arthritis patients: a randomized, double-blind, placebo-controlled trial",Frontiers in Pharmacology
2024,December,Scopus,College of pharmacy,Health-related / Medical,Evaluating the Anti-inflammatory Efficacy of a Novel Bipyrazole Derivative in Alleviating Symptoms of Experimental Colitis,Current molecular pharmacology
2024,December,Scopus,College of pharmacy,Health-related / Medical,Evaluation of Effectiveness and Safety of Dexmedetomidine in non-Mechanically Ventilated COVID-19 Critically ill Patients: A Multicentre Cohort Study,Journal of Intensive Care Medicine
2024,December,Scopus,College of pharmacy,Health-related / Medical,"Fenofibrate as an Adjunct Therapy for Ulcerative Colitis: Targeting Inflammation via SIRT1, NLRP3, and AMPK Pathways: A Randomized Controlled Pilot Study","Drug Design, Development and Therapy"
2024,December,Scopus,College of pharmacy,Health-related / Medical,GREEN SYNTHESIS AND ANTIMICROBIAL ACTIVITY OF COPPER NANOPARTICLES (Cu-NPS) BY PIPER LONGUM FRUIT EXTRACT,Bulletin of the Chemical Society of Ethiopia
2024,December,Scopus,College of pharmacy,Health-related / Medical,"Green-synthesized MnO2 nanofertilizer impact on growth, photosynthetic pigment, and non-enzymatic antioxidant of Vigna unguiculata cultivar",Biomass Conversion and Biorefinery
2024,December,Scopus,College of pharmacy,Health-related / Medical,Impact of Jordanian Pharmacists’ Knowledge of the Human Microbiome: Has the Practice of Antibiotics and Probiotics Dispensing Been Affected? A Cross-Sectional Study,Infection and Drug Resistance
2024,December,Scopus,College of pharmacy,Health-related / Medical,In Silico and In Vitro Investigation of Cytotoxicity and Apoptosis of Acridine/Sulfonamide Hybrids Targeting Topoisomerases I and II,Pharmaceuticals
2024,December,Scopus,College of pharmacy,Health-related / Medical,"Integrated study of Quercetin as a potent SARS-CoV-2 RdRp inhibitor: Binding interactions, MD simulations, and In vitro assays",PLoS ONE
2024,December,Scopus,College of pharmacy,Health-related / Medical,Knowledge of sleeping quality and academic performance among foundation-year health science students at Saudi University,Journal of Advanced Pharmacy Education and Research
2024,December,Scopus,College of pharmacy,Health-related / Medical,Larvicidal properties of essential oils of three Artemisia species against the chemically insecticide-resistant Nile fever vector Culex pipiens (L.) (Diptera: Culicidae): In vitro and in silico studies,Open Chemistry
2024,December,Scopus,College of pharmacy,Health-related / Medical,Maternal COVID-19 infection and risk of respiratory distress syndrome among newborns: a systematic review and meta-analysis,BMC Infectious Diseases
2024,December,Scopus,College of pharmacy,Health-related / Medical,"New pyrano-pyridine conjugates as potential anticancer agents: design, synthesis and computational studies",Future Medicinal Chemistry
2024,December,Scopus,College of pharmacy,Health-related / Medical,Non-Adherence to Antiseizure Medications: Rate and Predictors in Saudi Arabia,Medicina (Lithuania)
2024,December,Scopus,College of pharmacy,Health-related / Medical,"One-pot synthesis of new benzo[4,5]imidazo[1,2-a]pyrimidines and pyrazolo[1,5-a] pyrimidines as an eco-friendly and effective method catalyzed by acetic acid with prospective antimicrobial agents",Synthetic Communications
2024,December,Scopus,College of pharmacy,Health-related / Medical,Palladium-Catalyzed Acetoxylation of γ-Dehydro-aryl-himachalene: The Synthesis of a Novel Allylic Acetoxylated Sesquiterpene and a π-Allyl Palladium(II) Complex,Molecules
2024,December,Scopus,College of pharmacy,Health-related / Medical,"Perindopril Ameliorates Sodium Valproate-Induced Rat Model of Autism: Involvement of Sirtuin-1, JAK2/STAT3 Axis, PI3K/Akt/GSK-3β Pathway, and PPAR-Gamma Signaling",Medicina (Lithuania)
2024,December,Scopus,College of pharmacy,Health-related / Medical,"Potential Protective Effect of Orlistat: A Formulation of Nanocrystals Targeting Inflammation, Oxidative Stress, and Apoptosis in an Experimental Model of Doxorubicin-Induced Cardiotoxicity",Pharmaceutics
2024,December,Scopus,College of pharmacy,Health-related / Medical,"Protective effect of Petroselinum crispum methanolic extract against acrylamide-induced reproductive toxicity in male rats through NF-ĸB, kinesin, steroidogenesis pathways",Reproductive Toxicology
2024,December,Scopus,College of pharmacy,Health-related / Medical,Slow dissociation kinetics of fentanyls and nitazenes correlates with reduced sensitivity to naloxone reversal at the μ-opioid receptor,British Journal of Pharmacology
2024,December,Scopus,College of pharmacy,Health-related / Medical,"Tacrolimus versus hydrocortisone in management of atopic dermatitis in children, a randomized controlled double-blind study: New insights on TARC, CTACK, TSLP, and E-selectin","Immunity, Inflammation and Disease "
2024,December,Scopus,College of pharmacy,Health-related / Medical,Telepharmacy and remote medication management: An empirical study from patients’ perspectives,Nutrition and Health
2024,December,Scopus,College of pharmacy,Health-related / Medical,Utilizing Ziziphus spina-christi for eco-friendly synthesis of silver nanoparticles: Antimicrobial activity and promising application in wound healing,Nanotechnology Reviews
2024,December,WOS,College of Medicine,Health-related / Medical,Antibacterial potential of Euphorbia canariensis against Pseudomonas aeruginosa bacteria causing respiratory tract infections,ARTIFICIAL CELLS NANOMEDICINE AND BIOTECHNOLOGY
2024,December,WOS,College of Medicine,Health-related / Medical,Chemical Composition and Analgesic and Antidiabetic Activity of Chenopodium ambrosioides L,CELL BIOCHEMISTRY AND FUNCTION
2024,December,WOS,College of Medicine,Health-related / Medical,Electrical burn-induced vocal cord injury: insights from a case report and literature review,CASE REPORTS IN PLASTIC SURGERY AND HAND SURGERY
2024,December,WOS,College of Medicine,Health-related / Medical,Optimization and characterization of quercetin-loaded solid lipid nanoparticles for biomedical application in colorectal cancer,CANCER NANOTECHNOLOGY
2024,December,WOS,College of Medicine,Health-related / Medical,Paediatric rhinolith: Case report and literature review,INTERNATIONAL JOURNAL OF SURGERY CASE REPORTS
2024,December,WOS,College of Medicine,Health-related / Medical,"Quetiapine attenuates cadmium neurotoxicity by suppressing oxidative stress, inflammation, and pyroptosis",MOLECULAR BIOLOGY REPORTS
2024,December,WOS,College of Medicine,Health-related / Medical,Rituximab use in Rheumatoid Arthritis: A Seven-Year Retrospective Study of 52 Patients at a Saudi Arabian Hospital,MEDICAL SCIENCE MONITOR
2024,December,WOS,College of Medicine,Health-related / Medical,The burnout phenomenon: Association and risk factors among dermatology residents in Gulf Cooperation Council countries,JAAD INTERNATIONAL
2024,December,WOS,College of Medicine,Health-related / Medical,Tranexamic acid as a therapeutic option for melasma management: meta-analysis and systematic review of randomized controlled trials,JOURNAL OF DERMATOLOGICAL TREATMENT
2024,December,WOS,College of Medicine,Health-related / Medical,Vanillylacetone attenuates cadmium chloride-induced hippocampal damage and memory loss through up-regulation of nuclear factor erythroid 2-related factor 2 gene and protein expression,NEURAL REGENERATION RESEARCH
2024,December,Scopus,College of Medicine,Health-related / Medical,"6-Methoxyflavone improves anxiety, depression, and memory by increasing monoamines in mice brain: HPLC analysis and in silico studies",Open Chemistry
2024,December,Scopus,College of Medicine,Health-related / Medical,Accuracy of imaging of BI-RADS 4 subcategorizations in breast lesion diagnosis: Radiologic-pathologic correlation,Saudi medical journal
2024,December,Scopus,College of Medicine,Health-related / Medical,"Assessment of knowledge, attitude, and practice toward first aid among female school educators in Riyadh, Saudi Arabia: a cross-sectional study",Frontiers in Public Health
2024,December,Scopus,College of Medicine,Health-related / Medical,"Assessment of the Readiness, Beliefs, and Practices Regarding Menstruation Among Women in Saudi Arabia",International Journal of Women's Health
2024,December,Scopus,College of Medicine,Health-related / Medical,Clinical phenotyping and genetic diagnosis of a large cohort of Sudanese families with hereditary spinocerebellar degenerations,European Journal of Human Genetics
2024,December,Scopus,College of Medicine,Health-related / Medical,"Corrigendum to “Transplantation of hyaluronic acid and menstrual blood-derived stem cells accelerated wound healing in a diabetic rat model” Tissue Cell 89 (2024) 102442 (Tissue and Cell (2024) 89, (S0040816624001435), (10.1016/j.tice.2024.102442))",Tissue and Cell
2024,December,Scopus,College of Medicine,Health-related / Medical,Genetic heterogeneity in familial forms of genetic generalized epilepsy: from mono- to oligogenism,Human Genomics
2024,December,Scopus,College of Medicine,Health-related / Medical,Ketamine Analgo-sedation for Mechanically Ventilated Critically Ill Adults: A Rapid Practice Guideline from the Saudi Critical Care Society and the Scandinavian Society of Anesthesiology and Intensive Care Medicine,Anesthesia and Analgesia
2024,December,Scopus,College of Medicine,Health-related / Medical,"Lactose intolerance awareness among adults in Riyadh, Saudi Arabia",Heliyon
2024,December,Scopus,College of Medicine,Health-related / Medical,"Phytochemical Diversity and Biological Effects of Juniperus Thurifera L., Essential Oil : A Comparative Study using In Vitro and In Silico Methods",Chemistry and Biodiversity
2024,December,Scopus,College of Medicine,Health-related / Medical,"Repositioning Canagliflozin for Mitigation of Aluminium Chloride-Induced Alzheimer’s Disease: Involvement of TXNIP/NLRP3 Inflammasome Axis, Mitochondrial Dysfunction, and SIRT1/HMGB1 Signalling",Medicina (Lithuania)
2024,December,Scopus,College of Medicine,Health-related / Medical,"Risk of polycystic ovary syndrome: a population-based analysis of sociodemographic factors, healthcare access, health behaviors, and health status",BMC Women's Health
2024,December,Scopus,College of Medicine,Health-related / Medical,When to Use Standardization and Normalization: Empirical Evidence from Machine Learning Models and XAI,IEEE Access
2024,December,Scopus,College of Medicine,Health-related / Medical,Impact of Virtual Reality Intervention on Anxiety and Level of Cooperation in Children and Adolescents with Autism Spectrum Disorder during the Dental Examination,Journal of Clinical Medicine
2024,December,Scopus,King Abdullah bin Abdulaziz University Hospital\College of Medicine,Health-related / Medical,Transformation and development of simulation-based education and child first aid skills training,"Journal of Infrastructure, Policy and Development"
2024,December,WOS,College of Science,Scientific,A comprehensive analysis on thermally enhanced electro-magneto-hydrodynamic micropolar flow mixture comprising water (70 %) and ethylene-glycol (30 %) with alumina nanoparticles over a riga plate,CASE STUDIES IN THERMAL ENGINEERING
2024,December,WOS,College of Science,Scientific,A Deeper Investigation of New Organic Nanocomposite System MEH-PPV-P3HT/SWCNT for Optoelectronic Applications,JOURNAL OF APPLIED POLYMER SCIENCE
2024,December,WOS,College of Science,Scientific,A novel generalized photo-thermoelasticity model for hydro-poroelastic semiconductor medium,AIP ADVANCES
2024,December,WOS,College of Science,Scientific,A novel zingerone-loaded zinc MOF coated by niosome nanocomposites to enhance antimicrobial properties and apoptosis in breast cancer cells,MATERIALS TODAY COMMUNICATIONS
2024,December,WOS,College of Science,Scientific,A promising photocathode for green hydrogen generation from sanitation water without external sacrificing agent: silver-silver oxide/poly(1H-pyrrole) dendritic nanocomposite seeded on poly-1H pyrrole film,OPEN PHYSICS
2024,December,WOS,College of Science,Scientific,Achieving 34 % efficiency with a dual-absorber solar cell design using CaRbCl3 and Ca3NCl3 perovskites,INORGANIC CHEMISTRY COMMUNICATIONS
2024,December,WOS,College of Science,Scientific,Activation energy and non-Darcy effects on magnetized Jeffery-Hamel (JH) flow in convergent/divergent channels,CHAOS SOLITONS & FRACTALS
2024,December,WOS,College of Science,Scientific,"Adsorption and removal of Pb (II) via layer double hydroxide encapsulated with chitosan; synthesis, characterization adsorption isotherms, kinetics, thermodynamics, & optimization via Box-Behnken design",INTERNATIONAL JOURNAL OF BIOLOGICAL MACROMOLECULES
2024,December,WOS,College of Science,Scientific,Advances and Significances of Nanoparticles in Textile Industry,NANO LIFE
2024,December,WOS,College of Science,Scientific,AlCrO3-grafted g-C3N4 composite for cadmium ions removal: A paradigm shift in environmental remediation,JOURNAL OF SCIENCE-ADVANCED MATERIALS AND DEVICES
2024,December,WOS,College of Science,Scientific,"An Extension of the CODAS Method Using p, q-Quasirung Orthopair Fuzzy Information: Application in Location Selection for Retail Store",INTERNATIONAL JOURNAL OF FUZZY SYSTEMS
2024,December,WOS,College of Science,Scientific,Analysis of activation and dissipation energies in Jeffery-Hamel flow (JHF) through non-parallel stretchable channels,RESULTS IN ENGINEERING
2024,December,WOS,College of Science,Scientific,Arbitrary amplitude electron-acoustic solitary waves in magnetoplasma with Kaniadakis distributed electrons,AIP ADVANCES
2024,December,WOS,College of Science,Scientific,Are COVID-19's medications ecotoxic for free-living marine nematodes? Experimental assessment through separate and combined treatments with miglustat and migalastat,REGIONAL STUDIES IN MARINE SCIENCE
2024,December,WOS,College of Science,Scientific,ASSESSING PRODUCTIVITY AND QUALITY POTENTIAL OF PROMISING NEWLY DEVELOPED RICE LINES UNDER WATER DEFICIT AND WELL-WATERED CONDITIONS,PAKISTAN JOURNAL OF BOTANY
2024,December,WOS,College of Science,Scientific,Assessing Saudi women's awareness about human papillomavirus (HPV) and their susceptibility to receive the vaccine,HUMAN VACCINES & IMMUNOTHERAPEUTICS
2024,December,WOS,College of Science,Scientific,Bacillus methylotrophicus influences on the virulence of Aeromonas hydrophila and probiotic applications in Ctenopharyngodon idella,AQUACULTURE REPORTS
2024,December,WOS,College of Science,Scientific,"Borosilicate glasses doped with Er2O3: preparation, physical, optical, dielectric properties and radiation shielding capacity",APPLIED PHYSICS A-MATERIALS SCIENCE & PROCESSING
2024,December,WOS,College of Science,Scientific,Characterizing the impact of CPSF30 gene disruption on TuMV infection in Arabidopsis thaliana,GM CROPS & FOOD-BIOTECHNOLOGY IN AGRICULTURE AND THE FOOD CHAIN
2024,December,WOS,College of Science,Scientific,Comparative analysis using UPLC and UV methods for concurrent quantification of therapeutic drugs for overactive bladder: Effective approach in green and white chemistry,RESULTS IN CHEMISTRY
2024,December,WOS,College of Science,Scientific,Corrosion kinetics of carbon steel in hydrochloric acid and its inhibition by recycling Salbutamol extracted from expired Farcolin drug,GREEN CHEMISTRY LETTERS AND REVIEWS
2024,December,WOS,College of Science,Scientific,"Diallyl disulfide prevents cadmium-induced testicular injury by attenuating oxidative stress, apoptosis, and TLR-4/NF-κB and JAK1/STAT3 signaling and upregulating SIRT1 in rats",JOURNAL OF TRACE ELEMENTS IN MEDICINE AND BIOLOGY
2024,December,WOS,College of Science,Scientific,"Dietary ginger (Zingiber officinale) enhances performance traits, biochemical and haematological indices of Turkey targeting mRNA gene expression",ANIMAL BIOTECHNOLOGY
2024,December,WOS,College of Science,Scientific,"Distribution of nutrients, bioactive compounds, and antioxidant properties of grain-based milling fractions of Glycine max L",CYTA-JOURNAL OF FOOD
2024,December,WOS,College of Science,Scientific,Effect of heat generation on MHD Maxwell fluid flow on a stretching cylinder embedded in a porous medium along with impact of radiation,JOURNAL OF KING SAUD UNIVERSITY SCIENCE
2024,December,WOS,College of Science,Scientific,"Effects of Vitamin E and/or selenium nanoparticles on organ histology, hemato-biochemical parameters, immunity, gene expression, and growth performance in Nile tilapia challenged with Enterococcus faecalis",AQUACULTURE REPORTS
2024,December,WOS,College of Science,Scientific,"Electronic transport properties of Rb2AsAuX6 (X = Cl, Br) halide double perovskites for energy harvesting applications",CHEMICAL PHYSICS LETTERS
2024,December,WOS,College of Science,Scientific,"Enhancement of luminescence and thermal stability in Eu3+-doped K3Y(BO2)6 with Li+ and Na+ co-doping (vol 35, 104695, 2024)",ADVANCED POWDER TECHNOLOGY
2024,December,WOS,College of Science,Scientific,Evaluating the efficacy of multiple concrete compositions in gamma ray and fast neutron shielding,JOURNAL OF BUILDING ENGINEERING
2024,December,WOS,College of Science,Scientific,Exploring the physical properties of anisotropic compact objects and constraining their mass-radius relations beyond standard limit in F(Q)- gravity,PHYSICS OF THE DARK UNIVERSE
2024,December,WOS,College of Science,Scientific,Expression of CD44 is associated with aggressiveness in seminomas,MOLECULAR BIOLOGY REPORTS
2024,December,WOS,College of Science,Scientific,Facile synthesis of NiMn2O4/ZnMn2O4 heterostructure nanocomposite for visible-light-driven degradation of methylene blue dye,JOURNAL OF TAIBAH UNIVERSITY FOR SCIENCE
2024,December,WOS,College of Science,Scientific,"Functionalized carbohydrazide: Synthesis, insecticide evaluation, biological and histological studies of some new carbohydrazide derivatives against Spodoptera frugiperda",JOURNAL OF THE INDIAN CHEMICAL SOCIETY
2024,December,WOS,College of Science,Scientific,"Gdistns: R package for maximum goodness-of-fit estimates of the generalized G distributions (vol 27, 101886, 2024)",SOFTWAREX
2024,December,WOS,College of Science,Scientific,General semi-implicit midpoint approximation for fixed point of almost contraction mapping and applications,APPLIED MATHEMATICS IN SCIENCE AND ENGINEERING
2024,December,WOS,College of Science,Scientific,Genomic insights into the diversity of mango cultivars in Saudi Arabia: Fluorescent SSR marker analysis,JOURNAL OF KING SAUD UNIVERSITY SCIENCE
2024,December,WOS,College of Science,Scientific,Hepatoprotective potential of taxifolin in type 2 diabetic rats: modulation of oxidative stress and Bcl2/Bax/Caspase-3 signaling pathway,MOLECULAR BIOLOGY REPORTS
2024,December,WOS,College of Science,Scientific,Infiltration of anthocyanidin and cellulose-reinforced polylactic acid into delignified wood toward smart packaging,SUSTAINABLE CHEMISTRY AND PHARMACY
2024,December,WOS,College of Science,Scientific,"Innovative Al6061-gadolinium oxide ods alloys: fabrication and comprehensive characterization of microstructural, physical, mechanical, and radiation shielding properties",APPLIED PHYSICS A-MATERIALS SCIENCE & PROCESSING
2024,December,WOS,College of Science,Scientific,"Insights into the cooperative interaction of cage-type graphene-based Fe, Mo dual atom catalysts in nitrogen reduction reaction",MATERIALS TODAY COMMUNICATIONS
2024,December,WOS,College of Science,Scientific,In-vitro evaluation of antimicrobial efficiency of geranium waste nanomaterial against Escherichia coli and Candida albicans as an alternative to traditional antimicrobials,RESULTS IN CHEMISTRY
2024,December,WOS,College of Science,Scientific,"Lycopene alleviates 5-fluorouracil-induced nephrotoxicity by modulating PPAR-γ, Nrf2/HO-1, and NF-κB/TNF-α/IL-6 signals",RENAL FAILURE
2024,December,WOS,College of Science,Scientific,Magnetite-poly-1H pyrrole dendritic nanocomposite seeded on poly-1H pyrrole: A promising photocathode for green hydrogen generation from sanitation water without using external sacrificing agent,OPEN CHEMISTRY
2024,December,WOS,College of Science,Scientific,MaxEnt modeling of Klebsiella pneumoniae: predicting future distribution and evaluating the risk for public health,GEOMATICS NATURAL HAZARDS & RISK
2024,December,WOS,College of Science,Scientific,Mechanical properties and radiological implications of replacing sand with waste ceramic aggregate in ordinary concrete,JOURNAL OF RADIATION RESEARCH AND APPLIED SCIENCES
2024,December,WOS,College of Science,Scientific,"MOLECULAR, PHYSIOLOGICAL AND MORPHOLOGICAL MARKERS ASSISTED SELECTION FOR SALT-TOLERANT IN SOME EGYPTIAN FABA BEAN VARIETIES",PAKISTAN JOURNAL OF BOTANY
2024,December,WOS,College of Science,Scientific,On reversibility problem in DNA bases over a class of rings,APPLIED MATHEMATICS IN SCIENCE AND ENGINEERING
2024,December,WOS,College of Science,Scientific,On topological indices and entropy dynamics over zero divisors graphs under cartesian product of commutative rings,RESEARCH IN MATHEMATICS
2024,December,WOS,College of Science,Scientific,Optical solitons to the fractional Kundu-Mukherjee-Naskar equation with time-dependent coefficients,OPEN PHYSICS
2024,December,WOS,College of Science,Scientific,Phase characterization and exraction of new forms of solitons for the (3+1)-dimensional q-deformed Sinh-Gordon equation,JOURNAL OF TAIBAH UNIVERSITY FOR SCIENCE
2024,December,WOS,College of Science,Scientific,Piezothermoelastic interaction in piezoelectric rods induced by a timed laser pulse without energy dissipation,CASE STUDIES IN THERMAL ENGINEERING
2024,December,WOS,College of Science,Scientific,Production of biodiesel from Aspergillus terreus KC462061 using gold-silver nanocatalyst,GREEN CHEMISTRY LETTERS AND REVIEWS
2024,December,WOS,College of Science,Scientific,Protective immune-response of Aeromonas hydrophila phage lysate in crucian carp against direct virulent challenge with A. hydrophila-TPS,FISH & SHELLFISH IMMUNOLOGY
2024,December,WOS,College of Science,Scientific,Reproducibility of Estimates Based on Randomised Response Methods,JOURNAL OF STATISTICAL THEORY AND PRACTICE
2024,December,WOS,College of Science,Scientific,Rheological study of natural fiber biocomposites: a review,POLYMER BULLETIN
2024,December,WOS,College of Science,Scientific,Sequencing analysis and efficient biodiesel production by lipase from Pseudomonas aeruginosa,MOLECULAR BIOLOGY REPORTS
2024,December,WOS,College of Science,Scientific,"Significantly enhanced physical, structural, optical, and radiological properties of borate glasses via Eu and Yb rare earth doping",JOURNAL OF MATERIALS SCIENCE-MATERIALS IN ELECTRONICS
2024,December,WOS,College of Science,Scientific,Simulation of new waves in applied sciences via Schrodinger equations,JOURNAL OF TAIBAH UNIVERSITY FOR SCIENCE
2024,December,WOS,College of Science,Scientific,"Study of lanthanide based Ln2MgSe4 (Ln = Er, Pm) spinels for spintronic and optoelectronic applications",PHYSICA SCRIPTA
2024,December,WOS,College of Science,Scientific,"Synthesis and characterization of magnetic aluminum metal-organic frameworks encapsulated with chitosan and carboxymethyl cellulose for effective elimination of atrazine from aqueous solutions: Adsorption evaluation, DFT calculations and Box-Behnken design optimization",INTERNATIONAL JOURNAL OF BIOLOGICAL MACROMOLECULES
2024,December,WOS,College of Science,Scientific,"Synthesis, photoluminescence, judd-ofelt parameters, and high energy neutron/charged particle transmission efficiencies of Nd3+ ion-activated sodium-borate glasses",CERAMICS INTERNATIONAL
2024,December,WOS,College of Science,Scientific,"Systematic exploration of properties, band gap energies and precise optical transition in ZnO-TeO2-P2O5-B2O3-Dy2O3-Sm2O3 glasses",CERAMICS INTERNATIONAL
2024,December,WOS,College of Science,Scientific,"The antioxidant, anti-inflammatory, and anti-apoptotic effects of sesamin against cisplatin-induced renal and testicular toxicity in rats",RENAL FAILURE
2024,December,WOS,College of Science,Scientific,"The influence of Quercetin on behavior, performance and splenic immunity in broiler chickens",VETERINARY AND ANIMAL SCIENCE
2024,December,WOS,College of Science,Scientific,Theoretical modeling of experimental isotherms for hydrogen storage in La0.9Ce0.1Ni5 alloy,INTERNATIONAL JOURNAL OF HYDROGEN ENERGY
2024,December,WOS,College of Science,Scientific,Treatment of Mycobacterium tuberculosis infected macrophages with rifabutin loaded β-glucan microparticles induces macroautophagy mediated bacillary killing,INTERNATIONAL JOURNAL OF BIOLOGICAL MACROMOLECULES
2024,December,WOS,College of Science,Scientific,Ultrasensitive and simultaneous detection for bioactive compounds of baicalein and chrysin in traditional Chinese medicine via Bi2MoO6-MWCNTs based sensing platform,ADVANCED COMPOSITES AND HYBRID MATERIALS
2024,December,WOS,College of Science,Scientific,Viscoelastic fluid flow on channel in porous medium with Soret and Dufour along with the effect of activation energy and suction and blowing,JOURNAL OF TAIBAH UNIVERSITY FOR SCIENCE
2024,December,Scopus,College of Science,Scientific,A Class of φ-Contractions in Orthogonal Metric Spaces with an Application,Symmetry
2024,December,Scopus,College of Science,Scientific,A Local Radial Basis Function Method for Numerical Approximation of Multidimensional Multi-Term Time-Fractional Mixed Wave-Diffusion and Subdiffusion Equation Arising in Fluid Mechanics,Fractal and Fractional
2024,December,Scopus,College of Science,Scientific,"A New Bromo-Mn(II) Complex with 1,3,5-Triazine Derivative: Synthesis, Crystal Structure, DFT and Biological Studies",Inorganics
2024,December,Scopus,College of Science,Scientific,"A Selective, Efficient, Facile, and Reusable Natural Clay/Metal Organic Framework as a Promising Adsorbent for the Removal of Drug Residue and Heavy Metal Ions",Colloids and Interfaces
2024,December,Scopus,College of Science,Scientific,A simplified study on physical and mechano-structural properties of newly produced Sm3+ doped zinc telluro-phosho-borate glasses,Chalcogenide Letters
2024,December,Scopus,College of Science,Scientific,A spiro-type self-assembled hole transporting monolayer for highly efficient and stable inverted perovskite solar cells and modules,Energy and Environmental Science
2024,December,Scopus,College of Science,Scientific,A study on solutions of fractional order equal-width equation using novel approach,Modern Physics Letters B
2024,December,Scopus,College of Science,Scientific,A TiO2 grafted bamboo derivative nanocellulose polyvinylidene fluoride (PVDF) nanocomposite membrane for wastewater treatment by a photocatalytic process,Materials Advances
2024,December,Scopus,College of Science,Scientific,"Activated Carbon/Polyaniline Composite for Azo Dye Adsorption: Kinetics, Equilibrium, Thermodynamics, and Statistical Physics Interpretations",Fibers and Polymers
2024,December,Scopus,College of Science,Scientific,Advanced numerical simulation of hybrid nanofluid radiative flow with Cattaneo-Christov heat flux model over a rotating disk: Innovative iterative techniques,Case Studies in Thermal Engineering
2024,December,Scopus,College of Science,Scientific,An Assay on the Antibactericidal Functionality of Synthesized Mg-Doped ZnO Nanoparticles on the Dental Microbes,Microscopy Research and Technique
2024,December,Scopus,College of Science,Scientific,ANALYSIS OF FRACTIONAL SWIFT-HOHENBERG MODELS USING HIGHLY ACCURATE TECHNIQUES WITHIN THE CAPUTO OPERATOR FRAMEWORK,Romanian Reports in Physics
2024,December,Scopus,College of Science,Scientific,Analysis of reliability index R = P(Y < X) for newly extended xgamma progressively first-failure censored samples with applications,AIMS Mathematics
2024,December,Scopus,College of Science,Scientific,Analyzing fractional PDE system with the Caputo operator and Mohand transform techniques,AIMS Mathematics
2024,December,Scopus,College of Science,Scientific,Anatomical Tool as Additional Approach for Identifying Pharmaceutically Important Ephedra Species (Ephedraceae) at Gender Identity Level in Egypt,Biology
2024,December,Scopus,College of Science,Scientific,Antioxidant and Antiapoptotic Effects of Selenium And Nano Selenium-Loaded Exosomes on Hepatic Dysfunction of Type 1 Diabetic Rats,Journal of Experimental Zoology Part A: Ecological and Integrative Physiology
2024,December,Scopus,College of Science,Scientific,Application of Chebyshev Polynomial-Exponential Method and Tamimi-Ansari Method in Dengue Transmission Dynamics: A Comparative Study,International Journal of Analysis and Applications
2024,December,Scopus,College of Science,Scientific,Artificial Intelligence-Driven FVM-ANN Model for Entropy Analysis of MHD Natural Bioconvection in Nanofluid-Filled Porous Cavities,Frontiers in Heat and Mass Transfer
2024,December,Scopus,College of Science,Scientific,Assessing the Diversity of Beta vulgaris L. ssp. maritima (Sea Beet) Populations in Egypt,Plants
2024,December,Scopus,College of Science,Scientific,Assessment of Ecological Hazards in the Inaouen Wadi and Its Tributaries Using the Presence of Potentially Toxic Elements in Its Sediments,Water (Switzerland)
2024,December,Scopus,College of Science,Scientific,Assessment of sweet whey fortified with Bifidobacteria and selenium on reduction of pesticide liver toxicity in albino rats,Italian Journal of Food Science
2024,December,Scopus,College of Science,Scientific,"Bifurcation analysis, phase portraits and optical soliton solutions of the perturbed temporal evolution equation in optical fibers",Modern Physics Letters B
2024,December,Scopus,College of Science,Scientific,Bio-convection with activation energy effect on mixed convective flow of liquid over a slendering surface for the inclusion of Hall current and dissipative heat,European Physical Journal Plus
2024,December,Scopus,College of Science,Scientific,Biosensing of lactic acid enantiomers in beverages: A Review,IEEE Sensors Journal
2024,December,Scopus,College of Science,Scientific,"Casein and acryl amide complexation and bio-adhesive polymeric nano micelles influence on vortioxetine dissolution, penetration enhancement and in vivo absorption",Food Hydrocolloids for Health
2024,December,Scopus,College of Science,Scientific,Characterisation of the essential oil from Iphiona grantioides and investigation of its antibacterial and antioxidant properties,Natural Product Research
2024,December,Scopus,College of Science,Scientific,Cheminformatics-based discovery of new organoselenium compounds with potential for the treatment of cutaneous and visceral leishmaniasis,Journal of Biomolecular Structure and Dynamics
2024,December,Scopus,College of Science,Scientific,Coaxial Metal-Nitrogen–Carbon Single-Atom Catalysts Boost Acid Hydrogen Peroxide Production,Advanced Functional Materials
2024,December,Scopus,College of Science,Scientific,"Combining single nucleotide polymorphisms and gene expression of LEP, FABP4, STAT5A and DGAT1 genes for improvement of body weight in Holstein calves",Journal of the Hellenic Veterinary Medical Society
2024,December,Scopus,College of Science,Scientific,Comprehensive study of exponential Krori-Barua stellar structures in modified f (R) gravity,International Journal of Geometric Methods in Modern Physics
2024,December,Scopus,College of Science,Scientific,Computational Analysis of Novel Extended Lindley Progressively Censored Data,CMES - Computer Modeling in Engineering and Sciences
2024,December,Scopus,College of Science,Scientific,Continuous processing of JP-10 production: Hydroisomerization of endo-tetrahydrodicyclopentadiene to exo-tetrahydrodicyclopentadiene using a novel bimetal catalyst of Ba/Se supported on TiO2/SO4,Journal of Saudi Chemical Society
2024,December,Scopus,College of Science,Scientific,"Correction to: A theoretical approach for investigating the end-capped engineering effect on indophenine-based core for efficient organic solar cells (Chemical Papers, (2024), 10.1007/s11696-024-03709-7)",Chemical Papers
2024,December,Scopus,College of Science,Scientific,"Correction to: Assessment of the conceivable inhibitory activity of pathogenic microorganisms extracted from seaweed using phytochemicals, antioxidants, and in-silico molecular dynamic simulation (Scientific Reports, (2024), 14, 1, (23200), 10.1038/s41598-024-70620-2)",Scientific Reports
2024,December,Scopus,College of Science,Scientific,"Correction to: Examining Adaptive Responses of Foeniculum vulgare to Elevated Sodium and Chloride Stress in the Root Zone (Journal of Soil Science and Plant Nutrition, (2024), 10.1007/s42729-024-02022-2)",Journal of Soil Science and Plant Nutrition
2024,December,Scopus,College of Science,Scientific,"Correction to: Improving the distribution system capability by incorporating ZnO nanoparticles into high-density polyethylene cable materials (Scientific Reports, (2024), 14, 1, (25834), 10.1038/s41598-024-67854-5)",Scientific Reports
2024,December,Scopus,College of Science,Scientific,"Corrigendum to `Gdistns: R package for maximum goodness-of-fit estimates of the generalized G distributions' [SoftwareX 27 (2024) 101886] (SoftwareX (2024) 27, (S2352711024002565), (10.1016/j.softx.2024.101886))",SoftwareX
2024,December,Scopus,College of Science,Scientific,"Corrigendum to “A multiple attribute group decision making model based on 2-tuple linguistic Pythagorean fuzzy Dombi aggregation operators for optimal selection of potential global suppliers” [Heliyon 10 (14) (July 2024) e34570] (Heliyon (2024) 10(14), (S2405844024106019), (10.1016/j.heliyon.2024.e34570))",Heliyon
2024,December,Scopus,College of Science,Scientific,"Corrigendum to “Enhancement of luminescence and thermal stability in Eu3+-doped K3Y(BO2)6 with Li+ and Na+co-doping” [Adv. Powder Technol. 35 (2024) 104695] (Advanced Powder Technology (2024) 35(11), (S0921883124003716), (10.1016/j.apt.2024.104695))",Advanced Powder Technology
2024,December,Scopus,College of Science,Scientific,"Corrigendum to “Study of structural, electronic, magnetic, and optical properties of A2FeMnO6 (A = Ba, La) double perovskites, experimental and DFT analysis”(Colloids and Surfaces A: Physicochemical and Engineering Aspects (2023) 664, (S0927775723002297), (10.1016/j.colsurfa.2023.131145))",Colloids and Surfaces A: Physicochemical and Engineering Aspects
2024,December,Scopus,College of Science,Scientific,Corrosion Resistance of Two Newly Synthesized 8-Quinolinol-Benzimidazoles on Carbon Steel: An Experimental and Theoretical Investigation,Journal of Materials Engineering and Performance
2024,December,Scopus,College of Science,Scientific,CuO@3D graphene modified glassy carbon electrode towards the detection of Orange II and Rhodamine B,Materials Science and Engineering: B
2024,December,Scopus,College of Science,Scientific,Decoration of poly-2-mercaptoaniline on nickel oxide-sulfide as photocathode for the hydrogen generation from Red Sea water without using sacrificing agent,Journal of Materials Science: Materials in Electronics
2024,December,Scopus,College of Science,Scientific,Densely Convolutional BU-NET Framework for Breast Multi-Organ Cancer Nuclei Segmentation through Histopathological Slides and Classification Using Optimized Features,CMES - Computer Modeling in Engineering and Sciences
2024,December,Scopus,College of Science,Scientific,Designing of WS2@NiCoS@ZnS Nanocomposite Electrode Material for High-Performance Energy Storage Applications,Crystals
2024,December,Scopus,College of Science,Scientific,Development of MnAl2O4/Ni3Se2 nanocomposite for enhanced electrocapacitive performance,Journal of Sol-Gel Science and Technology
2024,December,Scopus,College of Science,Scientific,Diallyl Disulfide Mitigates Cadmium Hepatotoxicity by Attenuating Oxidative Stress and TLR-4/NF-κB Signaling and Upregulating PPARγ,Frontiers in Bioscience - Landmark
2024,December,Scopus,College of Science,Scientific,Drought responses and adaptation in plants differing in life-form,Frontiers in Ecology and Evolution
2024,December,Scopus,College of Science,Scientific,Dynamics of a general model of nonlinear difference equations and its applications to LPA model,Electronic Research Archive
2024,December,Scopus,College of Science,Scientific,Early-Stage Melanoma Cancer Diagnosis Framework for Imbalanced Data From Dermoscopic Images,Microscopy Research and Technique
2024,December,Scopus,College of Science,Scientific,Effect of DBD Plasma/Zinc Oxide Nanoparticles on the Printability of Wool Fabric With Beetroot Peels as a Natural Dye,Plasma Processes and Polymers
2024,December,Scopus,College of Science,Scientific,Effect of irradiation on Co0.72Sr0.07Ni0.21Fe2O4 ferrite nanoparticles and their catalytic efficiency in water treatment,Journal of Thermoplastic Composite Materials
2024,December,Scopus,College of Science,Scientific,Effect of lead oxide addition on gamma radiation shielding properties of newly developed geopolymers: theoretical and simulation studies,Scientific Reports
2024,December,Scopus,College of Science,Scientific,Effect of random noise behavior on the properties of forcing nonlinear Maccari's model structures,AIP Advances
2024,December,Scopus,College of Science,Scientific,Effect of slippage on a translational motion of two interacting non-concentric spheres squeezed by couple stress fluid,Indian Journal of Pure and Applied Mathematics
2024,December,Scopus,College of Science,Scientific,Efficacy of White Rot Fungal Biomass of Phanerochaete chrysosporium for Adsorption and Removal of Reactive Red and Reactive Blue Dyes from Water,BioResources 
2024,December,Scopus,College of Science,Scientific,Efficient removal of basic yellow 28 dye from water using facilely synthesized ZnO and Mg3B2O6 nanostructures,Scientific Reports
2024,December,Scopus,College of Science,Scientific,Efficient removal of crystal violet and acid red 88 dyes from aqueous environments using easily synthesized copper ferrite nanoparticles,Scientific Reports
2024,December,Scopus,College of Science,Scientific,Electrolytic ion diffusion properties and their effects on charge storage potentials of pseudocapacitive Co3O4 electrode film,Ionics
2024,December,Scopus,College of Science,Scientific,Endophytic chitinase and antifungal metabolites-producing actinobacteria for biological control of cucumber damping off disease,Journal of Plant Pathology
2024,December,Scopus,College of Science,Scientific,Enhanced surface functionalization of 2D molybdenum/tin chalcogenide nanostructures for effective SERS detection of Escherichia coli,RSC Advances
2024,December,Scopus,College of Science,Scientific,"Enhancing biscuits with muskmelon seed flour: a study of physicochemical, textural, and nutritional characteristics",Quality Assurance and Safety of Crops and Foods
2024,December,Scopus,College of Science,Scientific,Estimation of In vitro Acaricidal Activities of Ethanolic and Ethyl Acetate Extracts of Nicotiana tabacum against Hyalomma species of Livestock,Pakistan Veterinary Journal
2024,December,Scopus,College of Science,Scientific,Evaluating physico-mechanical properties of NaOH-treated natural fibres: Effects of polyolefin,Heliyon
2024,December,Scopus,College of Science,Scientific,Evaluating the Bactericidal Activity of Various Disinfectants against Pseudomonas aeruginosa Contamination in Broiler Chicken Hatcheries,Pakistan Veterinary Journal
2024,December,Scopus,College of Science,Scientific,Evaluation of Lignocellulatic Activity of Enzymes from Microwave-irradiated Pleurotus sajor-caju Cultivated with Wheat Straw,BioResources 
2024,December,Scopus,College of Science,Scientific,"Evaluation of silver nanoformulated plant extracts against larvae of the fall armyworm, Spodoptera frugiperda (J. E. Smith), under laboratory and field conditions",Entomological Research
2024,December,Scopus,College of Science,Scientific,"Experimental and advanced equilibrium studies on the enhanced adsorption of phosphate, cadmium, and safranin dye pollutants using methoxy exfoliated glauconite",Frontiers in Chemistry
2024,December,Scopus,College of Science,Scientific,Experimental and computational analysis of poly(4-vinyl pyridine) and polyvinylpyrrolidone as effective corrosion inhibitors for low carbon steel in sulfuric acid,Journal of Dispersion Science and Technology
2024,December,Scopus,College of Science,Scientific,Experimental and molecular modeling approach on the corrosion behavior of mild steel in HCl solution with quinoxaline inhibitors,Journal of Dispersion Science and Technology
2024,December,Scopus,College of Science,Scientific,"Experimental exposure of bivalves (Ruditapes decussatus) and meiobenthos (Metoncholaimus pristiurus) to 2,2′4,4′-tetrabromodiphenyl ether (PBDE-47) assessed by biochemical, computational modeling, and microbial tools",Marine Pollution Bulletin
2024,December,Scopus,College of Science,Scientific,"Exploring the Electronic, Magnetic, Optical, and Thermoelectric Properties of Mn3Si2Te6 by Using the Strain Effect: A DFT Study",Journal of Electronic Materials
2024,December,Scopus,College of Science,Scientific,Exploring the landscape of Lipid Nanoparticles (LNPs): A comprehensive review of LNPs types and biological sources of lipids,International Journal of Pharmaceutics: X
2024,December,Scopus,College of Science,Scientific,Exploring the potential of waste biomass of olive as an additive for layered double hydroxide/polyurethane as an effective and safe agent for the adsorption of drug residues: a bioremediation approach,Materials Advances
2024,December,Scopus,College of Science,Scientific,Exploring the Radiation Shielding Efficiency of High-Density Aluminosilicate Glasses and Low-Calcium SCMs,International Journal of Computational and Experimental Science and Engineering
2024,December,Scopus,College of Science,Scientific,"Fabrication of chitosan coated bentonite clay multifunctional nanosorbents from waste biomass for the effective elimination of hazardous pollutants from waterbodies: A fixed bed biosorption, mechanism, and mathematical model study",International Journal of Biological Macromolecules
2024,December,Scopus,College of Science,Scientific,Fabrication of ZnCr2O4/MnO2 composite electrodes by sonication procedure for advanced symmetric supercapacitors,Ceramics International
2024,December,Scopus,College of Science,Scientific,Facet-dependent adsorption of safranin dye and phosphate ions by synthesized hematite nanorods derived from natural lateritic iron ore: steric and energetic investigations,New Journal of Chemistry
2024,December,Scopus,College of Science,Scientific,Facile synthesis and characterisation of Mn0.5Zn0.5Fe2O4/Fe2O3 as a novel nanocomposite for studying analytical parameters affecting on photocatalytic degradation of basic fuchsin dye,International Journal of Environmental Analytical Chemistry
2024,December,Scopus,College of Science,Scientific,Facile synthesis of copper carbonate/cobalt carbonate/manganese carbonate and copper oxide/cobalt manganese oxide/manganese oxide as novel nanocomposites for efficient photocatalytic degradation of crystal violet dye,International Journal of Environmental Analytical Chemistry
2024,December,Scopus,College of Science,Scientific,Factors influencing human papillomavirus vaccine uptake among parents and teachers of schoolgirls in Saudi Arabia: a cross-sectional study,Frontiers in Public Health
2024,December,Scopus,College of Science,Scientific,Finite difference simulations for Darcy–Forchheimer–Brinkman model of MHD Oldroyd B fluid flow past a permeable sheet containing microorganisms,ZAMM Zeitschrift fur Angewandte Mathematik und Mechanik
2024,December,Scopus,College of Science,Scientific,"First Approaches for the Novel Pyrido[1'',2'':2',3'][1,2,4]Triazolo [5',1',2,3][1,3]Thiazolo[4,5-b] Pyridines: Synthesis, Characterization and Antimicrobial Efficiency",Polycyclic Aromatic Compounds
2024,December,Scopus,College of Science,Scientific,Fractional-Order Mathematical Modeling of Methicillin- Resistant Staphylococcus aureus Transmission in Hospitals,Symmetry
2024,December,Scopus,College of Science,Scientific,"Frequency and Association of Polymorphisms in F2, F7, and PROS1 Coagulation Genes with Disease Severity in Coronavirus Disease 2019",Clinical and Applied Thrombosis/Hemostasis
2024,December,Scopus,College of Science,Scientific,Functional Morphology of the Tongue and Laryngeal Entrance and Scanning Electron Microscopic Pattern of the Filter Feeding Apparatus of Anas crecca,Journal of Experimental Zoology Part A: Ecological and Integrative Physiology
2024,December,Scopus,College of Science,Scientific,Gamma radiation shielding and interaction properties of MoO3-Doped cadmium zinc lithium-borate glasses,Nuclear Engineering and Technology
2024,December,Scopus,College of Science,Scientific,GA-sensitive Rht13 gene improves root architecture and osmotic stress tolerance in bread wheat,BMC Genomic Data
2024,December,Scopus,College of Science,Scientific,Generalized Bayesian inference study based on type-II censored data from the class of exponential models,AIMS Mathematics
2024,December,Scopus,College of Science,Scientific,Generalized piezothermoelastic interactions in a piezoelectric rod subjected to pulse heat flux,Journal of Non-Equilibrium Thermodynamics
2024,December,Scopus,College of Science,Scientific,"Green and Sensitive Analysis of the Antihistaminic Drug Pheniramine Maleate and Its Main Toxic Impurity Using UPLC and TLC Methods, Blueness Assessment, and Greenness Assessments",Chemosensors
2024,December,Scopus,College of Science,Scientific,Green biogenic synthesis of silver nanoparticles: a thoroughly exploration of characterization and biological efficacy,Digest Journal of Nanomaterials and Biostructures
2024,December,Scopus,College of Science,Scientific,"Green synthesis and characterization of CuO nanoparticles using Halymenia dilatata extract and its evaluation of antimicrobial, anticancer activity",Biomass Conversion and Biorefinery
2024,December,Scopus,College of Science,Scientific,Green-synthesis of silver nanoparticles AgNPs from Podocarpus macrophyllus for targeting GBM and LGG brain cancers via NOTCH2 gene interactions,Scientific Reports
2024,December,Scopus,College of Science,Scientific,Highly crystalline poly o-chloroaniline-AgCl spherical nanocomposite thin film as an efficient light-capturing material for optoelectronic devices,Journal of Materials Science: Materials in Electronics
2024,December,Scopus,College of Science,Scientific,"High-performance hydrogen production with new ternary system PANI-MnO2@AgBr: Synthesis, characterization, and reusability",Journal of Industrial and Engineering Chemistry
2024,December,Scopus,College of Science,Scientific,Holothuria polii Extract as a Potential Anticoccidial Agent: Evidence of Its MUC2 Regulatory Impact in Murine Jejunum,Veterinary Sciences
2024,December,Scopus,College of Science,Scientific,Identification of novel dual acting ligands targeting the adenosine A2A and serotonin 5-HT1A receptors,Journal of Biomolecular Structure and Dynamics
2024,December,Scopus,College of Science,Scientific,"Impact of Rumex nepalensis on Performance, Blood Markers, Immunity, Intestinal Microbiology and Histomorphology in Broiler Chicken",Veterinary Sciences
2024,December,Scopus,College of Science,Scientific,Improving the distribution system capability by incorporating ZnO nanoparticles into high-density polyethylene cable materials,Scientific Reports
2024,December,Scopus,College of Science,Scientific,Innovative Solutions to the Fractional Diffusion Equation Using the Elzaki Transform,Mathematical and Computational Applications
2024,December,Scopus,College of Science,Scientific,Investigating the properties of perovskite oxide based electrocatalysts for oxygen evolution reaction (OER),Journal of Sol-Gel Science and Technology
2024,December,Scopus,College of Science,Scientific,Investigation of optical properties and γ-ray/neutrons shielding capacity of boro-bismo glasses reinforced with La2O3 for opto-electronic and medical applications,Journal of Materials Science: Materials in Electronics
2024,December,Scopus,College of Science,Scientific,Investigation of the radiation shielding efficiency of Bi2O3-doped borosilicate glasses,Radiochimica Acta
2024,December,Scopus,College of Science,Scientific,Investigation the structural and surface characteristics of irradiated flexible polymeric nanocomposites films,Digest Journal of Nanomaterials and Biostructures
2024,December,Scopus,College of Science,Scientific,"INVESTIGATION THE SYNTHESIS, STRUCTURAL CHARACTERISTICS AND OPTICAL PROPERTIES OF METHYLCELLULOSE/TiO2 POLYMERIC NANOCOMPOSITE FILMS FOR OPTOELECTRONIC DEVICES",Surface Review and Letters
2024,December,Scopus,College of Science,Scientific,Jointly A-hyponormal m-tuple of commuting operators and related results,AIMS Mathematics
2024,December,Scopus,College of Science,Scientific,L-lysine and surfactant-assisted synthesis of NiCo bimetal oxides for electrochemical water splitting,iScience
2024,December,Scopus,College of Science,Scientific,Mechanistic insights into carbonic anhydrase IX inhibition by coumarins from Calendula officinalis: in vitro and in silico approaches,RSC Advances
2024,December,Scopus,College of Science,Scientific,Medical and Engineering Applications for Estimation and Prediction of a New Competing Risks Model: A Bayesian Approach,Symmetry
2024,December,Scopus,College of Science,Scientific,Methyl orange adsorption studies on glutaraldehyde cross-linking chitosan/fluorapatite-based natural phosphate composite,International Journal of Environmental Analytical Chemistry
2024,December,Scopus,College of Science,Scientific,Microscopic and molecular detection of Trichomonas vaginalis in outpatients seeking medical care in Upper Egypt,Frontiers in Microbiology
2024,December,Scopus,College of Science,Scientific,Modification of nickel ferrite nanoparticles by sodium docusate surfactant for superior crystal violet dye removal from aqueous solutions,Scientific Reports
2024,December,Scopus,College of Science,Scientific,Modified chitosan as an effective inhibitor against the corrosion of C-steel in HCl solutions,Journal of Adhesion Science and Technology
2024,December,Scopus,College of Science,Scientific,Modulation of ZrO2-Ag2O-MoO3 nanocomposite into ultrasensitive hydrazine electrochemical sensor for environmental remediation,Microchemical Journal
2024,December,Scopus,College of Science,Scientific,"Molecular docking, DFT studies, and anti-inflammatory evaluation of peshawaraquinone isolated from Fernandoa adenophylla",Journal of Biomolecular Structure and Dynamics
2024,December,Scopus,College of Science,Scientific,Morphological and molecular identification of Hymenolepis spp. in Rattus rattus and children with diarrhea from Upper Egypt,Journal of Infection in Developing Countries
2024,December,Scopus,College of Science,Scientific,Multi-catalytic dye degradation using Bi7Fe3Ti3O21,Journal of Materials Science: Materials in Electronics
2024,December,Scopus,College of Science,Scientific,Multiscale Change Point Detection for Univariate Time Series Data with Missing Value,Mathematics
2024,December,Scopus,College of Science,Scientific,"Mycogenic Zinc Nanoparticles with Antimicrobial, Antioxidant, Antiviral, Anticancer and anti-Alzheimer Activities Mitigate the Aluminium Toxicity in Mice: Effects on Liver, Kidney, and Brain Health and Growth Performance",Pakistan Veterinary Journal
2024,December,Scopus,College of Science,Scientific,"Natural Inhibitory Treatment of Fungi-Induced Deterioration of Carbonate and Cellulosic Ancient Monuments: Isolation, Identification and Simulation of Biogenic Deterioration",Journal of Microbiology and Biotechnology
2024,December,Scopus,College of Science,Scientific,New Pyrazole/Pyrimidine-Based Scaffolds as Inhibitors of Heat Shock Protein 90 Endowed with Apoptotic Anti-Breast Cancer Activity,Pharmaceuticals
2024,December,Scopus,College of Science,Scientific,New Solutions to the Fractional Perturbed Chen Lee Liu Model with Time-Dependent Coefficients: Applications to Complex Phenomena in Optical Fibers,Contemporary Mathematics (Singapore)
2024,December,Scopus,College of Science,Scientific,Nonlinear Mixed λ-Jordan Triple Derivation on ∗-algebras,European Journal of Pure and Applied Mathematics
2024,December,Scopus,College of Science,Scientific,Numerical and analytical approach to the Chandrasekhar quadratic functional integral equation using Picard and Adomian decomposition methods,Electronic Research Archive
2024,December,Scopus,College of Science,Scientific,On the efficiency of paired ranked set sampling for estimating the population mean in the presence of non-response,Scientific Reports
2024,December,Scopus,College of Science,Scientific,On the escaping properties of a multiwell potential,Modern Physics Letters A
2024,December,Scopus,College of Science,Scientific,ON THE MULTIPLE SOLITON AND LUMP SOLUTIONS TO THE (3+1)-DIMENSIONAL PAINLEVÉ INTEGRABLE BOUSSINESQ-TYPE AND KP-TYPE EQUATIONS,Romanian Reports in Physics
2024,December,Scopus,College of Science,Scientific,On the Oscillatory Behavior of Solutions of Second-Order Damped Differential Equations with Several Sub-Linear Neutral Terms,Mathematics
2024,December,Scopus,College of Science,Scientific,On the soliton-type and other physical solutions for the space–time fractional Kraenkel–Manna–Merle model,Pramana - Journal of Physics
2024,December,Scopus,College of Science,Scientific,On the Synthesis of Graphene Oxide/Titanium Dioxide (GO/TiO2) Nanorods and Their Application as Saturable Absorbers for Passive Q-Switched Fiber Lasers,Nanomaterials
2024,December,Scopus,College of Science,Scientific,"Optical properties, gamma attenuation and fast neutrons moderating performance of V2O5–Bi2O3–B2O3–PbO glasses",Journal of the Australian Ceramic Society
2024,December,Scopus,College of Science,Scientific,Optimal control of COVID-19 through strategic mathematical modeling: Incorporating harmonic mean incident rate and vaccination,AIP Advances
2024,December,Scopus,College of Science,Scientific,"Optimising Growth, Immunity, and Gene Expression in Broiler Chickens Through Dietary Threonine Levels and Oil Inclusion",Veterinary Medicine and Science
2024,December,Scopus,College of Science,Scientific,"Optimization of structural, optical, and shielding properties of Ni2⁺/Ni³⁺-doped heavy metal borate glasses via La³⁺ doping",Optical Materials
2024,December,Scopus,College of Science,Scientific,Optimized removal process and tailored adsorption mechanism of crystal violet and methylene blue dyes by activated carbon derived from mixed orange peel and watermelon rind using microwave-induced ZnCl2 activation,Biomass Conversion and Biorefinery
2024,December,Scopus,College of Science,Scientific,"Oxidative Stress, Inflammation, and Altered Lymphocyte E-NTPDase Are Implicated in Acute Dyslipidemia in Rats: Protective Role of Arbutin",Pharmaceuticals
2024,December,Scopus,College of Science,Scientific,"Pathological Characterization and Management of Lasiodiplodia theobromae, a Hemibiotroph with an Interkingdom Host Range",Plant Disease
2024,December,Scopus,College of Science,Scientific,"Predictors of Human Papillomavirus (HPV) Vaccine Acceptability Among Physicians, Their Knowledge on Cervical Cancer, and Factors Influencing Their Decision to Recommend It",Journal of Multidisciplinary Healthcare
2024,December,Scopus,College of Science,Scientific,PREPARATION OF NEW COMPOUNDS WITH ANTICANCER PROPERTIES VIA THE REACTION OF KRYPTOFIX 5 WITH TWO ORGANIC ACCEPTORS,Bulletin of the Chemical Society of Ethiopia
2024,December,Scopus,College of Science,Scientific,Protective Effects of SHLO on LPS-Induced Lung Injury via TLR4/Myd88-ERK Signaling Pathway and Intestinal Flora Regulation,Pakistan Veterinary Journal
2024,December,Scopus,College of Science,Scientific,Radiation Shielding Properties of B2O3-ZnO-BaO-TiO2-Bi2O3 Glass System: A Study on Eu-152 Radiation,ECS Journal of Solid State Science and Technology
2024,December,Scopus,College of Science,Scientific,Radiosynthesis and Preclinical Evaluation of [99mTc]Tc-Tigecycline Radiopharmaceutical to Diagnose Bacterial Infections,Pharmaceuticals
2024,December,Scopus,College of Science,Scientific,Regional frequency analysis of extreme wind in Pakistan using robust estimation methods,Scientific Reports
2024,December,Scopus,College of Science,Scientific,Relational Strict Almost Contractions Employing Test Functions and an Application to Nonlinear Integral Equations,Mathematics
2024,December,Scopus,College of Science,Scientific,Results for fractional bilinear Hardy operators in central varying exponent Morrey space,AIMS Mathematics
2024,December,Scopus,College of Science,Scientific,"RETRACTED: Optimized Conjugation of Fluvastatin to HIV-1 TAT Displays Enhanced Pro-Apoptotic Activity in HepG2 Cells (International Journal of Molecular Sciences, (2020), 21, 11, (4138), 10.3390/ijms21114138)",International Journal of Molecular Sciences
2024,December,Scopus,College of Science,Scientific,"Retraction Note: The structural, dielectric and magnetic study of cobalt based spinel ferrites and polypyrrole composites (Journal of Materials Science: Materials in Electronics, (2022), 33, 24, (19534-19543), 10.1007/s10854-022-08788-4)",Journal of Materials Science: Materials in Electronics
2024,December,Scopus,College of Science,Scientific,Rigidity and Triviality of Gradient r-Almost Newton-Ricci-Yamabe Solitons,Mathematics
2024,December,Scopus,College of Science,Scientific,Satellite dish-like nanocomposite as a breakthrough in single photon detection for highly developed optoelectronic applications,Scientific Reports
2024,December,Scopus,College of Science,Scientific,Second-order general Emden-Fowler differential equations of neutral type: Improved Kamenev-type oscillation criteria,Electronic Research Archive
2024,December,Scopus,College of Science,Scientific,Sensitive detection of urea based on Dy2O3-Co3O4@ZrO2 nanocomposite by electrochemical approach for environmental assessment,Microchemical Journal
2024,December,Scopus,College of Science,Scientific,Significantly improved optical and radiation transmission performance of borate glasses via Tb and Yb rare earth doping,Ceramics International
2024,December,Scopus,College of Science,Scientific,Simplified synthesis and identification of novel nanostructures consisting of cobalt borate and cobalt oxide for crystal violet dye removal from aquatic environments,Scientific Reports
2024,December,Scopus,College of Science,Scientific,Smart membranes for separation and sensing,Chemical Science
2024,December,Scopus,College of Science,Scientific,Sol–Gel Fabrication of Sm-Doped MnTiO3 Perovskite Electrode for Enhanced Oxygen Evaluation Reaction,Applied Organometallic Chemistry
2024,December,Scopus,College of Science,Scientific,Some Results for a Class of Pantograph Integro-Fractional Stochastic Differential Equations,Symmetry
2024,December,Scopus,College of Science,Scientific,"Spatial patterned solar evaporator for effective thermal management in enhanced solar-driven evaporation, and wastewater remediation",Chemical Engineering Journal
2024,December,Scopus,College of Science,Scientific,Spectral tau explicit form for approximating solutions to real-life IBVPs using Chebyshev derivatives,International Journal of Geometric Methods in Modern Physics
2024,December,Scopus,College of Science,Scientific,Standalone Ni-Free Electrode for Direct Urea/Urine Real Fuel Cell Operation,International Journal of Energy Research
2024,December,Scopus,College of Science,Scientific,Statistical Analysis and Several Estimation Methods of New Alpha Power-Transformed Pareto Model with Applications in Insurance,Symmetry
2024,December,Scopus,College of Science,Scientific,Strain regulation retards natural operation decay of perovskite solar cells,Nature
2024,December,Scopus,College of Science,Scientific,"Structural and Biological Comparative Studies on M(II)-Complexes (M = Co, Mn, Cu, Ni, Zn) of Hydrazone-s-Triazine Ligand Bearing Pyridyl Arm",Inorganics
2024,December,Scopus,College of Science,Scientific,Sugarcane Peel Ash as a Sorbent for Methylene Blue,BioResources 
2024,December,Scopus,College of Science,Scientific,"Synergistic Effect of Arbuscular Mycorrhizal Fungi and Germanium on the Growth, Nutritional Quality, and Health-Promoting Activities of Spinacia oleracea L.",Plants
2024,December,Scopus,College of Science,Scientific,Synthesis and characterization of perovskite based rGO nanomaterial for energy storage application,Journal of Sol-Gel Science and Technology
2024,December,Scopus,College of Science,Scientific,Synthesis and supercapacitor application studies of aluminum- lanthanum co-Doped bismuth oxide composite with N-doped reduced graphene oxide,Materials Science and Engineering: B
2024,December,Scopus,College of Science,Scientific,"Synthesis of Black Seed Oil-loaded-, Alginate-based, pH-sensitive Beads Using Electrospraying Technique",Journal of visualized experiments : JoVE
2024,December,Scopus,College of Science,Scientific,Synthesis of chitosan/Fe2O3/CuO-nanocomposite and their role as inhibitor for some biological disorders in vitro with molecular docking interactions studies,International Journal of Biological Macromolecules
2024,December,Scopus,College of Science,Scientific,Synthesis of NiFe2O4/NiSe Composite for Environmental Remediation,JOM
2024,December,Scopus,College of Science,Scientific,"Synthesis, Characterization and Assessment of Antioxidant and Melanogenic Inhibitory Properties of Edaravone Derivatives",Antioxidants
2024,December,Scopus,College of Science,Scientific,"Synthesis, enzyme inhibition, and docking studies of new schiff bases of disalicylic acid methylene-based derivatives as dual-target antibacterial agents",Frontiers in Chemistry
2024,December,Scopus,College of Science,Scientific,"Synthesis, physical, optical, and transmission properties of terbium oxide-reinforced quinary borate glasses for radiation protection",Ceramics International
2024,December,Scopus,College of Science,Scientific,"Tailoring the FTIR, magnetic properties and neutron attenuation capacity of borosilicate glass: Role of Co3O4",Optical Materials
2024,December,Scopus,College of Science,Scientific,"Tailoring the structural, optical and catalytic properties of ZnFe2O4 by rare earth metals doping and their incorporation into CNTs matrix",Ceramics International
2024,December,Scopus,College of Science,Scientific,"Tailoring ZrWNb-Based Refractory High Entropy Alloys: A Multidirectional Characterization Through Elemental, Physical, Thermodynamic, and Nuclear Radiation Attenuation Properties",Nuclear Technology
2024,December,Scopus,College of Science,Scientific,The Ameliorative Effect of Vitamin C against Sub-chronic Thiamethoxam Toxicity in Male Rats,Pakistan Veterinary Journal
2024,December,Scopus,College of Science,Scientific,The optimal multi-stress–strength reliability technique for the progressive first failure in the length-bias exponential model using Bayesian and non-Bayesian methods,Journal of Statistical Computation and Simulation
2024,December,Scopus,College of Science,Scientific,THE SESQUITERPENE ALCOHOL FARNESOL MITIGATES CADMIUM HEPATOTOXICITY BY ATTENUATING OXIDATIVE STRESS AND NF-κB/NLRP3 INFLAMMASOME AXIS AND UPREGULATING PPARγ IN RATS,EXCLI Journal
2024,December,Scopus,College of Science,Scientific,Therapeutic Effect of Mesenchymal Stem Cells and Olive Leaf Extract Against Cytotoxicity Induced by Streptozotocin in Gestational Diabetes Rats,Cellular Physiology and Biochemistry
2024,December,Scopus,College of Science,Scientific,Therapeutic mechanism of Convolvulus pluricaulis against Alzheimer's disease: Network pharmacology and molecular dynamics approach,South African Journal of Botany
2024,December,Scopus,College of Science,Scientific,Toxicity and enzymatic activity changes in rice weevil (Sitophilus oryzae) induced by basil (Ocimum basilicum) and cumin (Cuminum cyminum) essential oils,Scientific Reports
2024,December,Scopus,College of Science,Scientific,Tunable and wideband high-performance rare earth-doped Ni-Mg-Cu-Zn nano ferrite-based meta-absorbers for C-band application,Journal of Rare Earths
2024,December,Scopus,College of Science,Scientific,Understanding radiation shielding performance through a comparative study of half value layer in novel and preexisting silicate glasses,Nuclear Engineering and Technology
2024,December,Scopus,College of Science,Scientific,"Unravelling the structure and reactivity of N,O-heterocycles: a multifaceted quantum chemical approach using a benzoxazole derivative as a case study",Journal of Chemical Sciences
2024,December,Scopus,College of Science,Scientific,Unveiling the synergistic effect of an nZVI-SiO2-TiO2 nanocomposite for the remediation of dye contaminated wastewater,Materials Advances
2024,December,Scopus,College of Science,Scientific,Utilizing Streptomyces bungoensis as a biocontrol agent to prevent wheat infection caused by Fusarium clumorum,Journal of Plant Pathology
2024,December,Scopus,College of Science,Scientific,UV-light-induced photocatalytic degradation of organic pesticides in agricultural soils with Fe2O3 and H2O2,Journal of Saudi Chemical Society
2024,December,Scopus,College of Science,Scientific,Variability in SARS-CoV-2 Spike Protein Sequences: Impact on Receptor Binding and Immunotherapeutic Strategies,Journal of Computational Biophysics and Chemistry
2024,December,Scopus,College of Science,Scientific,Velocity slip impact on the squeezing flow of water–CNTs and kerosene–CNTs nanofluids over a Riga surface,Journal of Taibah University for Science
2024,December,Scopus,College of Science,Scientific,White Rot Fungi to Decompose Organophosphorus Insecticides and their Relation to Soil Microbial Load and Ligninolytic Enzymes,BioResources 
2024,December,Scopus,College of Science,Scientific,XOR count and block circulant MDS matrices over finite commutative rings,AIMS Mathematics
2024,December,Scopus,College of Science,Scientific,"Y2O3 reinforced B2O3–SiO2–BaO–Na2O glass system: A characterization study through physical, optical and gamma / neutron shields characteristics",Optical Materials
2024,December,Scopus,College of Science,Scientific,Insight into the adsorption properties of methoxy bentonite (MXBE) as an environmental adsorbent for malachite green dye: statistical physics modelling,International Journal of Environmental Analytical Chemistry
2024,December,Scopus,College of Science,Scientific,Optimization methods to statistical submanifolds in statistical warped product manifolds,Filomat
2024,December,Scopus,College of Science,Scientific,Effect of Salt Stress on Botanical Characteristics of Some Table Beet (Beta vulgaris L.) Cultivars,ACS Omega
2024,December,Scopus,College of Science,Scientific,Nonlinear wave dynamics in ferromagnetic media: A study with the Kuralay-IIA equation,Modern Physics Letters B
2024,December,WOS,College of Humanities and Social Sciences,Humanitarian ,An assessment of the seasonally dependent biophysical mechanism and dynamic land use change: A research effort from emerging urban agglomeration of West Bengal,RESULTS IN ENGINEERING
2024,December,Scopus,College of Humanities and Social Sciences,Humanitarian ,Comparing the effectiveness of landslide susceptibility mapping by using the frequency ratio and hybrid MCDM models,Results in Engineering
2024,December,Scopus,College of Humanities and Social Sciences,Humanitarian ,Effects of a Mindfulness-Based Program in Improving Self-Regulation and Attention Among Hard-of-Hearing Children: A Preliminary Investigation,Mindfulness
2024,December,Scopus,College of Humanities and Social Sciences,Humanitarian ,INTELLIGENT SPEECH RECOGNITION USING FRACTAL AMENDED GRASSHOPPER OPTIMIZATION ALGORITHM WITH DEEP LEARNING APPROACH,Fractals
2024,December,Scopus,College of Humanities and Social Sciences,Humanitarian ,Towards efficient IoT communication for smart agriculture: A deep learning framework,PLoS ONE
2024,December,Scopus,College of Humanities and Social Sciences,Humanitarian ,The repercussions of cyberbullying on students on educational platforms,Frontiers in Psychology
2024,December,WOS,College Of Languages,Humanitarian ,Evaluating the quality of AI feedback: A comparative study of AI and human essay grading,INNOVATIONS IN EDUCATION AND TEACHING INTERNATIONAL
2024,December,WOS,College Of Languages,Humanitarian ,Strategies of reprimand in Saudi Spoken Arabic: a sociopragmatic study,COGENT ARTS & HUMANITIES
2024,December,Scopus,College Of Languages,Humanitarian ,An Assessment of the Quality of Post-Edited Text From CAT Tools Compared to Conventional Human Translation: An Error Analysis Study,Journal of Language Teaching and Research
2024,December,Scopus,College Of Languages,Humanitarian ,An Efficient Fusion Network for Fake News Classification,Mathematics
2024,December,Scopus,College Of Languages,Humanitarian ,APPLIED LINGUISTICS WITH DEEP LEARNING-BASED DATA-DRIVEN TEXT-TO-SPEECH SYNTHESIZER FOR ARABIC CORPUS,Fractals
2024,December,Scopus,College Of Languages,Humanitarian ,Enhanced automated text categorization via Aquila optimizer with deep learning for Arabic news articles,Ain Shams Engineering Journal
2024,December,Scopus,College Of Languages,Humanitarian ,Enhancing Consecutive Interpretation Skills: A Technological Approach for Saudi Graduate Students of Translation Using Sanako Multimedia Labs,Eurasian Journal of Applied Linguistics
2024,December,Scopus,College Of Languages,Humanitarian ,ENHANCING NATURAL LANGUAGE PROCESSING USING WALRUS OPTIMIZER with SELF-ATTENTION DEEP LEARNING MODEL in APPLIED LINGUISTICS,Fractals
2024,December,Scopus,College Of Languages,Humanitarian ,Saudi Learner Translation Corpus: The design and compilation of an English–Arabic learner translation corpus,PLoS ONE
2024,December,Scopus,College Of Languages,Humanitarian ,The workings and translatability of metaphors in eleven “Hadith”,Onomazein
2024,December,Scopus,College of Engineering,Scientific,Employing Xception convolutional neural network through high-precision MRI analysis for brain tumor diagnosis,Frontiers in Medicine
2024,December,Scopus,College of Engineering,Scientific,Why do consumers resist digital innovations? An innovation resistance theory perspective,International Journal of Emerging Markets
2024,December,WOS,College of Engineering,Scientific,Bioconvective oscillatory flow of radiated viscoelastic nanofluids with thermophoresis and suction effects: Applications in pulsating thermal systems,CASE STUDIES IN THERMAL ENGINEERING
2024,December,WOS,College of Engineering,Scientific,Computational analysis of nanoparticle shape factor in the reactive dynamics of non-Newtonian hybrid nanofluid saturated in a porous medium,JOURNAL OF RADIATION RESEARCH AND APPLIED SCIENCES
2024,December,Scopus,College of Engineering,Scientific,Data-driven stochastic dynamic economic dispatch for combined heat and power systems using particle swarm optimization,Energy Reports
2024,December,Scopus,College of Business Administration,Scientific,Advanced BERT and CNN-Based Computational Model for Phishing Detection in Enterprise Systems,CMES - Computer Modeling in Engineering and Sciences
2024,December,Scopus,College of Business Administration,Scientific,AI and Database Management for Organizational Transformation With Insights From Twitter Data,Journal of Database Management
2024,December,Scopus,College of Business Administration,Scientific,AI companies' strategies with traditional vs. digital assets amid geopolitical and banking crises,Heliyon
2024,December,Scopus,College of Business Administration,Scientific,An Investigation of University Students’ Perceptions of Learning Management Systems: Insights for Enhancing Usability and Engagement,Sustainability (Switzerland)
2024,December,Scopus,College of Business Administration,Scientific,Balancing Wellbeing and Responsibility: CSR’s Role in Mitigating Burnout in Hospitality under UN-SDGs,Sustainability (Switzerland) 
2024,December,Scopus,College of Business Administration,Scientific,"Can Platform Leadership Drive Twin Transitions in Greening SMEs? Exploring the Nexus Between AI Infrastructure Flexibility, Information Effects, and Green Sustainable Practices","Business Ethics, the Environment and Responsibility"
2024,December,Scopus,College of Business Administration,Scientific,Can Technological Advancement Empower the Future of Renewable Energy? A Panel Autoregressive Distributed Lag Approach,Energies
2024,December,Scopus,College of Business Administration,Scientific,Do Energy Efficiency and Technology Boost Sustainable Environment: Evidence from GCC Countries,Journal of Ecohumanism
2024,December,Scopus,College of Business Administration,Scientific,"Effect of per Capita Income, GDP Growth, FDI, Sectoral Composition, and Domestic Credit on Employment Patterns in GCC Countries: GMM and OLS Approaches",Economies
2024,December,Scopus,College of Business Administration,Scientific,Efficient thermal integration model based on a biogas-fired gas turbine cycle (GTC) for electricity and desalination applications; thermo-economic and GA-based optimization,Case Studies in Thermal Engineering
2024,December,Scopus,College of Business Administration,Scientific,Historical Insights into CO2 Emission Dynamics in Urban Daily Mobility: A Case Study of Lyon’s Agglomeration,Sustainability (Switzerland)
2024,December,Scopus,College of Business Administration,Scientific,Integrated Energy-Efficient Distributed Link Stability Algorithm for UAV Networks,"Computers, Materials and Continua"
2024,December,Scopus,College of Business Administration,Scientific,Open Source Adoption for Digital Transformation and Data Management During the COVID-19 Crisis,Journal of Database Management
2024,December,Scopus,College of Business Administration,Scientific,Optimized AI-Driven Semantic Web Approach for Enhancing Phishing Detection in E-Commerce Platforms,International Journal on Semantic Web and Information Systems
2024,December,Scopus,College of Business Administration,Scientific,"Remittances, inclusive finance and governance in selected African countries: empirical insights from the COVID-19 pandemic",Edelweiss Applied Science and Technology
2024,December,Scopus,College of Business Administration,Scientific,"Retraction note: Environmental MCS package and green intellectual capital influence environmental performance: a mediated-moderated perspective (Environmental Science and Pollution Research, (2023), 30, 46, (103339-103357), 10.1007/s11356-023-29767-0)",Environmental Science and Pollution Research
2024,December,Scopus,College of Business Administration,Scientific,Working capital analysis optimises business management efficiency-young aspiring entrepreneurs’ perspective,"Journal of Infrastructure, Policy and Development"
2024,December,WOS,College of Business Administration,Scientific,Climate Change and Business Model Innovation: A Synthesis of Review and Qualitative Exploration of the Cultural Shift in Environmental Strategies,BUSINESS STRATEGY AND THE ENVIRONMENT
2024,December,WOS,College of Business Administration,Scientific,"Does stakeholder pressure influence firms environmental, social and governance (ESG) disclosure? Evidence from Ghana",COGENT BUSINESS & MANAGEMENT
2024,December,WOS,College of Business Administration,Scientific,Even climate change is not fair: the impact of climate change on economic outcomes,INTERNATIONAL JOURNAL OF CLIMATE CHANGE STRATEGIES AND MANAGEMENT
2024,December,WOS,College of Business Administration,Scientific,"Transforming performance: how agility, response, resilience and support shape success in digital strategies",INFORMATION TECHNOLOGY & PEOPLE
2024,December,Scopus,College of Business Administration,Scientific,Data-Driven IoT Smart Refrigerators for Medication Storage with Deep Learning Analytics,"2nd International Conference on Intelligent Cyber Physical Systems and Internet of Things, ICoICI 2024 - Proceedings"
2024,December,Scopus,College of Business Administration,Scientific,Work performance change during the Covid-19 pandemic under risk-as-feelings hypothesis for managers across Europe,EuroMed Journal of Business
2024,December,Scopus,College of Dentistry,Health-related / Medical,An evaluation of the precision of computational methods used in drug development initiatives,Journal of Biomolecular Structure and Dynamics
2024,December,Scopus,College of Dentistry,Health-related / Medical,Blanket or tailored prescription of retainers in orthodontics: a questionnaire-based study,Angle Orthodontist
2024,December,Scopus,College of Dentistry,Health-related / Medical,Content analysis of AI-generated (ChatGPT) responses concerning orthodontic clear aligners,Angle Orthodontist
2024,December,Scopus,College of Dentistry,Health-related / Medical,"Correction to: Sunlight-assisted green synthesis of silver nanoparticles using Zizania latifolia extract_ toward antimicrobial applications (Biomass Conversion and Biorefinery, (2024), 14, 21, (27633-27643), 10.1007/s13399-022-03363-7)",Biomass Conversion and Biorefinery
2024,December,Scopus,College of Dentistry,Health-related / Medical,Histological and Biochemical Evaluation of Silibinin in Treatment of Periodontitis Induced in Rats with Liver Cirrhosis,Journal of Contemporary Dental Practice
2024,December,Scopus,College of Dentistry,Health-related / Medical,Immunohistochemical Investigation of the Proliferative Activity of Odontogenic Cysts and Tumors,Applied Immunohistochemistry and Molecular Morphology
2024,December,Scopus,College of Dentistry,Health-related / Medical,Mapping the Landscape of Generative Language Models in Dental Education: A Comparison Between ChatGPT and Google Bard,European Journal of Dental Education
2024,December,Scopus,College of Dentistry,Health-related / Medical,Natural biodegradable and polymeric nanoparticles for the delivery of noscapine for cancer treatment,Biomass Conversion and Biorefinery
2024,December,Scopus,College of Dentistry,Health-related / Medical,Peri-implant clinical profile and subgingival yeasts carriage among cigarette-smokers with peri-implant mucositis,BMC Oral Health
2024,December,Scopus,College of Dentistry,Health-related / Medical,Randomized controlled trials in orthodontics,Randomized Controlled Trials in Evidence-Based Dentistry
2024,December,Scopus,College of Dentistry,Health-related / Medical,Subgingival Yeasts Species Amongst Smokers and Nonsmokers With Peri-implantitis,International Dental Journal
2024,December,Scopus,College of Dentistry,Health-related / Medical,Sunlight-assisted green synthesis of silver nanoparticles using Zizania latifolia extract: toward antimicrobial applications,Biomass Conversion and Biorefinery
2024,December,Scopus,College of Computer and Information Sciences,Scientific,Empowering Retail Dual Transformer-Based Profound Product Recommendation Using Multi-Model Review,Journal of Organizational and End User Computing
2024,December,WOS,College of Computer and Information Sciences,Scientific,A creative hybridization of metamaterial CSRR and multiple-mode resonators for designing a compact wideband bandpass filter for 5G/IOT/WLAN/Wi-Fi 6E applications,PHYSICA SCRIPTA
2024,December,WOS,College of Computer and Information Sciences,Scientific,An optimized multilayer perceptron-based network intrusion detection using Gray Wolf Optimization,COMPUTERS & ELECTRICAL ENGINEERING
2024,December,WOS,College of Computer and Information Sciences,Scientific,"Coastal flood risk assessment using ensemble multi-criteria decision-making with machine learning approaches (vol 245, 118042, 2024)",ENVIRONMENTAL RESEARCH
2024,December,WOS,College of Computer and Information Sciences,Scientific,Enhanced Semantic Natural Scenery Retrieval System Through Novel Dominant Colour and Multi-Resolution Texture Feature Learning Model,EXPERT SYSTEMS
2024,December,WOS,College of Computer and Information Sciences,Scientific,"Pediatric bacterial keratitis clinical features, causative : organisms, and outcome during a 13-year study period",CANADIAN JOURNAL OF OPHTHALMOLOGY-JOURNAL CANADIEN D OPHTALMOLOGIE
2024,December,Scopus,College of Computer and Information Sciences,Scientific,A BACTERIA FORAGING ALGORITHM-BASED HYBRID A-LAW AND PTS PAPR REDUCTION METHOD FOR BEYOND 5G WAVEFORM,Fractals
2024,December,Scopus,College of Computer and Information Sciences,Scientific,A big data analysis algorithm for massive sensor medical images,PeerJ Computer Science
2024,December,Scopus,College of Computer and Information Sciences,Scientific,"A comparative study of Schottky barrier heights and charge transport mechanisms in 3C, 4H, and 6H silicon carbide polytypes",AIP Advances
2024,December,Scopus,College of Computer and Information Sciences,Scientific,A Comprehensive Framework for Emergency Message Dissemination in Urban VANET Scenarios: A Comparative Analysis of Clustering-Based Routing Protocols,IEEE Access
2024,December,Scopus,College of Computer and Information Sciences,Scientific,A framework for generating recommendations based on trust in an informal e-learning environment,PeerJ Computer Science
2024,December,Scopus,College of Computer and Information Sciences,Scientific,A self-supervised deep-driven model for automatic weather classification from remote sensing images,International Journal of Remote Sensing
2024,December,Scopus,College of Computer and Information Sciences,Scientific,Advanced Human Pose Estimation and Event Classification Using Context-Aware Features and XGBoost Classifier,IEEE Access
2024,December,Scopus,College of Computer and Information Sciences,Scientific,Advanced security framework for low Earth orbit satellites in space information network,Eurasip Journal on Wireless Communications and Networking
2024,December,Scopus,College of Computer and Information Sciences,Scientific,AgriChainSync: A Scalable and Secure Blockchain-Enabled Framework for IoT-Driven Precision Agriculture,IEEE Access
2024,December,Scopus,College of Computer and Information Sciences,Scientific,AI-Generated Spam Review Detection Framework with Deep Learning Algorithms and Natural Language Processing,Computers
2024,December,Scopus,College of Computer and Information Sciences,Scientific,An Adaptive Intrusion Detection System for WSN using Reinforcement Learning and Deep Classification,Arabian Journal for Science and Engineering
2024,December,Scopus,College of Computer and Information Sciences,Scientific,An analysis of decipherable red blood cell abnormality detection under federated environment leveraging XAI incorporated deep learning,Scientific Reports
2024,December,Scopus,College of Computer and Information Sciences,Scientific,AN EFFICIENT FRACTAL CARDIO DISEASES ANALYSIS USING OPTIMIZED DEEP LEARNING MODEL IN CLOUD OF THING CONTINUUM ARCHITECTURE,Fractals
2024,December,Scopus,College of Computer and Information Sciences,Scientific,An efficient image encryption algorithm using 3D-cyclic chebyshev map and elliptic curve,Scientific Reports
2024,December,Scopus,College of Computer and Information Sciences,Scientific,An Eight Element Wideband DGS MIMO Antenna System for 5G Handheld Devices,IEEE Access
2024,December,Scopus,College of Computer and Information Sciences,Scientific,An Integrated Multimodal-Based CAD System for Breast Cancer Diagnosis,Cancers
2024,December,Scopus,College of Computer and Information Sciences,Scientific,ANFIS Fuzzy convolutional neural network model for leaf disease detection,Frontiers in Plant Science
2024,December,Scopus,College of Computer and Information Sciences,Scientific,Anomaly Detection in Embryo Development and Morphology Using Medical Computer Vision-Aided Swin Transformer with Boosted Dipper-Throated Optimization Algorithm,Bioengineering
2024,December,Scopus,College of Computer and Information Sciences,Scientific,Artificial intelligence assisted common maternal fetal planes prediction from ultrasound images based on information fusion of customized convolutional neural networks,Frontiers in Medicine
2024,December,Scopus,College of Computer and Information Sciences,Scientific,Artificial neural network prediction of chloride diffusivity in concrete sustainable development,Revista Materia
2024,December,Scopus,College of Computer and Information Sciences,Scientific,Assessing Suitable Areas for PV Power Installation in Remote Agricultural Regions,Energies
2024,December,Scopus,College of Computer and Information Sciences,Scientific,Blockchain-enabled verification of medical records using soul-bound tokens and cloud computing,Scientific Reports
2024,December,Scopus,College of Computer and Information Sciences,Scientific,BrainNet: an automated approach for brain stress prediction utilizing electrodermal activity signal with XLNet model,Frontiers in Computational Neuroscience
2024,December,Scopus,College of Computer and Information Sciences,Scientific,"Cervical Cancer Detection: A Comprehensive Evaluation of CNN Models, Vision Transformer Approaches, and Fusion Strategies",IEEE Access
2024,December,Scopus,College of Computer and Information Sciences,Scientific,CLOUD-EDGE CONTINUUM FRAMEWORK FOR ADMISSION DATA MANAGEMENT USING DEEP LEARNING MODEL,Fractals
2024,December,Scopus,College of Computer and Information Sciences,Scientific,Conditional Generative Adversarial Networks with Optimized Machine Learning for Fault Detection of Triplex Pump in Industrial Digital Twin,Processes
2024,December,Scopus,College of Computer and Information Sciences,Scientific,Control Conditions for Equal Power Sharing in Multi-Area Power Systems for Resilience Against False Data Injection Attacks,Energies
2024,December,Scopus,College of Computer and Information Sciences,Scientific,"Correction to: Unraveling the dynamics of ChatGPT adoption and utilization through Structural Equation Modeling (Scientific Reports, (2024), 14, 1, (23469), 10.1038/s41598-024-74406-4)",Scientific Reports
2024,December,Scopus,College of Computer and Information Sciences,Scientific,"Corrigendum to ‘Coastal flood risk assessment using ensemble multi-criteria decision-making with machine learning approaches’ [Environ. Res., 245 (2024), 118042] (Environmental Research (2024) 245, (S0013935123028463), (10.1016/j.envres.2023.118042))",Environmental Research
2024,December,Scopus,College of Computer and Information Sciences,Scientific,"Corrigendum to “Machine learning approaches for predicting shielding effectiveness of carbon fiber-reinforced mortars” [Case Stud. Constr. Mater. 20 (2024) e03189] (Case Studies in Construction Materials (2024) 20, (S2214509524003401), (10.1016/j.cscm.2024.e03189))",Case Studies in Construction Materials
2024,December,Scopus,College of Computer and Information Sciences,Scientific,Data-centric automated approach to predict autism spectrum disorder based on selective features and explainable artificial intelligence,Frontiers in Computational Neuroscience
2024,December,Scopus,College of Computer and Information Sciences,Scientific,Deep Learning and MRI Biomarkers for Precise Lung Cancer Cell Detection and Diagnosis,Open Bioinformatics Journal
2024,December,Scopus,College of Computer and Information Sciences,Scientific,Deepfake image detection and classification model using Bayesian deep learning with coronavirus herd immunity optimizer,AIMS Mathematics
2024,December,Scopus,College of Computer and Information Sciences,Scientific,Design & development of adulteration detection system by fumigation method & machine learning techniques,Scientific Reports
2024,December,Scopus,College of Computer and Information Sciences,Scientific,EEG-based optimization of eye state classification using modified-BER metaheuristic algorithm,Scientific Reports
2024,December,Scopus,College of Computer and Information Sciences,Scientific,Empowering privacy and resilience: a decentralized federated learning approach to cyberbullying detection,Neural Computing and Applications
2024,December,Scopus,College of Computer and Information Sciences,Scientific,Enhanced skin cancer diagnosis through grid search algorithm-optimized deep learning models for skin lesion analysis,Frontiers in Medicine
2024,December,Scopus,College of Computer and Information Sciences,Scientific,Enhancing Early Detection of Lung Cancer through Advanced Image Processing Techniques and Deep Learning Architectures for CT Scans,"Computers, Materials and Continua"
2024,December,Scopus,College of Computer and Information Sciences,Scientific,Enhancing handwritten text feature extraction through key point detection and graph representation,Soft Computing
2024,December,Scopus,College of Computer and Information Sciences,Scientific,ENHANCING OTFS MODULATION FOR 6G THROUGH HYBRID PAPR REDUCTION TECHNIQUE FOR DIFFERENT SUB-CARRIERS,Fractals
2024,December,Scopus,College of Computer and Information Sciences,Scientific,Ensemble transfer learning networks for disease classification from retinal optical coherence tomography images,Journal of Optics (India)
2024,December,Scopus,College of Computer and Information Sciences,Scientific,"Green finance, sustainable infrastructure, and green technology innovation: pathways to achieving sustainable development goals in the belt and road initiative",Environmental Research Communications
2024,December,Scopus,College of Computer and Information Sciences,Scientific,Human vs. AI counseling: College students' perspectives,Computers in Human Behavior Reports
2024,December,Scopus,College of Computer and Information Sciences,Scientific,IoT-based automated system for water-related disease prediction,Scientific Reports
2024,December,Scopus,College of Computer and Information Sciences,Scientific,Kernel random forest with black hole optimization for heart diseases prediction using data fusion,PeerJ Computer Science
2024,December,Scopus,College of Computer and Information Sciences,Scientific,LesionNet: an automated approach for skin lesion classification using SIFT features with customized convolutional neural network,Frontiers in Medicine
2024,December,Scopus,College of Computer and Information Sciences,Scientific,Mathematical Modeling and Simulation of Traffic Flow Control in Urban Environments Using Fuzzy Deep Neural Network With Optimization Algorithm,IEEE Access
2024,December,Scopus,College of Computer and Information Sciences,Scientific,Modeling of Bayesian machine learning with sparrow search algorithm for cyberattack detection in IIoT environment,Scientific Reports
2024,December,Scopus,College of Computer and Information Sciences,Scientific,Multimodal biometric identification: leveraging convolutional neural network (CNN) architectures and fusion techniques with fingerprint and finger vein data,PeerJ Computer Science
2024,December,Scopus,College of Computer and Information Sciences,Scientific,Multimodal Human Action Recognition Framework Using an Improved CNNGRU Classifier,IEEE Access
2024,December,Scopus,College of Computer and Information Sciences,Scientific,Next-Generation Edge Cloud-To-Thing Continuum Model For Evaluating Children's Motor Skills Using Deep Learning Algorithm,Fractals
2024,December,Scopus,College of Computer and Information Sciences,Scientific,Ophthalmic image processing for disease detection,Journal of Optics (India)
2024,December,Scopus,College of Computer and Information Sciences,Scientific,"Optimizing 5G network performance with dynamic resource allocation, robust encryption and Quality of Service (QoS) enhancement",PeerJ Computer Science
2024,December,Scopus,College of Computer and Information Sciences,Scientific,Optimizing makespan and resource utilization in cloud computing environment via evolutionary scheduling approach,PLoS ONE
2024,December,Scopus,College of Computer and Information Sciences,Scientific,Peak To Average Power Computing And Optimization Of Optical Otfs 5g Waveform Using Hybrid Fractal-Based Signal Processing Algorithm,Fractals
2024,December,Scopus,College of Computer and Information Sciences,Scientific,Performance improvement of THz MIMO antenna with graphene and prediction bandwidth through machine learning analysis for 6G application,Results in Engineering
2024,December,Scopus,College of Computer and Information Sciences,Scientific,PQ-LEACH: A novel post-quantum protocol for securing WSNs communication,International Journal of Engineering Business Management
2024,December,Scopus,College of Computer and Information Sciences,Scientific,Precise grading of non-muscle invasive bladder cancer with multi-scale pyramidal CNN,Scientific Reports
2024,December,Scopus,College of Computer and Information Sciences,Scientific,Privacy Preservation in IoT Devices by Detecting Obfuscated Malware Using Wide Residual Network,"Computers, Materials and Continua"
2024,December,Scopus,College of Computer and Information Sciences,Scientific,Proposed Explainable Interference Control Technique in 6G Networks Using Large Language Models (LLMs),Electronics (Switzerland)
2024,December,Scopus,College of Computer and Information Sciences,Scientific,"REDUCING PAPR IN OTFS 6G WAVEFORMS USING PARTICLE SWARM OPTIMIZATION-BASED PTS AND SLM TECHNIQUES WITH 64, 256, AND 512 SUB-CARRIERS IN RICIAN AND RAYLEIGH CHANNELS",Fractals
2024,December,Scopus,College of Computer and Information Sciences,Scientific,Regression supervised model techniques THz MIMO antenna for 6G wireless communication and IoT application with isolation prediction,Results in Engineering
2024,December,Scopus,College of Computer and Information Sciences,Scientific,RESEARCH ARTICLE TRI-POSE-Net: Adaptive 3D human pose estimation through selective kernel networks and self-supervision with trifocal tensors,PLoS ONE
2024,December,Scopus,College of Computer and Information Sciences,Scientific,Robust Human Interaction Recognition Using Extended Kalman Filter,"Computers, Materials and Continua"
2024,December,Scopus,College of Computer and Information Sciences,Scientific,Securing air defense visual information with hyperchaotic Folded Towel Map-Based encryption,AIMS Mathematics
2024,December,Scopus,College of Computer and Information Sciences,Scientific,Securing X-Ray Images Into Cover Images Using Hybrid EBS Steganography With Five-Layer Cryptography,IEEE Access
2024,December,Scopus,College of Computer and Information Sciences,Scientific,Security of End-to-End medical images encryption system using trained deep learning encryption and decryption network,Egyptian Informatics Journal
2024,December,Scopus,College of Computer and Information Sciences,Scientific,Sensor Infused Emperor Penguin Optimized Deep Maxout Network for Paralyzed Person Monitoring,IEEE Sensors Journal
2024,December,Scopus,College of Computer and Information Sciences,Scientific,Sentiment Analysis of Arabic Tweets using ARABERT as a fine tuner and feature extractors,"Proceedings - Swiss Conference on Data Science, SDS"
2024,December,Scopus,College of Computer and Information Sciences,Scientific,Soft Attention Based Efficientnetv2b3 Model for Skin Cancer's Disease Classification Using Dermoscopy Images,IEEE Access
2024,December,Scopus,College of Computer and Information Sciences,Scientific,Sports Events Recognition Using Multi Features and Deep Belief Network,"Computers, Materials and Continua"
2024,December,Scopus,College of Computer and Information Sciences,Scientific,The Treatment of Amblyopia and Astigmatism through Eye Tracking and Serious Games,W4A 2024 - 21st International Web for All Conference
2024,December,Scopus,College of Computer and Information Sciences,Scientific,"Ultra-wideband microstrip folded antenna for wireless LAN, 5G and Internet of Things applications",Scientific Reports
2024,December,Scopus,College of Computer and Information Sciences,Scientific,Using Machine Learning for Detection and Prediction of Chronic Diseases,IEEE Access
2024,December,Scopus,College of Computer and Information Sciences,Scientific,Virtual Reality and Gamification in Hospitality Education at Front Desk,TEM Journal
2024,December,Scopus,College of Computer and Information Sciences,Scientific,XAI-Augmented Voting Ensemble Models for Heart Disease Prediction: A SHAP and LIME-Based Approach,Bioengineering
2024,December,Scopus,College of Computer and Information Sciences,Scientific,Optimizing Vertebral Lesion Diagnosis: A CAD-Driven Machine Learning Classification System with Multi-Modal MRI Texture Analysis,IEEE Access
2024,December,Scopus,College of Computer and Information Sciences,Scientific,Dynamic Secure Multi-Access Scheme for Interaction in Internet of Vehicles,IEEE Transactions on Vehicular Technology
2024,December,Scopus,College of Computer and Information Sciences,Scientific,Modeling and Control of a 3DOF Robot Manipulator Using Artificial Fuzzy-Immune FOPID Controller,IEEE Access
2024,December,Scopus,College of Computer and Information Sciences,Scientific,DBCW-YOLO: an advanced YOLOv5 framework for precision detection of surface defects in steel,Revista Materia
2024,December,Scopus,College of Computer and Information Sciences,Scientific,Pilling analysis for textile grading of synthetic fibre material using image processing and machine learning techniques,Revista Materia
2024,December,Scopus,College of Computer and Information Sciences,Scientific,"Precision crack analysis in concrete structures using CNN, SVM, and KNN: a machine learning approach",Revista Materia
2024,December,Scopus,College of Computer and Information Sciences,Scientific,JusticeAI: A Large Language Models Inspired Collaborative and Cross-Domain Multimodal System for Automatic Judicial Rulings in Smart Courts,IEEE Access
2024,December,Scopus,College of Computer and Information Sciences,Scientific,Modeling of Bayesian-Based Optimized Transfer Learning Model for Cyber-Attack Detection in Internet of Things Assisted Resource Constrained Systems,IEEE Access
2024,December,Scopus,College of Computer and Information Sciences,Scientific,Optimizing Security Protocol: A Synergy of Bio-Inspired Planet Optimization Algorithm With Ensemble Learning-Based Attack Detection for Connected and Autonomous Vehicles,IEEE Access
2024,December,Scopus,College of Computer and Information Sciences,Scientific,Machine Learning and Fog Computing-Enabled Sensor Drift Management in Precision Agriculture,IEEE Sensors Journal
2024,December,Scopus,College of Computer and Information Sciences,Scientific,ℱsign-Net: Depth Sensor Aggregated Frame-Based Fourier Network for Sign Word Recognition,IEEE Sensors Journal
2024,December,Scopus,College of Computer and Information Sciences,Scientific,Design of Super Resolution and Fuzzy Deep Learning Architecture for the Classification of Land Cover and Landsliding using Aerial Remote Sensing Data,IEEE Journal of Selected Topics in Applied Earth Observations and Remote Sensing
2024,December,Scopus,College of Computer and Information Sciences,Scientific,FMANet: Super-Resolution Inverted Bottleneck-Fused Self-Attention Architecture for Remote Sensing Satellite Image Recognition,IEEE Journal of Selected Topics in Applied Earth Observations and Remote Sensing
2024,December,Scopus,College of Computer and Information Sciences,Scientific,EDSSR: a secure and power-aware opportunistic routing scheme for WSNs,Scientific Reports
2024,December,Scopus,College of Computer and Information Sciences,Scientific,Implementation of a novel secured authentication protocol for cyber security applications,Scientific Reports
2024,December,Scopus,College of Sports Science and Physical Activity,Humanitarian ,Cold Plasma Technology: A Sustainable Approach to Milk Preservation by Reducing Pathogens and Enhancing Oxidative Stability,Sustainability (Switzerland)
2024,December,Scopus,College of Sports Science and Physical Activity,Humanitarian ,"PREPARATION AND CHARACTERIZATIONS OF METAL-BASED COMPLEXES DERIVED FROM THE REACTION OF TRIZMA BASE WITH Mg(II), Ca(II), AND Ba(II) IONS",Bulletin of the Chemical Society of Ethiopia
2024,December,Scopus,College of Sports Science and Physical Activity,Humanitarian ,"STRUCTURAL, SPECTROSCOPIC, AND MORPHOLOGICAL CHARACTERIZATIONS OF METAL-BASED COMPLEXES DERIVED FROM THE REACTION OF 1-PHENYL-2-THIOUREA WITH Sr2+, Ba2+, Cr3+, AND Fe3+ IONS",Bulletin of the Chemical Society of Ethiopia
2024,December,Scopus,College of Sports Science and Physical Activity,Humanitarian ,"THEORETICAL INVESTIGATION OF COMPLEXES OF URANYL(II), VANADYL(II) AND ZIRCONYL(II) WITH VITAMIN B13 AS CANDIDATE COMPOUNDS AS ANTI-NONALCOHOLIC FATTY LIVER DISEASE AND DIABETES MELLITUS TARGETS",Bulletin of the Chemical Society of Ethiopia
2024,December,Scopus,College of Sports Science and Physical Activity,Humanitarian ,"THEORETICAL INVESTIGATION OF NORFLOXACIN HYBRID COMPOUNDS WITH SILVER, COPPER, AND GOLD METALS AS POTENTIAL ANTICANCER AGENTS",Bulletin of the Chemical Society of Ethiopia
2024,December,Scopus,College of Sports Science and Physical Activity,Humanitarian ,"Fortification of yogurt with cloves extract: Quality characteristics, sensory attributes, and antioxidant evaluation",Italian Journal of Food Science
2024,December,WOS,Health Sciences Research Centre,Health-related / Medical,Preparation and characterizations of chitosan-octanoate nanoparticles for efficient delivery of curcumin into prostate cancer cells,3 BIOTECH
2024,December,Scopus,Health Sciences Research Centre,Health-related / Medical,Sarcopenia of Ageing: Does a Healthier Lifestyle Matter in Reversing the Trajectory? A Brief Narrative Review and a Call for Action in Saudi Arabia,Saudi Journal of Medicine and Medical Sciences
2024,December,Scopus,Health Sciences Research Centre,Health-related / Medical,The DFT Revelation of Optical Properties for Solid-State Anthracene Chalcone Compounds Containing Halogen Groups Modulated by a Charge Transfer Cocrystal Strategy,Crystal Growth and Design
2024,December,Scopus,Health Sciences Research Centre,Health-related / Medical,"Nanoarchitectonics of biohybrid polymer nanocomposite of carboxylated chitosan-phthalate/SnO2 nanoparticles for dye wastewater treatment: characterisation, isotherm, kinetic, and adsorption optimisation",International Journal of Environmental Analytical Chemistry
2024,December,Scopus,King Abdullah bin Abdulaziz University Hospital\College of Health and Rehabilitation Sciences,Health-related / Medical,Oral and Pharyngeal Diverticula: A Rare Case of Dysphagia and Diagnostic Challenges,Medicina (Lithuania)
2024,December,Scopus,King Abdullah bin Abdulaziz University Hospital\College of pharmacy,Health-related / Medical,"Correction to: Exploring women’s perception and attitude towards antidepressant use: a cross-sectional study (BMC Women's Health, (2024), 24, 1, (453), 10.1186/s12905-024-03277-8)",BMC Women's Health
2024,December,Scopus,King Abdullah bin Abdulaziz University Hospital\College of Dentistry,Health-related / Medical,Quality of Life in Patients with Endodontically Treated Teeth: A Retrospective Study at an Educational Hospital,Healthcare (Switzerland)
