Publication Year,Month,Category,college,Research field ,Title,Source Title
2025,January,WOS,College of Education and Human Development,Humanitarian ,Sustainable Entrepreneurial Intention Among University Students: Synergetic Moderation of Entrepreneurial Fear and Use of Artificial Intelligence in Teaching,SUSTAINABILITY
2025,January,WOS,College of Education and Human Development,Humanitarian ,The Effects of Using Augmented Reality on Phoneme and Word Reading for First Grade Students With Autism and Developmental Delays,JOURNAL OF SPECIAL EDUCATION TECHNOLOGY
2025,January,WOS,College of Education and Human Development,Humanitarian ,The enigmatic role of SIRT2 in the cardiovascular system: Deciphering its protective and detrimental actions to unlock new avenues for therapeutic intervention,CURRENT PROBLEMS IN CARDIOLOGY
2025,January,WOS,College of Nursing,Health-related / Medical,Assessing neonatal nurses: transitioning preterm infants to oral feeding - a multicenter cross-sectional study,BMC NURSING
2025,January,WOS,College of Nursing,Health-related / Medical,Decorin alleviates non-alcoholic fatty liver disease in rats with polycystic ovary syndrome,TISSUE & CELL
2025,January,WOS,College of Nursing,Health-related / Medical,Enhanced antitumor efficacy of nanostructured lipid carrier co-loaded with docetaxel and 5-fluorouracil for targeted gastric cancer therapy,MEDICAL ONCOLOGY
2025,January,WOS,College of Nursing,Health-related / Medical,Evaluation of the performance of nursing students taught using online and offline learning models in emergency and critical care nursing during the COVID-19 pandemic,JAPAN JOURNAL OF NURSING SCIENCE
2025,January,WOS,College of Nursing,Health-related / Medical,"Gender differences in acute and perceived stress, bullying, and academic motivation among nursing and midwifery students",BMC NURSING
2025,January,WOS,College of Nursing,Health-related / Medical,"Prevalence, consequences, and contributing factors beyond verbal and physical workplace violence against nurses in peripheral hospitals",FRONTIERS IN PUBLIC HEALTH
2025,January,WOS,College of Nursing,Health-related / Medical,Quality management for nurses performance and commitment on government hospitals: A cross-sectional study,MEDICINE
2025,January,WOS,College of Nursing,Health-related / Medical,Targeting the Hippo and Rap1 signaling pathways: the anti-proliferative effects of curcumin in colorectal cancer cell lines,MEDICAL ONCOLOGY
2025,January,WOS,College of Health and Rehabilitation Sciences,Health-related / Medical,Bipolar Disorders in Saudi Arabia: What Do We Know So Far?,SAUDI JOURNAL OF MEDICINE & MEDICAL SCIENCES
2025,January,WOS,College of Health and Rehabilitation Sciences,Health-related / Medical,Effects of Physiotherapy Interventions for Poststroke Fatigue: A Systematic Review,STROKE
2025,January,WOS,College of Health and Rehabilitation Sciences,Health-related / Medical,Maximizing phonation: impact of inspiratory muscle strengthening on vocal durations and pitch range,BMC PULMONARY MEDICINE
2025,January,WOS,College of Health and Rehabilitation Sciences,Health-related / Medical,Multimodal MRI analysis of microstructural and functional connectivity brain changes following systematic audio-visual training in a virtual environment,NEUROIMAGE
2025,January,WOS,College of Health and Rehabilitation Sciences,Health-related / Medical,On the effectiveness and precision of BDF2-discontinuous Galerkin scheme for nonlinear nonlocal reaction-diffusion models,ZEITSCHRIFT FUR ANGEWANDTE MATHEMATIK UND PHYSIK
2025,January,WOS,College of Health and Rehabilitation Sciences,Health-related / Medical,Ultrasonographic Assessment of Uterine Measurements and Endometrial Thickness Among Healthy Saudi Females Sample,INTERNATIONAL JOURNAL OF WOMENS HEALTH
2025,January,WOS,College of Health and Rehabilitation Sciences,Health-related / Medical,Use and Perceptions of Mobile Mental Health Applications Among Healthcare Workers in Saudi Arabia,JOURNAL OF NERVOUS AND MENTAL DISEASE
2025,January,WOS,College of pharmacy,Health-related / Medical,"A REVIEW ON THE ROLE OF NANOPARTICLES FOR TARGETED BRAIN DRUG DELIVERY: SYNTHESIS, CHARACTERIZATION, AND APPLICATIONS",EXCLI JOURNAL
2025,January,WOS,College of pharmacy,Health-related / Medical,"Ameliorative role of camel protein hydrolysates diet against alkaline stress in Oreochrmis niloticus: Hematology, immune responses and their regulating genes expression, and histopathological assays",VETERINARY RESEARCH COMMUNICATIONS
2025,January,WOS,College of pharmacy,Health-related / Medical,Clinical Characteristics and Outcomes of Deep Vein Thrombosis in Relation to Location: A Retrospective Analysis Study,CLINICAL AND APPLIED THROMBOSIS-HEMOSTASIS
2025,January,WOS,College of pharmacy,Health-related / Medical,"Design, synthesis, and in silico studies of new quinazolinones tagged thiophene, thienopyrimidine, and thienopyridine scaffolds as antiproliferative agents with potential p38α MAPK kinase inhibitory effects",RSC ADVANCES
2025,January,WOS,College of pharmacy,Health-related / Medical,"Effects of camel whey protein hydrolysate on growth, nutrient metabolism, and tight junction protein gene expression in Oreochromis niloticus under hypoxia stress",AQUACULTURE INTERNATIONAL
2025,January,WOS,College of pharmacy,Health-related / Medical,Evaluating the risk of acute kidney injury and mortality associated with concomitant use of vancomycin with piperacillin/tazobactam or meropenem in critically ill and non-critically ill patients: a systematic review and meta-analysis,BMC INFECTIOUS DISEASES
2025,January,WOS,College of pharmacy,Health-related / Medical,Evaluation of Effectiveness and Safety of Dexmedetomidine in non-Mechanically Ventilated COVID-19 Critically ill Patients: A Multicentre Cohort Study,JOURNAL OF INTENSIVE CARE MEDICINE
2025,January,WOS,College of pharmacy,Health-related / Medical,"Formulation of Rutin Lipid Nanoparticles-Based Gel: in vitro Characterization, Molecular Docking and Cytotoxicity Assessment",CHEMISTRYSELECT
2025,January,WOS,College of pharmacy,Health-related / Medical,"New quinazolone-sulfonate conjugates with an acetohydrazide linker as potential antimicrobial agents: design, synthesis and molecular docking simulations",RSC ADVANCES
2025,January,WOS,College of pharmacy,Health-related / Medical,Patients' views and experiences of the first community pharmacy-based medication therapy management clinic in the Middle East and North Africa (MENA): A qualitative study,CANADIAN PHARMACISTS JOURNAL
2025,January,WOS,College of pharmacy,Health-related / Medical,Rosa moschata ameliorates haloperidol-induced Parkinson's disease via reduction of neurodegeneration and oxidative stress,ASIAN PACIFIC JOURNAL OF TROPICAL BIOMEDICINE
2025,January,WOS,College of pharmacy,Health-related / Medical,Theoretical investigations on analysis and optimization of freeze drying of pharmaceutical powder using machine learning modeling of temperature distribution,SCIENTIFIC REPORTS
2025,January,WOS,College of pharmacy,Health-related / Medical,Wealth-based inequalities in tuberculosis prevalence among households having children and young adults in India: insights from Indian demographic and health surveys (2015-2021),BMC INFECTIOUS DISEASES
2025,January,WOS,College of Medicine,Health-related / Medical,Effects of Teprotumumab on Eyelid Retraction in Thyroid Eye Disease,OPHTHALMIC PLASTIC AND RECONSTRUCTIVE SURGERY
2025,January,WOS,College of Medicine,Health-related / Medical,N-acetylcysteine as a promising treatment for COVID-19: A comprehensive meta-analysis of systemic manifestations and clinical outcomes,ITALIAN JOURNAL OF FOOD SCIENCE
2025,January,WOS,College of Medicine,Health-related / Medical,Oxytocin ameliorates lipopolysaccharide-induced acute orchitis model: interplay of oxidative stress and inflammatory pathways,FRONTIERS IN PHARMACOLOGY
2025,January,WOS,College of Science,Scientific,A comparative study of numerical methods for singularly perturbed boundary value problems,JOURNAL OF MATHEMATICS AND COMPUTER SCIENCE-JMCS
2025,January,WOS,College of Science,Scientific,A new probabilistic model with properties and Monte Carlo simulation: Its explorations in dance education and music engineering,ALEXANDRIA ENGINEERING JOURNAL
2025,January,WOS,College of Science,Scientific,A Novel and Efficient Iterative Approach to Approximating Solutions of Fractional Differential Equations,MATHEMATICS
2025,January,WOS,College of Science,Scientific,A novel DyCoO3@rGO nanocomposite electrode material for hybrid supercapacitor devices,JOURNAL OF ALLOYS AND COMPOUNDS
2025,January,WOS,College of Science,Scientific,A promising high-sensitive 1D photonic crystal magnetic field sensor based on the coupling of Fano\Tamm resonance in far IR region,SCIENTIFIC REPORTS
2025,January,WOS,College of Science,Scientific,A pyrene-based hydrogen-bonded framework with excimer induced ratiometric emission for discriminative luminescence detection of metal ions,MICROPOROUS AND MESOPOROUS MATERIALS
2025,January,WOS,College of Science,Scientific,A sustainable exploitation of high-protein feather waste for production of cold-adapted keratinase by Penicillium lanosocoeruleum KSA-55,ELECTRONIC JOURNAL OF BIOTECHNOLOGY
2025,January,WOS,College of Science,Scientific,Alien Euphorbia hirta L. Induces Soil Sickness and Reduces Cover and Diversity of Native Species,JOURNAL OF SOIL SCIENCE AND PLANT NUTRITION
2025,January,WOS,College of Science,Scientific,Anew asymmetrical probability model: Its empirical exploration using the price quotations of the ceramic products,ALEXANDRIA ENGINEERING JOURNAL
2025,January,WOS,College of Science,Scientific,Antibacterial and self-cleaning cellulosic fabrics mediated by ecofriendly synthesized selenium and titania nanoparticles,CELLULOSE
2025,January,WOS,College of Science,Scientific,"Antimicrobial dynamics and DNA nicking within 1,3-propanediaminium dibromide and dichloride supramolecular frameworks: The critical role of strong hydrogen bonding and subtle molecular interactions",JOURNAL OF MOLECULAR STRUCTURE
2025,January,WOS,College of Science,Scientific,Antioxidant and lipoxygenase inhibitory properties of a novel flavonoid from Pistacia chinensis Bunge and its molecular docking analysis,TRADITIONAL MEDICINE RESEARCH
2025,January,WOS,College of Science,Scientific,Are irbesartan and losartan ecotoxic for free-living marine nematodes? Response elements from taxonomic and functional features,REGIONAL STUDIES IN MARINE SCIENCE
2025,January,WOS,College of Science,Scientific,Artificial neural network validation of MHD natural bioconvection in a square enclosure: entropic analysis and optimization,ACTA MECHANICA SINICA
2025,January,WOS,College of Science,Scientific,Assessing the effects of homofermentative Lactiplantibacillus plantarum K25 and heterofermentative Limosilactobacillus fermentum 13-1 on the flavor and functional characteristics of fermented milk analyzed by metabolomics approach,ITALIAN JOURNAL OF FOOD SCIENCE
2025,January,WOS,College of Science,Scientific,Biosensing of Lactic Acid Enantiomers in Beverages: A Review,IEEE SENSORS JOURNAL
2025,January,WOS,College of Science,Scientific,Bismuth niobium oxide (BiNbO4) coated on rGO nanocomposite formation for the application of the supercapacitor,MATERIALS SCIENCE AND ENGINEERING B-ADVANCED FUNCTIONAL SOLID-STATE MATERIALS
2025,January,WOS,College of Science,Scientific,Boundedness on variable exponent Morrey-Herz space for fractional multilinear Hardy operators,AIMS MATHEMATICS
2025,January,WOS,College of Science,Scientific,"Broad-spectrum bioactivities of a sulfated heteropolysaccharide from Bacillus tequilensis MYG163: antioxidant, anti-Inflammatory, anticancer, antimicrobial, and antibiofilm properties",JOURNAL OF TAIBAH UNIVERSITY FOR SCIENCE
2025,January,WOS,College of Science,Scientific,"Characterization of a new pyran derivative: Synthesis, structure, and DFT analysis",JOURNAL OF MOLECULAR STRUCTURE
2025,January,WOS,College of Science,Scientific,"Chemical preparation, thermal behavior, magnetic properties and biological activities of a new manganese chloride templated by piperazine (C4H12N2)[MnCl4(H2O)2]",INORGANICA CHIMICA ACTA
2025,January,WOS,College of Science,Scientific,"Combating Mercury Stress in Spinach (Spinacia oleracea L.) with Zinc Oxide and Providencia Vermicola, Assessing Changes in Defense Mechanism and Organic Acid Exudation Patterns",JOURNAL OF SOIL SCIENCE AND PLANT NUTRITION
2025,January,WOS,College of Science,Scientific,Comprehensive investigation of the mechanical performance and evaluate the environmental impact of epoxy and polyester polymer concrete,CASE STUDIES IN CONSTRUCTION MATERIALS
2025,January,WOS,College of Science,Scientific,Detection of malicious URLs using Temporal Convolutional Network and Multi-Head Self-Attention mechanism,APPLIED SOFT COMPUTING
2025,January,WOS,College of Science,Scientific,"Dielectric, optical properties, γ-ray/neutron shielding capacity of bismo-borate glasses reinforced with CeO2",APPLIED PHYSICS A-MATERIALS SCIENCE & PROCESSING
2025,January,WOS,College of Science,Scientific,"Dietary purslane (Portulaca oleracea L.) leaf powder maintains growth and intestinal health in Oreochromis niloticus under chronic water-borne cadmium exposure by strengthening the gut barriers, modulating the intestinal nutrient transporters, and relieving oxidative stress",FISH PHYSIOLOGY AND BIOCHEMISTRY
2025,January,WOS,College of Science,Scientific,"Dietary supplementation with fermented prebiotics and probiotics can increase growth, immunity, and histological alterations in Pacific whiteleg shrimp (Litopenaeus vannamei) challenged with Vibrio parahaemolyticus",AQUACULTURE INTERNATIONAL
2025,January,WOS,College of Science,Scientific,Dissipative disorder analysis of Homann flow of Walters B fluid with the applications of solar thermal energy absorption aspects,APPLIED WATER SCIENCE
2025,January,WOS,College of Science,Scientific,DSIA U-Net: deep shallow interaction with attention mechanism UNet for remote sensing satellite images,SCIENTIFIC REPORTS
2025,January,WOS,College of Science,Scientific,Dynamic squeezing flow analysis of transient aluminium alloy nanomaterials under variable magnetism and exponential heat source between two parallel plates,MULTISCALE AND MULTIDISCIPLINARY MODELING EXPERIMENTS AND DESIGN
2025,January,WOS,College of Science,Scientific,Effect of Optical Properties on Ag/MWCNTs Nanostructured Materials Prepared by Laser Physical Method for the Removal of Methylene Orange dye: Kinetic and Isotherm Studies,JOURNAL OF INORGANIC AND ORGANOMETALLIC POLYMERS AND MATERIALS
2025,January,WOS,College of Science,Scientific,Effect of the optical bandgap energy and charge transfer resistance (Rct) on the catalytic behaviour of CNTs based catalyst for photocatalytic applications,EMERGENT MATERIALS
2025,January,WOS,College of Science,Scientific,Effects of Charge on Perfect Fluid Stellar Structure and Moment of Inertia in f(R) Gravity,INTERNATIONAL JOURNAL OF THEORETICAL PHYSICS
2025,January,WOS,College of Science,Scientific,Electrochemical and corrosion protection performance of Sr-HaP/PoPD coated LN stainless steel,JOURNAL OF THE TAIWAN INSTITUTE OF CHEMICAL ENGINEERS
2025,January,WOS,College of Science,Scientific,"Elucidating the effect of different divalent metals (Mn, Co, Cu, and Zn) on optical, photocatalytic degradation, reusability and ionizing radiation attenuation properties of lanthanum ferrite nanoparticles",RADIATION PHYSICS AND CHEMISTRY
2025,January,WOS,College of Science,Scientific,Enhanced efficiency of the electrode by doping of neodymium on SmFeO3 for the application of supercapacitor,INORGANIC CHEMISTRY COMMUNICATIONS
2025,January,WOS,College of Science,Scientific,"Enhanced Linear, Nonlinear Optical, and Modulus Dielectric Properties of Fluorescein Sodium Salt Dye Embedded Within Epoxy Resin Composite Materials for Renewable Energy Applications",BRAZILIAN JOURNAL OF PHYSICS
2025,January,WOS,College of Science,Scientific,"Enhanced radiation shielding via incorporating europium oxide in 316L stainless steel: Synthesis, physical, microstructural, shielding, and mechanical properties",JOURNAL OF MATERIALS RESEARCH AND TECHNOLOGY-JMR&T
2025,January,WOS,College of Science,Scientific,Enhancing soybean germination and vigor under water stress: the efficacy of bio-priming with sodium carboxymethyl cellulose and gum arabic,FRONTIERS IN PLANT SCIENCE
2025,January,WOS,College of Science,Scientific,Evaluation of the electrical behavior of tungsten trioxide and cobalt oxide nanoparticles filled poly (ε-caprolactone) composite for optoelectronic devices,MATERIALS CHEMISTRY AND PHYSICS
2025,January,WOS,College of Science,Scientific,EVALUATION OF THERMAL AND MECHANICAL PROPERTIES OF ZnSO4-B2O3-P2O5-Ho2O3 GLASS- CERAMICS,QUIMICA NOVA
2025,January,WOS,College of Science,Scientific,Exact stream function solutions for two-dimensional incompressible couple stress fluid flow,ZAMM-ZEITSCHRIFT FUR ANGEWANDTE MATHEMATIK UND MECHANIK
2025,January,WOS,College of Science,Scientific,Exploring fractional Advection-Dispersion equations with computational methods: Caputo operator and Mohand techniques,AIMS MATHEMATICS
2025,January,WOS,College of Science,Scientific,Exploring the electrochemical potential of MoLa2O4/rGO/Co-MOF nanocomposites in energy storage and monosodium glutamate detection,FUEL
2025,January,WOS,College of Science,Scientific,Exploring the gamma-ray shielding performance of boron-rich high entropy alloys,RADIATION PHYSICS AND CHEMISTRY
2025,January,WOS,College of Science,Scientific,"Extended new Painlevé integrable KdV-CBS equation: multiple shocks, lump, breathers, and other physical wave solutions",PHYSICA SCRIPTA
2025,January,WOS,College of Science,Scientific,"Fabrication and characterization of geopolymer-Y2O3 composites: Microstructure, charged particles and neutron shielding properties",RADIATION PHYSICS AND CHEMISTRY
2025,January,WOS,College of Science,Scientific,"Fabrication, optical behavior and structural characteristics of the poly (4-chloroaniline)/silver nanoparticles materials for optical devices",INTERNATIONAL JOURNAL OF POLYMER ANALYSIS AND CHARACTERIZATION
2025,January,WOS,College of Science,Scientific,"Fe2O3/polypyrrole/peanut husk composite for the adsorptive removal of basic blue 41 from the aqueous medium: Kinetics, equilibrium modeling and thermodynamic studies",JOURNAL OF THE INDIAN CHEMICAL SOCIETY
2025,January,WOS,College of Science,Scientific,Fractional q-Deformed Model: Analysis via Singular and Non-Singular Kernels,JOURNAL OF VIBRATION ENGINEERING & TECHNOLOGIES
2025,January,WOS,College of Science,Scientific,Functional profiling of abundant glycosyltransferases in the rhizospheric bacteriome of Abutilon fruticosum,RHIZOSPHERE
2025,January,WOS,College of Science,Scientific,Gamma attenuation and radiation shielding properties of lead silicate glasses containing antimony and alumina oxides,EUROPEAN PHYSICAL JOURNAL PLUS
2025,January,WOS,College of Science,Scientific,"Gamma attenuation, buildup factors, and radiation shielding performance of CaO-borosilicate glasses",JOURNAL OF RADIATION RESEARCH AND APPLIED SCIENCES
2025,January,WOS,College of Science,Scientific,Genetic associations determine the effects of intergenerational and transgenerational stress memory for salinity exposure histories in barley,PLANT CELL REPORTS
2025,January,WOS,College of Science,Scientific,Genetic Insights into Intergenerational Stress Memory and Salt Tolerance Mediated by Antioxidant Responses in Wheat,JOURNAL OF SOIL SCIENCE AND PLANT NUTRITION
2025,January,WOS,College of Science,Scientific,"Harnessing Fe2O3 to improve HAP composites: Investigating radiation shielding, mechanical attributes, and magnetic field effects",RADIATION PHYSICS AND CHEMISTRY
2025,January,WOS,College of Science,Scientific,"Heat Re-process approach and thermally integrated renewable energy system for power, compressed hydrogen, and freshwater production; ANN boosted optimization and techno-enviro-economic analysis",CASE STUDIES IN THERMAL ENGINEERING
2025,January,WOS,College of Science,Scientific,Heat transfer augmentation of Jeffery-Hamel hybrid nanofluid in a stretching convergent/divergent channel through porous medium,AIMS MATHEMATICS
2025,January,WOS,College of Science,Scientific,High sensitive room temperature NH3 gas sensing properties of Bi-doped In2O3 thin films coated by nebulizer spray pyrolysis method,SURFACES AND INTERFACES
2025,January,WOS,College of Science,Scientific,Improved gas sensing capabilities of ZnO:Er nanoparticles synthesized via co-precipitation method,JOURNAL OF SOL-GEL SCIENCE AND TECHNOLOGY
2025,January,WOS,College of Science,Scientific,Improving efficiency of germanium-based perovskite solar cells with graphene interface layer: A strategy to minimize charge recombination,JOURNAL OF PHYSICS AND CHEMISTRY OF SOLIDS
2025,January,WOS,College of Science,Scientific,"In-Depth Chemical Profile by GC-MS, ICP-OES and HPLC-DAD, and InVitro Antioxidant Properties of Lavandula multifida",FOOD ANALYTICAL METHODS
2025,January,WOS,College of Science,Scientific,Influence of titanium and gold platelet morphology on heat transfer in biomagnetic third-grade hybrid nanofluid flow through a vertical channel,CASE STUDIES IN THERMAL ENGINEERING
2025,January,WOS,College of Science,Scientific,Inhibitory Mechanisms of β-Glucuronidase by Hibiscus syriacus Phenolics: Integrating Computational and Experimental Approaches,CHEMISTRYSELECT
2025,January,WOS,College of Science,Scientific,"Innovative Multi-Criteria Group Decision Making with Interval-Valued p, q, r-Spherical Fuzzy Sets: A Case Study on Optimal Solar Energy Investment Location",INTERNATIONAL JOURNAL OF FUZZY SYSTEMS
2025,January,WOS,College of Science,Scientific,Investigating the efficacy of naphthalene-thiazole hybrid hydrazones as α-glucosidase inhibitors,JOURNAL OF MOLECULAR STRUCTURE
2025,January,WOS,College of Science,Scientific,Investigating the properties of CaAl2O4/rGO nanohybrid as an effective electrocatalyst for OER,DIAMOND AND RELATED MATERIALS
2025,January,WOS,College of Science,Scientific,Investigation of LaNiO3 decorated over rGO composite for improved electrocapacitive performance,MATERIALS SCIENCE IN SEMICONDUCTOR PROCESSING
2025,January,WOS,College of Science,Scientific,Investigation of Nonlinear Cylindrical Electrostatic Excitations in Dense Quantum Astrophysical Plasmas,BRAZILIAN JOURNAL OF PHYSICS
2025,January,WOS,College of Science,Scientific,Investigation of radiation shielding properties in BaO-PbO2-B2O3-Y2O3 under Eu-152 radiation,RADIATION PHYSICS AND CHEMISTRY
2025,January,WOS,College of Science,Scientific,"Investigation of structural, magnetic, and dielectric properties of BaFe12O19/Pr1-xSrxCoyMn1-yO3 composites; an emerging aspirant for high frequency applications",PHYSICA SCRIPTA
2025,January,WOS,College of Science,Scientific,"Iron oxide nanoparticles and light intensity modulate biomass, antioxidant capacity and anti-leishmanial activity in callus cultures of Artemisia scoparia",PLANT CELL TISSUE AND ORGAN CULTURE
2025,January,WOS,College of Science,Scientific,"Linear and non-linear optical properties of (Ge1S2)100-x(As2Te3)x (0 ≤x ≤100) films (vol 149,114972,2024)",OPTICAL MATERIALS
2025,January,WOS,College of Science,Scientific,Magnetic and dielectric studies of the La0.8Na0.2Mn0.97Fe0.03O3 sol-gel compound,EUROPEAN PHYSICAL JOURNAL B
2025,January,WOS,College of Science,Scientific,"Magneto-Optoelectronic Investigation of Rare Earth-Based Ba2Dy(Ta,Bi)O6 Double Perovskites",PHYSICA STATUS SOLIDI B-BASIC SOLID STATE PHYSICS
2025,January,WOS,College of Science,Scientific,"Mapping structural, electronic and optoelectronics features in Na2TlSbY6 (Y = Cl,Br): Implications for next-generation photovoltaics",POLYHEDRON
2025,January,WOS,College of Science,Scientific,MathVision: An Accessible Intelligent Agent for Visually Impaired People to Understand Mathematical Equations,IEEE ACCESS
2025,January,WOS,College of Science,Scientific,Nanofibers based on MEH-PPV-P3HT: Elaboration and characterization,POLYMER ENGINEERING AND SCIENCE
2025,January,WOS,College of Science,Scientific,Novel Approximations to the Third- and Fifth-Order Fractional KdV-Type Equations and Modeling Nonlinear Structures in Plasmas and Fluids,BRAZILIAN JOURNAL OF PHYSICS
2025,January,WOS,College of Science,Scientific,Numerical solution of seventh order KdV equations via quintic B-splines collocation method,ALEXANDRIA ENGINEERING JOURNAL
2025,January,WOS,College of Science,Scientific,On the numerical solution of second order delay differential equations via a novel approach,JOURNAL OF MATHEMATICS AND COMPUTER SCIENCE-JMCS
2025,January,WOS,College of Science,Scientific,On the Oblique Propagation of Large Amplitude Dust-Acoustic Solitary Waves in Anisotropic Polarized Magnetoplasma,BRAZILIAN JOURNAL OF PHYSICS
2025,January,WOS,College of Science,Scientific,"On the Solitons, Shocks, and Periodic Wave Solutions to the Fractional Quintic Benney-Lin Equation for Liquid Film Dynamics",MATHEMATICAL METHODS IN THE APPLIED SCIENCES
2025,January,WOS,College of Science,Scientific,"Optical spectroscopy reveals the facile creation of a cut-off laser power attenuation utilizing nanocrystalline Octaethyl-21H,23H-porphine nickel (II) films",OPTICS AND LASER TECHNOLOGY
2025,January,WOS,College of Science,Scientific,Phase transitions and instabilities in microorganism-infused Cross liquid: a numerical study,MULTISCALE AND MULTIDISCIPLINARY MODELING EXPERIMENTS AND DESIGN
2025,January,WOS,College of Science,Scientific,Physical and Gamma-Ray Shielding Characteristics of Borophosphate Glasses Reinforced with Sb2O3: Simulation and Theoretical Approach,JOURNAL OF MATERIALS ENGINEERING AND PERFORMANCE
2025,January,WOS,College of Science,Scientific,"Physical, chemical and radiation shielding properties of metakaolin-based geopolymers containing borosilicate waste glass (vol 224, 112075, 2024)",RADIATION PHYSICS AND CHEMISTRY
2025,January,WOS,College of Science,Scientific,"Physical, thermal properties, FTIR and Raman spectroscopies as well as γ-ray attenuation capacity of borate glasses doped with Mn2+ ions: Role of CaO/Al2O3 substitution",OPTICAL MATERIALS
2025,January,WOS,College of Science,Scientific,Probabilistic Entropy and Other Uncertainty Principles for the Multi-dimensional Special Affine Fourier Transform,CIRCUITS SYSTEMS AND SIGNAL PROCESSING
2025,January,WOS,College of Science,Scientific,"Pumpkin seed oil-loaded chitosan nanoparticles enhance growth, digestive enzymes, and immune response in whiteleg shrimp ( Litopenaeus vannamei): Impacts on histopathology and survival against Vibrio parahaemolyticus",AQUACULTURE REPORTS
2025,January,WOS,College of Science,Scientific,Quantitative analysis of quaternary mixtures in topical creams using cutting-edge HPLC technique: environmental impact and sigma methodology,GREEN CHEMISTRY LETTERS AND REVIEWS
2025,January,WOS,College of Science,Scientific,"Radiation attenuation, dose rate and buildup factors of gallium silicate glass system for nuclear shielding applications",RADIATION PHYSICS AND CHEMISTRY
2025,January,WOS,College of Science,Scientific,"Recent advances, synthesis, modifications and photogenerated carrier dynamics of g-C3N4 for photocatalytic water splitting",INTERNATIONAL JOURNAL OF HYDROGEN ENERGY
2025,January,WOS,College of Science,Scientific,Reliability analysis of new jointly Type-II hybrid NH censored data and its modeling for three engineering cases,ALEXANDRIA ENGINEERING JOURNAL
2025,January,WOS,College of Science,Scientific,RETRACTION: Iron-iridium metal organic framework/nitrogen doped MXene/graphene quantum dots: A leading composite for electrolytic energy storage and hydrogen evolution reaction [Diamond Relat. Mater. 149 (2024) 111653],DIAMOND AND RELATED MATERIALS
2025,January,WOS,College of Science,Scientific,RETRACTION: Recent Advancements in Boron Carbon Nitride (BNC) Nanoscale Materials for Efficient Supercapacitor Performances,PROGRESS IN MATERIALS SCIENCE
2025,January,WOS,College of Science,Scientific,"Roughness of (α, β)-bipolar fuzzy ideals in semigroups",COMPUTATIONAL & APPLIED MATHEMATICS
2025,January,WOS,College of Science,Scientific,Roughness of fuzzy sets by binary relations induced from soft relations with application in decision making,PHYSICA SCRIPTA
2025,January,WOS,College of Science,Scientific,S-allele typing in indigenous hybrid apple cultivars presenting an approach for pollination management and breeding enhancement,PLANT BIOTECHNOLOGY REPORTS
2025,January,WOS,College of Science,Scientific,Scalable fabrication of FeSnO3/gCN (FSO/gCN) nanohybrid: Effective electrocatalyst for oxygen evolution reaction in basic medium,DIAMOND AND RELATED MATERIALS
2025,January,WOS,College of Science,Scientific,Si-N doped eucalyptus biochar supported TiO2-ZnO (Si-N@EBC/ 3TiZn) as novel solar light responsive photocatalyst for enhanced degradation of cationic dye in aqueous solution,WATER RESOURCES AND INDUSTRY
2025,January,WOS,College of Science,Scientific,"Some properties and difference equations for the (q,h)- Frobenius-Genocchi polynomials",JOURNAL OF MATHEMATICS AND COMPUTER SCIENCE-JMCS
2025,January,WOS,College of Science,Scientific,Structural Insights and Drug Repurposing of FDA-Approved Molecules against Human Agmatinase in Cancer Therapy,JOURNAL OF COMPUTATIONAL BIOPHYSICS AND CHEMISTRY
2025,January,WOS,College of Science,Scientific,Study of COVID-19 cases with real data analysis,ALEXANDRIA ENGINEERING JOURNAL
2025,January,WOS,College of Science,Scientific,"Sustainable Microbial Strategies for Enhancing Soil Fertility and Wheat (Triticum aestivum L.) Production (DEC, 10.1007/s42729-024-02147-4, 2024)",JOURNAL OF SOIL SCIENCE AND PLANT NUTRITION
2025,January,WOS,College of Science,Scientific,Synergistic Effect of Sugarcane Bagasse and Zinc Oxide Nanoparticles on Eco-Remediation of Cadmium-Contaminated Saline Soils in Wheat Cultivation,PLANTS-BASEL
2025,January,WOS,College of Science,Scientific,"Synthesis and cyclic voltammetric studies of azo dye compounds derived from 1,5-dihydroxynaphthalene and their application as corrosion inhibitors for carbon steel in hydrochloric acid solution",INTERNATIONAL JOURNAL OF ELECTROCHEMICAL SCIENCE
2025,January,WOS,College of Science,Scientific,"Synthesis, characterization and antimicrobial activity of Ferrocene based bimetallic Zn (II) complexes with mixed-ligands containing 2, 2-bipyridyl and 1, 10-phenanthroline",JOURNAL OF ORGANOMETALLIC CHEMISTRY
2025,January,WOS,College of Science,Scientific,Tailoring MoS2 nanoflakes over MXenes nanobelts for efficient ammonia detection at room temperature,JOURNAL OF ALLOYS AND COMPOUNDS
2025,January,WOS,College of Science,Scientific,"Tailoring the structural, physical, opto-electrical characteristics, neutron and γ-ray attenuation competence of BaO/CeO2 bismo-borate glasses",JOURNAL OF THE AUSTRALIAN CERAMIC SOCIETY
2025,January,WOS,College of Science,Scientific,Temperature and pH dual dependent conformational transition of polyacrylic acid modified by dehydroabietic alcohol,ADVANCED COMPOSITES AND HYBRID MATERIALS
2025,January,WOS,College of Science,Scientific,"The effects of nano-selenium and/or vitamin C on the growth performance, blood health, organ histology, molecular alterations, and disease resistance of Nile tilapia (Oreochromis niloticus) against Saprolegnia ferax",AQUACULTURE INTERNATIONAL
2025,January,WOS,College of Science,Scientific,"The Role of Pseudomonas aeruginosa, Burkholderia phytofirmans and Acinetobacter junii in Phytoremediation of Crude Oil and Stimulation of Physio-Biochemical Activities of Wheat",JOURNAL OF SOIL SCIENCE AND PLANT NUTRITION
2025,January,WOS,College of Science,Scientific,Theoretical assessment of the adsorption mechanism of carvone enantiomers on cow btOR1A1: New microscopic interpretations,INTERNATIONAL JOURNAL OF BIOLOGICAL MACROMOLECULES
2025,January,WOS,College of Science,Scientific,"Theoretical investigation of structure stabilities, electronic and thermodynamic properties of 2D Mo-based MXene Mon+1Xn (X = C, N and n=1, 2, 3)",MATERIALS SCIENCE AND ENGINEERING B-ADVANCED FUNCTIONAL SOLID-STATE MATERIALS
2025,January,WOS,College of Science,Scientific,Thermodynamic topology of Hot NUT-Kerr-Newman-Kasuya-Anti-de Sitter black hole,ASTRONOMY AND COMPUTING
2025,January,WOS,College of Science,Scientific,Topological arrangements in the equatorial timelike circular orbits of regular black holes,NUCLEAR PHYSICS B
2025,January,WOS,College of Science,Scientific,ToRCH pathogens-induced histopathological changes in placental tissues and associated post obstetric complications,ACTA TROPICA
2025,January,WOS,College of Science,Scientific,Triclosan removal using high-silica zeolites: A novel insight via statistical physics modelling,SEPARATION AND PURIFICATION TECHNOLOGY
2025,January,WOS,College of Science,Scientific,"Tuning the optoelectronic, mechanical, and thermodynamic properties of lead-free Mg3NF3 perovskite with tunable strain through DFT study",PHYSICA B-CONDENSED MATTER
2025,January,WOS,College of Science,Scientific,Ultrahigh-resolution atomic localization via superposition of standing waves,COMMUNICATIONS IN THEORETICAL PHYSICS
2025,January,WOS,College of Science,Scientific,Unveiling the potential of Nd2O3 in optimizing the radiation shielding performance of B2O3-TiO2-BaO-ZnO-Nd2O3 glasses,NUCLEAR ENGINEERING AND TECHNOLOGY
2025,January,WOS,College of Science,Scientific,"Bi2O3 Reinforced B2O3-SiO2-MgO Glass System: a Characterization Study Through Physical, Mechanical and Gamma Shields Characteristics",SILICON
2025,January,WOS,College of Science,Scientific,Combined application of methyl jasmonate and Bacillus subtilis LLCG89 suppresses blue and green mold of lemon (Citrus limon L.),PEST MANAGEMENT SCIENCE
2025,January,WOS,College of Science,Scientific,Copper doping in perovskite oxide: a novel route to high-performance oxygen evolution reaction,NEW JOURNAL OF CHEMISTRY
2025,January,WOS,College of Science,Scientific,Dynamical behavior of solitons in the Landau-Ginzburg-Higgs equation by using efficient techniques,INTERNATIONAL JOURNAL OF GEOMETRIC METHODS IN MODERN PHYSICS
2025,January,WOS,College of Science,Scientific,Facile Synthesis of MnCO3/ZrO2/MgCO3 Nanocomposite for High-Efficiency Malachite Green Dye Removal,JOURNAL OF INORGANIC AND ORGANOMETALLIC POLYMERS AND MATERIALS
2025,January,WOS,College of Science,Scientific,Improving WE43/SiC surface nanocomposite properties: a study on post-friction stir processing heat treatment,INTERNATIONAL JOURNAL OF ADVANCED MANUFACTURING TECHNOLOGY
2025,January,WOS,College of Science,Scientific,Novel computations of the time-fractional chemical Schnakenberg mathematical model via non-singular kernel operators,BOUNDARY VALUE PROBLEMS
2025,January,WOS,College of Science,Scientific,One-pot fabrication of highly porous morphology of ferric oxide-ferric oxychloride/poly-O-chloroaniline nanocomposite seeded on poly-1H pyrrole: Photocathode for green hydrogen generation from natural and artificial seawater,OPEN CHEMISTRY
2025,January,WOS,College of Science,Scientific,Performance analysis of functional properties of silk fabric enhanced via in situ grafting modification,POLYMER ENGINEERING AND SCIENCE
2025,January,WOS,College of Science,Scientific,Self-standing block shaped cobalt metal organic frameworks deposited graphite rod electrode for non-enzymatic electrochemical detection of imidacloprid in vegetable and fruit,JOURNAL OF MACROMOLECULAR SCIENCE PART A-PURE AND APPLIED CHEMISTRY
2025,January,WOS,College of Science,Scientific,Stability analysis of isotropic compact stars in Rastall theory of gravity,INTERNATIONAL JOURNAL OF GEOMETRIC METHODS IN MODERN PHYSICS
2025,January,WOS,College of Humanities and Social Sciences,Humanitarian ,M-government and Saudi women's empowerment: a capability approach perspective,INFORMATION TECHNOLOGY FOR DEVELOPMENT
2025,January,WOS,College Of Languages,Humanitarian ,Enhanced automated text categorization via Aquila optimizer with deep learning for Arabic news articles,AIN SHAMS ENGINEERING JOURNAL
2025,January,WOS,College Of Languages,Humanitarian ,The dynamics of translation from and into Arabic in the Arab world: bibliometric analysis of the Index Translationum UNESCO database (1979-2012),HUMANITIES & SOCIAL SCIENCES COMMUNICATIONS
2025,January,WOS,College of Engineering,Scientific,Aspects of heat transfer hybridized micropolar water-based iron oxide and silver nanoparticles across a stretching bidirectional sheet with thermal radiation,JOURNAL OF RADIATION RESEARCH AND APPLIED SCIENCES
2025,January,WOS,College of Engineering,Scientific,Automatic Recognition of Cyberbullying in the Web of Things and social media using Deep Learning Framework,IEEE TRANSACTIONS ON BIG DATA
2025,January,WOS,College of Engineering,Scientific,Effectiveness of heat source/sink and Lorentz force constraints in a non-Newtonian peristaltic arterial blood hybrid nanofluid past an overlapping stenotic artery,CASE STUDIES IN THERMAL ENGINEERING
2025,January,WOS,College of Engineering,Scientific,From light sensing to adaptive learning: hafnium diselenide reconfigurable memcapacitive devices in neuromorphic computing,LIGHT-SCIENCE & APPLICATIONS
2025,January,WOS,College of Engineering,Scientific,HS-WOA: A Hybrid Metaheuristic Approach-Aided Multiobjective Constraints for Dual Cluster Head Selection in Wireless Sensor Network,INTERNATIONAL JOURNAL OF COMMUNICATION SYSTEMS
2025,January,WOS,College of Engineering,Scientific,Machine learning driven multi-hazard risk framework for coastal resilience,JOURNAL OF SOUTH AMERICAN EARTH SCIENCES
2025,January,WOS,College of Business Administration,Scientific,A hybrid Ant Lion Optimization algorithm based lightweight deep learning framework for cyber attack detection in IoT environment,COMPUTERS & ELECTRICAL ENGINEERING
2025,January,WOS,College of Business Administration,Scientific,Energy-Efficient and Trust-Based Autonomous Underwater Vehicle Scheme for 6G-Enabled Internet of Underwater Things,SENSORS
2025,January,WOS,College of Business Administration,Scientific,Enhancing urban agriculture networks: A clustering and multicriteria decision-making approach to sustainability indicators and governance,ECOLOGICAL INDICATORS
2025,January,WOS,College of Business Administration,Scientific,Integrating intuitionistic fuzzy and MCDM methods for sustainable energy management in smart factories,PLOS ONE
2025,January,WOS,College of Business Administration,Scientific,Multi-thermal recovery layout for a sustainable power and cooling production by biomass-based multi-generation system: Techno-economic-environmental analysis and ANN-GA optimization,CASE STUDIES IN THERMAL ENGINEERING
2025,January,WOS,College of Business Administration,Scientific,Sowing the seeds of sustainability: A sociological exploration of environmental sustainability within SME sector,CLIMATE SERVICES
2025,January,WOS,College of Business Administration,Scientific,The Impact of Democracy and Happiness on Environmental Degradation in OECD Countries,NATURAL RESOURCES FORUM
2025,January,WOS,College of Business Administration,Scientific,Comprehensive taxonomy and critical analysis of mitigation approaches for black-hole and gray-hole security attacks in AODV-based VANETs,COMPUTERS & ELECTRICAL ENGINEERING
2025,January,WOS,College of Business Administration,Scientific,"Do Emission Trading Systems, Green Technology, and Environmental Governance Matter for Environmental Quality? Evidence from the European Union",INTERNATIONAL JOURNAL OF ENVIRONMENTAL RESEARCH
2025,January,WOS,College of Business Administration,Scientific,Does green entrepreneurial orientation impact entrepreneurial success through green innovation capability in the manufacturing and services sector of emerging economies?,INTERNATIONAL ENTREPRENEURSHIP AND MANAGEMENT JOURNAL
2025,January,WOS,College of Business Administration,Scientific,Enhancing smart grid reliability through cross-domain optimization of IoT sensor placement and communication links,TELECOMMUNICATION SYSTEMS
2025,January,WOS,College of Business Administration,Scientific,"Interplay between minimalism, moral identity, and ethically minded consumer behavior in retail context: Cross-cultural investigation of Indian and American consumers",JOURNAL OF RETAILING AND CONSUMER SERVICES
2025,January,WOS,College of Business Administration,Scientific,The role of AI adoption in transforming the accounting profession: a diffusion of innovations theory approach,JOURNAL OF ACCOUNTING AND ORGANIZATIONAL CHANGE
2025,January,WOS,College of Business Administration,Scientific,Waste heat recovery cycles integration into a net-Zero emission solar-thermal multi-generation system; Techno-economic analysis and ANN-MOPSO optimization,CASE STUDIES IN THERMAL ENGINEERING
2025,January,WOS,College of Business Administration,Scientific,Women's Participation in Operational and High Managerial Positions in Family Businesses: Evidence From Saudi Context,STRATEGIC CHANGE-BRIEFINGS IN ENTREPRENEURIAL FINANCE
2025,January,WOS,College of Dentistry,Health-related / Medical,"Impact of cartoon-animated video, caregiver-supervised training, and pamphlet on plaque control, oral hygiene status, and oral hygiene knowledge, attitude, and practices in orphaned adolescents: A randomized controlled trial",SPECIAL CARE IN DENTISTRY
2025,January,WOS,College of Dentistry\ College of Science,Health-related / Medical,Pharmacological Profiling of Calotropis Procera and Rhazya Stricta: Unraveling the Antibacterial and Anti-Cancer Potential of Chemically Active Metabolites,JOURNAL OF CANCER
2025,January,WOS,College of Computer and Information Sciences,Scientific,A Novel Hybrid Dynamic Harris Hawks Optimized Gated Recurrent Unit Approach for Breast Cancer Prediction,INTERNATIONAL JOURNAL OF COMPUTATIONAL INTELLIGENCE SYSTEMS
2025,January,WOS,College of Computer and Information Sciences,Scientific,A Novel Remote Sensing Recognition Using Modified GMM Segmentation and DenseNet,IEEE ACCESS
2025,January,WOS,College of Computer and Information Sciences,Scientific,A Novel Telerehabilitation System for Physical Exercise Monitoring in Elderly Healthcare,IEEE ACCESS
2025,January,WOS,College of Computer and Information Sciences,Scientific,A snake optimization algorithm-based feature selection framework for rapid detection of cardiovascular disease in its early stages,BIOMEDICAL SIGNAL PROCESSING AND CONTROL
2025,January,WOS,College of Computer and Information Sciences,Scientific,A two-tier optimization strategy for feature selection in robust adversarial attack mitigation on internet of things network security,SCIENTIFIC REPORTS
2025,January,WOS,College of Computer and Information Sciences,Scientific,ADVANCING DERMATOLOGIC ONCOLOGY USING PARAMETER-REFINED DEEP LEARNING-DRIVEN STRATEGY FOR ENHANCED PRECISION MEDICINE,FRACTALS-COMPLEX GEOMETRY PATTERNS AND SCALING IN NATURE AND SOCIETY
2025,January,WOS,College of Computer and Information Sciences,Scientific,AI-Driven Microscopy: Cutting-Edge Approach for Breast Tissue Prognosis Using Microscopic Images,MICROSCOPY RESEARCH AND TECHNIQUE
2025,January,WOS,College of Computer and Information Sciences,Scientific,Coastal spatial planning using object-based image analysis and image classification techniques,JOURNAL OF SOUTH AMERICAN EARTH SCIENCES
2025,January,WOS,College of Computer and Information Sciences,Scientific,Design of an improved model using federated learning and LSTM autoencoders for secure and transparent blockchain network transactions,SCIENTIFIC REPORTS
2025,January,WOS,College of Computer and Information Sciences,Scientific,Dynamic Secure Multi-Access Scheme for Interaction in Internet of Vehicles,IEEE TRANSACTIONS ON VEHICULAR TECHNOLOGY
2025,January,WOS,College of Computer and Information Sciences,Scientific,Enhancing heart disease classification based on greylag goose optimization algorithm and long short-term memory,SCIENTIFIC REPORTS
2025,January,WOS,College of Computer and Information Sciences,Scientific,Forecasting coastal stability: Digital shoreline analysis system and machine learning techniques in evaluating Impacts of cyclones,REGIONAL STUDIES IN MARINE SCIENCE
2025,January,WOS,College of Computer and Information Sciences,Scientific,Hierarchical graph-based integration network for propaganda detection in textual news articles on social media,SCIENTIFIC REPORTS
2025,January,WOS,College of Computer and Information Sciences,Scientific,Hybrid Neural Network Methods for the Detection of Credit Card Fraud,SECURITY AND PRIVACY
2025,January,WOS,College of Computer and Information Sciences,Scientific,Integrating Two-Tier Optimization Algorithm With Convolutional Bi-LSTM Model for Robust Anomaly Detection in Autonomous Vehicles,IEEE ACCESS
2025,January,WOS,College of Computer and Information Sciences,Scientific,Internet of Things Assisted Plant Disease Detection and Crop Management Using Deep Learning for Sustainable Agriculture,IEEE ACCESS
2025,January,WOS,College of Computer and Information Sciences,Scientific,Leveraging explainable artificial intelligence for emotional label prediction through health sensor monitoring,CLUSTER COMPUTING-THE JOURNAL OF NETWORKS SOFTWARE TOOLS AND APPLICATIONS
2025,January,WOS,College of Computer and Information Sciences,Scientific,Machine learning boosts wind turbine efficiency with smart failure detection and strategic placement,SCIENTIFIC REPORTS
2025,January,WOS,College of Computer and Information Sciences,Scientific,Mathematical modelling-based blockchain with attention deep learning model for cybersecurity in IoT-consumer electronics,ALEXANDRIA ENGINEERING JOURNAL
2025,January,WOS,College of Computer and Information Sciences,Scientific,Multi IRS-Aided Low-Carbon Power Management for Green Communication in 6G Smart Agriculture Using Deep Game Theory,COMPUTATIONAL INTELLIGENCE
2025,January,WOS,College of Computer and Information Sciences,Scientific,Multiple phases modified termite life cycle optimizer for data clustering and engineering optimization,EVOLVING SYSTEMS
2025,January,WOS,College of Computer and Information Sciences,Scientific,Not-A-Knot cubic spline model to predict accurately the viscosity calibration curve of turbine flow meter with experiment validation,FLOW MEASUREMENT AND INSTRUMENTATION
2025,January,WOS,College of Computer and Information Sciences,Scientific,R-CNN Based Vehicle Object Detection via Segmentation Capabilities in Road Scenes,IEEE ACCESS
2025,January,WOS,College of Computer and Information Sciences,Scientific,Uncertainty-aware diabetic retinopathy detection using deep learning enhanced by Bayesian approaches,SCIENTIFIC REPORTS
2025,January,WOS,College of Computer and Information Sciences,Scientific,Utilization of infrared images for object detection: a survey,JOURNAL OF OPTICS-INDIA
2025,January,WOS,College of Computer and Information Sciences,Scientific,Vision Sensor for Automatic Recognition of Human Activities via Hybrid Features and Multi-Class Support Vector Machine,SENSORS
2025,January,WOS,College of Computer and Information Sciences,Scientific,Volumetric Change Assessment and Mapping of Coastal Landform Between 2000 and 2011 Using Remote Sensing and Machine Learning Techniques,OCEAN SCIENCE JOURNAL
2025,January,WOS,College of Sports Science and Physical Activity,Humanitarian ,FTIR characteristics of sweet flour as affected by particle size distribution and in vitro digestibility of gluten-free sweet potato noodles,INTERNATIONAL JOURNAL OF FOOD PROPERTIES
2025,January,WOS,College of Sports Science and Physical Activity,Humanitarian ,Replacing milk fat with pumpkin seed oil in yogurt,ITALIAN JOURNAL OF FOOD SCIENCE
2025,January,WOS,College of Sports Science and Physical Activity,Humanitarian ,"Unlocking the Potential of Celery (Apium graveolens L.) Seeds: How Gamma Radiation Affects Bioactive Compounds, Antioxidant Activity, and Lipid Peroxidation",NATURAL PRODUCT COMMUNICATIONS
2025,January,WOS,College of Sports Science and Physical Activity,Humanitarian ,Utilization of flaxseed powder in controlling lipid oxidation and quality deterioration of fried goat meat patties,COGENT FOOD & AGRICULTURE
2025,January,WOS,Health Sciences Research Centre,Health-related / Medical,Chitosan/Acid Modified Olive Tree (Olea europaea) Leaves as Sustainable Adsorbent for Organic Dye Removal from Water: Adsorption Modeling and Optimization by Box-Behnken Design,INTERNATIONAL JOURNAL OF ENVIRONMENTAL RESEARCH
2025,January,WOS,Health Sciences Research Centre,Health-related / Medical,Impact of resistance training on cardiometabolic health-related indices in patients with type 2 diabetes and overweight/obesity: a systematic review and meta-analysis of randomised controlled trials,BRITISH JOURNAL OF SPORTS MEDICINE
2025,January,WOS,Health Sciences Research Centre,Health-related / Medical,Novel biocomposite of ionic cross-linked chitosan and acid-treated potato ( Solanum tuberosum L.) peel agro-waste for highly efficient removal of methylene blue dye from water,INTERNATIONAL JOURNAL OF BIOLOGICAL MACROMOLECULES
2025,January,WOS,King Abdullah bin Abdulaziz University Hospital,Health-related / Medical,30-day Morbidity and Mortality After Cholecystectomy for Benign Gallbladder Disease (AMBROSE),ANNALS OF SURGERY
2025,January,WOS,King Abdullah bin Abdulaziz University Hospital\ College of Medicine,Health-related / Medical,"An approach to COVID-19 and oncology: From impact, staging and management to vaccine outcomes in cancer patients: A systematic review and meta-analysis",EXPERIMENTAL AND THERAPEUTIC MEDICINE
2025,February,WOS,College of Arts and Design,Humanitarian ,Fabric pattern recognition using image processing and AHP method,AUTEX RESEARCH JOURNAL
2025,February,WOS,College of Nursing,Health-related / Medical,"Investigating the Interplay Between Sleep, Anxiety, and Depression in Chronic Kidney Disease Patients: Implications for Mental Health",HEALTHCARE
2025,February,WOS,College of Nursing,Health-related / Medical,Pediatric Nurses' Challenges in Implementing and Sustaining Clinical Handover in Intensive Care Units: Advocating for the Safety of Critically Ill Paediatric Patients,JOURNAL OF CLINICAL NURSING
2025,February,WOS,College of Nursing,Health-related / Medical,The effect of nursing shared governance educational program on nurse managers' knowledge for sustainable nursing excellence and empowerment,PLOS ONE
2025,February,WOS,College of Nursing,Health-related / Medical,The impact of second-victim syndrome on staff well-being and practice,MEDICINE
2025,February,WOS,College of Nursing,Health-related / Medical,Work stressors and intention to leave among nurses in isolation nursing units during COVID-19: a cross-sectional study,BMC NURSING
2025,February,WOS,College of Health and Rehabilitation Sciences,Health-related / Medical,Carbonated Beverage Consumption Among Saudi Adults Before and After Implementation of Soft Drink Tax,JOURNAL OF COMMUNITY HEALTH
2025,February,WOS,College of Health and Rehabilitation Sciences,Health-related / Medical,"Charting a sustainable future in radiology: evaluating radiologists' knowledge, attitudes, and practices toward environmental responsibility",INSIGHTS INTO IMAGING
2025,February,WOS,College of Health and Rehabilitation Sciences,Health-related / Medical,Do Lumbar Paravertebral Muscle Properties Show Changes in Mothers with Moderate-Severity Low Back Pain Following a Cesarean Birth? A Case-Control Study,JOURNAL OF CLINICAL MEDICINE
2025,February,WOS,College of Health and Rehabilitation Sciences,Health-related / Medical,Effects of Ramadan intermittent fasting on hormones regulating appetite in healthy individuals: A systematic review and meta-analysis,CLINICAL NUTRITION
2025,February,WOS,College of Health and Rehabilitation Sciences,Health-related / Medical,The effectiveness of probiotics or synbiotics in the prevention and treatment of diarrhea among critically ill adults: A systematic review and meta-analysis,CLINICAL NUTRITION ESPEN
2025,February,WOS,College of pharmacy,Health-related / Medical,Insights into simulation-based learning: student and faculty experiences in a PharmD program in Saudi Arabia,BMC MEDICAL EDUCATION
2025,February,WOS,College of pharmacy,Health-related / Medical,Targeted antibacterial and anticancer therapeutics: PEGylated liposomal delivery of turmeric and cinnamon extracts-in vitro and in vivo efficacy,DRUG DEVELOPMENT AND INDUSTRIAL PHARMACY
2025,February,WOS,College of pharmacy,Health-related / Medical,"Targeting Ferroptosis/Nrf2 Pathway Ameliorates AlCl3-Induced Alzheimer's Disease in Rats: Neuroprotective Effect of Morin Hydrate, Zeolite Clinoptilolite, and Physical Plus Mental Activities",INTERNATIONAL JOURNAL OF MOLECULAR SCIENCES
2025,February,WOS,College of Medicine,Health-related / Medical,Chronic pain after colorectal cancer treatment: A population-based cross-sectional study,COLORECTAL DISEASE
2025,February,WOS,College of Medicine,Health-related / Medical,Dexmedetomidine in Bariatric Surgery: A Systematic Review and Meta-Analysis of Its Effects on Postoperative Pain and Postoperative Nausea and Vomiting,JOURNAL OF CLINICAL MEDICINE
2025,February,WOS,College of Science,Scientific,A combined experimental and theoretical investigation via statistical physics for adsorption evaluation of 3 aminophenol (AMP) onto the activated carbon derived from avocado seeds (ASAC) adsorbent,ADSORPTION-JOURNAL OF THE INTERNATIONAL ADSORPTION SOCIETY
2025,February,WOS,College of Science,Scientific,A promising Ag2S/poly-2-amino-1-mercaptobenzene open-top spherical core-shell nanocomposite for optoelectronic devices: A one-pot technique,NANOTECHNOLOGY REVIEWS
2025,February,WOS,College of Science,Scientific,A stability-illustrating HPLC-DAD method for assessment of two veterinary anti-parasitic drugs: appraisal of the method's greenness and blueness,BMC CHEMISTRY
2025,February,WOS,College of Science,Scientific,"Adding to Our Knowledge on the Diatom and Green Algae Biodiversity of Egypt: Some New-to-Science, Poorly Known, and Newly Recorded Species",WATER
2025,February,WOS,College of Science,Scientific,AI-integrated ISPH framework for enhanced heat and mass transfer in NEPCM systems within porous wavy cylindrical annuli,JOURNAL OF ENERGY STORAGE
2025,February,WOS,College of Science,Scientific,An innovative ZnO-NbN composite cathodic electrode with large interfacial contact area for high performance supercapacitor,ELECTROCHIMICA ACTA
2025,February,WOS,College of Science,Scientific,Analytical Bounds for Mixture Models in Cauchy-Stieltjes Kernel Families,MATHEMATICS
2025,February,WOS,College of Science,Scientific,"Borate Glasses Doped with Multiferroic BiNi0.5Fe0.5O3 Nanoparticles: Preparation, Physical, Optical Properties and γ-ray Attenuation Competence",JOM
2025,February,WOS,College of Science,Scientific,Coherent generation of superluminal and subluminal propagation of structured light in five level atomic medium,APPLIED PHYSICS B-LASERS AND OPTICS
2025,February,WOS,College of Science,Scientific,Development of Ce-doped SrTiO3 low-cost electrode material for supercapacitor applications,JOURNAL OF MATERIALS SCIENCE-MATERIALS IN ELECTRONICS
2025,February,WOS,College of Science,Scientific,"DFT Investigations of Non-Toxic Perovskites RbZnX3 (X = F, Cl, and Br): Analyzing the Structural, Electrical, Optical, Mechanical, and Thermodynamic Properties for Suitable Optoelectronic Applications",INTERNATIONAL JOURNAL OF QUANTUM CHEMISTRY
2025,February,WOS,College of Science,Scientific,"Dietary purslane (Portulaca oleracea L.) leaf powder maintains growth and intestinal health in Oreochromis niloticus under chronic water-borne cadmium exposure by strengthening the gut barriers, modulating the intestinal nutrient transporters, and relieving oxidative stress",FISH PHYSIOLOGY AND BIOCHEMISTRY
2025,February,WOS,College of Science,Scientific,Effect of permeability on the interaction between two spheres translating through a couple stress fluid,FLUID DYNAMICS RESEARCH
2025,February,WOS,College of Science,Scientific,Effect of Tb2O3 on mixed alkali borotellurie glass for enhanced green emission and scintillation efficiency,EUROPEAN PHYSICAL JOURNAL-APPLIED PHYSICS
2025,February,WOS,College of Science,Scientific,Efficiency of passive Q-switched regimes in erbium-doped fiber lasers using polarization-dependent and independent isolators: a DFT study of V2CTx band structure and optical properties,OPTICAL MATERIALS EXPRESS
2025,February,WOS,College of Science,Scientific,Electrochemical investigation of CuSe nanoparticles decorated over g-CN nanosheet for supercapacitor applications,JOURNAL OF ALLOYS AND COMPOUNDS
2025,February,WOS,College of Science,Scientific,Evaluation of gamma radiation shielding characteristics of FeNbSc-based alloys,RADIATION EFFECTS AND DEFECTS IN SOLIDS
2025,February,WOS,College of Science,Scientific,Evaluation of porphyrin molecules as effective corrosion inhibitors for copper alloy in sulfuric acid using both experimental and computational approaches,JOURNAL OF ELECTROCHEMICAL SCIENCE AND ENGINEERING
2025,February,WOS,College of Science,Scientific,Evaluation of two inverted Nadarajah-Haghighi production lines via joint progressive type-II censoring with two physical applications,AIP ADVANCES
2025,February,WOS,College of Science,Scientific,"Exploring double perovskites Cs2AgSbX6 (X = Cl, Br, and I) as promising optoelectronic and thermoelectric materials: a first-principles study",PHYSICAL CHEMISTRY CHEMICAL PHYSICS
2025,February,WOS,College of Science,Scientific,"Exploring the benefits of AMF colonization for improving wheat growth, physiology and metabolism, and antimicrobial activity under biotic stress from aphid infection",BMC PLANT BIOLOGY
2025,February,WOS,College of Science,Scientific,Fabrication of efficient MnTe/rGO composite by using sonication method for hybrid supercapacitor devices,JOURNAL OF ENERGY STORAGE
2025,February,WOS,College of Science,Scientific,Fabrication of rGO based ZnFe2S4 nanostructured electrode for high-performance supercapacitors,DIAMOND AND RELATED MATERIALS
2025,February,WOS,College of Science,Scientific,"Fabrication, Physical, Linear and Nonlinear Optical Characteristics of Borophosphate Glasses Reinforced with Gadolinium Oxide: Potential Use in Optical Applications",JOM
2025,February,WOS,College of Science,Scientific,Germanium magnesium tellurium borate glasses doped with thulium ions for enhancing the mechanical and radiation shielding features,APPLIED PHYSICS A-MATERIALS SCIENCE & PROCESSING
2025,February,WOS,College of Science,Scientific,Heat transport efficiency in rheology of radiated casson material due to porous shrinking cylinder,CASE STUDIES IN THERMAL ENGINEERING
2025,February,WOS,College of Science,Scientific,"Hydrostatic Pressure-Driven Insights into Structural, Electronic, Optical, and Mechanical Properties of A3PCl3 (A = Sr, Ba) Cubic Perovskites for Advanced Solar Cell Applications",JOURNAL OF INORGANIC AND ORGANOMETALLIC POLYMERS AND MATERIALS
2025,February,WOS,College of Science,Scientific,Hydrothermally synthesized neodymium-doped Co3O4 nanostructures as electrode for supercapacitor applications,JOURNAL OF MATERIALS SCIENCE-MATERIALS IN ELECTRONICS
2025,February,WOS,College of Science,Scientific,"Impacts of Low Energy Argon Beam on Enhancing the Surface Wettability and Electrical Performance of CA/PANI Films (vol 13, 043017, 2024)",ECS JOURNAL OF SOLID STATE SCIENCE AND TECHNOLOGY
2025,February,WOS,College of Science,Scientific,Individual and Combinatorial Applications of Arbuscular Mycorrhizal Fungi and Plant Growth-Promoting Rhizobacteria Increase Morpho-Physio-Biochemical Responses in Rice (Oryza sativa L.) under Cadmium Stress,JOURNAL OF SOIL SCIENCE AND PLANT NUTRITION
2025,February,WOS,College of Science,Scientific,Injectables in preventing intraoperative bleeding and postoperative ecchymosis in surgical rhinoplasty: a systematic review and network meta-analysis,EUROPEAN JOURNAL OF PLASTIC SURGERY
2025,February,WOS,College of Science,Scientific,"Innovative nanocomposite comprising of ZrO2, MnCO3, and CdCO3 for superior crystal violet dye adsorption: synthesis, characterization, and regeneration insights",SCIENTIFIC REPORTS
2025,February,WOS,College of Science,Scientific,Insight into the impact of the calcination on the catalytic performance of synthetic hematite nano-rods during the photo-Fenton's oxidation of 4-chlorophenol toxic residuals,SURFACES AND INTERFACES
2025,February,WOS,College of Science,Scientific,Investigation of hydrogen storage and energy harvesting potential of double perovskite hydrides A2LiCuH6 (A = Be/Mg/Ca/Sr): A DFT approach,INTERNATIONAL JOURNAL OF HYDROGEN ENERGY
2025,February,WOS,College of Science,Scientific,Investigation of new techniques for energy and its applications,AIP ADVANCES
2025,February,WOS,College of Science,Scientific,Magnetically recyclable Mn and Co doped r-GO based LaFeO3 nano-composite for tuning the optical and solar light driven photo-catalytic applications,JOURNAL OF WATER PROCESS ENGINEERING
2025,February,WOS,College of Science,Scientific,Magneto-electro-thermoelastic interaction in unbounded media containing cylindrical cavities caused by a pulsed heat flux,PHYSICS OF FLUIDS
2025,February,WOS,College of Science,Scientific,Micellization behavior of 12-4-12 Gemini surfactant with sucrose and ribose: Thermodynamic insights and self-aggregation dynamics,JOURNAL OF THE INDIAN CHEMICAL SOCIETY
2025,February,WOS,College of Science,Scientific,New novel solitonic-like solutions describing two dimensional Schrödinger equation with source term,AIP ADVANCES
2025,February,WOS,College of Science,Scientific,Numerical design and optimization of Sb2S3/SnS2 heterojunction solar cells: Performance analysis and insights,MATERIALS SCIENCE AND ENGINEERING B-ADVANCED FUNCTIONAL SOLID-STATE MATERIALS
2025,February,WOS,College of Science,Scientific,On the electrostatic solitary waves in an electron-positron-ion plasma with Cairns-Tsallis distributed electrons,RENDICONTI LINCEI-SCIENZE FISICHE E NATURALI
2025,February,WOS,College of Science,Scientific,On the Tantawy Technique and other methods for analyzing the family of fractional Burgers' equations: Applications to plasma physics,JOURNAL OF LOW FREQUENCY NOISE VIBRATION AND ACTIVE CONTROL
2025,February,WOS,College of Science,Scientific,Optimization and performance analysis of CuBiSCl2 based perovskite solar cells: a comprehensive study,ADSORPTION-JOURNAL OF THE INTERNATIONAL ADSORPTION SOCIETY
2025,February,WOS,College of Science,Scientific,"Overturning and cracking of stellar objects in modified f(R,φ) gravity",EUROPEAN PHYSICAL JOURNAL C
2025,February,WOS,College of Science,Scientific,Oxazolone-Induced Immune Response in Atopic Dermatitis Using a Goat Model and Exploration of the Therapeutic Potential of Pomegranate Peel Extract,ANIMALS
2025,February,WOS,College of Science,Scientific,"Statistical physics quantification of steric, energetic and thermodynamic adsorption attributes of methylene blue onto sodium styreneSulfonate-co-dimethylacrylamide super-adsorbent hydrogel for water detoxification",ADSORPTION-JOURNAL OF THE INTERNATIONAL ADSORPTION SOCIETY
2025,February,WOS,College of Science,Scientific,Structural and chemical reactivity insights of a benzimidazolidinone-based N-heterocycle: a multiapproach quantum-chemical study,CHEMISTRY OF HETEROCYCLIC COMPOUNDS
2025,February,WOS,College of Science,Scientific,"Structural, Electric Modulus, Complex Impedance, and Conductivity Analysis of Ca-ZnO Nanostructured for Optoelectronic Applications",JOURNAL OF ELECTRONIC MATERIALS
2025,February,WOS,College of Science,Scientific,Study on electrocatalytic performance of Sm doped AlFeO3 as an electrocatalyst for OER,JOURNAL OF SOL-GEL SCIENCE AND TECHNOLOGY
2025,February,WOS,College of Science,Scientific,Sudden Decline of the Critical Universal Model for the Nominal Compositions La0.7Ca0.2Sr0.1Mn1-xEuxO3 (x=0 and 0.04) Synthesized by Sol-Gel Technique,JOURNAL OF ELECTRONIC MATERIALS
2025,February,WOS,College of Science,Scientific,Synthesis of novel magnesium ferrite Schiff base chitosan nanocomposite for efficient removal of pb(II) ions from aqueous media,SCIENTIFIC REPORTS
2025,February,WOS,College of Science,Scientific,"Synthesis, Structural Investigations, and Dielectric Properties of Irradiated Flexible Polymeric Composite Films (vol 13, 063003, 2024)",ECS JOURNAL OF SOLID STATE SCIENCE AND TECHNOLOGY
2025,February,WOS,College of Science,Scientific,The combination of composted animal manure and plant growth-promoting rhizobacteria is a sustainable biofertilizer and bionematicide for grapevine (Vitis vinifera L.) cultivars,EUROPEAN JOURNAL OF PLANT PATHOLOGY
2025,February,WOS,College of Science,Scientific,"The effects of nano-selenium and/or vitamin C on the growth performance, blood health, organ histology, molecular alterations, and disease resistance of Nile tilapia (Oreochromis niloticus) against Saprolegnia ferax (vol 33, 65, 2025)",AQUACULTURE INTERNATIONAL
2025,February,WOS,College of Science,Scientific,"The Influence of Neodymium Oxide on the Physical, Dielectric, and Radiation-Shielding Properties of Glasses Composed of Bismuth Zinc Borosilicate",JOURNAL OF INORGANIC AND ORGANOMETALLIC POLYMERS AND MATERIALS
2025,February,WOS,College of Science,Scientific,The role of BaO/ZnO ratio in the structure and radiation shielding capacity of Na2O-CoO-B2O3 glass matrix,OPTICAL MATERIALS
2025,February,WOS,College of Science,Scientific,Thermal performance analysis capturing variable liquid characteristics based on chemically reactive rheological liquid with diffusive-thermo and thermo-diffusive effect,CASE STUDIES IN THERMAL ENGINEERING
2025,February,WOS,College of Science,Scientific,Thermoelastic interactions in functionally graded materials without energy dissipation,CURVED AND LAYERED STRUCTURES
2025,February,WOS,College of Science,Scientific,WO3/Ti3C2@GQD composites: advanced materials for superior energy storage and hydrogen evolution performance,EUROPEAN PHYSICAL JOURNAL PLUS
2025,February,WOS,College of Business Administration,Scientific,Energy-efficient synchronization for body sensor network in the metaverse: an optimized connectivity approach,EURASIP JOURNAL ON WIRELESS COMMUNICATIONS AND NETWORKING
2025,February,WOS,College of Business Administration,Scientific,Enhancing organizational performance: how gender diversity enhances employee engagement and commitment,HUMANITIES & SOCIAL SCIENCES COMMUNICATIONS
2025,February,WOS,College of Business Administration,Scientific,"Environmental, Social, and Governance Ratings in the United Kingdom: Do Eco-Innovation and Environmental Training Program Matter?",CORPORATE SOCIAL RESPONSIBILITY AND ENVIRONMENTAL MANAGEMENT
2025,February,WOS,College of Business Administration,Scientific,"Lions, Bees, and Chameleons: unravelling the entrepreneurial archetypes and their impact on performance and well-being",INTERNATIONAL JOURNAL OF ENTREPRENEURIAL BEHAVIOR & RESEARCH
2025,February,WOS,College of Business Administration,Scientific,Marketization as a Catalyst: Understanding the Impact of Digital Economies on Green Innovation in Mainland China,MANAGERIAL AND DECISION ECONOMICS
2025,February,WOS,College of Business Administration,Scientific,"On the hedge and safe-haven abilities of bitcoin and gold against blue economy and green finance assets during global crises: Evidence from the DCC, ADCC and GO-GARCH models",PLOS ONE
2025,February,WOS,College of Business Administration,Scientific,"Towards a green economy: Investigating the impact of sustainable finance, green technologies, and environmental policies on environmental degradation",JOURNAL OF ENVIRONMENTAL MANAGEMENT
2025,February,WOS,College of Dentistry,Health-related / Medical,"Empowering Women in the Saudi Health Sector: Challenges, Opportunities, and Policy Interventions",JOURNAL OF EPIDEMIOLOGY AND GLOBAL HEALTH
2025,February,WOS,College of Dentistry,Health-related / Medical,Indexing status of orthodontic research published in presumed predatory journals: A bibliometric study,JOURNAL OF DENTISTRY
2025,February,WOS,College of Dentistry,Health-related / Medical,Socket Preservation Using Platelet-Rich Fibrin and Free Gingival Grafts,INTERNATIONAL DENTAL JOURNAL
2025,February,WOS,College of Dentistry,Health-related / Medical,Spectrophotometric Evaluation of Color Stability and Surface Microhardness of Resin Composites After Gastric Acid Erosion,CHEMISTRYSELECT
2025,February,WOS,College of Computer and Information Sciences,Scientific,Advances in colorectal cancer diagnosis using optimal deep feature fusion approach on biomedical images,SCIENTIFIC REPORTS
2025,February,WOS,College of Computer and Information Sciences,Scientific,Artificial intelligence-driven ensemble deep learning models for smart monitoring of indoor activities in IoT environment for people with disabilities,SCIENTIFIC REPORTS
2025,February,WOS,College of Computer and Information Sciences,Scientific,Assessment of compressive strength of eco-concrete reinforced using machine learning tools,SCIENTIFIC REPORTS
2025,February,WOS,College of Computer and Information Sciences,Scientific,Comparative analysis of the DCNN and HFCNN Based Computerized detection of liver cancer,BMC MEDICAL IMAGING
2025,February,WOS,College of Computer and Information Sciences,Scientific,Deep convolutional neural network-based enhanced crowd density monitoring for intelligent urban planning on smart cities,SCIENTIFIC REPORTS
2025,February,WOS,College of Computer and Information Sciences,Scientific,Deep learning and explainable AI for classification of potato leaf diseases,FRONTIERS IN ARTIFICIAL INTELLIGENCE
2025,February,WOS,College of Computer and Information Sciences,Scientific,"Optimal multiobjective design of an autonomous hybrid renewable energy system in the Adrar Region, Algeria",SCIENTIFIC REPORTS
2025,February,WOS,College of Computer and Information Sciences,Scientific,Performance prediction and optimization of a high-efficiency tessellated diamond fractal MIMO antenna for terahertz 6G communication using machine learning approaches,SCIENTIFIC REPORTS
2025,February,WOS,College of Computer and Information Sciences,Scientific,Refined photovoltaic parameters estimation via an improved Sinh Cosh Optimizer with trigonometric operators,SCIENTIFIC REPORTS
2025,February,WOS,College of Computer and Information Sciences,Scientific,SECURING INTERNET OF THINGS-ASSISTED CONSUMER ELECTRONICS USING BLOCKCHAIN WITH DEEP LEARNING-BASED USER AUTHENTICATION,FRACTALS-COMPLEX GEOMETRY PATTERNS AND SCALING IN NATURE AND SOCIETY
2025,February,WOS,College of Computer and Information Sciences,Scientific,SMART SURVEILLANCE: ADVANCED DEEP LEARNING-BASED VEHICLE DETECTION AND TRACKING MODEL ON UAV IMAGERY,FRACTALS-COMPLEX GEOMETRY PATTERNS AND SCALING IN NATURE AND SOCIETY
2025,February,WOS,Arabic Language Teaching Institute for Non-Arabic Speakers,Humanitarian ,TOWARD ROBUST SPEECH EMOTION RECOGNITION AND CLASSIFICATION USING NATURAL LANGUAGE PROCESSING WITH DEEP LEARNING MODEL,FRACTALS-COMPLEX GEOMETRY PATTERNS AND SCALING IN NATURE AND SOCIETY
2025,March,WOS,Applied College,Humanitarian ,"Prevalence, Phenotype, and Correlates of Avoidant/Restrictive Food Intake Disorder Symptoms in the Gulf Cooperation Council: An Underserved Region",INTERNATIONAL JOURNAL OF EATING DISORDERS
2025,March,WOS,College of Education and Human Development,Humanitarian ,Exploring prevalence and factors associated with depression and anxiety symptoms among Bangladeshi graduates: a GIS-based cross-sectional study,CAMBRIDGE PRISMS-GLOBAL MENTAL HEALTH
2025,March,WOS,College of Education and Human Development,Humanitarian ,Knowledge Management for Research Innovation in Universities for Sustainable Development: A Qualitative Approach,SUSTAINABILITY
2025,March,WOS,College of Education and Human Development,Humanitarian ,Psychometric validation of the Bangla Digital Addiction Scale for Teenagers and its associated factors among adolescents: MeLiSA study,BJPSYCH OPEN
2025,March,WOS,College of Education and Human Development,Humanitarian ,Investigating the impact of work stress and knowledge transfer on employee agility performance: work-related ESM usage as a moderator,JOURNAL OF KNOWLEDGE MANAGEMENT
2025,March,WOS,College of Nursing,Health-related / Medical,A Meta-Analysis of the Impact of Intranasal Dexmedetomidine on Emergence Delirium and Agitation in Children and Adolescents Undergoing Tonsillectomy and/or Adenoidectomy,JOURNAL OF CLINICAL MEDICINE
2025,March,WOS,College of Nursing,Health-related / Medical,Efficacy of a skincare protocol in reducing xerosis cutis risk in critically ill patients: A comparative analysis using the overall skin dryness score,NURSING IN CRITICAL CARE
2025,March,WOS,College of Nursing,Health-related / Medical,Echoes of isolation: Exploring Arab family perspectives and health care providers' reflections in ICU settings during critical care,NURSING IN CRITICAL CARE
2025,March,WOS,College of Nursing,Health-related / Medical,"Interventions for Compassion Fatigue, Burnout, and Secondary Traumatic Stress in Nurses: A Systematic Review and Network Meta-Analysis",NURSING & HEALTH SCIENCES
2025,March,WOS,College of Nursing,Health-related / Medical,Exploring factors that influence the knowledge and awareness of breastfeeding among Saudi mothers: a qualitative study,FRONTIERS IN NUTRITION
2025,March,WOS,College of Nursing,Health-related / Medical,Sustainable healthcare futures: how digital leadership stimulates nurses' green creativity: a quasi-experimental study,BMC NURSING
2025,March,WOS,College of Nursing,Health-related / Medical,Exploring organizational culture and its association with standard precaution practices among nurses,BMC NURSING
2025,March,WOS,College of Nursing,Health-related / Medical,Harnessing machine learning for predicting successful weaning from mechanical ventilation: A systematic review,AUSTRALIAN CRITICAL CARE
2025,March,WOS,College of Nursing,Health-related / Medical,Exploring the impact of self-efficacy social support and learning environment on clinical performance anxiety in student nurses,SCIENTIFIC REPORTS
2025,March,WOS,College of Nursing,Health-related / Medical,A randomized controlled trial of the effectiveness of the mHealth program in improving the lifestyle of nursing students,SCIENTIFIC REPORTS
2025,March,WOS,College of Nursing,Health-related / Medical,"Examining knowledge, attitudes, and implementation of evidence-based practice among nursing students: a multicenter cross-sectional study",BMC NURSING
2025,March,WOS,College of Nursing,Health-related / Medical,Empowering nurse leaders: leveraging financial management practices to foster sustainable healthcare - a mixed-methods study,BMC NURSING
2025,March,WOS,College of Health and Rehabilitation Sciences,Health-related / Medical,Assessment of Hand Grip and Pinch Strengths in Children with Autism Spectrum Disorders: A Cross-Sectional Study,CHILDREN-BASEL
2025,March,WOS,College of Health and Rehabilitation Sciences,Health-related / Medical,Prevalence and predictors of active and passive smoking in Saudi Arabia: A survey among attendees of primary healthcare centers in Riyadh,TOBACCO INDUCED DISEASES
2025,March,WOS,College of Health and Rehabilitation Sciences,Health-related / Medical,Impact of dietary intake on brain choline levels A 3 Tesla magnetic resonance spectroscopy study,SAUDI MEDICAL JOURNAL
2025,March,WOS,College of Health and Rehabilitation Sciences,Health-related / Medical,Perception of Health and Its Predictors Among Saudis at Primary Healthcare Settings in Riyadh: Insights from a Cross-Sectional Survey,HEALTHCARE
2025,March,WOS,College of Health and Rehabilitation Sciences,Health-related / Medical,Exploring motivational drivers and barriers to sonographers' research engagement in Arab countries,RADIOGRAPHY
2025,March,WOS,College of Health and Rehabilitation Sciences,Health-related / Medical,White Matter Microstructural Alterations in Type 2 Diabetes: A Combined UK Biobank Study of Diffusion Tensor Imaging and Neurite Orientation Dispersion and Density Imaging,MEDICINA-LITHUANIA
2025,March,WOS,College of Health and Rehabilitation Sciences,Health-related / Medical,The Acute Effects of 25-Versus 60-Minute Naps on Agility and Vertical Jump Performance in Elite Youth Soccer Players: The Role of Individual Chronotype,LIFE-BASEL
2025,March,WOS,College of Health and Rehabilitation Sciences,Health-related / Medical,"Mode of Action of Psyllium in Reducing Gas Production from Inulin and its Interaction with Colonic Microbiota: A 24-hour, Randomized, Placebo-Controlled Trial in Healthy Human Volunteers",JOURNAL OF NUTRITION
2025,March,WOS,College of Health and Rehabilitation Sciences,Health-related / Medical,Probiotics and Plant-Based Foods as Preventive Agents of Urinary Tract Infection: A Narrative Review of Possible Mechanisms Related to Health,NUTRIENTS
2025,March,WOS,College of Health and Rehabilitation Sciences,Health-related / Medical,Enhancing Grip Strength and Manual Dexterity in Unilateral Cerebral Palsy: A Randomized Trial of Mirror Visual Feedback vs. Modified Constraint-Induced Movement Therapy,BRAIN SCIENCES
2025,March,WOS,College of Health and Rehabilitation Sciences,Health-related / Medical,Exploring the evolving frontiers of sleep deprivation research in the post-COVID-19 era,MEDICINE
2025,March,WOS,College of Health and Rehabilitation Sciences,Health-related / Medical,The Arabic Version of Injury-Psychological Readiness to Return to Sport Scale: Translation and Psychometric Validation,MEDICINA-LITHUANIA
2025,March,WOS,College of Health and Rehabilitation Sciences,Health-related / Medical,Federated learning and GWO-enabled consumer-centric healthcare internet of things for pancreatic tumour,ALEXANDRIA ENGINEERING JOURNAL
2025,March,WOS,College of Health and Rehabilitation Sciences,Health-related / Medical,Bridging the gap in sustainable radiography: insights from five countries in Asia and Africa,BMC HEALTH SERVICES RESEARCH
2025,March,WOS,College of Health and Rehabilitation Sciences,Health-related / Medical,Racquet Mammoplasty as an Oncoplastic Technique in the Management of Lateral Quadrant Breast Cancer: A Prospective Controlled Study of Oncologic and Cosmetic Outcomes,MEDICINA-LITHUANIA
2025,March,WOS,College of Health and Rehabilitation Sciences,Health-related / Medical,YouTube as a Source for Arabic-Speaking Parent Education on the Oral Hygiene of Children: A Social Media Content Analysis,PUBLIC HEALTH NURSING
2025,March,WOS,College of Health and Rehabilitation Sciences,Health-related / Medical,Improved healthcare diagnosis accuracy through the application of deep learning techniques in medical transcription for disease identification,ALEXANDRIA ENGINEERING JOURNAL
2025,March,WOS,College of Health and Rehabilitation Sciences,Health-related / Medical,Accuracy of Fetal Transcerebellar Diameter in Predicting Gestational Age in Singleton Pregnancies During the Second Trimester: A Cross-Sectional Study in Sudan,JOURNAL OF CLINICAL ULTRASOUND
2025,March,WOS,College of pharmacy,Health-related / Medical,Prevalence and Risk Factors of Mobile Screen Dependence in Arab Women Screened with Psychological Stress: A Cross-Talk with Demographics and Insomnia,JOURNAL OF CLINICAL MEDICINE
2025,March,WOS,College of pharmacy,Health-related / Medical,"Purslane leaf powder dietary supplementation rescues cadmium-induced disruption of behavior, antioxidant status, and expression of tight junction genes, in the brain of Nile tilapia (Oreochromis niloticus)",COMPARATIVE BIOCHEMISTRY AND PHYSIOLOGY B-BIOCHEMISTRY & MOLECULAR BIOLOGY
2025,March,WOS,College of pharmacy,Health-related / Medical,Analysis of anti-cancer and anti-inflammatory activity in Typhonium flagelliforme rhizome extract by induction of apoptosis: An in-vitro study,FITOTERAPIA
2025,March,WOS,College of pharmacy,Health-related / Medical,Evaluating the Use of Inhaled Budesonide and Ipratropium Bromide Combination in Patients at High Risk of Acute Respiratory Distress Syndrome Development: A Randomized Controlled Trial,PHARMACEUTICALS
2025,March,WOS,College of pharmacy,Health-related / Medical,Anti-breast cancer potential of thieno-pyrimidine derivatives as VEGFR-2 inhibitors,FUTURE MEDICINAL CHEMISTRY
2025,March,WOS,College of pharmacy,Health-related / Medical,Serotonergic psychedelics as potential therapeutics for post-COVID-19 syndrome (or Long COVID): A comprehensive review,PROGRESS IN NEURO-PSYCHOPHARMACOLOGY & BIOLOGICAL PSYCHIATRY
2025,March,WOS,College of pharmacy,Health-related / Medical,Comparative Outcomes of Babesiosis in Immunocompromised and Nonimmunocompromised Hosts: A Multicenter Cohort Study,CLINICAL INFECTIOUS DISEASES
2025,March,WOS,College of Medicine,Health-related / Medical,Guiding Drug Provocation Testing for Ibuprofen Hypersensitivity in a Pediatric Population: Development of the I3A Risk-Stratification Tool,JOURNAL OF ALLERGY AND CLINICAL IMMUNOLOGY-IN PRACTICE
2025,March,WOS,College of Medicine,Health-related / Medical,Assessing the relationship between blood transfusion products and non-Hodgkin's lymphoma incidence: A longitudinal retrospective cohort study (2004-2022),JOURNAL OF FAMILY MEDICINE AND PRIMARY CARE
2025,March,WOS,College of Medicine,Health-related / Medical,Variations in rapid sequence intubation practices: a survey study from Saudi Arabia,SIGNA VITAE
2025,March,WOS,College of Medicine,Health-related / Medical,"Successful Treatment of Severe, Poorly Controlled Benign Essential Blepharospasm with DaxibotulinumtoxinA",OPHTHALMIC PLASTIC AND RECONSTRUCTIVE SURGERY
2025,March,WOS,College of Medicine,Health-related / Medical,Novel Insights Into Telocyte Presence and Distribution in the Cornea of the Laughing Dove (Spilopelia senegalensis) Using Immunofluorescence Analysis,MICROSCOPY RESEARCH AND TECHNIQUE
2025,March,WOS,College of Medicine,Health-related / Medical,Systematic review of the reporting of extrarenal manifestations in observational studies of Saudi patients with systemic lupus erythematosus,LUPUS SCIENCE & MEDICINE
2025,March,WOS,College of Medicine,Health-related / Medical,"L-Citrulline Alleviates Testicular Ischemia/Reperfusion Injury in Rats by Modulating eNOS/iNOS Induced Nitric Oxide Production, Inflammation, and Apoptosis",JOURNAL OF EXPERIMENTAL ZOOLOGY PART A-ECOLOGICAL AND INTEGRATIVE PHYSIOLOGY
2025,March,WOS,College of Medicine,Health-related / Medical,Optimized hybrid machine learning framework for early diabetes prediction using electrogastrograms,SCIENTIFIC REPORTS
2025,March,WOS,College of Medicine,Health-related / Medical,Impact of GABA and nutritional supplements on neurochemical biomarkers in autism: a PPA rodent model study,FRONTIERS IN MOLECULAR NEUROSCIENCE
2025,March,WOS,College of Medicine,Health-related / Medical,Diplopia and Proptosis Secondary to Biphasic Synovial Sarcoma,OPHTHALMOLOGY
2025,March,WOS,College of Medicine,Health-related / Medical,Incidence of Acute Kidney Injury (AKI) in Critically Ill Patients Receiving Concomitant Vancomycin with Piperacillin-Tazobactam or Cefepime; a Systemic Review and Meta-analysis,JOURNAL OF INTENSIVE CARE MEDICINE
2025,March,WOS,College of Science,Scientific,Analysis and applications of Nakagami constant-stress model using progressive type-II censored data,PHYSICA SCRIPTA
2025,March,WOS,College of Science,Scientific,Assessment of quinazoline derivatives as efficient corrosion inhibitor for carbon steel in acidic environment. A theoretical and practical analysis,INTERNATIONAL JOURNAL OF ELECTROCHEMICAL SCIENCE
2025,March,WOS,College of Science,Scientific,A DFT study of carbon nitride (C6N8) as a sensing potential for phosgene (COCl2) and thionyl chloride (SOCl2) gases,ADSORPTION-JOURNAL OF THE INTERNATIONAL ADSORPTION SOCIETY
2025,March,WOS,College of Science,Scientific,Microscope-Assisted Hypertensive Retinopathy Diagnosis Using Deep Learning Models,MICROSCOPY RESEARCH AND TECHNIQUE
2025,March,WOS,College of Science,Scientific,"Quantum Chemical Calculation, Molecular Docking, and Biological Activity Properties of Imidazole, Pyrimidine, and Diazepine Based Compounds",CHEMISTRYSELECT
2025,March,WOS,College of Science,Scientific,Surface-Enhanced Raman Spectral Profiling of Gamma Radiation-Induced Mutations in Aspergillus niger Supernatant Samples,PLASMONICS
2025,March,WOS,College of Science,Scientific,Genetic associations and functional validation of the potential candidate genes that enhance macronutrient accumulation in barley grains,CEREAL RESEARCH COMMUNICATIONS
2025,March,WOS,College of Science,Scientific,Antioxidant and Antiapoptotic Effects of Selenium And Nano Selenium-Loaded Exosomes on Hepatic Dysfunction of Type 1 Diabetic Rats,JOURNAL OF EXPERIMENTAL ZOOLOGY PART A-ECOLOGICAL AND INTEGRATIVE PHYSIOLOGY
2025,March,WOS,College of Science,Scientific,Functional Time Series Analysis Using Single-Index L1-Modal Regression,SYMMETRY-BASEL
2025,March,WOS,College of Science,Scientific,Optimization of power conversion efficiency of FTO/WS2/Cs2SnI6/V2O5/Au Pb-free solar cell with all-inorganic transport layers,INORGANIC CHEMISTRY COMMUNICATIONS
2025,March,WOS,College of Science,Scientific,"Enhancing the mechanical, optical, and γ-ray attenuation properties of CdO-B2O3-P2O5 (CBP) glasses: Effect of Nd3+ ions",APPLIED PHYSICS A-MATERIALS SCIENCE & PROCESSING
2025,March,WOS,College of Science,Scientific,Interaction of a Four-Level Atom with a Deformed Quantum Field: Mathematical Model and Quantum Resources,AXIOMS
2025,March,WOS,College of Science,Scientific,"Potassium Silica Nanoparticles Enhanced Growth, Yield, and Stress Tolerance in Canola (Brassica napus L.) Under Drought Conditions",JOURNAL OF SOIL SCIENCE AND PLANT NUTRITION
2025,March,WOS,College of Science,Scientific,"Antimony-Doped Phosphate Glasses: Production, Structure, Optical, Dielectric Features, and Gamma Attenuation Attributes",JOURNAL OF MATERIALS ENGINEERING AND PERFORMANCE
2025,March,WOS,College of Science,Scientific,"Synthesis, Optical, and Gamma-Ray Attenuation Characteristics of Borate Glasses Doped with Europium Oxide",JOURNAL OF MATERIALS ENGINEERING AND PERFORMANCE
2025,March,WOS,College of Science,Scientific,Machine learning algorithm-based analysis of the crashworthiness of bio-inspired Al/PP sandwich tubes: Experimental and numerical investigation,MECHANICS OF ADVANCED MATERIALS AND STRUCTURES
2025,March,WOS,College of Science,Scientific,Trivial Homology Groups of Warped Product Semi-Slant Submanifolds in Kenmotsu Space Forms,AXIOMS
2025,March,WOS,College of Science,Scientific,"Forecasting phase stability, optoelectronic behavior, and transport mechanisms of double perovskites Cs2AuMX6 (M = As, Bi and X = Cl, Br) for applications in renewable energy technologies",INORGANIC CHEMISTRY COMMUNICATIONS
2025,March,WOS,College of Science,Scientific,Novel synthesis of CNTs/Cu nanodots-arabic gum nano-hybrid composites induce cytotoxicity and apoptosis in human breast and lung cancer cell lines,JOURNAL OF MATERIALS RESEARCH
2025,March,WOS,College of Science,Scientific,A benchmarking analysis on different rubber materials: towards customisation of lightweight and effective radiation protection solutions for aerospace and electronic applications,JOURNAL OF RUBBER RESEARCH
2025,March,WOS,College of Science,Scientific,Cassia alata Extract Exerts Antioxidant Power to Mitigate Eimeria papillata-Induced Liver Damage in Mice,INDIAN JOURNAL OF ANIMAL RESEARCH
2025,March,WOS,College of Science,Scientific,Dependent and independent sampling techniques for modeling radiation and failure data,JOURNAL OF RADIATION RESEARCH AND APPLIED SCIENCES
2025,March,WOS,College of Science,Scientific,Solving fractional physical evolutionary wave equations using advanced techniques,RENDICONTI LINCEI-SCIENZE FISICHE E NATURALI
2025,March,WOS,College of Science,Scientific,Neodymium ion-doped borate-silicate glass: a thorough analysis for applications in optical and protective radiation,EUROPEAN PHYSICAL JOURNAL PLUS
2025,March,WOS,College of Science,Scientific,"Synergistic Effects of Nano-Silica and Biofertilizers on Growth, Physiological Performance, and Essential Oil Production in Satureja montana",JOURNAL OF SOIL SCIENCE AND PLANT NUTRITION
2025,March,WOS,College of Science,Scientific,Global inflation forecasting and Uncertainty Assessment: Comparing ARIMA with advanced machine learning,JOURNAL OF RADIATION RESEARCH AND APPLIED SCIENCES
2025,March,WOS,College of Science,Scientific,Hydrothermal Synthesis of SmCoO3/rGO Composite as an Excellent Electrocatalyst for Oxygen Evolution Reaction,JOURNAL OF INORGANIC AND ORGANOMETALLIC POLYMERS AND MATERIALS
2025,March,WOS,College of Science,Scientific,Enhanced electrocatalytic activity of Ag2MoO4/PANI composite for robust water splitting,INTERNATIONAL JOURNAL OF HYDROGEN ENERGY
2025,March,WOS,College of Science,Scientific,"Structure analysis, linear/nonlinear optical characteristics, dielectric parameters characterization, and gamma-ray shielding of cobalt-doped TiO2 nanoparticles",JOURNAL OF MATERIALS SCIENCE-MATERIALS IN ELECTRONICS
2025,March,WOS,College of Science,Scientific,Enhancing water productivity and wheat (Triticum aestivum L.) production through applying different irrigation manners,BMC PLANT BIOLOGY
2025,March,WOS,College of Science,Scientific,Magneto-slip interaction in the migration of two rigid spheres in infinite couple stress fluid,CHINESE JOURNAL OF PHYSICS
2025,March,WOS,College of Science,Scientific,Enhanced chemo-photothermal therapy using cisplatin-loaded MXene nanosheets conjugated with Z(BTC) for effective HepG2 cancer treatment,INORGANIC CHEMISTRY COMMUNICATIONS
2025,March,WOS,College of Science,Scientific,Exploring the luminescence potentials in Dy3+/Sm3+co-doped zinc telluro-phospho-borate glasses for photonics devices,JOURNAL OF LUMINESCENCE
2025,March,WOS,College of Science,Scientific,"The Influence of Global Monopole Space-time on Bound States, Scattering States and Thermodynamic Functions with Manning-Rosen Potential",INTERNATIONAL JOURNAL OF THEORETICAL PHYSICS
2025,March,WOS,College of Science,Scientific,"Physical, Optical Features and γ-Ray Attenuation Performance of V2O5-Doped Borate Tellurite Glasses",JOURNAL OF INORGANIC AND ORGANOMETALLIC POLYMERS AND MATERIALS
2025,March,WOS,College of Science,Scientific,"FTIR, Dielectric and Radiation Accumulative Factors of B2O3-NaF-ZnO-Bi2O3 Glasses Reinforced with CuO/Fe2O3",JOURNAL OF ELECTRONIC MATERIALS
2025,March,WOS,College of Science,Scientific,"Multiferroic Nanoparticle-Doped Borate Glasses: Physical, Dielectric Characteristics and γ-Ray Attenuation Ability",JOM
2025,March,WOS,College of Science,Scientific,Preparation of photochromic glass nanofiber-reinforced tricarboxylic cellulose hydrogel ink immobilized with phosphor nanoparticles for detection of fingerprints and data encryption,INTERNATIONAL JOURNAL OF BIOLOGICAL MACROMOLECULES
2025,March,WOS,College of Science,Scientific,On T-Transformation of Probability Measures,MATHEMATICS
2025,March,WOS,College of Science,Scientific,Notes on Cauchy-Stieltjes Kernel Families,AXIOMS
2025,March,WOS,College of Science,Scientific,Cobalt-nickel composite nano-grass as an excellent electrode for urea oxidation,RSC ADVANCES
2025,March,WOS,College of Science,Scientific,Shikimic acid protects against doxorubicin-induced cardiotoxicity in rats,SCIENTIFIC REPORTS
2025,March,WOS,College of Science,Scientific,"Microplastic Contaminated Root Zone Supplementation With Ascorbic Acid Enhance Photosynthesis, Antioxidant Defense, ROS Scavenging, and Secondary Metabolites in Rice",JOURNAL OF SOIL SCIENCE AND PLANT NUTRITION
2025,March,WOS,College of Science,Scientific,Heat and mass transfer in wavy star-shaped cavities with nano-enhanced phase change material: numerical simulation and machine learning applications,INTERNATIONAL JOURNAL OF NUMERICAL METHODS FOR HEAT & FLUID FLOW
2025,March,WOS,College of Science,Scientific,A novel FeAlO3/g-CN (FAO/g-CN) material as an electrocatalyst with promising potential for OER,DIAMOND AND RELATED MATERIALS
2025,March,WOS,College of Science,Scientific,Oblique propagation of high-frequency electron-acoustic periodic waves in a nonthermal plasma,AIP ADVANCES
2025,March,WOS,College of Science,Scientific,"Seasonal Occurrence and Biodiversity of Insects in an Arid Ecosystem: An Ecological Study of the King Abdulaziz Royal Reserve, Saudi Arabia",BIOLOGY-BASEL
2025,March,WOS,College of Science,Scientific,Machine learning-assisted designing of compounds with higher glass transition temperature. Chemical space visualization and synthetic accessibility determination,NEW JOURNAL OF CHEMISTRY
2025,March,WOS,College of Science,Scientific,"Gamma attenuation, dose rate and buildup factors of Ga2O3-Lu2O3-SiO2-SnO glass system",RADIATION PHYSICS AND CHEMISTRY
2025,March,WOS,College of Science,Scientific,Facile synthesis of MnS/NiO heterostructure to enhance the water electrocatalysis for clean energy production,JOURNAL OF THE INDIAN CHEMICAL SOCIETY
2025,March,WOS,College of Science,Scientific,"Uncovering the impact of outliers on clusters' evolution in temporal data-sets: an empirical analysis (vol 14,30674 ,2024)",SCIENTIFIC REPORTS
2025,March,WOS,College of Science,Scientific,"Adefovir anticancer potential: Network pharmacology, anti-proliferative & apoptotic effects in HeLa cells",BIOMOLECULES AND BIOMEDICINE
2025,March,WOS,College of Science,Scientific,Exploring Climate-Induced Oxygen-Plankton Dynamics Through Proportional-Caputo Fractional Modeling,MATHEMATICS
2025,March,WOS,College of Science,Scientific,"Understanding the adsorption mechanism of geosmin, linalool, and o-cresol on Machilis hrabei olfactory receptor MhOR5 via statistical physics modeling and molecular docking simulation",JOURNAL OF MOLECULAR MODELING
2025,March,WOS,College of Science,Scientific,Mineral analysis of Pistacia species with inductively coupled plasma-mass spectrometry (ICP-MS),NATURAL PRODUCT RESEARCH
2025,March,WOS,College of Science,Scientific,On the implications of a new statistical model and machine learning algorithms in music engineering,ALEXANDRIA ENGINEERING JOURNAL
2025,March,WOS,College of Science,Scientific,Impact of gyrotactic microorganisms on 3D unsteady stagnation-point nanofluid flow across a plane horizontal surface with zero mass flux conditions,ALEXANDRIA ENGINEERING JOURNAL
2025,March,WOS,College of Science,Scientific,Coexistence of WORM and RRAM Resistive Switching in Coumarin Derivatives: A Comprehensive Performance Analysis,ACS OMEGA
2025,March,WOS,College of Science,Scientific,Sunlight driven degradation of organic effluents using optically active perovskite and CNTs-based nanocomposite,OPTICAL MATERIALS
2025,March,WOS,College of Science,Scientific,"Bioactive bacterial cellulose/chitosan/sodium alginate composite film functionalized with Moringa oleifera seed extract: Antimicrobial, anticancer, and molecular docking studies",INTERNATIONAL JOURNAL OF BIOLOGICAL MACROMOLECULES
2025,March,WOS,College of Science,Scientific,"The influence of Quercetin on behavior, performance and splenic immunity in broiler chickens (vol 26, 100398, 2024)",VETERINARY AND ANIMAL SCIENCE
2025,March,WOS,College of Science,Scientific,Graphene metasurfaces biosensor for COVID-19 detection in the infra-red regime,SCIENTIFIC REPORTS
2025,March,WOS,College of Science,Scientific,Novel approximations to the fourth-order fractional Cahn-Hillard equations: Application to the Tantawy Technique and other two techniques with Yang transform,JOURNAL OF LOW FREQUENCY NOISE VIBRATION AND ACTIVE CONTROL
2025,March,WOS,College of Science,Scientific,Mass spectra and expectation values of temperature dependent generalized cornell potential,INDIAN JOURNAL OF PHYSICS
2025,March,WOS,College of Science,Scientific,Investigating the Photocatalytic Properties of Reduced Graphene Oxide-Coated Zirconium Dioxide and Their Impact on Structural and Morphological Features,CATALYSTS
2025,March,WOS,College of Science,Scientific,Surface-Enhanced Raman Spectroscopy (SERS)-Based Chemometric Modelling for Chronic Renal Failure Using 50 kDa Ultra-Filtration,ANALYTICAL LETTERS
2025,March,WOS,College of Science,Scientific,Jasminum humile extract mitigates carrageenan-induced paw oedema in rats by modulating inflammatory and antioxidant signalling pathways,INFLAMMOPHARMACOLOGY
2025,March,WOS,College of Science,Scientific,Effects of reindeer grazing on thermal stability of organic matter in topsoil in Arctic tundra,CATENA
2025,March,WOS,College of Science,Scientific,Green energy production: hydroprocessing of waste plastic to diesel fuel using bimetal of Mn/Zn supported on activated carbon,RSC ADVANCES
2025,March,WOS,College of Science,Scientific,"Molecular diversity and genetic potential of new maize inbred lines across varying sowing conditions in arid environment ( vol 15 , 2809 , 2025)",SCIENTIFIC REPORTS
2025,March,WOS,College of Science,Scientific,Predicting the heat of formation and energy above convex hull of 2D MXenes using machine-learning methods,COMPUTATIONAL MATERIALS SCIENCE
2025,March,WOS,College of Science,Scientific,"Control of B-cation and X-anion atoms in inorganic Pb-free novel Mg3BX3 (B = P, N; X = Br, I) perovskites: a first-principles framework",NEW JOURNAL OF CHEMISTRY
2025,March,WOS,College of Science,Scientific,"Synthesis, structural, linear/nonlinear optical properties, and radiation shielding potential of iron silicate (Fe2SiO4) nanoparticles for multi-functional applications",RADIATION PHYSICS AND CHEMISTRY
2025,March,WOS,College of Science,Scientific,Characterization of a novel levansucrase produced by Bacillus subtilis LG-4 isolated from traditional natto for biosynthesis of prebiotic lactosucrose,FOOD BIOSCIENCE
2025,March,WOS,College of Science,Scientific,Achieving remarkable capacitive efficiency of pyrochlore type Mn2V2O7 with graphtic carbon nitride (g-C3N4) nanosheets for hybrid supercapacitor applications,JOURNAL OF PHYSICS AND CHEMISTRY OF SOLIDS
2025,March,WOS,College of Science,Scientific,Improved catalytic efficiency of CaAl2O4/PANI electrocatalyst for robust water splitting,APPLIED PHYSICS A-MATERIALS SCIENCE & PROCESSING
2025,March,WOS,College of Science,Scientific,Effects of variable thermal conductivity and magnetic field on the photo-thermoelastic wave propagation in hydro-microelongated semiconductor,ACTA MECHANICA
2025,March,WOS,College of Science,Scientific,"First-principles study of lead-free flouro double perovskites A2LiAsF6 (A = Na, K) for optoelectronic and renewable energy applications",MATERIALS SCIENCE AND ENGINEERING B-ADVANCED FUNCTIONAL SOLID-STATE MATERIALS
2025,March,WOS,College of Science,Scientific,"Comparative in silico and in vivo study of the antioxidant activity of lactoferrin, Geobacillus stearothermophilus, and Lactobacillus delbrueckiisubsp. lactis against Rotavirus infection in male mice",BMC MICROBIOLOGY
2025,March,WOS,College of Science,Scientific,Preparation of nano-composite of CoCr2O4 with rGO by solvothermal method for water splitting,DIAMOND AND RELATED MATERIALS
2025,March,WOS,College of Science,Scientific,Non-Isothermal Analysis of the Blade Coating Using Bingham Plastic Fluid with Slip Effects,MACROMOLECULAR THEORY AND SIMULATIONS
2025,March,WOS,College of Science,Scientific,Biological Potential and Chemical Characterization of Juniperus oxycedrus Leaves and Seed Cones,PHYTON-INTERNATIONAL JOURNAL OF EXPERIMENTAL BOTANY
2025,March,WOS,College of Science,Scientific,Efficient NiBi2O4/rGO electrode material for energy storage device,DIAMOND AND RELATED MATERIALS
2025,March,WOS,College of Science,Scientific,Facile fabrication of CeNiO3/rGO nanohybrid for high performance supercapacitor,DIAMOND AND RELATED MATERIALS
2025,March,WOS,College of Science,Scientific,Hydrothermally synthesized a pyrochlore-type composite (rGO@Sr3Mn2O7) an effective electrocatalyst for Oxygen Evolution Reaction (OER),DIAMOND AND RELATED MATERIALS
2025,March,WOS,College of Science,Scientific,Solving one- and two-dimensional advection-diffusion type initial boundary value problems with a wavelet hybrid scheme,BOUNDARY VALUE PROBLEMS
2025,March,WOS,College of Science,Scientific,A modified sine-cosine probability distribution: Its mathematical features with statistical modeling in sports and reliability prospects,ALEXANDRIA ENGINEERING JOURNAL
2025,March,WOS,College of Science,Scientific,"An investigation of the biaxial strain on structural, opto-electronic and mechanical properties of 2D GaGeTe monolayer from a theoretical perspective using DFT",JOURNAL OF PHYSICS AND CHEMISTRY OF SOLIDS
2025,March,WOS,College of Science,Scientific,Pathogen Management in Glycyrrhiza glabra: Microbial Interactions and Phylogenetic Insights,JOURNAL OF PHYTOPATHOLOGY
2025,March,WOS,College of Science,Scientific,Study of vibrations in smart materials semiconductor under differential imperfect contact mechanism and nanoscale effect with electromechanical coupling effect,ACTA MECHANICA
2025,March,WOS,College of Science,Scientific,Future-proofing RP-HPLC method for quantification of beta-sitosterol in Pygeum extract and cholecalciferol: Promising approaches for prostate health and dietary supplementation,ACTA CHROMATOGRAPHICA
2025,March,WOS,College of Science,Scientific,RP-HPLC method development and validation for the quantification of prednisolone and salbutamol with their simultaneous removal from water using modified clay-activated carbon adsorbents,RSC ADVANCES
2025,March,WOS,College of Science,Scientific,A g-CN/Ni3S2 hybrid nanostructures for water splitting: A step towards sustainable energy-storage applications,INORGANIC CHEMISTRY COMMUNICATIONS
2025,March,WOS,College of Science,Scientific,Enhancing the OER Activity of Hybrid CuO/PANI Electrocatalyst Through Organic-Inorganic Interactions,JOURNAL OF INORGANIC AND ORGANOMETALLIC POLYMERS AND MATERIALS
2025,March,WOS,College of Science,Scientific,Insight Into the Recent Advances in the Development of Antimicrobial Edible Films for Food Packaging,PACKAGING TECHNOLOGY AND SCIENCE
2025,March,WOS,College of Science,Scientific,"Strain-induced tunability of electronic, optical, and mechanical properties of inorganic perovskite oxides AcXO3 (X = Al, Ga): A DFT analysis",JOURNAL OF MATERIALS RESEARCH
2025,March,WOS,College of Science,Scientific,Development and Engineering Applications of a Novel Mixture Distribution: Exponentiated and New Topp-Leone-G Families,SYMMETRY-BASEL
2025,March,WOS,College of Science,Scientific,DFT study on Al/Sn-decorated arsenene: chemical bonding and adsorption of hexanal,RSC ADVANCES
2025,March,WOS,College of Science,Scientific,Performance Optimization of Cost-Effective Hole Transport Layer Free Perovskite Solar Cell by Numerical Simulation,SILICON
2025,March,WOS,College of Science,Scientific,"Exploring the Structural, Electronic, Optical, Thermoelectric and Thermodynamic Properties of Tl-based Chalcogenide Perovskites ATlS3 (A = Sc, Y, La, Lu)",JOURNAL OF INORGANIC AND ORGANOMETALLIC POLYMERS AND MATERIALS
2025,March,WOS,College of Science,Scientific,Molecular Insights into Crystal Violet Removal Using Natural Clay: A Statistical Physics and PSD/AED Analysis Within the Grand Canonical Ensemble Framework,CHEMISTRY AFRICA-A JOURNAL OF THE TUNISIAN CHEMICAL SOCIETY
2025,March,WOS,College of Science,Scientific,Hybrid ANFIS-PI-Based Optimization for Improved Power Conversion in DFIG Wind Turbine,SUSTAINABILITY
2025,March,WOS,College of Science,Scientific,Computational drug design for neurosyphilis disease by targeting Phosphoglycerate Kinase in Treponema pallidum with enhanced binding affinity and reduced toxicity,SCIENTIFIC REPORTS
2025,March,WOS,College of Science,Scientific,Exploration of mRNA-modifying METTL3 oncogene as momentous prognostic biomarker responsible for colorectal cancer development,OPEN MEDICINE
2025,March,WOS,College of Science,Scientific,Effect of Iron Doping on Titania Nanoparticles Derived from Dalbergia sissoo for Removal of Tetracycline Hydrochloride,SEMICONDUCTORS
2025,March,WOS,College of Science,Scientific,SERS Spectral Monitoring of Low Molecular Weight Fractions of Blood Serum Samples of Myocardial Infarction Patients Using a 50 kDa Device Along with Multivariate Data Analysis Techniques,PLASMONICS
2025,March,WOS,College of Science,Scientific,Microbial evaluation of Melaleuca alternifolia essential oil for its antifungal activity against Trichophyton violaceum and its synergistic effects with ITZ and KTZ,ARCHIVES OF DERMATOLOGICAL RESEARCH
2025,March,WOS,College of Science,Scientific,"Semi-Field Evaluation and Genotoxicity of Chlorophyllin Applied Against Aedes aegypti Larvae (Diptera, Culicidae)",INSECTS
2025,March,WOS,College of Science,Scientific,Enhancing the Performance of Cs2TiBr6 Lead-Free Perovskite Solar Cells: A Simulation Study on the Impact of Electron and Hole Transport Layers,LANGMUIR
2025,March,WOS,College of Science,Scientific,Effective hydrogen production with OER using g-CN-supported vanadium oxide as electrocatalyst,DIAMOND AND RELATED MATERIALS
2025,March,WOS,College of Science,Scientific,Modulating Membrane Performance by Optimizing Coagulation Temperature and Dipping Time,JOURNAL OF APPLIED POLYMER SCIENCE
2025,March,WOS,College of Science,Scientific,Mapping the path to reveal genomic regions and candidate genes underlying metabolite-mediated wheat adaptation under cadmium stress,EUPHYTICA
2025,March,WOS,College of Science,Scientific,Half-metallicity and structural properties of low-concentration Fe-doped SrS alloys: a first-principles study,CHALCOGENIDE LETTERS
2025,March,WOS,College of Science,Scientific,"Phase transition, morphology and shielding inspection of copper ferrite doped zirconium ceramics",JOURNAL OF MATERIALS SCIENCE-MATERIALS IN ELECTRONICS
2025,March,WOS,College of Science,Scientific,Design the Synergy of Rare Earth Metal Based Ce2S3@Ni3S2 Hybrid Electrode Materials for Hydrogen Evolution and Supercapacitor Application: Dual Excellence,JOURNAL OF INORGANIC AND ORGANOMETALLIC POLYMERS AND MATERIALS
2025,March,WOS,College of Science,Scientific,Light Plasmon Coupling in Graphene-Wrapped Cylindrical Waveguide Filled with Lithium Fluoride (LiF),PLASMONICS
2025,March,WOS,College of Science,Scientific,Efficient detection and validation of 4-Methoxyphenol chemical based on binary oxides intercalated ZnO-CdO nanocomposite by electrochemical approach,MICROCHEMICAL JOURNAL
2025,March,WOS,College of Science,Scientific,"Enhancing primer performance: A study of graphene blending percentage and its effects on corrosion resistance, mechanical strength, and wettability",JOURNAL OF ALLOYS AND COMPOUNDS
2025,March,WOS,College of Science,Scientific,"Exploring the multifunctionality of myco-synthesized selenium nanoparticles: biological, docking study and plant growth-promoting perspectives",FRONTIERS IN MICROBIOLOGY
2025,March,WOS,College of Science,Scientific,Estimating the patient's effective doses and setting a diagnostic reference level for PET/CT procedures,RADIATION PHYSICS AND CHEMISTRY
2025,March,WOS,College of Science,Scientific,Structurally modified carbon nanotubes as twisted fibers towards electrochemical detection of environmentally hazardous cartap,ANALYTICAL METHODS
2025,March,WOS,College of Science,Scientific,Four-step evaluation and systematic assessment of various containers for radioactive source transportation purposes,NUCLEAR INSTRUMENTS & METHODS IN PHYSICS RESEARCH SECTION B-BEAM INTERACTIONS WITH MATERIALS AND ATOMS
2025,March,WOS,College of Science,Scientific,Evaluation of kinetic freeze-out properties in different relativistic heavy-ion collision systems at sNN=200 GeV,EUROPEAN PHYSICAL JOURNAL PLUS
2025,March,WOS,College of Science,Scientific,Multiple soliton and lump solutions to a variety of novel integrable multi-dimensional Boussinesq-type equations,ALEXANDRIA ENGINEERING JOURNAL
2025,March,WOS,College of Science,Scientific,Sodium alginate aerogel derived SiC@Co-C 3D network enhances electromagnetic wave absorption and thermal conductivity of PDMS based composite,INTERNATIONAL JOURNAL OF BIOLOGICAL MACROMOLECULES
2025,March,WOS,College of Science,Scientific,Quasi-particle band structure and optical absorption in MoS2: Impact of spin-orbit coupling and vdW corrections for photodetection application,PHYSICA B-CONDENSED MATTER
2025,March,WOS,College of Science,Scientific,Biochar and Trehalose Co-Application: A Sustainable Strategy for Alleviating Lead Toxicity in Rice,PLANTS-BASEL
2025,March,WOS,College of Science,Scientific,Prevalence of Flesh-Eating Bacteria (Vibrio Vulnificus) Type A (Environmental) and Type B (Clinical) in Tilapia Fish Samples: Phenotypic and Molecular Characterizations,FOODBORNE PATHOGENS AND DISEASE
2025,March,WOS,College of Science,Scientific,Conditional Exponential Convex Functions on White Noise Spaces,AXIOMS
2025,March,WOS,College of Science,Scientific,Genome-wide analysis and expression pattern profiling of the DUF789 gene family in soybean (Glycine max L.),SOUTH AFRICAN JOURNAL OF BOTANY
2025,March,WOS,College of Science,Scientific,Hierarchical nanostructuring of PCN-222/NiSe2@PANI composites for enhanced electrochemical performance in supercapattery and hydrogen evolution reaction applications,APPLIED PHYSICS A-MATERIALS SCIENCE & PROCESSING
2025,March,WOS,College of Science,Scientific,SDHGCN: A Heterogeneous Graph Convolutional Neural Network Combined With Shadowed Set,IEEE TRANSACTIONS ON FUZZY SYSTEMS
2025,March,WOS,College of Humanities and Social Sciences,Humanitarian ,Towards Sustainable Development: Ranking of Soil Erosion-Prone Areas Using Morphometric Analysis and Multi-Criteria Decision-Making Techniques,SUSTAINABILITY
2025,March,WOS,College of Humanities and Social Sciences,Humanitarian ,Spatio-Temporal Influences of Urban Land Cover Changes on Thermal-Based Environmental Criticality and Its Prediction Using CA-ANN Model over Kolkata (India),REMOTE SENSING
2025,March,WOS,College Of Languages,Humanitarian ,Artificial intelligence with greater cane rat algorithm driven robust speech emotion recognition approach,ALEXANDRIA ENGINEERING JOURNAL
2025,March,WOS,College Of Languages,Humanitarian ,APPLIED LINGUISTICS DRIVEN LARGE LANGUAGE MODEL FOR SARCASM RECOGNITION ON SOCIAL MEDIA CORPORA,FRACTALS-COMPLEX GEOMETRY PATTERNS AND SCALING IN NATURE AND SOCIETY
2025,March,WOS,College of Engineering,Scientific,An automatic generalized Gaussian mixture-based approach for accurate brain tumor segmentation in magnetic resonance imaging analysis,AIP ADVANCES
2025,March,WOS,College of Engineering,Scientific,Preparation of Delafossite CuMnO2 and Polyaniline Nanohybrid Electrode for Asymmetric Supercapacitor,JOURNAL OF INORGANIC AND ORGANOMETALLIC POLYMERS AND MATERIALS
2025,March,WOS,College of Engineering,Scientific,"A DFT Insight on the physical, optoelectronic and thermoelectric characteristics of half-Heusler NaZn(N/P) compounds for power generation applications",SOLID STATE COMMUNICATIONS
2025,March,WOS,College of Engineering,Scientific,Thermal analysis of hybrid nanofluid flow in blood vessels with peristalsis: Case study for Hall current and radiative heat transfer,CASE STUDIES IN THERMAL ENGINEERING
2025,March,WOS,College of Engineering,Scientific,The implication of thermal radiation in a mixed convection hybrid nanofluid flow past an inclined stretching/shrinking sheet with mass suction,JOURNAL OF RADIATION RESEARCH AND APPLIED SCIENCES
2025,March,WOS,College of Engineering,Scientific,Thermal and economic performance of an earth-air heat exchanger system for indoor climate control in arid winter environments,INTERNATIONAL JOURNAL OF LOW-CARBON TECHNOLOGIES
2025,March,WOS,College of Engineering,Scientific,"Energy consumption optimization in refrigerators focusing on refrigerant quantity, capillary tube length, and evaporator volume",SCIENCE AND TECHNOLOGY FOR THE BUILT ENVIRONMENT
2025,March,WOS,College of Engineering,Scientific,Computational assessment of chemically reactive tangent hyperbolic ternary hybrid nanofluid and thermal radiation in a Darcy-Forchheimer regime,JOURNAL OF RADIATION RESEARCH AND APPLIED SCIENCES
2025,March,WOS,College of Engineering,Scientific,Numerical investigation of thermal radiation effects on chemical reactive flow of microbes in hybrid nanofluid over a rotating disk,JOURNAL OF RADIATION RESEARCH AND APPLIED SCIENCES
2025,March,WOS,College of Business Administration,Scientific,The Role of Social Financing in Promoting Social Equity and Shared Value: A Cross-Sectional Study of Small and Medium Enterprises in Malaysia and Saudi Arabia,SUSTAINABILITY
2025,March,WOS,College of Business Administration,Scientific,Exploring the Potential Causal Relationship Between Health Insurance Coverage and Child Nutritional Status in Pakistan: Evidence from PDHS-2018,HEALTHCARE
2025,March,WOS,College of Business Administration,Scientific,Void hole avoidance using three hop-by-hop forwarding verification in UWSN,TELECOMMUNICATION SYSTEMS
2025,March,WOS,College of Business Administration,Scientific,The Dynamics of Energy Poverty in China: Household Level Analysis and Mitigation Strategies,ENERGY SCIENCE & ENGINEERING
2025,March,WOS,College of Business Administration,Scientific,The resilience of green bonds to oil shocks during extreme events,JOURNAL OF ENVIRONMENTAL MANAGEMENT
2025,March,WOS,College of Business Administration,Scientific,"Photocatalytic degradation of Acid blue 113 dye by montmorillonite/ copper ferrite nanocomposite: Characterization, optimization, and toxicity assessment",CHEMICAL PHYSICS IMPACT
2025,March,WOS,College of Business Administration,Scientific,Opportunistic access control scheme for enhancing IoT-enabled healthcare security using blockchain and machine learning,SCIENTIFIC REPORTS
2025,March,WOS,College of Business Administration,Scientific,Evaluating and transferring social value of ecosystem services in urban wetland parks using the SolVES model,ECOLOGICAL INDICATORS
2025,March,WOS,College of Business Administration,Scientific,Examining household energy efficiency in China: Socioeconomic influences and policy recommendations,SUSTAINABLE FUTURES
2025,March,WOS,College of Business Administration,Scientific,Carbon dioxide emissions and mitigation in China's hydrogen energy supply chain: Insights for sustainability and policy development,INTERNATIONAL JOURNAL OF HYDROGEN ENERGY
2025,March,WOS,College of Business Administration,Scientific,Returnee CEO and audit fees,CHINA JOURNAL OF ACCOUNTING RESEARCH
2025,March,WOS,College of Business Administration,Scientific,An integrated approach for evaluating the spatial and temporal dynamics of ecosystem services and ecological risk urban agglomerations in China,ECOLOGICAL INDICATORS
2025,March,WOS,College of Business Administration,Scientific,Financing sustainable energy: Cost-benefit analysis of CO2 reduction in China,ENERGY STRATEGY REVIEWS
2025,March,WOS,College of Business Administration,Scientific,Optimizing sustainability: information aggregation in smart factories for energy efficiency enhancement,SCIENTIFIC REPORTS
2025,March,WOS,College of Business Administration,Scientific,Effectiveness of ChatGPT for educators professional development: An empirical study with medical faculty,NUTRITION AND HEALTH
2025,March,WOS,College of Business Administration,Scientific,Behavioral Patterns in Micro-lending: Enhancing Credit Risk Assessment with Collaborative Filtering and Federated Learning,INTERNATIONAL JOURNAL OF COMPUTATIONAL INTELLIGENCE SYSTEMS
2025,March,WOS,College of Business Administration,Scientific,"The Effect of Female Representation on Boards on Environmental, Social, and Governance Disclosure: Empirical Evidence from Saudi Highly Polluting Industries",SUSTAINABILITY
2025,March,WOS,College of Business Administration,Scientific,Driving Circular Economy Strategies for Sustainable Development: The Role of Board Capital and Innovation Capacity in Emerging Markets,BUSINESS STRATEGY AND THE ENVIRONMENT
2025,March,WOS,College of Business Administration,Scientific,Smart banking chatbots and consumer engagement: the role of trust and privacy in AI-driven banking,JOURNAL OF STRATEGIC MARKETING
2025,March,WOS,College of Dentistry,Health-related / Medical,Evaluation of Shear Bond Strength and Failure Modes of Lithium Disilicate Ceramic Veneering Material to Different High-Performance Polymers,POLYMERS
2025,March,WOS,College of Dentistry,Health-related / Medical,Immunohistochemical Investigation of the Proliferative Activity of Odontogenic Cysts and Tumors,APPLIED IMMUNOHISTOCHEMISTRY & MOLECULAR MORPHOLOGY
2025,March,WOS,College of Dentistry,Health-related / Medical,"Comparison of Undergraduate Students' Understanding, Performance, and Perception of 3D Digital Cast vs. Plaster Model for Orthodontic Space Analysis",JOURNAL OF DENTAL EDUCATION
2025,March,WOS,College of Dentistry,Health-related / Medical,Clinical and radiographic peri-implant parameters in type-2 diabetic and non-diabetic individuals with major depressive disorder,SCIENTIFIC REPORTS
2025,March,WOS,College of Computer and Information Sciences,Scientific,Secure Hybrid Deep Learning for MRI-Based Brain Tumor Detection in Smart Medical IoT Systems,DIAGNOSTICS
2025,March,WOS,College of Computer and Information Sciences,Scientific,"Tiny Language Models for Automation and Control: Overview, Potential Applications, and Future Research Directions",SENSORS
2025,March,WOS,College of Computer and Information Sciences,Scientific,Daas composition: enhancing UAV delivery services via LSTM-based resource prediction and flight patterns mining,COMPUTING
2025,March,WOS,College of Computer and Information Sciences,Scientific,Face Recognition in Unconstrained Images Using Deep Learning Model for Forensics,SECURITY AND PRIVACY
2025,March,WOS,College of Computer and Information Sciences,Scientific,ERINDA: A novel framework for Enhancing the Resilience of Industrial Networks against DDoS Attacks with adaptive recovery,ALEXANDRIA ENGINEERING JOURNAL
2025,March,WOS,College of Computer and Information Sciences,Scientific,Diagnostic behavior analysis of profuse data intrusions in cyber physical systems using adversarial learning techniques,SCIENTIFIC REPORTS
2025,March,WOS,College of Computer and Information Sciences,Scientific,A High-Security Chaotic Encryption Model for Biomedical Image Protection,SECURITY AND PRIVACY
2025,March,WOS,College of Computer and Information Sciences,Scientific,Privacy-preserving federated UAV data collection framework for autonomous path optimization in maritime operations,APPLIED SOFT COMPUTING
2025,March,WOS,College of Computer and Information Sciences,Scientific,Self-lubricative performance of laser processed graphene structures for space applications via digital twin approach,RESULTS IN ENGINEERING
2025,March,WOS,College of Computer and Information Sciences,Scientific,Harnessing AI forward and backward chaining with telemetry data for enhanced diagnostics and prognostics of smart devices,SCIENTIFIC REPORTS
2025,March,WOS,College of Computer and Information Sciences,Scientific,Efficient CNN architecture with image sensing and algorithmic channeling for dataset harmonization,SCIENTIFIC REPORTS
2025,March,WOS,College of Computer and Information Sciences,Scientific,GAN-BASED SYNTHETIC MEDICAL IMAGE AUGMENTATION FOR CLASS IMBALANCED DERMOSCOPIC IMAGE ANALYSIS,FRACTALS-COMPLEX GEOMETRY PATTERNS AND SCALING IN NATURE AND SOCIETY
2025,March,WOS,College of Computer and Information Sciences,Scientific,Privacy-preserving cross-network service recommendation via federated learning of unified user representations,DATA & KNOWLEDGE ENGINEERING
2025,March,WOS,College of Computer and Information Sciences,Scientific,Integrating geospatial techniques and machine learning for assessing soil erosion and associated geomorphic risks,JOURNAL OF SOUTH AMERICAN EARTH SCIENCES
2025,March,WOS,College of Computer and Information Sciences,Scientific,Maximizing energy savings in smart homes through artificial neural network-based artificial intelligence solutions,CLEAN ENERGY
2025,March,WOS,College of Computer and Information Sciences,Scientific,MANET Routing Protocols' Performance Assessment Under Dynamic Network Conditions,APPLIED SCIENCES-BASEL
2025,March,WOS,College of Computer and Information Sciences,Scientific,Novel transfer learning based acoustic feature engineering for scene fake audio detection,SCIENTIFIC REPORTS
2025,March,WOS,College of Computer and Information Sciences,Scientific,A swarm-optimization based fusion model of sentiment analysis for cryptocurrency price prediction,SCIENTIFIC REPORTS
2025,March,WOS,College of Computer and Information Sciences,Scientific,An intelligent ransomware based cyberthreat detection model using multi head attention-based recurrent neural networks with optimization algorithm in IoT environment,SCIENTIFIC REPORTS
2025,March,WOS,College of Computer and Information Sciences,Scientific,Deep learning based automatic crack detection for concrete structures using piezoelectric smart aggregates,MECHANICS OF ADVANCED MATERIALS AND STRUCTURES
2025,March,WOS,College of Computer and Information Sciences,Scientific,"Hybridization of synergistic swarm and differential evolution with graph convolutional network for distributed denial of service detection and mitigation in IoT environment (vol 14, 30868, 2024)",SCIENTIFIC REPORTS
2025,March,WOS,College of Computer and Information Sciences,Scientific,AI-enhanced smart grid framework for intrusion detection and mitigation in EV charging stations,ALEXANDRIA ENGINEERING JOURNAL
2025,March,WOS,College of Computer and Information Sciences,Scientific,Artificial intelligence based classification and prediction of medical imaging using a novel framework of inverted and self-attention deep neural network architecture,SCIENTIFIC REPORTS
2025,March,WOS,College of Computer and Information Sciences,Scientific,Alzheimer's disease prediction using 3D-CNNs: Intelligent processing of neuroimaging data,SLAS TECHNOLOGY
2025,March,WOS,College of Computer and Information Sciences,Scientific,Simulating online and offline tasks using hybrid cheetah optimization algorithm for patients affected by neurodegenerative diseases,SCIENTIFIC REPORTS
2025,March,WOS,College of Computer and Information Sciences,Scientific,Classification of pulmonary diseases from chest radiographs using deep transfer learning,PLOS ONE
2025,March,WOS,College of Computer and Information Sciences,Scientific,Encoder-Decoder Variant Analysis for Semantic Segmentation of Gastrointestinal Tract Using UW-Madison Dataset,BIOENGINEERING-BASEL
2025,March,WOS,College of Computer and Information Sciences,Scientific,Innovative hand pose based sign language recognition using hybrid metaheuristic optimization algorithms with deep learning model for hearing impaired persons,SCIENTIFIC REPORTS
2025,March,WOS,College of Computer and Information Sciences,Scientific,Enhancing Sustainability in Renewable Energy: Comparative Analysis of Optimization Algorithms for Accurate PV Parameter Estimation,SUSTAINABILITY
2025,March,WOS,College of Computer and Information Sciences,Scientific,Artificial intelligent-powered detection of breast cancer,JOURNAL OF RADIATION RESEARCH AND APPLIED SCIENCES
2025,March,WOS,College of Computer and Information Sciences,Scientific,"Catenation between mHealth application advertisements and cardiovascular diseases: moderation of artificial intelligence (AI)-enabled internet of things, digital divide, and individual trust",BMC PUBLIC HEALTH
2025,March,WOS,College of Computer and Information Sciences,Scientific,Improved cancer detection through feature selection using the binary Al Biruni Earth radius algorithm,SCIENTIFIC REPORTS
2025,March,WOS,College of Computer and Information Sciences,Scientific,ENHANCING CYBERSECURITY VIA ANOMALY RECOGNITION USING THERMAL EXCHANGE FRACTALS OPTIMIZATION WITH DEEP LEARNING ON IOT NETWORKS,FRACTALS-COMPLEX GEOMETRY PATTERNS AND SCALING IN NATURE AND SOCIETY
2025,March,WOS,College of Computer and Information Sciences,Scientific,A hybrid object detection approach for visually impaired persons using pigeon-inspired optimization and deep learning models,SCIENTIFIC REPORTS
2025,March,WOS,College of Computer and Information Sciences,Scientific,IoT powered RNN for improved human activity recognition with enhanced localization and classification,SCIENTIFIC REPORTS
2025,March,WOS,College of Computer and Information Sciences,Scientific,Aggregation-based partitioning algorithm for traffic congestion in MapReduce,JOURNAL OF BIG DATA
2025,March,WOS,College of Computer and Information Sciences,Scientific,Design and Analysis of Dual-band Hexagon-shaped Polarization-insensitive Metamaterial Absorber using Vanadium dioxide (VO2) for Terahertz Applications,PLASMONICS
2025,March,WOS,College of Computer and Information Sciences,Scientific,Mobile Edge Computing Model for Dynamically Processes Tasks Through Multi-UAV Cooperation,JOURNAL OF CIRCUITS SYSTEMS AND COMPUTERS
2025,March,WOS,College of Computer and Information Sciences,Scientific,Soft-computing models for predicting plastic viscosity and interface yield stress of fresh concrete,SCIENTIFIC REPORTS
2025,March,WOS,College of Computer and Information Sciences,Scientific,FRACTALS FRACTIONAL MATHEMATICAL MODEL FOR THE EVOLUTION OF COVID-19 WITH VACCINATION AND SOCIAL MEDIA EFFECT,FRACTALS-COMPLEX GEOMETRY PATTERNS AND SCALING IN NATURE AND SOCIETY
2025,March,WOS,College of Computer and Information Sciences,Scientific,A novel network-level fused deep learning architecture with shallow neural network classifier for gastrointestinal cancer classification from wireless capsule endoscopy images,BMC MEDICAL INFORMATICS AND DECISION MAKING
2025,March,WOS,College of Sports Science and Physical Activity,Humanitarian ,"Microwave-Assisted Facile Synthesis of 1,2-Benzisoxazoles, Isoxazoloquinolines, and Isothiazoloquinolines in [BMIM(SO2Cl)][OTs] Ionic Liquid as a Recyclable System ( vol 95 , pg 781, 2025)",RUSSIAN JOURNAL OF GENERAL CHEMISTRY
2025,March,WOS,College of Sports Science and Physical Activity,Humanitarian ,Investigating Coriander Leaf Phenolics With HPLC-UV and Their Role in Modulating Nitrogen Metabolism,FOOD SCIENCE & NUTRITION
2025,March,WOS,College of Sports Science and Physical Activity,Humanitarian ,"Experimental and DFT study of structural, optical and piezoelectric properties of perovskite SmTaO3 for optoelectronic applications",JOURNAL OF PHYSICS AND CHEMISTRY OF SOLIDS
2025,March,WOS,College of Sports Science and Physical Activity,Humanitarian ,Design of Highly Fluorescent Imidazole-Based Metal-Free D-Π-A Dye for DSSC Application,JOURNAL OF FLUORESCENCE
2025,March,WOS,Health Sciences Research Centre,Health-related / Medical,Relationship of fat mass index and fat free mass index with body mass index and association with sleeping patterns and physical activity in Saudi young adults women,JOURNAL OF HEALTH POPULATION AND NUTRITION
2025,March,WOS,Health Sciences Research Centre\College of Health and Rehabilitation Sciences,Health-related / Medical,The role of athletic mental energy in the occurrence of flow state in male football (soccer) players,BMC SPORTS SCIENCE MEDICINE AND REHABILITATION
2025,March,WOS,King Abdullah bin Abdulaziz University Hospital,Health-related / Medical,Discrepant low von Willebrand factor activity results on ACL TOP analyzer are frequent in unselected patients with myeloproliferative neoplasms and show no correlation with high-molecular-weight multimer loss or bleeding phenotype: comment from Al Sharif et al.,JOURNAL OF THROMBOSIS AND HAEMOSTASIS
2025,March,WOS,King Abdullah bin Abdulaziz University Hospital,Health-related / Medical,Towards a National System-Level Intervention: Characterization of Burnout Among Trainees of Saudi Postgraduate Healthcare Professions Programs,HEALTHCARE
2025,March,WOS,King Abdullah bin Abdulaziz University Hospital\College of Medicine,Health-related / Medical,Otoplasty in Saudi Arabia: Is There a Change in Demographic Trend?,PLASTIC AND RECONSTRUCTIVE SURGERY-GLOBAL OPEN
2025,April,WOS,College of Nursing,Health-related / Medical,"Need-based in intervention delivery for family caregivers of older adults with dementia (vol 51, pg 133, 2024)",ARCHIVES OF PSYCHIATRIC NURSING
2025,April,WOS,College of Education and Human Development\College of Health and Rehabilitation Sciences\Applied College,Humanitarian ,Levels of well-being according to demographic variables in Saudi Arabia: a PERMA model survey study,FRONTIERS IN PSYCHOLOGY
2025,April,WOS,College of Medicine,Health-related / Medical,Knowledge of Headache Red Flags among the General Population of Saudi Arabia: A Comprehensive Evaluation,ANNALS OF AFRICAN MEDICINE
2025,April,WOS,College of Science,Scientific,"Yb2O3-reinforced bismosilicate glasses: fabrication, structure, physical, FTIR, mechanical properties, and γ-ray attenuation capacity: experimental and theoretical study",JOURNAL OF MATERIALS SCIENCE-MATERIALS IN ELECTRONICS
2025,April,WOS,College of Science,Scientific,"Study of physical properties of novel perovskite FrJCl3 (J = Be, Mg) materials: DFT predictions for photovoltaic applications",JOURNAL OF MATERIALS SCIENCE-MATERIALS IN ELECTRONICS
2025,April,WOS,College of Business Administration,Scientific,Constructing a novel Z-scheme Fe2O3/ZnIn2S4@Bi2WO6 photocatalyst for boosting removal of non-biodegradable ciprofloxacin and long-term stable CO2 conversion,JOURNAL OF WATER PROCESS ENGINEERING
2025,April,WOS,College of Humanities and Social Sciences,Humanitarian ,An adaptive search mechanism with convolutional learning networks for online social media text summarization and classification model,SCIENTIFIC REPORTS
2025,April,WOS,College of pharmacy,Health-related / Medical,Ultrasensitive First Derivative Synchronous Spectrofluorimetric Approach for the Concurrent Quantification of COVID-19-2024 Treatment Combination Dextromethorphan and Guaifenesin in Different Matrices: Compliance With Greenness and Practicality Metrics,LUMINESCENCE
2025,April,WOS,College of Science,Scientific,"Exploration of Some Thieno[2,3-b]pyridines, Thieno[3,2-d]pyrimidinones, and Thieno[3,2-d][1,2,3]triazinones as Insecticidal Agents Against Aonidiella aurantii",RUSSIAN JOURNAL OF BIOORGANIC CHEMISTRY
2025,April,WOS,College of Engineering\College of Science,Scientific,Cost-Efficient Citywide Neutral Host Design: A Micro-Operator Business Model for Expedited 5G and Beyond Network Infrastructure Rollout,IEICE TRANSACTIONS ON COMMUNICATIONS
2025,April,WOS,College of Science,Scientific,A comprehensive investigation on lanthanum ion-doped borate-silicate glass for optical and protective radiation applications,JOURNAL OF MATERIALS SCIENCE-MATERIALS IN ELECTRONICS
2025,April,WOS,College of Medicine,Health-related / Medical,Efficacy and safety of azithromycin in treating sinusitis patients: a systematic review and meta-analysis of randomized controlled trails,ANNALS OF MEDICINE AND SURGERY
2025,April,WOS,King Abdullah bin Abdulaziz University Hospital,Health-related / Medical,Longitudinal Determination of Diabetes Complications and Other Clinical Variables as Risk Factors for Diabetic Ketoacidosis in Type 1 Diabetes,DIABETES CARE
2025,April,WOS,College of Science,Scientific,"Comprehensive evaluation of thermal, structural, magnetic, and radiation shielding properties of CuAlNi and CuAlNi-X (X = Co, CoFe, CoFeMn, CoFeMnCr) high-temperature shape memory alloys",APPLIED PHYSICS A-MATERIALS SCIENCE & PROCESSING
2025,April,WOS,College of Computer and Information Sciences,Scientific,"Breast cancer prediction with feature-selected XGB classifier, optimized by metaheuristic algorithms",JOURNAL OF BIG DATA
2025,April,WOS,College of Health and Rehabilitation Sciences,Health-related / Medical,Effect of Blueberry Supplement on Alleviating Aged- Associated Kidney Dysfunction in Rats,CURRENT RESEARCH IN NUTRITION AND FOOD SCIENCE
2025,April,WOS,College of Science,Scientific,Elevating electrochemical performance of Ag2O with rGO nanosheets for water splitting activity,DIAMOND AND RELATED MATERIALS
2025,April,WOS,College of Science,Scientific,Interaction of two-dimensional electron-acoustic solitary waves in a cylindrical geometry and their applications in space plasmas,PHYSICS OF PLASMAS
2025,April,WOS,College of Education and Human Development,Humanitarian ,"Premenstrual dysphoric disorder and its co-existence with depression, anxiety, and stress as risk factors for suicidal ideation and suicide attempts among university students in Bangladesh: A single-site survey",PLOS ONE
2025,April,WOS,College of Science,Scientific,Sublethal Effects of Voliam Flexi on Spodoptera frugiperda (Lepidoptera: Noctuidae): Insights From Life Table Theory,JOURNAL OF APPLIED ENTOMOLOGY
2025,April,WOS,College of Business Administration,Scientific,Exploring the factors that influence students acceptance and use of online learning technology in higher education institutes of Khyber Pakhtunkhwa Pakistan,EDUCATION AND INFORMATION TECHNOLOGIES
2025,April,WOS,College of Science,Scientific,Investigating the thermoelectric power factor of AlPbTe2 thin film grown by thermal evaporation route,APPLIED PHYSICS A-MATERIALS SCIENCE & PROCESSING
2025,April,WOS,College of pharmacy,Health-related / Medical,Impact of Vitamin D Injection on Keloids and Hypertrophic Scars,JOURNAL OF COSMETIC DERMATOLOGY
2025,April,WOS,College of Sports Science and Physical Activity\College of Science,Scientific,"Synthesis and characterization of functionalized yttrium metal-organic frameworks encapsulated onto bi-polymers for effective removal of As(III); Adsorption isotherms, kinetic, and optimization via Box-Behnken design",MATERIALS TODAY COMMUNICATIONS
2025,April,WOS,College of Science,Scientific,"Impact of Sm3+ ions on the structure, physical, FTIR spectroscopy and mechano-radiation shielding capabilities of high dense CdO-Bi2O3-SiO2 glasses",APPLIED PHYSICS A-MATERIALS SCIENCE & PROCESSING
2025,April,WOS,College of Science,Scientific,"Multi-criteria Group Decision-Making Using Complex p, q-Quasirung Orthopair Fuzzy Sets: Application in the Selection of Renewable Energy Projects for Investments",COGNITIVE COMPUTATION
2025,April,WOS,College of Science,Scientific,The correlation of bandgap with the crystallite size using the quantum confinement effect for wastewater treatment,DESALINATION AND WATER TREATMENT
2025,April,WOS,College of Science,Scientific,"RETRACTION: Bi and Sn Doping Improved the Structural, Optical and Photovoltaic Properties of MAPbI3-Based Perovskite Solar Cells. Materials 2022, 15, 5216",MATERIALS
2025,April,WOS,College of Science,Scientific,"An investigation on microstructural, physical, and radiation shielding properties Yb2O3 oxide dispersion-strengthened 316L-SS alloys",APPLIED PHYSICS A-MATERIALS SCIENCE & PROCESSING
2025,April,WOS,College of Science,Scientific,A detailed analysis of linear/nonlinear optical properties of boro-tellurite glasses reinforced with ZrO2 for optoelectronics applications,APPLIED PHYSICS A-MATERIALS SCIENCE & PROCESSING
2025,April,WOS,College of Science,Scientific,Temperature-dependent electric conductivity and radiation-shielding parameters of Fe2O3-doped aluminum calcium-berated amorphous solid at different frequencies,APPLIED PHYSICS A-MATERIALS SCIENCE & PROCESSING
2025,April,WOS,College of Computer and Information Sciences,Scientific,Video and image quality enhancement using an enhanced lower bound on transmission map dehazing technique,MULTIMEDIA SYSTEMS
2025,April,WOS,College of Science,Scientific,BARCODING OF CHENOPODIUM MURALE L. WITH NEW RECORD TO EGYPTIAN FLORA,PAKISTAN JOURNAL OF BOTANY
2025,April,WOS,College of Science,Scientific,Impact of ingested microplastics on phenotypic traits and biochemical parameters in Nile tilapia (Oreochromis niloticus) juvenile,AQUACULTURE INTERNATIONAL
2025,April,WOS,College of Computer and Information Sciences,Scientific,"Monitoring land subsidence using Sentinel-1A, persistent scatterer InSAR, and machine learning techniques",JOURNAL OF SOUTH AMERICAN EARTH SCIENCES
2025,April,WOS,College of Science,Scientific,Peripheral modifications of DTP-C6TH to attain dopant-free hole transporting materials of efficient photovoltaic properties,JOURNAL OF COMPUTATIONAL ELECTRONICS
2025,April,WOS,College of Science,Scientific,"Investigating the effects of Siraitia grosvenorii fruit on growth performance, immune response, antioxidant gene expression, and resistance to Vibrio parahaemolyticus in Litopenaeus vannamei shrimp",AQUACULTURE INTERNATIONAL
2025,April,WOS,College of Science,Scientific,Study of Tunneling Properties in ZnO/ZnCdO Trilayer Heterostructure for Spintronic Devices: Effect of the In-Plane Wave Vector,BRAZILIAN JOURNAL OF PHYSICS
2025,April,WOS,College of Science,Scientific,"Preferential host plants and nesting sites for foam building by the spittlebug, Poophilus costalis Walker (Hemiptera: Aphrophoridae)",PHYTOPARASITICA
2025,April,WOS,College of Science,Scientific,"RETRACTION: The Effect of 600 keV Ag Ion Irradiation on the Structural, Optical, and Photovoltaic Properties of MAPbBr3 Films for Perovksite Solar Cell Applications.",MATERIALS
2025,April,WOS,College of Dentistry,Health-related / Medical,"Oral health-related knowledge, practice, and utilization of dental services among pregnant women in Riyadh, Saudi Arabia",PLOS ONE
2025,April,WOS,College of Science,Scientific,"Pressure-Influenced Comparative Investigation of Electronic, Optical, Structural, and Mechanical Properties of Non-toxic Halide Perovskites FrCaX3 (X = Cl, Br, and I): A First-Principles Investigation for Advanced Optoelectronic Applications",JOURNAL OF INORGANIC AND ORGANOMETALLIC POLYMERS AND MATERIALS
2025,April,WOS,College of Science,Scientific,DFT Simulation of Eco-friendly Halide Double Perovskites A2AuInCl6 (A = K and Rb) for Optoelectronic and Thermoelectric Devices,JOURNAL OF INORGANIC AND ORGANOMETALLIC POLYMERS AND MATERIALS
2025,April,WOS,College of Science,Scientific,"Unveiling the Potential of X2RbAsI6 (X = K, Cs) Halide Double Perovskites for Advanced Applications Through First-Principles Modeling",JOURNAL OF INORGANIC AND ORGANOMETALLIC POLYMERS AND MATERIALS
2025,April,WOS,College of Sports Science and Physical Activity,Humanitarian ,Electrochemical Investigation of a ZnO/RGO-Modified Electrode for Trace Pb (II) Detection in Water and Soil Samples,TOPICS IN CATALYSIS
2025,April,WOS,College of pharmacy,Health-related / Medical,"Comparison between conventional, grinding, and microwave synthesis of methylpyrazoles as VEGFR-2/HSP90 dual inhibitors",FUTURE MEDICINAL CHEMISTRY
2025,April,WOS,College of Science,Scientific,Combining CD64 and CD123 Biomarkers for Sepsis Early Diagnosis and Severity Assessment via PD-L1 Antibody Affinity Microfluidic (PAAM) Chip in Trace Clinical Samples,ANALYTICAL CHEMISTRY
2025,April,WOS,College of Science,Scientific,"Computational screening of appealing perspectives of indium-based halide double perovskites In2AgSbX6 (X = Cl, Br, and I) for energy harvesting technologies",RSC ADVANCES
2025,April,WOS,College of Nursing,Health-related / Medical,Compliance of infection control practices among registered nurses: A cross-sectional study,MEDICINE
2025,April,WOS,College of Science,Scientific,Juglone as a Therapeutic Agent in Murine Coccidiosis: Enhancing Intestinal Recovery and Regulating Host Immune Responses,MICROSCOPY RESEARCH AND TECHNIQUE
2025,April,WOS,College of pharmacy,Health-related / Medical,Enhanced photoluminescence and photocatalytic properties in Dy-doped sodium zinc molybdate synthesized via a green microwave-assisted method,NANOSCALE ADVANCES
2025,April,WOS,College of Science,Scientific,Hybrid nanofluid flow encompassed of aluminum grade-V nanoparticles through parallel spinning plates: An applications of parametric continuation method,MODERN PHYSICS LETTERS B
2025,April,WOS,College of Computer and Information Sciences,Scientific,Extensive Feature-Inferring Deep Network for Hyperspectral and Multispectral Image Fusion,REMOTE SENSING
2025,April,WOS,College of Science,Scientific,Impact of Tolman-Kuchowicz metric potentials on cracking and overturning,PHYSICS LETTERS A
2025,April,WOS,Arabic Language Teaching Institute for Non-Arabic Speakers,Humanitarian ,UBIQUITOUS LEARNING-DRIVEN NATURAL LANGUAGE PROCESSING FOR TWITTER CLIMATE CHANGE SENTIMENT ANALYSIS USING BAYESIAN MACHINE LEARNING FOR FOSTER SUSTAINABLE DEVELOPMENT IN RURAL AREAS,FRACTALS-COMPLEX GEOMETRY PATTERNS AND SCALING IN NATURE AND SOCIETY
2025,April,WOS,College of Science,Scientific,Facile synthesis of FeS@MoS2 nanocomposite material: an advantageous electrode for high-performance supercapacitor,IONICS
2025,April,WOS,College of Science,Scientific,Eu3+and Li+ Co-doped SmCa4O(BO3)3 phosphors: Negative thermal quenching and photoluminescence properties,JOURNAL OF ALLOYS AND COMPOUNDS
2025,April,WOS,College of Science,Scientific,"Structural, Electronic and Optical Properties of Altermagnet Bulk MnBr2",INTERNATIONAL JOURNAL OF QUANTUM CHEMISTRY
2025,April,WOS,College of Computer and Information Sciences,Scientific,DNA-Inspired Lightweight Cryptographic Algorithm for Secure and Efficient Image Encryption,SENSORS
2025,April,WOS,College of Science,Scientific,"Enhanced Radiation Shielding and Structural Modifications in Samarium (III) Oxide-Reinforced Type 316L Stainless Steel Composites for Nuclear Applications: A Comprehensive Evaluation of Physical, Structural, Mechanical, Gamma-Ray, and Neutron Attenuation Properties",NUCLEAR TECHNOLOGY
2025,April,WOS,College of Computer and Information Sciences,Scientific,Efficient traffic management with adaptive SDN in vehicular networks,SCIENTIFIC REPORTS
2025,April,WOS,College of Engineering,Scientific,Parametric Study of Magnetohydrodynamic-Assisted Heat Transfer in Nanofluid-Filled Corrugated Channels with Obstacles,JOURNAL OF INORGANIC AND ORGANOMETALLIC POLYMERS AND MATERIALS
2025,April,WOS,College of Computer and Information Sciences,Scientific,Client engagement solution for post implementation issues in software industry using blockchain,SCIENTIFIC REPORTS
2025,April,WOS,College of Computer and Information Sciences,Scientific,Leveraging artificial intelligence for diagnosis of children autism through facial expressions,SCIENTIFIC REPORTS
2025,April,WOS,College of Computer and Information Sciences,Scientific,Improving energy efficiency and routing reliability in wireless sensor networks using modified ant colony optimization,EURASIP JOURNAL ON WIRELESS COMMUNICATIONS AND NETWORKING
2025,April,WOS,College of pharmacy,Health-related / Medical,"Design and synthesis of thiadiazoles as anticancer, apoptotic, and VEGFR-2 inhibitors",FUTURE MEDICINAL CHEMISTRY
2025,April,WOS,College of Science,Scientific,Ex situ functionalization of bacterial cellulose with ethanolic extraction of propolis for enhanced antimicrobial performance,BIOMASS CONVERSION AND BIOREFINERY
2025,April,WOS,College of Science,Scientific,Innovative Approach Using Different Nano - Primers To Enhance Stress Tolerance in Barley (Hordeum vulgare L.) Under Lead Toxicity,JOURNAL OF SOIL SCIENCE AND PLANT NUTRITION
2025,April,WOS,College of Computer and Information Sciences,Scientific,Joint optimization for 6G beyond diagonal IRS-assisted multi-carrier NOMA vehicle-to-infrastructure communication,JOURNAL OF SUPERCOMPUTING
2025,April,WOS,College of Computer and Information Sciences,Scientific,Surface-Enhanced Raman Spectroscopy for Characterization of Blood Serum Samples of Liver Carcinoma Patients Using 100 kDa Filtration Devices,PLASMONICS
2025,April,WOS,College of Science,Scientific,"Fabrication of novel activated carbon/carbonized cuttlefish bone bio-based adsorbent for Carbamazepine drug adsorption: high efficiency, biocompatibility, and environmental safety",INTERNATIONAL JOURNAL OF ENVIRONMENTAL ANALYTICAL CHEMISTRY
2025,April,WOS,College of Science,Scientific,Spin-Dependent Hole Transport in GaAs/GaAlAs Double-Barrier Heterostructure and the Analysis of Dwell Time,SPIN
2025,April,WOS,College of Science,Scientific,Design and study of high efficiency CuAlO2/PANI nanohybrid electrode for next generation supercapacitor,JOURNAL OF ALLOYS AND COMPOUNDS
2025,April,WOS,College of Medicine,Health-related / Medical,"Public knowledge of food poisoning, risk perception and food safety practices in Saudi Arabia: A cross-sectional survey following foodborne botulism outbreak",MEDICINE
2025,April,WOS,College of Computer and Information Sciences,Scientific,Efficient dispersion compensation in optical coherence tomography,JOURNAL OF OPTICS-INDIA
2025,April,WOS,College of Health and Rehabilitation Sciences,Health-related / Medical,Lifestyle Modification Programs and Interventions on Prediabetes in Saudi Arabia: A Systematic Scoping Review,JOURNAL OF PREVENTION
2025,April,WOS,Health Sciences Research Centre,Health-related / Medical,Stakeholder perspectives on surveillance of physical activity and monitoring and evaluation of interventions in Saudi Arabia,BMC PUBLIC HEALTH
2025,April,WOS,College of Nursing,Health-related / Medical,Awareness program for controlling the misuse of antibiotics and related resistance among mothers of children under 5 years,JOURNAL OF HEALTH POPULATION AND NUTRITION
2025,April,WOS,College of Science,Scientific,SERS-Based Serological Profiling of Dengue and Typhoid Fever Advancing Infectious Disease Diagnostics Using PCA and PLS-DA,PLASMONICS
2025,April,WOS,College of Medicine,Health-related / Medical,Identification of potential inhibitors targeting Ebola virus VP35 protein: a computational strategy,JOURNAL OF BIOMOLECULAR STRUCTURE & DYNAMICS
2025,April,WOS,College of Engineering,Scientific,Enhanced Deep Learning-Based Optimization Model for the Coverage Optimization in Wireless Sensor Networks,INTERNATIONAL JOURNAL OF COMPUTATIONAL INTELLIGENCE SYSTEMS
2025,April,WOS,College of Science,Scientific,"Steric and Energetic Characterization of Advanced Glauconite Based Silicate Nanosheets and Nano-Rods as Deliveries of Cisplatin Chemotherapy: Loading, Release, and Anticancer Activities",JOURNAL OF CLUSTER SCIENCE
2025,April,WOS,College of Science,Scientific,"DFT Study on Elastic, Structural, and Optoelectronic Properties of Cs2KAsA6 (A = Cl, Br, I) Halide Double Perovskites: Potential for Green Energy Applications",JOURNAL OF INORGANIC AND ORGANOMETALLIC POLYMERS AND MATERIALS
2025,April,WOS,College of Science,Scientific,Numerical simulation of Cs2AgInBr6/Cs4CuSb2Cl12 heterojunction perovskite solar cell: A path to achieve optimized performance,PHYSICA B-CONDENSED MATTER
2025,April,WOS,College of Science,Scientific,Effect of solvent selection on Zn-MOFs synthesized for hydrogen storage applications,INTERNATIONAL JOURNAL OF HYDROGEN ENERGY
2025,April,WOS,College of Business Administration,Scientific,China's renewable reformation: Financial dynamics in the age of hydrogen energy and green financing transformation,INTERNATIONAL JOURNAL OF HYDROGEN ENERGY
2025,April,WOS,College of Business Administration,Scientific,Hydrogen economy in China: Integrating biomass for renewable ernergy transition and economic growth,INTERNATIONAL JOURNAL OF HYDROGEN ENERGY
2025,April,WOS,College of Computer and Information Sciences,Scientific,"Artificial intelligence-driven predictive framework for early detection of still birth (vol 29, 100203, 2024)",SLAS TECHNOLOGY
2025,May,WOS,College of Education and Human Development,Humanitarian ,Positive psychological traits and psychological well-being: investigating roles of positive coping strategies and life stressors,BMC PSYCHOLOGY
2025,May,WOS,College of Education and Human Development,Humanitarian ,Association of risk factors with mental illness in a rural community: insights from machine learning models,BJPSYCH OPEN
2025,May,WOS,College of Education and Human Development,Humanitarian ,Master-Slave Architecture Enhanced and Improved GBO Tuned Cascaded PI-PDN Controller for Speed Regulation of DC Motors,OPTIMAL CONTROL APPLICATIONS & METHODS
2025,May,WOS,College of Nursing,Health-related / Medical,"Measuring the prevalence, warning signs, and preventive measures of secondary traumatic stress among critical care nurses",BMC PSYCHIATRY
2025,May,WOS,College of Nursing,Health-related / Medical,Exploring healthcare providers' perspectives of childbirth education classes for quality of care and positive childbirth experience: an interpretative phenomenological analysis study,BMC PREGNANCY AND CHILDBIRTH
2025,May,WOS,College of Nursing,Health-related / Medical,The weight of words: investigating the role of weight stigma and body mass index in shaping children and youth's emotional experiences,JOURNAL OF EATING DISORDERS
2025,May,WOS,College of Health and Rehabilitation Sciences,Health-related / Medical,Experiences in burnout and empathy among undergraduate radiography students,RADIOGRAPHY
2025,May,WOS,College of Health and Rehabilitation Sciences,Health-related / Medical,Exploring the determinants of fruits and vegetables consumption among adults in Saudi Arabia: integrating habit strength in theory of planned behavior,FRONTIERS IN NUTRITION
2025,May,WOS,College of Health and Rehabilitation Sciences,Health-related / Medical,Work-Related Musculoskeletal Disorders Among Women Office Workers in Kingdom of Saudi Arabia,JOURNAL OF OCCUPATIONAL AND ENVIRONMENTAL MEDICINE
2025,May,WOS,College of Health and Rehabilitation Sciences,Health-related / Medical,"Relationship between mental endurance, mental training, and emotional intelligence in elite athletes",MEDICINE
2025,May,WOS,College of Health and Rehabilitation Sciences,Health-related / Medical,Neuro desensitization of trigger points using interferential current with different amplitude modulated frequencies: A randomized controlled trial,MEDICINE
2025,May,WOS,College of Health and Rehabilitation Sciences,Health-related / Medical,The Effectiveness of Robotic Constraint Lokomat Training on Gait Rehabilitation in Saudi Females Patients with Stroke: A Randomized Controlled Trial,NEUROREHABILITATION
2025,May,WOS,College of Health and Rehabilitation Sciences,Health-related / Medical,Leveraging explainable artificial intelligence with ensemble of deep learning model for dementia prediction to enhance clinical decision support systems,SCIENTIFIC REPORTS
2025,May,WOS,College of pharmacy,Health-related / Medical,Towards a sustainable rare disease and orphan drug ecosystem in Saudi Arabia: policy insights from a multi-stakeholder workshop,FRONTIERS IN PHARMACOLOGY
2025,May,WOS,College of pharmacy,Health-related / Medical,Effects of insulin infusion volume on diabetic ketoacidosis outcome in pediatrics: Retrospective observational study,MEDICINE
2025,May,WOS,College of pharmacy,Health-related / Medical,Fabrication of α-lactalbumin-coated chamomile nano-emulsion for their synergistic anticancer and anti-inflammatory applications,MEDICAL ONCOLOGY
2025,May,WOS,College of pharmacy,Health-related / Medical,Exploring Antibiotic Resistance Patterns in Escherichia coli Isolates from Urinary Tract Infections: A Retrospective Study,JOURNAL OF CLINICAL MEDICINE
2025,May,WOS,College of pharmacy,Health-related / Medical,"Randomized, double-blind, placebo-controlled pilot study of metformin as an adjunctive therapy in Parkinson's disease",FRONTIERS IN PHARMACOLOGY
2025,May,WOS,College of pharmacy,Health-related / Medical,Unveiling the heritability of selected unexplored pharmacogenetic markers in the Saudi population,FRONTIERS IN PHARMACOLOGY
2025,May,WOS,College of pharmacy,Health-related / Medical,Novel simultaneous determination of fexofenadine and ceftriaxone using pencil graphite electrode modified through iron oxide and graphene oxide/ Schiff base layer,DIAMOND AND RELATED MATERIALS
2025,May,WOS,College of pharmacy,Health-related / Medical,"Determinants of Malaria Vaccine Acceptance: A Systematic Review and Meta-Analysis of Awareness, Acceptance, Hesitancy, and Willingness to Pay",IMMUNITY INFLAMMATION AND DISEASE
2025,May,WOS,College of pharmacy,Health-related / Medical,"Improved charge carrier dynamics in rationally designed F-g-C3N4/In2O3 type II heterojunction for efficient pollutant removal: Mechanistic insights, real-world applications, and toxicity study",JOURNAL OF WATER PROCESS ENGINEERING
2025,May,WOS,College of pharmacy,Health-related / Medical,Development of new anticancer thiadiazole-sulfonamides as dual EGFR/carbonic anhydrase inhibitors,FUTURE MEDICINAL CHEMISTRY
2025,May,WOS,College of pharmacy,Health-related / Medical,"Effect of Hydrostatic Pressure on Structural, X-Ray Diffraction, Electronic, Optical and Thermoelectric Features of XNbO3 (X = Na, K) Perovskites for Renewable Energy Application: A First Principles Study",JOURNAL OF INORGANIC AND ORGANOMETALLIC POLYMERS AND MATERIALS
2025,May,WOS,College of pharmacy,Health-related / Medical,"Structural and optoelectronic investigations of AGeO3 (A = Mg, Cd) perovskites: A first-principles study",INTERNATIONAL JOURNAL OF MODERN PHYSICS B
2025,May,WOS,College of pharmacy,Health-related / Medical,"First-Principles Study of the Excitonic and Polaronic Effect of Hydride-Based Anti-perovskite Cu3HX (X = S, Se, Te)",JOURNAL OF INORGANIC AND ORGANOMETALLIC POLYMERS AND MATERIALS
2025,May,WOS,College of pharmacy,Health-related / Medical,Development of a high performance ethylene glycol gas sensor using cobalt doped porous ZnFe2O4 nanostructures,SCIENTIFIC REPORTS
2025,May,WOS,College of Medicine,Health-related / Medical,Prevalence of depression and anxiety among working women in Saudi Arabia: psychosocial and perinatal correlates,BMC WOMENS HEALTH
2025,May,WOS,College of Medicine,Health-related / Medical,Ileal pouch-anal anastomosis in familial adenomatous polyposis and ulcerative colitis with coexisting colorectal cancer: a guideline for treatment,JOURNAL OF SURGICAL CASE REPORTS
2025,May,WOS,College of Medicine,Health-related / Medical,Radical laparoscopic nephrectomy for a huge left renal mass in situs inversus totalis: A case report and video presentation,UROLOGY CASE REPORTS
2025,May,WOS,College of Medicine,Health-related / Medical,Excellent response to rituximab in a patient with recalcitrant epidermolysis bullosa acquisita: a case report,JOURNAL OF EGYPTIAN WOMENS DERMATOLOGICAL SOCIETY
2025,May,WOS,College of Medicine,Health-related / Medical,Sun protection behaviors and knowledge among Riyadh residents: a snapshot,ARCHIVES OF DERMATOLOGICAL RESEARCH
2025,May,WOS,College of Medicine,Health-related / Medical,The Effect of Medical School Simulation Training on Emotion in the Pulmonary Curriculum,AMERICAN JOURNAL OF RESPIRATORY AND CRITICAL CARE MEDICINE
2025,May,WOS,College of Medicine,Health-related / Medical,The Effect of Medical School Simulation Training on Cognitive Load in the Pulmonary Curriculum,AMERICAN JOURNAL OF RESPIRATORY AND CRITICAL CARE MEDICINE
2025,May,WOS,College of Medicine,Health-related / Medical,Immunoinformatic approach for designing a multi-epitope vaccine against non-typhoidal salmonellosis using starvation-stress response proteins from Salmonella Oranienburg,JOURNAL OF BIOMOLECULAR STRUCTURE & DYNAMICS
2025,May,WOS,College of Medicine,Health-related / Medical,A Levodopa-Encapsulated Poly-ε-Caprolactone Nanocomposite Improves the Motor Symptoms and Neurochemical Changes in a Rotenone-Induced Mouse Model of Parkinson's Disease,ACS OMEGA
2025,May,WOS,College of Medicine,Health-related / Medical,Preferential Therapeutic Potential of Ficus carica Against Monosodium Glutamate and Metanil Yellow-Evoked Hepato-Renal Injury: In Vivo and In Silico Approaches,MOLECULAR NUTRITION & FOOD RESEARCH
2025,May,WOS,College of Science,Scientific,Mutagenic impact of picric acid on chloroplast genome and a selection of biological attributes of Brassica napus L. (Brassicaceae),BMC GENOMICS
2025,May,WOS,College of Science,Scientific,"Study of Electronic, Optical, Mechanical, and Thermoelectric Aspects of Double Perovskite Oxides Ba2CaMO6 (M = S/Se) for Solar Cells and Transport Applications",JOURNAL OF INORGANIC AND ORGANOMETALLIC POLYMERS AND MATERIALS
2025,May,WOS,College of Science,Scientific,Some exact cosmological solutions in Yano-Schrödinger gravity,INTERNATIONAL JOURNAL OF GEOMETRIC METHODS IN MODERN PHYSICS
2025,May,WOS,College of Science,Scientific,Rutin and Moringa oleifera leaf extract prevent monosodium glutamate-induced testicular toxicity in adult male albino rats,FRONTIERS IN VETERINARY SCIENCE
2025,May,WOS,College of Science,Scientific,"Comparative analysis of diarrheagenic and uropathogenic Escherichia coli isolates: antimicrobial resistance, virulence, and genomic profiling",JOURNAL OF APPLIED MICROBIOLOGY
2025,May,WOS,College of Science,Scientific,"Physiological, biochemical and histological effects of abscisic acid-synthesized silver and copper oxide nanoparticles on the potato tuber moth, Phthorimaea operculella",CHEMICAL AND BIOLOGICAL TECHNOLOGIES IN AGRICULTURE
2025,May,WOS,College of Science,Scientific,"Exploring Thiazole-Based Heterocycles: Synthesis, Bioactivity, and Molecular Docking for Antimicrobial Applications",CHEMICAL BIOLOGY & DRUG DESIGN
2025,May,WOS,College of Science,Scientific,Dextran-integrated polypyrrole-Cu2O composite for improved electrochemical quantification of melatonin in biological samples,INTERNATIONAL JOURNAL OF BIOLOGICAL MACROMOLECULES
2025,May,WOS,College of Science,Scientific,Fabrication of highly efficient zinc manganese perovskite oxide for energy storage application,APPLIED PHYSICS A-MATERIALS SCIENCE & PROCESSING
2025,May,WOS,College of Science,Scientific,Analysis of hydrothermally formed MnTiO3/rGO hybrid electrode for supercapacitor device,DIAMOND AND RELATED MATERIALS
2025,May,WOS,College of Science,Scientific,Electrochemical enhancement of BaMnO3 perovskites using Sm doping for supercapacitor applications,CERAMICS INTERNATIONAL
2025,May,WOS,College of Science,Scientific,ANALYZING THE DYNAMICS OF BREAST CANCER PROGRESSION WITH FRACTIONAL MODELING AND SIMULATION: EFFECTS OF ESTROGEN AND UNHEALTHY DIETS,FRACTALS-COMPLEX GEOMETRY PATTERNS AND SCALING IN NATURE AND SOCIETY
2025,May,WOS,College of Science,Scientific,Impact of Temperature Variations on the Viability and Infectivity of Sporulated Eimeria papillata Oocysts in C57BL/6 Mice,CURRENT MICROBIOLOGY
2025,May,WOS,College of Science,Scientific,Synergistic Effect of Conducting Polymer PANI on Electrochemical Performance of Ni Ferrites for Asymmetric Supercapacitors,JOURNAL OF INORGANIC AND ORGANOMETALLIC POLYMERS AND MATERIALS
2025,May,WOS,College of Science,Scientific,Tm2O3 doped borosilicate glasses for optical and medical applications: optical characterization and γ-ray/neutron attenuation competence,APPLIED PHYSICS A-MATERIALS SCIENCE & PROCESSING
2025,May,WOS,College of Science,Scientific,Phosphogypsum and biosynthesized selenium nanoparticles synergistically mitigate cadmium contamination and promote maize growth in wastewater-irrigated alkaline soil,PLANT AND SOIL
2025,May,WOS,College of Science,Scientific,"Nanocomposites of ZnO/CuO/Se Synthesized by Schinus terebinthifolia Biomass and their Antioxidant, Cytotoxicity, Anti-H. pylori, and Anti-obesity Properties",BIORESOURCES
2025,May,WOS,College of Science,Scientific,Evaluating the optimal cathode material for energy storage devices: a comparative study of LiFePO4 and LiMnPO4 using electric impedance,IONICS
2025,May,WOS,College of Science,Scientific,On the characteristics of structural dispersive wave solutions for the Fokas model,AIP ADVANCES
2025,May,WOS,College of Science,Scientific,Predicting Heavy Metal Accumulation in Turnip (Brassica rapa var. rapa L.) Using Soil Properties: A Study of Plants Grown in Agricultural Soils Amended with Varying Levels of Biosolid,WATER AIR AND SOIL POLLUTION
2025,May,WOS,College of Science,Scientific,"Variation of Mechanical, Gamma-Ray, and Neutron Transmission Properties of Some Lithium-Zinc-Tellurite Glasses through Systematic Erbium (III) Oxide Reinforcement",JOURNAL OF MATERIALS ENGINEERING AND PERFORMANCE
2025,May,WOS,College of Science,Scientific,Numerical analysis of the MASnI3/CZT(Se1-xSx) interface to boost the performance via band offset engineering,RSC ADVANCES
2025,May,WOS,College of Science,Scientific,Dromion structure in (2+1)-dimensional modulated positron-acoustic waves in a non-Maxwellian magnetoplasma,COMMUNICATIONS IN THEORETICAL PHYSICS
2025,May,WOS,College of Science,Scientific,Development of cellulose aerogel as a colorimetric swab imprinted with betalain-extracted beetroot (Beta vulgaris L.) for sweat monitoring,INTERNATIONAL JOURNAL OF BIOLOGICAL MACROMOLECULES
2025,May,WOS,College of Science,Scientific,Development of Glass Nanofiber and Lanthanide Phosphor-Embedded Natural Polymer Nanocomposite Coating for Ultraviolet Filtering Smart Windows and Optical Data Encryption,LUMINESCENCE
2025,May,WOS,College of Science,Scientific,Interface Engineering of CrMoS@NiCo-MOF Nanocomposite and Sustainable Green Activated Carbon for Energy Storage and Hydrogen Production,JOURNAL OF INORGANIC AND ORGANOMETALLIC POLYMERS AND MATERIALS
2025,May,WOS,College of Science,Scientific,Efficacy of Sodium Silicate on Aspergillus flavus and its Action on Cell Wall Degrading Enzymes with Molecular Docking Studies,BIORESOURCES
2025,May,WOS,College of Science,Scientific,Phytochemical characterization of peanut oil and its ozonized form to explore biological activities in vitro,AMB EXPRESS
2025,May,WOS,College of Science,Scientific,Comparative analysis of charged particle distributions and model predictions for underlying events with track-based selection in 13 TeV pp collisions,EUROPEAN PHYSICAL JOURNAL PLUS
2025,May,WOS,College of Science,Scientific,Thermophysical Properties and Expectation Values for Pöschl-Teller-like Pseudo-Harmonic Oscillator,MATHEMATICS
2025,May,WOS,College of Science,Scientific,Influence of Bi2O3 and Y2O3 co-doping on the structural and nuclear shielding properties of multi-elemental based glass-ceramics,CERAMICS INTERNATIONAL
2025,May,WOS,College of Science,Scientific,"Impact of Bi2O3/CdO replacement on physical, FTIR, and optical properties of high dense new CdO-BaO-Bi2O3-SiO2 glass system",CERAMICS INTERNATIONAL
2025,May,WOS,College of Science,Scientific,Development of robust Al2S3/Sn2Bi2O7 nanohybrid as an active electrocatalyst for incredible oxygen evolution reaction via hydrothermal route,INTERNATIONAL JOURNAL OF HYDROGEN ENERGY
2025,May,WOS,College of Science,Scientific,Genetic variability and trait associations for physiological and agronomic characteristics in bread wheat genotypes under drought stress and well-watered conditions,PEERJ
2025,May,WOS,College of Science,Scientific,FEM-based numerical study for enhanced electrical and thermal effectiveness in photovoltaic thermal systems with attached trapezoidal flow channels,CASE STUDIES IN THERMAL ENGINEERING
2025,May,WOS,College of Science,Scientific,"Experimental and computational investigations of two N′-(adamantan-2-ylidene)-substituted benzohydrazide derivatives: crystal structures, antiproliferative activity, molecular docking, and molecular dynamic simulations",STRUCTURAL CHEMISTRY
2025,May,WOS,College of Science,Scientific,Specifying the Mo doped CaFeO3 electrode material for the application in supercapacitor,APPLIED PHYSICS A-MATERIALS SCIENCE & PROCESSING
2025,May,WOS,College of Science,Scientific,Unveiling the potential of Ce-In2S3 microflowers encased in graphene: Enhancing synergistic effects with Ce as an electron mediator for photocatalytic annihilation of organic dyes,JOURNAL OF WATER PROCESS ENGINEERING
2025,May,WOS,College of Science,Scientific,A Sustainable Solar Evaporation Strategy: Higher Condensate Yields Through Remote Condensing Structure via Polyelectrolyte Solar Evaporator,ADVANCED FUNCTIONAL MATERIALS
2025,May,WOS,College of Science,Scientific,Efficient Cytotoxic Response Against HepG2 Cell Lines and Enhanced Antibacterial Activity of Cationic Substituted Nano-Hydroxyapatite,JOURNAL OF INORGANIC AND ORGANOMETALLIC POLYMERS AND MATERIALS
2025,May,WOS,College of Science,Scientific,Realizing high thermoelectric power factor and stability of AlSnTe2 alloy thin film,INTERNATIONAL COMMUNICATIONS IN HEAT AND MASS TRANSFER
2025,May,WOS,College of Science,Scientific,Targeting Pathogenic Desulfovibrio Species with a Novel Multi-Epitope Vaccine: A Reverse Vaccinology and Computational Approach,JOURNAL OF COMPUTATIONAL BIOPHYSICS AND CHEMISTRY
2025,May,WOS,College of Science,Scientific,Facile fabrication of CdAl2O4 adorned on polyaniline for improving oxygen evolution process in basic media,TRANSITION METAL CHEMISTRY
2025,May,WOS,College of Science,Scientific,Electrocatalytic activity of cerium oxide and a composite of cerium oxide with polyaniline (CeO2@PANI) for oxygen evolution reaction (OER),JOURNAL OF SOL-GEL SCIENCE AND TECHNOLOGY
2025,May,WOS,College of Science,Scientific,A study on the geometric configuration and stability of wormholes in symmetric teleparallel gravity influenced by dark energy and rotational velocity profiles,EUROPEAN PHYSICAL JOURNAL C
2025,May,WOS,College of Science,Scientific,Advancements in fungal and fungi-like diversity with a new species and updated records,PHYTOTAXA
2025,May,WOS,College of Science,Scientific,"Comprehensive genome analysis of two Cytospora (Cytosporaceae, Diaporthales) species associated with canker disease of spruce: C. piceae and C. piceicola sp. nov.",MYCOKEYS
2025,May,WOS,College of Science,Scientific,Compact stars with color-flavor-locked quark matter in gravity's rainbow,PHYSICS OF THE DARK UNIVERSE
2025,May,WOS,College of Science,Scientific,Enhancing environmental remediation: sustainable photocatalytic degradation of water pollutants with biodegradable chitosan-ZnO nanocomposites,RESEARCH ON CHEMICAL INTERMEDIATES
2025,May,WOS,College of Science,Scientific,Inner-Sphere Electron Transfer Enabling Highly Reversible Mn2+/MnO2 Conversion toward Energy-Dense Electrolytic Zinc-Manganese Batteries,JOURNAL OF THE AMERICAN CHEMICAL SOCIETY
2025,May,WOS,College of Science,Scientific,"Valorization of Syzygium cumini Leaves to Produce Silver Nanoparticles for Efficient Anticancer, Antidiabetic and Antioxidant Potential",WASTE AND BIOMASS VALORIZATION
2025,May,WOS,College of Science,Scientific,Enhancement in electrocatalytic efficiency of hydrothermally synthesized SnAl2S4/ZnO approaching OER performance,INTERNATIONAL JOURNAL OF HYDROGEN ENERGY
2025,May,WOS,College of Science,Scientific,New approach to predict wastewater quality for irrigation utilizing integrated indexical approaches and hyperspectral reflectance measurements supported with multivariate analysis,SCIENTIFIC REPORTS
2025,May,WOS,College of Science,Scientific,"Exploring the impact of Cr3+ ions doping on optical, photocatalytic, and build-up factors of Co0.8-xZn0.2CrxFe2O4 nano-spinel ferrites",JOURNAL OF MATERIALS SCIENCE-MATERIALS IN ELECTRONICS
2025,May,WOS,College of Science,Scientific,Bioactive Compounds From Swertia kingie Hook. f.: A Promising Resource for Innovative Crop Disease Management Under Changing Environmental Conditions,JOURNAL OF PHYTOPATHOLOGY
2025,May,WOS,College of Science,Scientific,"Cobalt-doped zirconium dioxide nanoparticles: enhancement of structural and optical properties, as well as radiative efficiency, for photocatalysis and radiation shielding applications",JOURNAL OF MATERIALS SCIENCE-MATERIALS IN ELECTRONICS
2025,May,WOS,College of Science,Scientific,Elucidating the exopolysaccharide biosynthesis in Pediococcus acidilactici BCB1H regulated by iron (Fe2+) using a multi-omics approach,INTERNATIONAL JOURNAL OF BIOLOGICAL MACROMOLECULES
2025,May,WOS,College of Science,Scientific,Modulating the structural and optical properties of N-rGO supported Cu doped NiCo2O4 for effective degradation of crystal violet and panadol,CERAMICS INTERNATIONAL
2025,May,WOS,College of Science,Scientific,Broadband Interferenceless Perfect Absorption in Hexagonal Boron Nitride and Lithium Fluoride Hyperbolic Metamaterial,ADVANCED PHOTONICS RESEARCH
2025,May,WOS,College of Science,Scientific,Mungbean G x E interaction unveiling resistance to Cercospora leaf spot through GGE biplot analysis,SCIENTIFIC REPORTS
2025,May,WOS,College of Science,Scientific,In silico screening of naturally derived dietary compounds as potential butyrylcholinesterase inhibitors for Alzheimer's disease treatment,SCIENTIFIC REPORTS
2025,May,WOS,College of Science,Scientific,Machine Learning Assisted Designing of Dyes and Oscillator Strength Prediction: Chemical Space Generation and Visualization,CHEMISTRYSELECT
2025,May,WOS,College of Science,Scientific,Vanadium doped copper oxide and its composite with mxene for effective degradation of organic pollutants,JOURNAL OF ALLOYS AND COMPOUNDS
2025,May,WOS,College of Science,Scientific,Enhancing Carbon Capture Efficacy of Titania-Doped Polyethersulfone Membranes,ARABIAN JOURNAL FOR SCIENCE AND ENGINEERING
2025,May,WOS,College of Science,Scientific,ARTIFICIAL INTELLIGENCE AND NEURAL NETWORKING FOR AN ANALYSIS OF FRACTAL-FRACTIONAL ZIKA VIRUS MODEL,FRACTALS-COMPLEX GEOMETRY PATTERNS AND SCALING IN NATURE AND SOCIETY
2025,May,WOS,College of Science,Scientific,"Assessing the genetic structure of olive cultivars in Mansehra, Pakistan for improved crop production",GENETIC RESOURCES AND CROP EVOLUTION
2025,May,WOS,College of Science,Scientific,Insights into freeze-out parameters of the system produced in various colliding systems through Tsallis and modified hagedorn models,PHYSICA SCRIPTA
2025,May,WOS,College of Science,Scientific,Synergistic Enhancements of Niobium Metal-Organic Framework/V2CTx Composites with Graphene Quantum Dots for Energy Storage and Hydrogen Evolution,ENERGY TECHNOLOGY
2025,May,WOS,College of Science,Scientific,"First exploration of Pr6O11 nanoparticle integration in borotellurite glasses: Synthesis, characterization, and performance for enhanced mechanical strength and radiation shielding",CERAMICS INTERNATIONAL
2025,May,WOS,College of Science,Scientific,"Synthesis, mechanical, and radiation-attenuation characteristics of aluminium phosphate glass system modified by NiO/Li2O",RADIOCHIMICA ACTA
2025,May,WOS,College of Science,Scientific,Poly (vinyl alcohol)/carboxylated cellulose nanofibers composite hydrogel flexible strain sensors,INTERNATIONAL JOURNAL OF BIOLOGICAL MACROMOLECULES
2025,May,WOS,College of Science,Scientific,Lysine-Bound Micronutrients Modulate Morpho-Physio-Biochemical Responses and Gene Expression in Cadmium-Stressed Maize (Zea mays L.),JOURNAL OF SOIL SCIENCE AND PLANT NUTRITION
2025,May,WOS,College of Science,Scientific,Efficacy and Molecular Docking Study of Main Constituents of Murraya paniculata Biomass Extract Against Helicobacter pylori,BIORESOURCES
2025,May,WOS,College of Science,Scientific,Steric and energetic studies on adsorption of toxic arsenic ions by hematite nano-rods from laterite highlighting the impact of modification periods,SCIENTIFIC REPORTS
2025,May,WOS,College of Science,Scientific,"Impact of CsPbI3 incorporation on the structural, optical, and electrical properties of mixed-halide perovskite solar cells",JOURNAL OF SOL-GEL SCIENCE AND TECHNOLOGY
2025,May,WOS,College of Science,Scientific,Unraveling Uranium Adsorption Mechanisms on Amidoxime-Modified Multiwalled Carbon Nanotubes Using Statistical Physics,LANGMUIR
2025,May,WOS,College of Science,Scientific,Astrophysical signatures of traversable wormholes in modified gravity: Implications of different equations of state and complexity analysis,PHYSICS OF THE DARK UNIVERSE
2025,May,WOS,College of Science,Scientific,Designing IL-24-P18 Fusion Protein Through Computational Engineering for Targeted Breast Cancer Therapy,JOURNAL OF COMPUTATIONAL BIOPHYSICS AND CHEMISTRY
2025,May,WOS,College of Science,Scientific,Exploring the therapeutic potential of Thymus vulgaris ethanol extract: a computational screening for antimicrobial compounds against COVID-19 induced mucormycosis,SCIENTIFIC REPORTS
2025,May,WOS,College of Science,Scientific,Rational computational design and development of an immunogenic multiepitope vaccine incorporating transmembrane proteins of Fusobacterium necrophorum,SCIENTIFIC REPORTS
2025,May,WOS,College of Science,Scientific,"Elucidating the Phytochemical, Antibacterial, and Hepatoprotective Effects of Elaeagnus umbellata Leaf Extract Against Liver Injury in an Animal Model",CELL BIOCHEMISTRY AND BIOPHYSICS
2025,May,WOS,College of Science,Scientific,Electrocatalytic study of graphene anchored FeMoO4 nanohybrid for robust water splitting,DIAMOND AND RELATED MATERIALS
2025,May,WOS,College of Science,Scientific,Study of the electrochemical performance of highly Fe-doped SnO2 nanoparticles used as anode material for Li-ion batteries,IONICS
2025,May,WOS,College of Science,Scientific,MyWear revolutionizes real-time health monitoring with comparative analysis of machine learning,SCIENTIFIC REPORTS
2025,May,WOS,College of Science,Scientific,A One-Pot Approach for Synthesizing a Rod-Shaped Photocathode Composed of W(VI) Oxide/Polypyrrole for Sacrificial Agent-Free Green Hydrogen Production,JOURNAL OF ELECTRONIC MATERIALS
2025,May,WOS,College of Science,Scientific,Advanced Statistical Modeling of Agricultural Potato Data Using a Novel Compound Distribution,POTATO RESEARCH
2025,May,WOS,College of Science,Scientific,Carbazole-based porous polymers for utilization in supercapacitors and adsorption of bromothymol blue dye,IONICS
2025,May,WOS,College of Science,Scientific,Radiation shielding performance of lead-borate glasses with rare-earth oxides: a comparative analysis,RADIOCHIMICA ACTA
2025,May,WOS,College of Science,Scientific,"Effect of replacing ZnO with La2O3 on the physical, optical, and radiation shielding properties of lanthanum zinc tellurite",RADIOCHIMICA ACTA
2025,May,WOS,College of Science,Scientific,Topological Photon Spheres of Regular Non-Minimal Magnetic Black Holes,INTERNATIONAL JOURNAL OF THEORETICAL PHYSICS
2025,May,WOS,College of Science,Scientific,"Engineering high-performance CTAB-functionalized magnesium silicate nano-adsorbent for efficient removal of Cd2+, Co2+, and Cu2+ from single-metal aqueous solutions",FRONTIERS IN CHEMISTRY
2025,May,WOS,College of Science,Scientific,Enhanced electrocatalytic performance of in situ pyrolized iron oxide-embedded carbon composite for sustainable hydrogen production,DIAMOND AND RELATED MATERIALS
2025,May,WOS,College of Science,Scientific,"Sunlight-assisted greenly synthesised silver nanoparticles for highly selective mercury ion sensing, biomedical and photocatalytic applications",INTERNATIONAL JOURNAL OF ENVIRONMENTAL ANALYTICAL CHEMISTRY
2025,May,WOS,College of Science,Scientific,"In-situ fast reduction approach for the creation of α-Ni(OH)2 for effective water splitting, and urea oxidation",INTERNATIONAL JOURNAL OF HYDROGEN ENERGY
2025,May,WOS,College of Science,Scientific,Localized Tunneling 1D Perovskitoid Passivated Contacts for Efficient and Stable Perovskite Solar Modules,ADVANCED ENERGY MATERIALS
2025,May,WOS,College of Science,Scientific,"Examining the trade-off between structural, mechanical properties and shielding performance of Pr2O3-enhanced 316L stainless steel",CERAMICS INTERNATIONAL
2025,May,WOS,College of Science,Scientific,"Hierarchical nanostructuring of PCN-222/NiSe2@PANI composites for enhanced electrochemical performance in supercapattery and hydrogen evolution reaction applications (vol 131, 201, 2025)",APPLIED PHYSICS A-MATERIALS SCIENCE & PROCESSING
2025,May,WOS,College of Science,Scientific,"Experimental study and finite volume modeling of keyhole dynamics, temperature distribution and weld characteristics in laser welding of austenitic stainless steel tube",OPTICS AND LASER TECHNOLOGY
2025,May,WOS,College of Sports Science and Physical Activity\College of Science,Scientific,Synthesis of Silver Nanoparticles Using Azadirachta indica Leaf Extracts for Heavy Metal Sensing,BIORESOURCES
2025,May,WOS,College of Sports Science and Physical Activity\College of Science,Scientific,Hot Water-Treated Cow Waste Use as an Efficient Adsorbent for Cresol Red Dye and Chromium VI Removal from Aqueous Solutions,BIORESOURCES
2025,May,WOS,College of Humanities and Social Sciences,Humanitarian ,Numerical investigations of hockey groynes performance on hydrodynamic of open channels flow by using computational fluid dynamics (CFD),SCIENTIFIC REPORTS
2025,May,WOS,College of Humanities and Social Sciences,Humanitarian ,Characterization of Partial Leaf Rust Resistance and Identification of the Lr34 Gene in Egyptian Wheat Cultivars Under Field and Greenhouse Conditions,PLANT MOLECULAR BIOLOGY REPORTER
2025,May,WOS,College of Humanities and Social Sciences,Humanitarian ,TeaNet: An Enhanced Attention Network for Climate-Resilient River Discharge Forecasting Under CMIP6 SSP585 Projections,SUSTAINABILITY
2025,May,WOS,College Of Languages,Humanitarian ,Consumer Access and Utilization of Patient Portals for Electronic Health Records: A Cross-Sectional Study in Saudi Arabia,CIN-COMPUTERS INFORMATICS NURSING
2025,May,WOS,College of Engineering,Scientific,Impacts of sinusoidal heat flux and embraced heated rectangular cavity on natural convection within a square enclosure partially filled with porous medium and Casson-hybrid nanofluid,OPEN PHYSICS
2025,May,WOS,College of Engineering,Scientific,A study on the experimental and theoretical aspects of hydrogen absorption by the LmNi4.91Sn0.15 alloy,JOURNAL OF ALLOYS AND COMPOUNDS
2025,May,WOS,College of Engineering,Scientific,Efficient fabrication of NiFe2O4/gCN composite as an excellent electroactive catalyst for HER in alkaline media,DIAMOND AND RELATED MATERIALS
2025,May,WOS,College of Engineering,Scientific,An intelligent optimized object detection system for disabled people using advanced deep learning models with optimization algorithm,SCIENTIFIC REPORTS
2025,May,WOS,College of Business Administration,Scientific,Transforming agility performance in enterprise information management: the impact of ESM interactivity and communication visibility,JOURNAL OF ENTERPRISE INFORMATION MANAGEMENT
2025,May,WOS,College of Business Administration,Scientific,Risk transmission and returns dependence between oil and socially responsible funds?,APPLIED ECONOMICS
2025,May,WOS,College of Business Administration,Scientific,Enhancing dynamic resource management in decentralized federated learning for collaborative edge Internet of Things,EURASIP JOURNAL ON WIRELESS COMMUNICATIONS AND NETWORKING
2025,May,WOS,College of Business Administration,Scientific,Perceptions of artificial intelligence in healthcare curricula: insights from a nationwide survey of medical students,FRONTIERS IN EDUCATION
2025,May,WOS,College of Business Administration,Scientific,Can Bitcoin and Gold Have Dynamic Hedging and Safe Haven Capabilities Against the BRICS Plus Stock Market Indices During Global Crises? An Evidence from a Time-Varying Copula Approach,EMERGING MARKETS FINANCE AND TRADE
2025,May,WOS,College of Business Administration,Scientific,Beyond the classroom: How CSR fosters teacher well-being and institutional success in higher education,ACTA PSYCHOLOGICA
2025,May,WOS,College of Business Administration,Scientific,From corporate responsibility to green loyalty: How CSR initiatives shape sustainable choices among banking consumers in China,ACTA PSYCHOLOGICA
2025,May,WOS,College of Business Administration,Scientific,"Exploring the Interrelationship Between Energy, Geopolitical Risk, and Bitcoin Based Green Business Strategies",BUSINESS STRATEGY AND THE ENVIRONMENT
2025,May,WOS,College of Business Administration,Scientific,RSPDT: Randomized Search Probabilistic Decision Tree Classifier for Pollution Level Prediction in Smart Cities,HUMAN-CENTRIC COMPUTING AND INFORMATION SCIENCES
2025,May,WOS,College of Business Administration,Scientific,"Smart Solutions for Sustainable Access and Technological Equity: The Effect of Energy Transition, Artificial Intelligence, and Digital Economy on Energy Poverty",GEOLOGICAL JOURNAL
2025,May,WOS,College of Business Administration,Scientific,Role of Greenwashing in Influencing Brand Attitude and Consumption: Identifying Sustainable Business Strategies,BUSINESS STRATEGY AND THE ENVIRONMENT
2025,May,WOS,College of Business Administration,Scientific,Promoting Tailored Hotel Recommendations Based on Traveller Preferences: A Circular Intuitionistic Fuzzy Decision Support Model,CMES-COMPUTER MODELING IN ENGINEERING & SCIENCES
2025,May,WOS,College of Business Administration,Scientific,Microstructural-based elastic property analysis in polymer nanocomposites via a fully convolutional semantic segmentation and meta-modeling approaches,POLYMER COMPOSITES
2025,May,WOS,College of Business Administration,Scientific,Scaling up green hydrogen in China: Economic opportunities and challenges,INTERNATIONAL JOURNAL OF HYDROGEN ENERGY
2025,May,WOS,College of Business Administration,Scientific,An examination of rhetoric in relation to China's renewable energy plans in light of the dual-carbon aims,ENERGY STRATEGY REVIEWS
2025,May,WOS,College of Business Administration,Scientific,Hydrogen energy and utilization: Economic and technological perspectives in China's transition to sustainability transition to sustainability,INTERNATIONAL JOURNAL OF HYDROGEN ENERGY
2025,May,WOS,College of Business Administration,Scientific,Intelligent government: The impact and mechanism of government transparency driven by AI,PUBLIC MONEY & MANAGEMENT
2025,May,WOS,College of Dentistry,Health-related / Medical,Effect of damage or contamination to the tips of 200 light-curing units,BMC ORAL HEALTH
2025,May,WOS,College of Dentistry,Health-related / Medical,Maxillary Incisor Fragment Reattachment Protocols: Influence on Tooth Fracture Resistance and Strength of Bonding to Orthodontic Brackets,JOURNAL OF CLINICAL MEDICINE
2025,May,WOS,College of Dentistry,Health-related / Medical,Efficacy of Different Gingival Displacement Materials on the Width of Gingival Sulcus Using Optical Stereomicroscope: A Comparative Analysis,JOURNAL OF PHARMACY AND BIOALLIED SCIENCES
2025,May,WOS,College of Computer and Information Sciences,Scientific,Perception of Natural Scenes: Objects Detection and Segmentations using Saliency Map with AlexNet,INTERNATIONAL ARAB JOURNAL OF INFORMATION TECHNOLOGY
2025,May,WOS,College of Computer and Information Sciences,Scientific,EEG-based schizophrenia diagnosis using deep learning with multi-scale and adaptive feature selection,PEERJ COMPUTER SCIENCE
2025,May,WOS,College of Computer and Information Sciences,Scientific,Transforming tabular data into images via enhanced spatial relationships for CNN processing,SCIENTIFIC REPORTS
2025,May,WOS,College of Computer and Information Sciences,Scientific,Enhanced framework embedded with data transformation and multi-objective feature selection algorithm for forecasting wind power,SCIENTIFIC REPORTS
2025,May,WOS,College of Computer and Information Sciences,Scientific,Federated learning with Blockchain on Denial-of-Service attacks detection and classification of edge IIoT networks using Deep Transfer Learning model,COMPUTERS & ELECTRICAL ENGINEERING
2025,May,WOS,College of Computer and Information Sciences,Scientific,Advanced smart assistance with enhancing social interaction and daily activities for visually impaired individuals using deep learning with modified seagull optimization,SCIENTIFIC REPORTS
2025,May,WOS,College of Computer and Information Sciences,Scientific,Harnessing optimization with deep learning approach on intelligent transportation system for anomaly detection in pedestrian walkways,SCIENTIFIC REPORTS
2025,May,WOS,College of Computer and Information Sciences,Scientific,A Hybrid Wasserstein GAN and Autoencoder Model for Robust Intrusion Detection in IoT,CMES-COMPUTER MODELING IN ENGINEERING & SCIENCES
2025,May,WOS,College of Computer and Information Sciences,Scientific,Reconfigurable Intelligent Surfaces for Cost-Effective Localization and Secure Communication in Wireless Sensor Networks,INTERNATIONAL JOURNAL OF COMMUNICATION SYSTEMS
2025,May,WOS,College of Computer and Information Sciences,Scientific,"Automated detection of landslide using synergizing dual Graph Convolutional Networks, googlenet, and machine learning techniques",JOURNAL OF SOUTH AMERICAN EARTH SCIENCES
2025,May,WOS,College of Computer and Information Sciences,Scientific,A polarization-insensitive broadband metamaterial absorber including a sandwiched graphene material sheet for multitudinous terahertz applications,DIAMOND AND RELATED MATERIALS
2025,May,WOS,College of Computer and Information Sciences,Scientific,A novel pythonic paradigm for image encryption using axis-aligned bounding boxes,SCIENTIFIC REPORTS
2025,May,WOS,College of Computer and Information Sciences,Scientific,Reinforcement Learning for Dynamic Optimization of Eco-Driving in Smart Healthcare Transportation Networks,IEEE TRANSACTIONS ON INTELLIGENT TRANSPORTATION SYSTEMS
2025,May,WOS,College of Computer and Information Sciences,Scientific,A stacked learning framework for accurate classification of polycystic ovary syndrome with advanced data balancing and feature selection techniques,FRONTIERS IN PHYSIOLOGY
2025,May,WOS,College of Computer and Information Sciences,Scientific,Neural Networks and Sentiment Features for Extremist Content Detection in Arabic Social Media,INTERNATIONAL ARAB JOURNAL OF INFORMATION TECHNOLOGY
2025,May,WOS,College of Computer and Information Sciences,Scientific,Optimizing malicious website prediction: An advanced XGBoost-based machine learning model,NONLINEAR ENGINEERING - MODELING AND APPLICATION
2025,May,WOS,College of Computer and Information Sciences,Scientific,"A novel image encryption scheme based on elliptic curves, Hilbert matrices and chaotic maps for better visual sentimental performance of telecommunication systems",EUROPEAN PHYSICAL JOURNAL PLUS
2025,May,WOS,College of Computer and Information Sciences,Scientific,Optimizing the Placement of Distributed Renewable Energy Resources in Large-Scale Distribution Systems,JOURNAL OF ELECTRICAL ENGINEERING & TECHNOLOGY
2025,May,WOS,College of Computer and Information Sciences,Scientific,Multimodal scene recognition using semantic segmentation and deep learning integration,PEERJ COMPUTER SCIENCE
2025,May,WOS,College of Computer and Information Sciences,Scientific,Trajectory optimization of train cooperative energy-saving operation using a safe deep reinforcement learning approach,APPLIED INTELLIGENCE
2025,May,WOS,College of Computer and Information Sciences,Scientific,Enhancing feature learning of hyperspectral imaging using shallow autoencoder by adding parallel paths encoding,SCIENTIFIC REPORTS
2025,May,WOS,College of Computer and Information Sciences,Scientific,Autonomous vehicle surveillance through fuzzy C-means segmentation and DeepSORT on aerial images,PEERJ COMPUTER SCIENCE
2025,May,WOS,College of Computer and Information Sciences,Scientific,Framework for detecting phishing crimes on Twitter using selective features and machine learning,COMPUTERS & ELECTRICAL ENGINEERING
2025,May,WOS,College of Computer and Information Sciences,Scientific,CTSE-Net: Resource-efficient convolutional and TF-transformer network for speech enhancement,KNOWLEDGE-BASED SYSTEMS
2025,May,WOS,College of Computer and Information Sciences,Scientific,DSA: Deep Self-Attention Medical Transformer Neuro-Technology for Brain Tumor Segmentation,INTERNATIONAL JOURNAL OF IMAGING SYSTEMS AND TECHNOLOGY
2025,May,WOS,College of Computer and Information Sciences,Scientific,Adversarial denoising of EEG signals: a comparative analysis of standard GAN and WGAN-GP approaches,FRONTIERS IN HUMAN NEUROSCIENCE
2025,May,WOS,College of Computer and Information Sciences,Scientific,V3DQutrit a volumetric medical image segmentation based on 3D qutrit optimized modified tensor ring model,SCIENTIFIC REPORTS
2025,May,WOS,College of Sports Science and Physical Activity,Humanitarian ,"Exploring ACdX3 Perovskites: DFT Analysis of Stability, Electronic, Optical, and Mechanical Properties for Solar Applications",JOURNAL OF INORGANIC AND ORGANOMETALLIC POLYMERS AND MATERIALS
2025,May,WOS,College of Sports Science and Physical Activity,Humanitarian ,"Cassava Chaff Ash as Potential Adsorbent for Arsenic Ions Removal from Aqueous Solution: Evaluations of Isotherms, Kinetics, and Thermodynamic Properties",BIORESOURCES
2025,May,WOS,College of Sports Science and Physical Activity,Humanitarian ,"Kinetics, equilibrium and thermodynamics studies on natural and heat treated clays for the removal of arsenate ions from aqueous solution",SCIENTIFIC REPORTS
2025,May,WOS,College of Sports Science and Physical Activity,Humanitarian ,A Comprehensive Study on the Photophysical Properties and Solvatochromic Behavior of Fluorescent Oxazole for Deep Blue OLED Applications,JOURNAL OF FLUORESCENCE
2025,May,WOS,College of Sports Science and Physical Activity,Humanitarian ,Photophysical Studies on Quinoline-Substituted Oxazole Analogues for Optoelectronic Application: An Experimental and DFT Approach,JOURNAL OF ELECTRONIC MATERIALS
2025,May,WOS,Health Sciences Research Centre,Health-related / Medical,A comprehensive spatiotemporal map of dystrophin isoform expression in the developing and adult human brain,ACTA NEUROPATHOLOGICA COMMUNICATIONS
2025,May,WOS,Health Sciences Research Centre,Health-related / Medical,Advanced biomaterial of crosslinked chitosan-citrate/SnO2 nanoparticles for organic dye removal: insight into physicochemical and adsorption characteristics,POLYMER BULLETIN
2025,May,WOS,Health Sciences Research Centre,Health-related / Medical,"Development of a schiff base-chitosan-vanillin/hydroxyapatite composite for effective brilliant green dye removal: Characterization, adsorption modeling, and cost analysis",INTERNATIONAL JOURNAL OF BIOLOGICAL MACROMOLECULES
2025,May,WOS,Health Sciences Research Centre,Health-related / Medical,Synthesis of 4-hydroxybenzaldehyde-functionalized chitosan Schiff base/hydroxyapatite composite for basic red 2 dye removal: characterization and adsorption optimization using Box-Behnken design,MACROMOLECULAR RESEARCH
2025,May,WOS,Health Sciences Research Centre,Health-related / Medical,Architectonics of a novel carboxylated chitosan-phthalic anhydride/hydroxyapatite composite for organic dye removal: physicochemical properties and adsorption modelling,INTERNATIONAL JOURNAL OF ENVIRONMENTAL ANALYTICAL CHEMISTRY
2025,June,WOS,Foundation Year for Health Colleges,Health-related / Medical,Influence of friction stir processing parameters on corrosion resistance of WE43/TiC surface composites,INTERNATIONAL JOURNAL OF ADVANCED MANUFACTURING TECHNOLOGY
2025,June,WOS,College of Nursing,Health-related / Medical,Enhancing end-of-life care for advanced heart failure patients in Saudi Arabian emergency departments (EDs): Perspectives of ED staff on challenges,AUSTRALASIAN EMERGENCY CARE
2025,June,WOS,College of Nursing,Health-related / Medical,"Nursing students' academic burnout: its prevalence and association with self-efficacy, psychological distress, and quality of learning experience",BMC NURSING
2025,June,WOS,College of Nursing,Health-related / Medical,"Determinants of routine immunization coverage among under-five children in Jigawa state, Nigeria",BMC PUBLIC HEALTH
2025,June,WOS,College of Nursing,Health-related / Medical,Cognitive impairment and quality of life among patients with carotid artery stenosis in Jordan: a cross-sectional study,SCIENTIFIC REPORTS
2025,June,WOS,Health Sciences Research Centre\College of Health and Rehabilitation Sciences,Health-related / Medical,"Impact of life kinetik training on balance, agility, jumping, proprioception, and cognitive function in preadolescent recreational fencing athletes: a randomized controlled trial",BMC SPORTS SCIENCE MEDICINE AND REHABILITATION
2025,June,WOS,Health Sciences Research Centre\College of Health and Rehabilitation Sciences,Health-related / Medical,"Impact of concurrent aerobic and resistance training on body composition, lipid metabolism and physical function in patients with type 2 diabetes and overweight/obesity: a systematic review and meta-analysis",PEERJ
2025,June,WOS,College of pharmacy,Health-related / Medical,"Real-world data analysis of safety and efficacy of palbociclib in HR positive, HER-2 negative MBC patients, at tertiary care hospital at Middle East, Saudi Arabia",JOURNAL OF CLINICAL ONCOLOGY
2025,June,WOS,College of pharmacy,Health-related / Medical,"The Influence of CYP2B6, GSTP1, and SLCO1B1 Star Allele-Predicted Phenotypes and CBR1 Genetic Variants on Effectiveness Outcomes in Patients With Hepatocellular Carcinoma Receiving Doxorubicin via Transarterial Chemoembolization",PHARMACOLOGY RESEARCH & PERSPECTIVES
2025,June,WOS,College of pharmacy,Health-related / Medical,"Colo-Protective Effects of Pentoxifylline Alone or in Combination With Mesalamine in Colitis Through Sphingosine Kinase 1/Sphingosine 1 Phosphate, and Zonula Occuldin 1 Pathways: New Molecular Approach",PHARMACOLOGY RESEARCH & PERSPECTIVES
2025,June,WOS,College of pharmacy,Health-related / Medical,"Comparative study of Mg12O12, Mg11AlO12, and Mg11GaO12 fullerene-like cages for naproxen sensing",MATERIALS TODAY COMMUNICATIONS
2025,June,WOS,College of pharmacy,Health-related / Medical,Structure-based design of Mycobacterium tuberculosis PptT-ACP complex inhibitors using derivative design and machine learning,FOLIA MICROBIOLOGICA
2025,June,WOS,College of pharmacy,Health-related / Medical,Genetic polymorphisms as predictors of the response of hepatocellular carcinoma patients to doxorubicin chemotherapy: a genome-wide association study,FRONTIERS IN PHARMACOLOGY
2025,June,WOS,College of pharmacy,Health-related / Medical,The AMPK/GDF15 Axis: A Novel Target for the Neuroprotective Effects of Metformin in Ischemic Stroke,MOLECULAR NEUROBIOLOGY
2025,June,WOS,College of pharmacy,Health-related / Medical,"Exploration of the anticancer efficacy of a novel 1,3-thiazole analog in an ehrlich ascites carcinoma model: in vivo and in silico insights into hepatorenal protective potentials via the modulation of apoptosis, oxidative stress and inflammation",RSC ADVANCES
2025,June,WOS,College of pharmacy,Health-related / Medical,"Quinazolinone based broad-spectrum antiviral molecules: design, synthesis, in silico studies and biological evaluation",MOLECULAR DIVERSITY
2025,June,WOS,College of pharmacy,Health-related / Medical,Targeting Cyclin-Dependent Kinase 12 (CDK12) for Cancer Therapy: Structure-Based Discovery of Two Novel CDK12 Inhibitors In Silico Using Integrated Bioinformatics,OMICS-A JOURNAL OF INTEGRATIVE BIOLOGY
2025,June,WOS,College of pharmacy,Health-related / Medical,"Targeting inflammation-driven tumor progression with Zafirlukast via modulation of Jagged-1/Notch-1/Hes-1, Wnt-4/β-catenin, and VEGF signaling pathways in mice",NAUNYN-SCHMIEDEBERGS ARCHIVES OF PHARMACOLOGY
2025,June,WOS,College of pharmacy,Health-related / Medical,A nanomagnetic triazole-based Schiff-base complex of palladium(0) as an efficient heterogeneous catalyst for the Mizoroki-Heck C-C cross-coupling reaction under green conditions,NANOSCALE ADVANCES
2025,June,WOS,College of Medicine,Health-related / Medical,Perceptions and attitudes of mental healthcare providers regarding unconventional causes and treatments for psychiatric disorders in Saudi Arabia,INTERNATIONAL JOURNAL OF PSYCHIATRY IN MEDICINE
2025,June,WOS,College of Medicine,Health-related / Medical,Tracing the molecular landscape of diabetic nephropathy: Insights from machine learning and experiment verification,JOURNAL OF DIABETES INVESTIGATION
2025,June,WOS,College of Medicine,Health-related / Medical,Surgical outcomes of curative intent management in emergency vs. elective colon cancer: A retrospective single center study,SAUDI JOURNAL OF GASTROENTEROLOGY
2025,June,WOS,College of Medicine,Health-related / Medical,"Chitosan-coated superparamagnetic iron oxide nanoparticles synthesized using Carica papaya bark extract: Evaluation of antioxidant, antibacterial, and anticancer activity of HeLa cervical cancer cells",GREEN PROCESSING AND SYNTHESIS
2025,June,WOS,College of Medicine,Health-related / Medical,Dysregulation of the glycoprotein zymogen granules in pancreatic acinar cells in acute pancreatitis: differential protection by vitamin E and metformin,ARCHIVES OF PHYSIOLOGY AND BIOCHEMISTRY
2025,June,WOS,College of Medicine,Health-related / Medical,Galangin-Loaded Chitosan Nanoparticles Inhibit Lung Cancer Cell Proliferation Via Cell Cycle Arrest and Cyclin-Dependent Kinase Modulation,JOURNAL OF INORGANIC AND ORGANOMETALLIC POLYMERS AND MATERIALS
2025,June,WOS,College of Science,Scientific,A novel photo-thermoelastic wave model in semiconductor media based on GNIII theory,INTERNATIONAL COMMUNICATIONS IN HEAT AND MASS TRANSFER
2025,June,WOS,College of Science,Scientific,Thermally robust Q-switched erbium-doped fiber laser based on zinc ferrite (ZnFe2O4) saturable absorber: experimental analysis and DFT calculations,JOURNAL OF MATERIALS SCIENCE-MATERIALS IN ELECTRONICS
2025,June,WOS,College of Science,Scientific,"Elevating electrochemical performance of Ag2O with rGO nanosheets for water splitting activity (vol 154, 112241, 2025)",DIAMOND AND RELATED MATERIALS
2025,June,WOS,College of Science,Scientific,"Isolation and characterization of novel bioactive peptides from legume seed wastes and their application as eco-friendly coating improve the physicochemical, microbiological, aroma, and ripening properties in probiotic-enriched Ras cheese",RESULTS IN ENGINEERING
2025,June,WOS,College of Science,Scientific,Advanced terahertz-range dopamine detection using a 2D material-based metasurface biosensor,APPLIED OPTICS
2025,June,WOS,College of Science,Scientific,Potential Neuromodulatory Effects of Prodigiosin-conjugated Silver Nanoparticles: Implications for Epilepsy Management and Their Impact on Obesity in Rat Model,INDIAN JOURNAL OF ANIMAL RESEARCH
2025,June,WOS,College of Science,Scientific,1T/2H-MoS2@Zn-Ni MOF composite: A novel catalyst for efficient hydrogen production and antimicrobial activity,JOURNAL OF WATER PROCESS ENGINEERING
2025,June,WOS,College of Science,Scientific,A Multidisciplinary Approach to Targeting PTP1B Inhibition Mechanisms in Metabolic Disorders Using Flavonoids From Scutellaria Salviifolia: An Integrative In Vitro and In Silico Analysis,CHEMISTRYSELECT
2025,June,WOS,College of Science,Scientific,Okra mucilage embedded chitosan@ graphene oxide composite for efficient adsorption of mercuric ions: Kinetic and thermodynamic studies,INTERNATIONAL JOURNAL OF BIOLOGICAL MACROMOLECULES
2025,June,WOS,College of Science,Scientific,Realistic and effective degradation of petroleum related contaminants in seawater using ecofriendly NiO and ZnO nanocomposites with ca-MCM-41: Assessment and remediation,JOURNAL OF WATER PROCESS ENGINEERING
2025,June,WOS,College of Science,Scientific,Synthesis of Titanium Oxide Modified Al-Zn-Doped Hydroxyapatite Composites and Their Antibacterial Activity,LUMINESCENCE
2025,June,WOS,College of Science,Scientific,Metabolic and enzymatic characterization of linoleic acid biotransformation by Lactiplantibacillus plantarum NGML2 to conjugated linoleic acid and different metabolites,WORLD JOURNAL OF MICROBIOLOGY & BIOTECHNOLOGY
2025,June,WOS,College of Science,Scientific,Enhancing corrosion resistance of nickel-aluminum bronze (NAB) alloys with chromium and silicon additions in marine environments,MATERIALS TODAY COMMUNICATIONS
2025,June,WOS,College of Science,Scientific,Immobilization of electrospun alumina nanofiber-embedded nanocomposite into delignified wood toward multifunctional ultraviolet filtering smart windows for energy efficiency of residential buildings,INTERNATIONAL JOURNAL OF BIOLOGICAL MACROMOLECULES
2025,June,WOS,College of Science,Scientific,"Alumina, copper oxide, and erbium oxide nanoparticles improved the electrical conductivity, dielectric, and optical properties of poly (vinyl alcohol) for electrical applications",JOURNAL OF MATERIALS SCIENCE-MATERIALS IN ELECTRONICS
2025,June,WOS,College of Science,Scientific,Comparative Pomological and Biochemical Characterization of Indigenous Walnut (Juglans regia) Genotypes from Temperate Region,APPLIED FRUIT SCIENCE
2025,June,WOS,College of Science,Scientific,Biowaste-Derived Activated Carbon-Based Sensor for the Electrochemical Analysis of Hesperetin and Co-Existing Flavonoids in the Presence of Triton X-100,JOURNAL OF THE ELECTROCHEMICAL SOCIETY
2025,June,WOS,College of Science,Scientific,"Perinatal nicotine-induced neurotoxicity and behavioral alterations in newborn mice are associated with oxidative stress, inflammation and downregulated Nrf2/HO-1 signaling: protective role of Anethum graveolens",JOURNAL OF MOLECULAR HISTOLOGY
2025,June,WOS,College of Science,Scientific,Synthesis and Characterization of Undoped and Strontium-Doped Zinc Ferrites for Applications of Solid Oxide Fuel Cells and Photocatalytic Hydrogen Generation,LUMINESCENCE
2025,June,WOS,College of Science,Scientific,Experimental evaluation of eco-friendly Thermofor 800 for radiation shielding and protection in medical applications,APPLIED PHYSICS A-MATERIALS SCIENCE & PROCESSING
2025,June,WOS,College of Science,Scientific,Fractional photo-thermoelastic wave dynamics in poroelastic semiconductor media with microtemperature and nonlocal effects,ARCHIVE OF APPLIED MECHANICS
2025,June,WOS,College of Science,Scientific,Enhanced electrochemical performance of Bi doped Ni3Se2/rGO composite synthesized via hydrothermal method,DIAMOND AND RELATED MATERIALS
2025,June,WOS,College of Science,Scientific,Analytical Solutions of Thermoelastic Interactions in Functionally Graded Medium Based on Green-Naghdi Model,MECHANICS OF SOLIDS
2025,June,WOS,College of Science,Scientific,Dynamic Response of a Thermoelastic Slab Using Moore-Gibson-Thompson between Elastic Half-Spaces,MECHANICS OF SOLIDS
2025,June,WOS,College of Science,Scientific,Preparation of Lanthanide Aluminate and Glass Nanofiber-Supported Polyacrylonitrile Plastic Smart Window,LUMINESCENCE
2025,June,WOS,College of Science,Scientific,RETRACTION: Development of environmental friendly Mo-doped MnO2 via hydrothermal route for supercapacitor as pollution-free source of energy,APPLIED PHYSICS A-MATERIALS SCIENCE & PROCESSING
2025,June,WOS,College of Science,Scientific,Development and fabrication of transition metal based rGO nanocomposite for ultracapacitors applications,DIAMOND AND RELATED MATERIALS
2025,June,WOS,College of Science,Scientific,Carbonaceous glass electrode fabricated with L-cysteine incorporated C@Fe2O3 for the ultra-selective determination of toxic metal ions,JOURNAL OF WATER PROCESS ENGINEERING
2025,June,WOS,College of Science,Scientific,Development of N-doped rGO/NiFe2O4 nanocomposite for supercapacitor application,JOURNAL OF THE INDIAN CHEMICAL SOCIETY
2025,June,WOS,College of Science,Scientific,EVALUATING RICE BLAST RESISTANCE IN EGYPTIAN GENOTYPES: A COMBINED PHENOTYPIC AND MOLECULAR APPROACH,PAKISTAN JOURNAL OF BOTANY
2025,June,WOS,College of Science,Scientific,Multi-pronged approaches to the mechanism-based inactivation of aldose reductase by natural coumarins: molecular insights and experimental validation,3 BIOTECH
2025,June,WOS,College of Science,Scientific,Sustainable RP-HPLC Method for Simultaneous Quantification of Lysozyme and Dequalinium: A Novel Analytical Approach,JOURNAL OF PHARMACEUTICAL INNOVATION
2025,June,WOS,College of Science,Scientific,Funneliformis mosseae exhibits greater improved effects on root hair development and phosphorus uptake in trifoliate orange than Claroideoglomus etunicatum,RHIZOSPHERE
2025,June,WOS,College of Science,Scientific,"IN VITRO ANTI-INFLAMMATORY, ANTICANCER AND ANTIMICROBIAL ACTIVITY OF ANNONA RETICULATA PEEL AND PULP EXTRACTS-A COMPARATIVE STUDY",PAKISTAN JOURNAL OF BOTANY
2025,June,WOS,College of Science,Scientific,"Carissa macrocarpa Extract Based Greenly Synthesized AuNPs: A Sustainable Approach for Lead Ion Detection, Azo Dye Degradation, and Antimicrobial Applications",WATER AIR AND SOIL POLLUTION
2025,June,WOS,College of Science,Scientific,Green synthesis of silver and gold nanoparticles using seeds extract of Cichorium intybus and their comparative analysis with commercially available ointment for wound healing activity,JOURNAL OF MOLECULAR HISTOLOGY
2025,June,WOS,College of Science,Scientific,Advanced Decision-Making Strategies in Life 3.0 Through q-Spherical Fuzzy Rough Dombi Aggregation Operators,COGNITIVE COMPUTATION
2025,June,WOS,College of Science,Scientific,"Enhancing structural and functional properties of commercially available pea protein isolate for plant-based meat analogues using combined pH-Shift, high-intensity ultrasound, and heat treatments",ULTRASONICS SONOCHEMISTRY
2025,June,WOS,College of Science,Scientific,Dynamics of Polarized Ion-Acoustic Waves in Magnetized Degenerate Multi Ions Plasma with Trapped Electrons: Nonlinear Periodic and Superperiodic Waves,BRAZILIAN JOURNAL OF PHYSICS
2025,June,WOS,College of Science,Scientific,Mitigating effects of seaweed on gene expression and histological damage in Nile tilapia under acute ammonia stress and bacterial infection,AQUACULTURE INTERNATIONAL
2025,June,WOS,College of Science,Scientific,"Effect of dietary egg lysozyme on improved growth performance, intestinal health, antioxidant capacity, and disease resistance in hybrid red tilapia (Oreochromis niloticus x O. mossambicus)",VETERINARY RESEARCH COMMUNICATIONS
2025,June,WOS,College of Science,Scientific,Significance of thermal radiation on 3D thermo-bioconvection flow of trihybrid nanofluid with thermophoresis and electrophoresis,JOURNAL OF RADIATION RESEARCH AND APPLIED SCIENCES
2025,June,WOS,College of Science,Scientific,Assessment of groundwater quality for irrigation using a new customized irrigation water quality index,JOURNAL OF HYDROLOGY-REGIONAL STUDIES
2025,June,WOS,College of Science,Scientific,"Application of the Tantawy Technique for Modeling Fractional Ion-Acoustic Waves in Electronegative Plasmas having Cairns Distributed-Electrons, Part (I): Fractional KdV Solitary Waves",BRAZILIAN JOURNAL OF PHYSICS
2025,June,WOS,College of Science,Scientific,XGBoost Predictions of Heat Generation in MHD Natural Convection of Hybrid Nanofluid in a Wavy Porous Cavity,BRAZILIAN JOURNAL OF PHYSICS
2025,June,WOS,College of Science,Scientific,Evaluation of nanoparticle biostimulants in alleviating salinity-induced stress: A study on morphological and molecular responses in potato cultivars,CHILEAN JOURNAL OF AGRICULTURAL RESEARCH
2025,June,WOS,College of Science,Scientific,Interaction of Gardner Dust Ion-Acoustic Multiple Solitons in a Dusty Plasma: Insights from Cassini Observations,BRAZILIAN JOURNAL OF PHYSICS
2025,June,WOS,College of Science,Scientific,Multidrug-resistant Serratia marcescens: A growing threat in Iraqi intensive care units,GENE REPORTS
2025,June,WOS,College of Science,Scientific,On the Laplace New Iterative Method for Modeling Fractional Positron-Acoustic Cnoidal Waves in Electron-Positron-Ion Plasmas with Kaniadakis Distributed Electrons,BRAZILIAN JOURNAL OF PHYSICS
2025,June,WOS,College of Science,Scientific,Coriolis Force and Chaos in (2+1)-Dimensional Ion-Acoustic Waves with Two-Temperature Electron in Superthermal Plasma,BRAZILIAN JOURNAL OF PHYSICS
2025,June,WOS,College of Science,Scientific,SOLUTION OF CERTAIN PERIODIC BOUNDARY VALUE PROBLEM IN RELATIONAL METRIC SPACE VIA RELATIONAL ALMOST φ-CONTRACTIONS,JOURNAL OF APPLIED ANALYSIS AND COMPUTATION
2025,June,WOS,College of Science,Scientific,Si-N doped eucalyptus biochar supported TiO2-ZnO (Si-N@EBC/ 3TiZn) as novel solar light responsive photocatalyst for enhanced degradation of cationic dye in aqueous solution,WATER RESOURCES AND INDUSTRY
2025,June,WOS,College of Science,Scientific,In Vitro and In Vivo Investigation of Biosynthesized Copper Oxide Nanoparticles Using Rose Hip: Characterization and their Potential in Modulating Tubulin and VEGFR-II for Breast Cancer Therapy,JOURNAL OF CLUSTER SCIENCE
2025,June,WOS,College of Science,Scientific,Innovative CuZnCr-BTC Framework for Enhanced Congo Red Dye Removal in Sustainable Wastewater Treatment,JOURNAL OF CLUSTER SCIENCE
2025,June,WOS,College of Science,Scientific,"Preparation, physical, structural, and radiation shielding characteristics of SiO2-TiO2-B2O3-ZrO2 glass ceramics",RADIOCHIMICA ACTA
2025,June,WOS,College of Science,Scientific,Efficiency of Nanodelivery Systems for Encapsulation of Pomegranate and Onion Peel Extracts: Evaluation of Their Antimicrobial and Antioxidant Properties on Coated Chicken Burger,ACS OMEGA
2025,June,WOS,College of Science,Scientific,Gallium-promoted Ni/SiO2-ZrO2 catalysts for hydrogen-rich syngas production via methane partial oxidation,JOURNAL OF MATERIALS SCIENCE
2025,June,WOS,College of Science,Scientific,"First-Principles Calculations to Investigate Structural, Mechanical, Electronic, and Optical Properties of Inverse Perovskite Oxides X3AuO (Li, Na, K): Stable and Sustainable Materials for Photovoltaic Applications",JOURNAL OF INORGANIC AND ORGANOMETALLIC POLYMERS AND MATERIALS
2025,June,WOS,College of Science,Scientific,"Deciphering maize resistance to late wilt disease caused by Magnaporthiopsis maydis: agronomic, anatomical, molecular, and genotypic insights",FRONTIERS IN PLANT SCIENCE
2025,June,WOS,College of Science,Scientific,Some New Sobolev-Type Theorems for the Rough Riesz Potential Operator on Grand Variable Herz Spaces,MATHEMATICS
2025,June,WOS,College of Science,Scientific,Strategic vegetable crop distribution in Himachal Pradesh for sustainable economic and environmental outcomes,SCIENTIFIC REPORTS
2025,June,WOS,College of Science,Scientific,Influence of parity-time symmetry on surface plasmon resonance and Goos-Hänchen shift,EUROPEAN PHYSICAL JOURNAL PLUS
2025,June,WOS,College of Science,Scientific,"Hepatoprotective Potential of Phyllanthus niruri Extracts Against CCl4-Induced Liver Injury in Rats: Insight From Phytochemical Profiling, Molecular Docking, and Oxidative Stress Studies",CHEMISTRY & BIODIVERSITY
2025,June,WOS,College of Science,Scientific,On the multilayer neural networks for analyzing the (1+1)-dimensional space-time fractional equation for Granular model,EUROPEAN PHYSICAL JOURNAL-SPECIAL TOPICS
2025,June,WOS,College of Science,Scientific,"New Electron Donor Acceptor Carbazole-Based Fluorescent Chromophores: Synthesis, Molecular Modelling and Antimicrobial Activity",JOURNAL OF FLUORESCENCE
2025,June,WOS,College of Science,Scientific,SCAPS-1D Embracing Machine Learning Modelling of Plasmonic Perovskite Solar Cells: Innovative Structure of Active Sheet and Electron Transport Substances,PLASMONICS
2025,June,WOS,College of Science,Scientific,Reliability Analysis of the Newly Power Half-Normal Model via Improving Adaptive Progressive Type II Censoring and Its Applications,QUALITY AND RELIABILITY ENGINEERING INTERNATIONAL
2025,June,WOS,College of Science,Scientific,"A study on the geometric configuration and stability of wormholes in symmetric teleparallel gravity influenced by dark energy and rotational velocity profiles (vol 85, 478, 2025)",EUROPEAN PHYSICAL JOURNAL C
2025,June,WOS,College of Science,Scientific,Farm-scale soil spatial variability at a mountain research centre in Northwestern Himalayas,SCIENTIFIC REPORTS
2025,June,WOS,College of Science,Scientific,"Crystal structure of N-(adamantan-1-yl)-4-methylpiperazine-1-carbothioamide, C16H27N3S",ZEITSCHRIFT FUR KRISTALLOGRAPHIE-NEW CRYSTAL STRUCTURES
2025,June,WOS,College of Science,Scientific,Hydrothermal synthesis of ZnBi2O4/PANI nanocomposite: A high-performance electrode material for next-generation supercapacitors,JOURNAL OF ALLOYS AND COMPOUNDS
2025,June,WOS,College of Science,Scientific,Nanostructured CuFe2O4 via urea tuning: A new avenue for energy storage,JOURNAL OF ALLOYS AND COMPOUNDS
2025,June,WOS,College of Science,Scientific,Computational insights into wide bandgap lead free perovskite solar cells for silicon based tandem configurations,SCIENTIFIC REPORTS
2025,June,WOS,College of Science,Scientific,Fractional photo-thermoelasticity of microelongated nanostructure semiconductors medium with hydrodynamic interactions,ACTA MECHANICA
2025,June,WOS,College of Science,Scientific,Novel travelling wave solutions to space-time fractional Cahn-Allen equation via generalized extended direct algebraic method,JOURNAL OF APPLIED MATHEMATICS AND COMPUTING
2025,June,WOS,College of Science,Scientific,First Principles Investigation of Optoelectronic and Thermoelectric Functionality of Double Perovskites K2AuAlX6 (X = Cl or Br) for Energy Conversion Applications,JOURNAL OF INORGANIC AND ORGANOMETALLIC POLYMERS AND MATERIALS
2025,June,WOS,College of Science,Scientific,Hydrothermal preparation of Nd doped MnFeO3 electrode material for supercapacitor application,IONICS
2025,June,WOS,College of Science,Scientific,Comprehensive analysis of elastic and gamma radiation attenuation properties of P2O5-PbO2-As2O3-Fe2O3 glasses for shielding applications,EUROPEAN PHYSICAL JOURNAL PLUS
2025,June,WOS,College of Science,Scientific,The biocontrol activity of both Bacillus thuringiensis and Beauveria bassiana against Spodoptera litura and their toxic effect on the insect metamorphosis,INTERNATIONAL JOURNAL OF TROPICAL INSECT SCIENCE
2025,June,WOS,College of Science,Scientific,"Bardeen stellar objects in f(R,A) modified gravity",INTERNATIONAL JOURNAL OF GEOMETRIC METHODS IN MODERN PHYSICS
2025,June,WOS,College of Science,Scientific,"Impact of Ag Nanoparticle Doping on the Structural, Electrical, and Thermoelectric Characteristics of Alloys Based on Crystalline InSb (13 May, 10.1007/s11665-025-11261-y, 2025)",JOURNAL OF MATERIALS ENGINEERING AND PERFORMANCE
2025,June,WOS,College of Science,Scientific,Orthogonal generalized Lie bracket of triple derivations: properties and stability,JOURNAL OF INEQUALITIES AND APPLICATIONS
2025,June,WOS,College of Science,Scientific,Genetic Associations of Multi-Generational Drought Stress: Physiological Responses and Yield Adaptations in Barley,JOURNAL OF SOIL SCIENCE AND PLANT NUTRITION
2025,June,WOS,College of Science,Scientific,Thermal Manipulation of Plasmonic Modes at Non-uniform Plasma Temperature-Sensitive Material Interface,PLASMONICS
2025,June,WOS,College of Science,Scientific,Optimizing waste valorization: catalytic co-pyrolysis of cabbage waste and tire waste for enhanced bio-oil and syngas production utilizing char as a reforming catalyst,RSC ADVANCES
2025,June,WOS,College of Science,Scientific,A review of recent developments in rare earth-doped nanophosphors for emerging technological applications,RSC ADVANCES
2025,June,WOS,College of Science,Scientific,Centrality dependence of kinetic freeze-out parameters with fixed and variable flow profile in Au-Au collisions at 62.4 and 200 GeV,EUROPEAN PHYSICAL JOURNAL PLUS
2025,June,WOS,College of Science,Scientific,"Enhanced Sensing of S-VOCs on M-decorated (M=Li, Mg) Antimonene: DFT Insights",JOURNAL OF INORGANIC AND ORGANOMETALLIC POLYMERS AND MATERIALS
2025,June,WOS,College of Science,Scientific,Novel shock wave approximations to the fractional Sharma-Tasso-Olver models using the Tantawy technique and the other two transformed perturbation methods,JOURNAL OF LOW FREQUENCY NOISE VIBRATION AND ACTIVE CONTROL
2025,June,WOS,College of Science,Scientific,Investigating Magnetized Double-Diffusive Flow: Heat-Mass Transfer Dynamics and Thermal Radiation Based on the Shooting Method,JOURNAL OF NONLINEAR MATHEMATICAL PHYSICS
2025,June,WOS,College of Science,Scientific,Enhancing electromagnetic interference shielding: The role and advances of ferromagnetic materials,JOURNAL OF ALLOYS AND COMPOUNDS
2025,June,WOS,College of Science,Scientific,Exploring the Antifungal Potentiality of Synthesized Silver Nanoparticles Against Aspergillus clavatus: Mechanistic and Ultrastructural Analysis,GEOMICROBIOLOGY JOURNAL
2025,June,WOS,College of Science,Scientific,Highly Efficient Acidic Electrosynthesis of Hydrogen Peroxide in Air-Fed Conditions Accelerated by a Three-Dimensional Cross-Linked Carbon Nanoweb Catalyst,ACS SUSTAINABLE CHEMISTRY & ENGINEERING
2025,June,WOS,College of Science,Scientific,"Structural, luminescent, and temperature-dependent luminescence of Tb3+-doped silicate phosphors for non-contact thermometry applications",JOURNAL OF MATERIALS SCIENCE
2025,June,WOS,College of Science,Scientific,Fabrication and characterization of CdO-B2O3-Li2O-MoO3 glass as a potent shield against ionizing radiation,INDIAN JOURNAL OF PHYSICS
2025,June,WOS,College of Science,Scientific,Square octagon haeckelites as efficient photocatalysts with enhanced solar-to-hydrogen conversion and high carrier mobilities,PHYSICAL CHEMISTRY CHEMICAL PHYSICS
2025,June,WOS,College of Science,Scientific,Bayesian meta-analysis for rare outcomes,JOURNAL OF BIOPHARMACEUTICAL STATISTICS
2025,June,WOS,College of Science,Scientific,Fixed point method for the existence of solutions to antiperiodic boundary value problems in fractional differential equations within hexagonal suprametric spaces,BOUNDARY VALUE PROBLEMS
2025,June,WOS,College of Science,Scientific,Hadron production models' prediction for pT distribution of charged hadrons in pp interactions at LHC energies,EUROPEAN PHYSICAL JOURNAL PLUS
2025,June,WOS,College of Science,Scientific,"On the Tantawy technique for modeling fractional dissipative dust-acoustic solitons in a polarized complex plasma, part (I): Fractional damped KdV equation",JOURNAL OF LOW FREQUENCY NOISE VIBRATION AND ACTIVE CONTROL
2025,June,WOS,College of Science,Scientific,Removal of ciprofloxacin from water: antimicrobial activity and desalination potential using synthetic Ni/Fe clay,INTERNATIONAL JOURNAL OF ENVIRONMENTAL SCIENCE AND TECHNOLOGY
2025,June,WOS,College of Science,Scientific,"Protective effects of polyphenolic-enriched Pleurospermum candollei extract against doxorubicin-induced cardiovascular disease in rats: modulation of oxidative stress, inflammation, and apoptosis",JOURNAL OF PHARMACY AND PHARMACOLOGY
2025,June,WOS,College of Science,Scientific,"Structure, optical, and surface characteristics of irradiated PEO/Gd2O3 for optoelectronics",SURFACE INNOVATIONS
2025,June,WOS,College of Science,Scientific,Exploring Nuclear Radiation Shielding Capabilities of High-Entropy Carbides: A Study on Composition and Effectiveness,NUCLEAR TECHNOLOGY
2025,June,WOS,College of Science,Scientific,NUMERICAL SOLUTION OF A MULTI-TERM TIME-FRACTIONAL VISCOELASTIC NON-NEWTONIAN FLUID MODEL VIA A HYBRID SPECTRAL METHOD,FRACTALS-COMPLEX GEOMETRY PATTERNS AND SCALING IN NATURE AND SOCIETY
2025,June,WOS,College of Science,Scientific,New Optical Stochastic Solutions for Kundu-Mukherjee-Naskar Model With Random Variable Coefficients Using Two Different Methods,MATHEMATICAL METHODS IN THE APPLIED SCIENCES
2025,June,WOS,College of Science,Scientific,Achievement of high energy density and efficiency in Bi(Mg0.5Hf0.5)O3 modified Ba0.55Sr0.45TiO3 ceramics,INTERNATIONAL JOURNAL OF APPLIED CERAMIC TECHNOLOGY
2025,June,WOS,College of Science,Scientific,"Green synthesis of gold nanoparticles using Xanthium strumarium extract: photoinduced fabrication, characterization, and biosensing applications",RESEARCH ON CHEMICAL INTERMEDIATES
2025,June,WOS,College of Science,Scientific,Exploration of the Impact of Systematic Ta Substitution on the Physical Properties of Two-Dimensional Mo2C MXenes: A Density Functional Theory Approach,JOURNAL OF ELECTRONIC MATERIALS
2025,June,WOS,College of Science,Scientific,Dynamic Adaptive Hybrid Censoring Improves Partially Accelerated Life Testing Under Step Stress: Sustainability Application by Precipitation and Carbon Fibers Data,QUALITY AND RELIABILITY ENGINEERING INTERNATIONAL
2025,June,WOS,College of Science,Scientific,Erbium-borate modified glass with lead and barium: new composite materials for gamma ray shielding,RADIOCHIMICA ACTA
2025,June,WOS,College of Science,Scientific,Strategies for thermoelectric power factor: from tin-based materials to device applications,EMERGENT MATERIALS
2025,June,WOS,College of Science,Scientific,"Pd, Pt, Ti incorporated ZSM-5 and promotional role of Ni for oxidation of methane in presence of molecular oxygen: Partial oxidation vs total oxidation",INTERNATIONAL JOURNAL OF HYDROGEN ENERGY
2025,June,WOS,College of Science,Scientific,Magnetic effects on solid particle dispersion from circular cylinders and double-diffusive convection in a NEPCM-filled porous thermal chamber,INTERNATIONAL JOURNAL OF NUMERICAL METHODS FOR HEAT & FLUID FLOW
2025,June,WOS,College of Science,Scientific,"Inoculation and concentration of Bacillus subtilis and Azospirillum brasilense to nitrogen metabolism, leaf gas exchange and plant growth in hydroponic lettuce",INTERNATIONAL JOURNAL OF VEGETABLE SCIENCE
2025,June,WOS,College of Science,Scientific,"Development of BaMnO3 nanoparticles embedded on rGO nanosheets via facile hydrothermal route to improve water oxidation (vol 68, pg 970, 2024)",INTERNATIONAL JOURNAL OF HYDROGEN ENERGY
2025,June,WOS,College of Humanities and Social Sciences,Humanitarian ,The Power of Digital Storytelling in Preserving Saudi Cultural Heritage and Fostering National Identity,HERITAGE AND SOCIETY
2025,June,WOS,College of Humanities and Social Sciences,Humanitarian ,"The architectural characteristics of the traditional castles in Al-Hejaz, Kingdom of Saudi Arabia (KSA), Shanqal Castle as a case study",FRONTIERS OF ARCHITECTURAL RESEARCH
2025,June,WOS,College of Humanities and Social Sciences,Humanitarian ,ROCK ART AS A REFLECTION OF CULTURAL HERITAGE AND ENVIRONMENTAL CONTEXT: INTERPRETING AND DOCUMENTING NEW EPIGRAPHIC MATERIALS AND ROCK ART FROM JORDAN'S BLACK DESERT,ARQUEOLOGIA IBEROAMERICANA
2025,June,WOS,College of Science\Health Sciences Research Centre,Health-related / Medical,Revealing the therapeutic potential of synthetic cannabinoids: a systematic review of cannabinoid receptor binding dynamics and their implications for cancer therapy,JOURNAL OF CANNABIS RESEARCH
2025,June,WOS,College Of Languages,Humanitarian ,Robust speech perception and classification-driven deep convolutional neural network with natural language processing,ALEXANDRIA ENGINEERING JOURNAL
2025,June,WOS,College of Engineering,Scientific,Rectenna Design Optimized by Binary Genetic Algorithm for Hybrid Energy Harvesting Applications Across 5G Sub-6 GHz Band,RADIO SCIENCE
2025,June,WOS,College of Engineering,Scientific,"Fast terminal integral sliding mode pitch angle control based on hierarchical power coefficient estimator for wind turbine (vol 13, pg 5133, 2025)",ENERGY REPORTS
2025,June,WOS,College of Engineering,Scientific,Three-electrode study and asymmetric device fabrication of CuZrO3/rGO nanohybrid for high performance supercapacitor,DIAMOND AND RELATED MATERIALS
2025,June,WOS,College of Engineering,Scientific,Electromagnetic Characterization of a Wideband Nanoscale Metamaterial Absorber for Ultraviolet Radiation Shielding,SILICON
2025,June,WOS,College of Engineering,Scientific,The heat radiation of Darcy-Forchheimer flow of nanomaterial with active/ passive comprising microorganisms framed by a curved surface,JOURNAL OF RADIATION RESEARCH AND APPLIED SCIENCES
2025,June,WOS,College of Business Administration,Scientific,The impact of inclusive finance and lifelong learning on carbon neutrality: Evidence from African countries,RESEARCH IN INTERNATIONAL BUSINESS AND FINANCE
2025,June,WOS,College of Business Administration,Scientific,Unmasking Sustainability Justice Performance to Achieve SDG 16 in MENA: Insights From Heterogeneous Analysis,SUSTAINABLE DEVELOPMENT
2025,June,WOS,College of Business Administration,Scientific,AraTraditions10k bridging cultures with a comprehensive dataset for enhanced cross lingual image annotation retrieval and tagging,SCIENTIFIC REPORTS
2025,June,WOS,College of Business Administration,Scientific,Can Chain Leaders Stop Greenwashing Practices in Supply Chain Governance? An Empirical Investigation Into Business Strategies,CORPORATE SOCIAL RESPONSIBILITY AND ENVIRONMENTAL MANAGEMENT
2025,June,WOS,College of Business Administration,Scientific,Designing a novel Ti3C2 MXene-bridged Z-scheme photocatalyst for effective H2 generation and removal of non-biodegradable norfloxacin: Optimization and mechanism insights,JOURNAL OF ALLOYS AND COMPOUNDS
2025,June,WOS,College of Business Administration,Scientific,"Do renewable energy, economic globalization, and financial development foster green growth in France? Evidence from a wavelet-quantile approach",INTERNATIONAL JOURNAL OF SUSTAINABLE DEVELOPMENT AND WORLD ECOLOGY
2025,June,WOS,College of Business Administration,Scientific,The Impact of Green and Energy Investments on Environmental Sustainability in China: A Technological and Financial Development Perspectives,ENVIRONMENTAL MODELING & ASSESSMENT
2025,June,WOS,College of Business Administration,Scientific,Driving clean energy adoption in emerging markets:the role of hydrogen energy and economic growth,INTERNATIONAL JOURNAL OF HYDROGEN ENERGY
2025,June,WOS,College of Business Administration,Scientific,From creation to growth: examining agile and business planning for sustained ventures,INTERNATIONAL JOURNAL OF ENTREPRENEURIAL BEHAVIOR & RESEARCH
2025,June,WOS,College of Business Administration,Scientific,Impact of sustainability initiatives of companies and government on company performance,INTERNATIONAL JOURNAL OF LAW AND MANAGEMENT
2025,June,WOS,College of Business Administration,Scientific,"RETRACTION: Hydrogen economy in China: Integrating biomass for renewable energy transition and economic growth [Int J Hydrog Energ, 121 (23) April (2025), 171-188]",INTERNATIONAL JOURNAL OF HYDROGEN ENERGY
2025,June,WOS,College of Dentistry,Health-related / Medical,"Socket Preservation Using Platelet-Rich Fibrin and Free Gingival Grafts (vol 75, pg 345, 2025)",INTERNATIONAL DENTAL JOURNAL
2025,June,WOS,College of Dentistry\King Abdullah bin Abdulaziz University Hospital,Health-related / Medical,Impact of spacers and thermocycling on porosity and gaps in class II endodontic temporary restorations evaluated by microcomputed tomography,SCIENTIFIC REPORTS
2025,June,WOS,College of Computer and Information Sciences,Scientific,Enhanced wastewater purification and photocatalytic green energy production via a novel CaIn2S4-coupled BiFeO3 nanocomposite: Characterization and mechanistic insights,JOURNAL OF WATER PROCESS ENGINEERING
2025,June,WOS,College of Computer and Information Sciences,Scientific,Decision based algorithm for circular pythagorean fuzzy framework and advanced petroleum exploration methods,SCIENTIFIC REPORTS
2025,June,WOS,College of Computer and Information Sciences,Scientific,Healthcare fraud detection using adaptive learning and deep learning techniques,EVOLVING SYSTEMS
2025,June,WOS,College of Computer and Information Sciences,Scientific,C3BAM-XAI: Convolutional Block Attention Module Enhanced Explainable Artificial Intelligence-Based Parkinson's Disease Stage Classification,COGNITIVE COMPUTATION
2025,June,WOS,College of Computer and Information Sciences,Scientific,Damped Vibrational Response of Beams on Multi-Parametric Foundations: A Computational and Analytical Approach,JOURNAL OF VIBRATION ENGINEERING & TECHNOLOGIES
2025,June,WOS,College of Computer and Information Sciences,Scientific,"Daas composition: enhancing UAV delivery services via LSTM-based resource prediction and fight patterns mining ( vol 107, 78, 2025)",COMPUTING
2025,June,WOS,College of Computer and Information Sciences,Scientific,Privacy-Aware Secure Data Auditing for Cloud-Based Intelligence of Things Environment,IEEE INTERNET OF THINGS JOURNAL
2025,June,WOS,College of Computer and Information Sciences,Scientific,Personalized service recommendation in smart mobility networks,CLUSTER COMPUTING-THE JOURNAL OF NETWORKS SOFTWARE TOOLS AND APPLICATIONS
2025,June,WOS,College of Computer and Information Sciences,Scientific,Wearable sensors-based assistive technologies for patient health monitoring,FRONTIERS IN BIOENGINEERING AND BIOTECHNOLOGY
2025,June,WOS,College of Computer and Information Sciences,Scientific,An Enhanced Wheat Stripe Rust Segmentation Approach Using Vision Transformer Model,INTERNATIONAL JOURNAL OF COMPUTATIONAL INTELLIGENCE SYSTEMS
2025,June,WOS,College of Computer and Information Sciences,Scientific,Advancing blood cell detection and classification: performance evaluation of modern deep learning models,BMC MEDICAL INFORMATICS AND DECISION MAKING
2025,June,WOS,College of Computer and Information Sciences,Scientific,AI-Driven Predictive Modeling for Lung Cancer Detection and Management Using Synthetic Data Augmentation and Random Forest Classifier,INTERNATIONAL JOURNAL OF COMPUTATIONAL INTELLIGENCE SYSTEMS
2025,June,WOS,College of Computer and Information Sciences,Scientific,Multivariate Statistical Techniques in Surface Enhanced Raman Spectroscopy for Colorectal Cancer Biomarker Identification,PLASMONICS
2025,June,WOS,College of Computer and Information Sciences,Scientific,Content-Guided Video Captioning With Cross-Modal Transformer for Driving Scenario Understanding,IEEE TRANSACTIONS ON INTELLIGENT TRANSPORTATION SYSTEMS
2025,June,WOS,College of Computer and Information Sciences,Scientific,Blockchain-based framework for secure communication in vehicular ad hoc network (VANET),JOURNAL OF OPTICS-INDIA
2025,June,WOS,College of Sports Science and Physical Activity,Humanitarian ,Electrochemical studies on tin selenide and fullerene decorated MWCNTs for sensor and dye degradation applications,JOURNAL OF MATERIALS SCIENCE-MATERIALS IN ELECTRONICS
2025,June,WOS,College of Sports Science and Physical Activity,Humanitarian ,"First principles insight into Cs2YZnX6 (X = Br, I) double perovskite materials for optoelectronic and thermoelectric device applications",PHYSICAL CHEMISTRY CHEMICAL PHYSICS
2025,June,WOS,Health Sciences Research Centre,Health-related / Medical,Modified plant leaves/chitosan composite: adsorption modeling of crystal violet dye using Box-Behnken design,INTERNATIONAL JOURNAL OF PHYTOREMEDIATION
2025,June,WOS,King Abdullah bin Abdulaziz University Hospital,Health-related / Medical,Sacral dysmorphism and its influence on hardware choice in sacral fractures: A scoping review,JOURNAL OF ORTHOPAEDICS TRAUMA AND REHABILITATION
2025,June,WOS,Arabic Language Teaching Institute for Non-Arabic Speakers,Humanitarian ,Artificial Intelligence-based Natural Language Processing for sarcasm detection and classification on Arabic Corpus,ALEXANDRIA ENGINEERING JOURNAL
2025,July,wos,Applied College,Humanitarian ,Dual stream graph augmented transformer model integrating BERT and GNNs for context aware fake news detection,SCIENTIFIC REPORTS
2025,July,wos,Applied College,Humanitarian ,Energy-efficient deep learning-based intrusion detection system for edge computing: a novel DNN-KDQ model,JOURNAL OF CLOUD COMPUTING-ADVANCES SYSTEMS AND APPLICATIONS
2025,July,wos,Applied College,Humanitarian ,A hybrid AI-Blockchain security framework for smart grids,SCIENTIFIC REPORTS
2025,July,wos,Applied College,Humanitarian ,Hybrid Attention-Enhanced Xception and Dynamic Chaotic Whale Optimization for Brain Tumor Diagnosis,BIOENGINEERING-BASEL
2025,July,wos,College of Education and Human Development,Humanitarian ,Challenges and Insights: Saudi Female Teachers Teaching Boys in Riyadh Elementary Schools,SAGE OPEN
2025,July,wos,College of Education and Human Development,Humanitarian ,Improving students' performance in geometry: an empirical evidence of the effectiveness of brainstorming learning strategy,FRONTIERS IN PSYCHOLOGY
2025,July,wos,College of Education and Human Development,Humanitarian ,"Microwave-assisted extraction of phytochemicals from Piper betle L.: Optimization, characterization, and bioactivity evaluation",FOOD CHEMISTRY-X
2025,July,wos,College of Education and Human Development,Humanitarian ,The prevalence of nomophobia: A systematic review and meta-analysis,INTERNATIONAL REVIEW OF ECONOMICS & FINANCE
2025,July,wos,College of Nursing,Health-related / Medical,Tocilizumab as a targeted immunomodulatory therapy in the management of severe respiratory illnesses: a multicenter cohort study of COVID-19 patients,SCIENTIFIC REPORTS
2025,July,wos,College of Nursing,Health-related / Medical,A comparative dermatokinetic evaluation of thymoquinone-loaded nanoemulsion gel for enhanced wound healing and anti-inflammatory efficacy,POLYMER BULLETIN
2025,July,wos,College of Nursing,Health-related / Medical,"The relationship of imposter phenomenon, self-esteem, and resilience: promoting well-being among registered nurses",BMC NURSING
2025,July,wos,College of Nursing,Health-related / Medical,"Green-synthesized silver-copper nanocomposites from Sargassum latifolium: antibacterial, anticancer, and in silico pharmacokinetic evaluation",MEDICAL ONCOLOGY
2025,July,wos,College of Nursing,Health-related / Medical,Nurse-led insulin protocol efficacy for control of hyperglycemia in critically Ill patients,BMC NURSING
2025,July,wos,College of Nursing,Health-related / Medical,"Exploring facilitators, barriers, and maternal perspectives of a novel educational intervention in promoting skin-to-skin contact",PATIENT EDUCATION AND COUNSELING
2025,July,wos,College of Nursing,Health-related / Medical,"Sleep disturbance, cancer-related fatigue, and depression as determinants of quality of life among breast cancer patients undergoing chemotherapy: a cross-sectional study",BMC CANCER
2025,July,wos,College of Nursing,Health-related / Medical,Bridging the gap: the mediating role of self-efficacy in the impact of workload on core competencies among pediatric nurses,BMC NURSING
2025,July,wos,College of Nursing,Health-related / Medical,Uncovering the oxidative stress and hematological consequences of chronic cobalt exposure on atherosclerosis,BIOMETALS
2025,July,wos,College of Nursing,Health-related / Medical,Evaluating health literacy and pandemic concerns in saudi healthcare students and implications for future preparedness: a cross-sectional analysis,SCIENTIFIC REPORTS
2025,July,wos,College of Nursing,Health-related / Medical,Effect of intermittent Islamic fasting in management of metabolic syndrome: a randomized control trial,BMC PUBLIC HEALTH
2025,July,wos,College of Health and Rehabilitation Sciences,Health-related / Medical,Effectiveness of School-Based Nutrition Interventions in Italy: A Scoping Review,FOOD SCIENCE & NUTRITION
2025,July,wos,College of Health and Rehabilitation Sciences,Health-related / Medical,Design of Block-Scrambling-Based privacy protection mechanism in healthcare using fusion of transfer learning models with Hippopotamus optimization algorithm,SCIENTIFIC REPORTS
2025,July,wos,College of Health and Rehabilitation Sciences,Health-related / Medical,Efficient sepsis detection using deep learning and residual convolutional networks,PEERJ COMPUTER SCIENCE
2025,July,wos,College of Health and Rehabilitation Sciences,Health-related / Medical,Evaluating radiation safety knowledge and practices in dental professionals: findings from a cross-sectional survey,BMC MEDICAL EDUCATION
2025,July,wos,College of Health and Rehabilitation Sciences,Health-related / Medical,Deep learning for gender estimation using hand radiographs: a comparative evaluation of CNN models,BMC MEDICAL IMAGING
2025,July,wos,College of Health and Rehabilitation Sciences,Health-related / Medical,Impact of WO3 on some ionizing radiation shielding properties of the soda-lime-silica (SLS) recycling waste glasses,EUROPEAN PHYSICAL JOURNAL PLUS
2025,July,wos,College of Health and Rehabilitation Sciences,Health-related / Medical,Revolutionizing healthcare: An IoT-driven approach to remote patient health monitoring and management during the pandemic and beyond,ALEXANDRIA ENGINEERING JOURNAL
2025,July,wos,College of Health and Rehabilitation Sciences,Health-related / Medical,Immediate effect of exercise and music on attention among school-age youth: A comprehensive experimental study,MEDICINE
2025,July,wos,College of Health and Rehabilitation Sciences,Health-related / Medical,The influence of family in children's feeding difficulties: an integrative review,FRONTIERS IN PEDIATRICS
2025,July,wos,College of Health and Rehabilitation Sciences,Health-related / Medical,Gut Microbiota-Modulating Functions of Bovine Colostrum and Bovine Milk Oligosaccharides,FOOD REVIEWS INTERNATIONAL
2025,July,wos,College of Health and Rehabilitation Sciences,Health-related / Medical,Isokinetic knee strength as a predictor of cardiorespiratory responses during loaded aerobic capacity test in elite athletes,SCIENTIFIC REPORTS
2025,July,wos,College of pharmacy,Health-related / Medical,Public preparedness and knowledge about emergency medicine: A study across 6 countries,MEDICINE
2025,July,wos,College of pharmacy,Health-related / Medical,"Theoretical investigation of penicillamine adsorption on mg12o12 fullerene-like cages considering solvent effects, electronic properties, and potential biomedical applications",SCIENTIFIC REPORTS
2025,July,wos,College of pharmacy,Health-related / Medical,New Thiadiazole-Benzenesulfonamide Hybrids as Dual B-Raf/VEGFR-2 Inhibitors With Promising Anti-Hepatic Cancer Activity,CHEMICAL BIOLOGY & DRUG DESIGN
2025,July,wos,College of pharmacy,Health-related / Medical,Smart Nanofibers in Wound Healing: Exploring Novel Combinations and Applications,CURRENT DRUG DELIVERY
2025,July,wos,College of pharmacy,Health-related / Medical,"Innovative Nicotinamide-Dihydrothiadiazole Compounds for Targeting VEGFR-2: Design, Synthesis, and Mechanistic Exploration in Breast Cancer Treatment",CHEMISTRYSELECT
2025,July,wos,College of pharmacy,Health-related / Medical,Evaluating the anticancer efficacy of Chara vulgaris ethanolic extract and selenium nanoformulation in Ehrlich carcinoma mice: role of autophagy and apoptosis,BMC BIOTECHNOLOGY
2025,July,wos,College of pharmacy,Health-related / Medical,"The Association between Body Mass Index, HbA1c Levels, and Tarsal Tunnel Syndrome: A Clinical and Neurophysiological Study",ACS CHEMICAL NEUROSCIENCE
2025,July,wos,College of pharmacy,Health-related / Medical,A retrospective analysis of tacrolimus pharmacokinetic in Saudi paediatric patients in early post-liver transplantation period,PEDIATRICS AND NEONATOLOGY
2025,July,wos,College of pharmacy,Health-related / Medical,The Rates of Bleeding and Venous Thromboembolism with Reduced-Dose Enoxaparin for Thromboprophylaxis in Low-Weight Surgical Patients: A Retrospective Cohort Study,ANNALS OF PHARMACOTHERAPY
2025,July,wos,College of pharmacy,Health-related / Medical,Perception of Undergraduate Pharmacy Students of Case-Based Learning as a Tool in Teaching Pharmacy Management Course,INDIAN JOURNAL OF PHARMACEUTICAL EDUCATION AND RESEARCH
2025,July,wos,College of pharmacy,Health-related / Medical,Fabrication and characterization of novel gelatin/alginate-based nanosystems as promising antiviral agents,INTERNATIONAL JOURNAL OF BIOLOGICAL MACROMOLECULES
2025,July,wos,College of pharmacy,Health-related / Medical,"Investigation of the detection of Thioguanine anti-cancer drug by using of X12O12 (X = mg, Zn) nanocage",COMPUTATIONAL AND THEORETICAL CHEMISTRY
2025,July,wos,College of pharmacy,Health-related / Medical,The Safety of Apixaban Compared to Warfarin in Hospitalized Patients with Acute Kidney Injury,JOURNAL OF CLINICAL MEDICINE
2025,July,wos,College of pharmacy,Health-related / Medical,Ilimaquinone as a novel marine sponge-derived antibacterial agent: mechanistic insights into its antibiofilm and quorum sensing inhibitory properties targeting bacterial virulence,INTERNATIONAL MICROBIOLOGY
2025,July,wos,College of pharmacy,Health-related / Medical,Paediatrics hospitalization profile in England: A longitudinal ecological study,MEDICINE
2025,July,wos,College of pharmacy,Health-related / Medical,D-optimal candexch algorithm-enhanced machine learning UV-spectrophotometry for five-analyte determination in novel anti-glaucoma formulations and ocular fluids: four-color sustainability framework with NQS assessment and UN-SDG integration,BMC CHEMISTRY
2025,July,wos,College of pharmacy,Health-related / Medical,"Restoration potential of a protein-hydrolysate fortified diet against neuro-behavioral alterations, neurotransmitter dysfunction, and FASN/FABP-2 expression in Oreochromis niloticus stocked under alkaline conditions",AQUACULTURE INTERNATIONAL
2025,July,wos,College of pharmacy,Health-related / Medical,"Biosynthesis of Nano Calcium Hydrates via Essential Oils for Antimicrobial, Antifungal and Catalytic Applications",NANO
2025,July,wos,College of pharmacy,Health-related / Medical,Nonenzymatic Electrochemical Sensing of Glucose Using Hydrothermally Synthesized High-Specific-Surface-Area SnO2 Nanoparticles,ACS OMEGA
2025,July,wos,College of pharmacy,Health-related / Medical,"Synthesis and multi-target antiproliferative evaluation of novel 1,2,4-triazole-3-thione analogues against breast cancer: in silico and in vitro mechanistic insights",RSC ADVANCES
2025,July,wos,College of pharmacy,Health-related / Medical,Ramipril and ketogenic diet response in cognitive dysfunction of insulin-resistant rats,FRONTIERS IN PHARMACOLOGY
2025,July,wos,College of pharmacy,Health-related / Medical,Neural Networks of Knowledge: Ontologies Pioneering Precision Medicine in Neurodegenerative Diseases,CURRENT NEUROPHARMACOLOGY
2025,July,wos,College of pharmacy,Health-related / Medical,"Exploring the α-Amylase, α-Glucosidase Inhibition of Acyl hydrazone Derivatives: In Vitro, Molecular Docking, Dynamics Simulation, ADMET and DFT Studies",JOURNAL OF COMPUTATIONAL BIOPHYSICS AND CHEMISTRY
2025,July,wos,College of pharmacy,Health-related / Medical,Mechanistic insights into the cardioprotective effects of Biochanin A against cisplatin-induced toxicity: the role of oxidative stress and the Nrf2 signaling pathway,TOXIN REVIEWS
2025,July,wos,College of pharmacy,Health-related / Medical,Pioneering RP-HPLC strategy for synchronous evaluation of assay and dissolution testing of piracetam and vincamine: A promising combination for cognitive and cerebrovascular disorders,ACTA CHROMATOGRAPHICA
2025,July,wos,College of pharmacy,Health-related / Medical,"Prevalence, Appropriateness, and Outcomes of Colistin Use in Multidrug-Resistant Pseudomonas aeruginosa Infections: Insights from Hospital Data",MEDICINA-LITHUANIA
2025,July,wos,College of pharmacy,Health-related / Medical,Environmental impact of RP-HPLC strategy for detection of selected antibiotics residues in wastewater: Evaluating of quality tools,REVIEWS IN ANALYTICAL CHEMISTRY
2025,July,wos,College of pharmacy,Health-related / Medical,Immunological response of Oreochromis niloticus to periodic hypoxia and camel whey protein hydrolysate replacement,AQUACULTURE INTERNATIONAL
2025,July,wos,College of pharmacy,Health-related / Medical,"Assessment of knowledge and perceptions of pharmacy students toward pharmacovigilance activities, and their predictors: a cross-sectional study in Palestine",BMC MEDICAL EDUCATION
2025,July,wos,College of pharmacy,Health-related / Medical,"A nanomagnetic triazole-based Schiff-base complex of palladium(0) as an efficient heterogeneous catalyst for the Mizoroki-Heck C-C cross-coupling reaction under green conditions (jun, 10.1039/D5NA00364D, 2025)",NANOSCALE ADVANCES
2025,July,wos,College of pharmacy,Health-related / Medical,Synthesis of N-formyl dihydropyrazoles as urease inhibitors,PURE AND APPLIED CHEMISTRY
2025,July,wos,College of pharmacy,Health-related / Medical,"Benchmarking ChatGPT-3.5 and OpenAI o3 Against Clinical Pharmacists: Preliminary Insights into Clinical Accuracy, Sensitivity, and Specificity in Pharmacy MCQs",HEALTHCARE
2025,July,wos,College of pharmacy,Health-related / Medical,Integrated computational and biological evaluations of newly synthesized thiadiazole-based VEGFR-2 inhibitors with targeted anti-breast cancer activity,NAUNYN-SCHMIEDEBERGS ARCHIVES OF PHARMACOLOGY
2025,July,wos,College of pharmacy,Health-related / Medical,Neuroprotective and Antidepressant Effects of Isorhamnetin: Mechanistic Evaluations in a Reserpine-Induced Mouse Model of Pain and Depression,MOLECULAR NEUROBIOLOGY
2025,July,wos,College of Medicine,Health-related / Medical,Saudi Clinical Practice Guidelines for Management of Axial Spondyloarthritis Disease,RHEUMATOLOGY AND THERAPY
2025,July,wos,College of Medicine,Health-related / Medical,Assessing the Anatomical Accuracy of AI-Generated Medical Illustrations: A Comparative Study of Text-to-Image Generator Tools in Anatomy Education,CLINICAL ANATOMY
2025,July,wos,College of Medicine,Health-related / Medical,Shortened Fornix Syndrome After Posterior-Approach Ptosis Repair,OPHTHALMIC PLASTIC AND RECONSTRUCTIVE SURGERY
2025,July,wos,College of Medicine,Health-related / Medical,Taurine and Neuroprotection: A Potential Shield Against Methylglyoxal-Induced Toxicity in SH-SY5Y Cells,JOURNAL OF BIOCHEMICAL AND MOLECULAR TOXICOLOGY
2025,July,wos,College of Medicine,Health-related / Medical,Renal cell carcinoma associated with XP11.2 translocation: A case report and literature review,UROLOGY CASE REPORTS
2025,July,wos,College of Medicine,Health-related / Medical,Ellagic acid protects against gastric ulcer in male rats by antioxidant and anti-inflammatory mechanisms: modulation of NF-κβ/COX-2 and Nrf2/HO-1 pathways,ARCHIVES OF PHYSIOLOGY AND BIOCHEMISTRY
2025,July,wos,College of Medicine,Health-related / Medical,Transarterial Chemoembolization Outperforms Radioembolization in Early- and Intermediate-Stage Hepatocellular Carcinoma: A Multicenter Retrospective Study,CANCERS
2025,July,wos,College of Medicine,Health-related / Medical,Suppression of Diabetes-Induced Liver Injury and Fibrosis by Resveratrol in Association with the Inhibition of the ROS/CD86/Inflammation Axis and Protection of Liver Glycogen Stores,BRATISLAVA MEDICAL JOURNAL
2025,July,wos,College of Medicine,Health-related / Medical,A novel fluorescence-based method for the determination of Zuranolone using Tinopal CBS-X in the pharmaceutical formulation and spiked human plasma,SCIENTIFIC REPORTS
2025,July,wos,College of Medicine,Health-related / Medical,Idiopathic Inflammatory Myositis (IIM) Related Interstitial Lung Disease (ILD): Treatment Options,CURRENT PULMONOLOGY REPORTS
2025,July,wos,College of Medicine,Health-related / Medical,Term Pregnancy in Herlyn-Werner-Wunderlich Syndrome: Successful Management of Congenital Obstructed Hemivagina and Ipsilateral Renal Agenesis (OHVIRA),AMERICAN JOURNAL OF CASE REPORTS
2025,July,wos,College of Medicine,Health-related / Medical,"Topiramate Attenuates Cadmium-Induced Nephrotoxicity Through Modulation of Oxidative Stress, Autophagy, and Apoptosis in Rats",BIOLOGICAL TRACE ELEMENT RESEARCH
2025,July,wos,College of Medicine,Health-related / Medical,Do Educational Cosmetic Accounts on Social Media Influence the Consideration of Cosmetic Procedures?,AESTHETIC PLASTIC SURGERY
2025,July,wos,College of Medicine,Health-related / Medical,Disease characteristics and outcomes of lupus nephritis in Saudi Arabia: A systematic review,LUPUS
2025,July,wos,College of Medicine,Health-related / Medical,Comparison Between Various Immunosensor Methods for the Early Detection of Dengue Virus in Real Samples: A Systematic Review,REVIEWS IN MEDICAL VIROLOGY
2025,July,wos,Health Sciences Research Centre\College of Medicine,Health-related / Medical,Development of tobacco chloroplast vector with novel insertion sites for dengue virus (DENV) antigens,PROTOPLASMA
2025,July,wos,College of Medicine\ King Abdullah bin Abdulaziz University Hospital,Health-related / Medical,Factors Influencing Help-Seeking Behavior in Patients with Urinary Incontinence: A Single-Center Cross-Sectional Study,MEDICINA-LITHUANIA
2025,July,wos,College of Medicine\ King Abdullah bin Abdulaziz University Hospital,Health-related / Medical,Validation of the Arabic ADHD rating Scale-5 for adolescents in Saudi Arabia using structural equation modeling,SCIENTIFIC REPORTS
2025,July,wos,College of Science,Scientific,"Comprehensive investigation of compact stars in f(R,φ,χ) modified gravity",INTERNATIONAL JOURNAL OF GEOMETRIC METHODS IN MODERN PHYSICS
2025,July,wos,College of Science,Scientific,"A new trigonometric-oriented statistical distribution: Model, theory, and applications in physics and engineering sectors",INTERNATIONAL JOURNAL OF GEOMETRIC METHODS IN MODERN PHYSICS
2025,July,wos,College of Science,Scientific,Multi-camera spatiotemporal deep learning framework for real-time abnormal behavior detection in dense urban environments,SCIENTIFIC REPORTS
2025,July,wos,College of Science,Scientific,Verifying hierarchical thermal quantum nonlocalities of two coupled dipole-dipole electrons inside a pair quantum-dot molecules,EUROPEAN PHYSICAL JOURNAL PLUS
2025,July,wos,College of Science,Scientific,Sentiment classification for telugu using transformed based approaches on a multi-domain dataset,SCIENTIFIC REPORTS
2025,July,wos,College of Science,Scientific,"Impact of ultrasonication, ozonation, and their combination on the preservation of novel clean-label functional drink of strawberry-cantaloupe incorporated with Spirulina platensis and orange peel extracts",ULTRASONICS SONOCHEMISTRY
2025,July,wos,College of Science,Scientific,Crossed metal SRR metamaterial with high impact factor for satellite frequency applications,APPLIED PHYSICS A-MATERIALS SCIENCE & PROCESSING
2025,July,wos,College of Science,Scientific,Diverse fabrication routes for sulphur-assisted graphitic carbon nitride for contaminant degradation through solar energy,RESEARCH ON CHEMICAL INTERMEDIATES
2025,July,wos,College of Science,Scientific,"A comprehensive investigation of novel full Heusler AcZTe2 (Z = Ga, In, and Tl) with physical characteristics: Environmentally friendly alternatives for renewable energy technologies",INORGANIC CHEMISTRY COMMUNICATIONS
2025,July,wos,College of Science,Scientific,EFFECT OF VARIABLE FLUID PROPERTIES ON POWELL-EYRING LIQUID FLOW OVER A CURVED SHEET WITH THE CATTANEO-CHRISTOV FLUX MODEL,FRACTALS-COMPLEX GEOMETRY PATTERNS AND SCALING IN NATURE AND SOCIETY
2025,July,wos,College of Science,Scientific,"Rare earth Tb doped Ni0.1Cu0.1Zn0.8Fe2O4 spinel ferrite@rGO composite: a novel catalyst for the removal of dyes, pesticides and drugs from industrial wastewater",DIGEST JOURNAL OF NANOMATERIALS AND BIOSTRUCTURES
2025,July,wos,College of Science,Scientific,Unveiling the visible-light-driven photocatalytic aptitude of nanostructured MgO semiconductor synthesized using lemon peel extract,CERAMICS INTERNATIONAL
2025,July,wos,College of Science,Scientific,"Transforming healthcare: the impact of artificial intelligence on diagnostics, pharmaceuticals, and ethical considerations - a comprehensive review",INTERNATIONAL JOURNAL OF SURGERY
2025,July,wos,College of Science,Scientific,Oblique propagation of arbitrary amplitude ion-acoustic solitary waves in a nonextensive anisotropic electron-positron-ion magnetoplasma,AIP ADVANCES
2025,July,wos,College of Science,Scientific,Modulational instability of dust ion-acoustic waves and associated envelope solitons in a quantum complex plasma,AIP ADVANCES
2025,July,wos,College of Science,Scientific,Neural network approach for thermal analysis of magnetized radiative micropolar hybrid nanofluid flow on a variable porous stretching sheet with Cattaneo-Christov flux model,ADVANCES IN MECHANICAL ENGINEERING
2025,July,wos,College of Science,Scientific,"Effect of High Temperature on Two Major Stored Product Insects and the Effect on Germination of Wheat and Cowpea Seeds (vol 55, e70049, 2025)",ENTOMOLOGICAL RESEARCH
2025,July,wos,College of Science,Scientific,"Caspase Activation, Upregulation of Bax and P53, Downregulation of Bcl-2 and Enhanced Generation of Reactive Oxygen Species Mediate the Anti-proliferative and Anti-migratory Activity of Mefenamic Acid in Breast Cancer Cells",INDIAN JOURNAL OF PHARMACEUTICAL EDUCATION AND RESEARCH
2025,July,wos,College of Science,Scientific,Structural and functional analysis of MoS2 nanoparticles: A multi-temperature approach to impedance and X-band shielding applications,MATERIALS TODAY COMMUNICATIONS
2025,July,wos,College of Science,Scientific,Modeling of co-infection dynamics of hepatitis B and alcoholic liver disease: A simulation-based learning,PHYSICS OF FLUIDS
2025,July,wos,College of Science,Scientific,Insights into Tsallis-Pareto analysis of transverse momentum spectra in sNN=3 GeV symmetric Au-Au collisions,MODERN PHYSICS LETTERS A
2025,July,wos,College of Science,Scientific,In-silico analysis of potential phytochemicals targeting mitogen activating protein kinase-14 (MAPK14) gene in colorectal cancer,SCIENTIFIC REPORTS
2025,July,wos,College of Science,Scientific,Optimizing quarantine in pandemic control: a multi-stage SEIQR modeling approach to COVID-19 transmission dynamics,BMC INFECTIOUS DISEASES
2025,July,wos,College of Science,Scientific,New two parameter hybrid estimator for zero inflated negative binomial regression models,SCIENTIFIC REPORTS
2025,July,wos,College of Science,Scientific,Computationally Guided Structural Modification of Centaureidin: A Novel Approach for Enhancing Antioxidant and Antitumor Activities for Drug Development,CHEMICAL BIOLOGY & DRUG DESIGN
2025,July,wos,College of Science,Scientific,Synthesis of SnCdO3/rGO with high electrocatalytic performance for oxygen evolution reaction,JOURNAL OF NANOPARTICLE RESEARCH
2025,July,wos,College of Science,Scientific,Synergistic effects and electrocatalytic insight of single-phase hexagonal structure as low-temperature solid oxide fuel cell cathode,JOURNAL OF RARE EARTHS
2025,July,wos,College of Science,Scientific,"Biallelic ELOVL1 Variants Are Linked to Hypomyelinating Leukodystrophy, Movement Disorder, and Ichthyosis",MOVEMENT DISORDERS
2025,July,wos,College of Science,Scientific,Bio-Synthesized Nickel Oxide Nanoparticles from Dypsis lutescens: Optimized Photocatalytic Decolorization of Red ME4BL Dye under Sunlight/Tungsten Illumination,CHEMISTRY AFRICA-A JOURNAL OF THE TUNISIAN CHEMICAL SOCIETY
2025,July,wos,College of Science,Scientific,Analysis of heat treatment on the characteristics of friction stirred WE43/TiC surface composites,INTERNATIONAL JOURNAL OF ADVANCED MANUFACTURING TECHNOLOGY
2025,July,wos,College of Science,Scientific,Low-frequency dissipative dust-acoustic waves in plasmas having superthermal two-electron temperature: Implications for solitons and shock waves in Saturn's magnetosphere,JOURNAL OF LOW FREQUENCY NOISE VIBRATION AND ACTIVE CONTROL
2025,July,wos,College of Science,Scientific,"Sulfur-doped NiCr2O4 nanocomposites (NCO@g-CNS) ferroelectric, optical and photocatalytic properties: Crystal violet dye degradation under solar light irradiation",JOURNAL OF THE INDIAN CHEMICAL SOCIETY
2025,July,wos,College of Science,Scientific,"Structural, spectral, elemental, reflection loss, and dielectric multifunctional features of Sr Ni-based U-type hexagonal ferrite nanomaterials for microwave absorption applications",CERAMICS INTERNATIONAL
2025,July,wos,College of Science,Scientific,Effect of flaxseed's supplement on AMPKα2′s expression in non-diabetic and diabetic patients having follicular thyroid carcinoma on mitochondrial's ATP synthase for TPC-1 cell line,ELECTRONIC JOURNAL OF BIOTECHNOLOGY
2025,July,wos,College of Science,Scientific,Thermoluminescence of Eu3+-Doped GdCa4O(BO3)3: Trap mechanisms and heating rate effects,CERAMICS INTERNATIONAL
2025,July,wos,College of Science,Scientific,CuFe2O4 embedded on polyaniline nanosheet a promising electrocatalyst for OER,JOURNAL OF THE INDIAN CHEMICAL SOCIETY
2025,July,wos,College of Science,Scientific,Ameliorating the stability of a thulium-doped mode-locked fiber laser using a yttrium iron garnet nanoparticles-based saturable absorber,OPTICAL MATERIALS EXPRESS
2025,July,wos,College of Science,Scientific,The anti-biofilm and anti-virulence mechanisms of carvacrol against Listeria monocytogenes and the application in food systems,FOOD BIOSCIENCE
2025,July,wos,College of Science,Scientific,"Absorptivity and magentodielectric evaluations of rare earths (Gd3+, Pr3+, Ho3+) and transition element (Bi3+) doped Cd-Ni-Zn ferrite meta surface absorbers: Modeling and simulations",SURFACES AND INTERFACES
2025,July,wos,College of Science,Scientific,Hydrothermal fabrication of BaNiO2/PANI nanocomposite for the supercapacitor application,JOURNAL OF THE INDIAN CHEMICAL SOCIETY
2025,July,wos,College of Science,Scientific,Correlation between composition and radiation shielding performance in neodymium-doped barium borate glasses,KUWAIT JOURNAL OF SCIENCE
2025,July,wos,College of Science,Scientific,Zn-Co nanoferrite electrocatalysts for enhanced hydrogen and oxygen generation,RESULTS IN CHEMISTRY
2025,July,wos,College of Science,Scientific,"Molecular docking, dynamics and pharmacokinetics of Curcuma longa phytochemicals: A promising avenue for Parkinson's therapy",JOURNAL OF THE INDIAN CHEMICAL SOCIETY
2025,July,wos,College of Science,Scientific,Using novel approaches to conjugate peptides of Macrotermes bellicosus and Curcuma longa for targeted intervention of irritable bowl diseases caused by tumor necrosis factor superfamily member 15 (TNFSF15),MOLECULAR IMMUNOLOGY
2025,July,wos,College of Science,Scientific,Fabrication of ZnFe2O4@Co-MOF Nanocomposites for Efficient Visible-Light-Driven Degradation of Pollutants and Antimicrobial Applications,CATALYSIS LETTERS
2025,July,wos,College of Science,Scientific,Hydrothermal fabrication of BaNiS2 modified with Mo doping as an effective electrocatalyst for OER,JOURNAL OF THE INDIAN CHEMICAL SOCIETY
2025,July,wos,College of Science,Scientific,Box Behnken design-based optimized green synthesis of lanthanum oxide submicroparticles using Quercus Infectoria galls extract and their antimicrobial activities,ADVANCED POWDER TECHNOLOGY
2025,July,wos,College of Science,Scientific,Chitosan-ascorbate nanocapsules for sustained cisplatin release: Minimizing nephrotoxicity via anti-inflammatory and anti-apoptotic mechanisms,JOURNAL OF DRUG DELIVERY SCIENCE AND TECHNOLOGY
2025,July,wos,College of Science,Scientific,Individual and combinatorial application of indole-3-acetic acid and salicylic acid in barley (Hordeum vulgare L.): Assessing morpho-physio-biochemical responses under copper stress,SOUTH AFRICAN JOURNAL OF BOTANY
2025,July,wos,College of Science,Scientific,A new trigonometric-based statistical model: Its empirical implementations in music education and reliability engineering,ALEXANDRIA ENGINEERING JOURNAL
2025,July,wos,College of Science,Scientific,Reproductive Meristem (REM) family genes GhREM1 and GhREM5.4 act as potential regulators of temperature stress response in cotton,PLANT PHYSIOLOGY AND BIOCHEMISTRY
2025,July,wos,College of Science,Scientific,A functionally graded hydro-poroelastic semiconductor material subjected to photo-thermoelasticity theory,CONTINUUM MECHANICS AND THERMODYNAMICS
2025,July,wos,College of Science,Scientific,Enhancement of electrochemical performance of hydrothermally synthesized CoNiO2/PANI for OER efficiency,CHEMICAL PHYSICS
2025,July,wos,College of Science,Scientific,Estimation of Inverted Weibull Competing Risks Model Using Improved Adaptive Progressive Type-II Censoring Plan with Application to Radiobiology Data,SYMMETRY-BASEL
2025,July,wos,College of Science,Scientific,Advanced therapeutic strategy for managing surgical site infections with natural nanoemulsion-antimicrobial combination,FRONTIERS IN PHARMACOLOGY
2025,July,wos,College of Science,Scientific,Simple fabrication and comprehensive evaluation of novel nanocomposite for effective methylene blue dye removal from aqueous media,SCIENTIFIC REPORTS
2025,July,wos,College of Science,Scientific,Advanced predictive analytics for bio-waste management using YOLOv8-SPP to enhance waste prediction and sustainability in smart cities,SCIENTIFIC REPORTS
2025,July,wos,College of Science,Scientific,Eigensolutions of generalized fractional Schrödinger equation with Hulthén-Hellmann potential and topological defects,SCIENTIFIC REPORTS
2025,July,wos,College of Science,Scientific,Interpenetrated Three-Dimensional Covalent Organic Framework for Selective Adsorption of C2H2 Over CO2 and C2H4,MACROMOLECULAR RAPID COMMUNICATIONS
2025,July,wos,College of Science,Scientific,Covalent Triazine framework-modified strontium Titanate with zinc oxide for enhanced hydrogen evolution reaction and Supercapattery performance,INORGANIC CHEMISTRY COMMUNICATIONS
2025,July,wos,College of Science,Scientific,On the Exact Asymptotic Error of the Kernel Estimator of the Conditional Hazard Function for Quasi-Associated Functional Variables,MATHEMATICS
2025,July,wos,College of Science,Scientific,Ice nucleation by DNA origami,NANOSCALE
2025,July,wos,College of Science,Scientific,"Phytochemical profiling and evaluation of antioxidant, anticancer, antimicrobial and antibiofilm activities of endophytic fungi isolated from Lavandula stricta",SCIENTIFIC REPORTS
2025,July,wos,College of Science,Scientific,Preparation and characterization of zno/bentonite nanocomposites for enhanced photocatalytic degradation of pesticides in contaminated water,SCIENTIFIC REPORTS
2025,July,wos,College of Science,Scientific,Weighted fractional Euler-Maclaurin inequalities for convex and bounded variation functions via Riemann-Liouville integrals,JOURNAL OF INEQUALITIES AND APPLICATIONS
2025,July,wos,College of Science,Scientific,"Radiation-Shielding, Dielectric, and FTIR Characteristics of Borosilicate Glasses Boosted with Lanthanum Oxide",JOURNAL OF INORGANIC AND ORGANOMETALLIC POLYMERS AND MATERIALS
2025,July,wos,College of Science,Scientific,Biochemical insights into the anthelmintic and anti-inflammatory potential of sea cucumber extract: In vitro and in silico approaches,OPEN CHEMISTRY
2025,July,wos,College of Science,Scientific,Parametric control of electron-positron acoustic solitons: bridging quantum plasma theory and compact stellar objects,ZEITSCHRIFT FUR NATURFORSCHUNG SECTION A-A JOURNAL OF PHYSICAL SCIENCES
2025,July,wos,College of Science,Scientific,Development of Fractional Newton-Type Inequalities Through Extended Integral Operators,FRACTAL AND FRACTIONAL
2025,July,wos,College of Science,Scientific,"The use of selenium nanoparticles from Bacillus licheniformis AD70 to enhance cucumber defense genes against Fusarium root and stem rot disease and increase antifungal activity, antioxidant stability, and fruit yield",JOURNAL OF PLANT PATHOLOGY
2025,July,wos,College of Science,Scientific,Biogenic silver nanoparticles biosynthesized from Aspergillus fumigatus enhance the expression of defense genes and antioxidant activity against Fusarium wilt in tomato (Solanum lycopersicum L.) plants,JOURNAL OF PLANT PATHOLOGY
2025,July,wos,College of Science,Scientific,Integrated multi-omics and transcriptomic analysis reveals key regulatory networks of heat stress responses in potato,PLANT PHYSIOLOGY AND BIOCHEMISTRY
2025,July,wos,College of Science,Scientific,"Structural, morphological, optical, dielectric, electrical, magnetic, and electrochemical properties of V-doped CoFe2O4 nanoparticles synthesized by the combustion method",JOURNAL OF SCIENCE-ADVANCED MATERIALS AND DEVICES
2025,July,wos,College of Science,Scientific,Effects of Earthworms on Olive Mill Wastewater Percolate and Soil Enrichment,JOURNAL OF SOIL SCIENCE AND PLANT NUTRITION
2025,July,wos,College of Science,Scientific,Coherent Control of Atom Localization by Surface Plasmon Polaritons,PLASMONICS
2025,July,wos,College of Science,Scientific,Unlocking Cs2GeTmI6 double perovskite through DFT-simulation: how strain shapes its electronic and optical marvels,JOURNAL OF MATERIALS SCIENCE
2025,July,wos,College of Science,Scientific,Plasma-Assisted and REDOX-Driven Synthesis of Polyaniline and Silver Nanoparticles Toward Multifunctional Nonwoven Cellulose Fabric Recycled From Textile Waste,JOURNAL OF APPLIED POLYMER SCIENCE
2025,July,wos,College of Science,Scientific,On the Conflation of Poisson and Logarithmic Distributions with Applications,AXIOMS
2025,July,wos,College of Science,Scientific,Leveraging multi-effect energy utilization in a biomass-based system for H2 production and urban energy needs: 4E analysis and ANN-based grey wolf optimization,ENERGY
2025,July,wos,College of Science,Scientific,"Strain Effect on the Electronic, Optical, and Mechanical Properties of Inorganic Mg3NBr3 Perovskite: A DFT Study",ENERGY SCIENCE & ENGINEERING
2025,July,wos,College of Science,Scientific,"Compact Star Structure Under Hybrid and Logarithmic f(Q,T) Rastall Gravity",FORTSCHRITTE DER PHYSIK-PROGRESS OF PHYSICS
2025,July,wos,College of Science,Scientific,Effects of hydrogen irradiation on the surface wettability and optical properties of PEO/Gd2O3 nanocomposite films,INTERNATIONAL JOURNAL OF POLYMER ANALYSIS AND CHARACTERIZATION
2025,July,wos,College of Science,Scientific,The efficacy of some plant extracts and aromatic oils in the control of the white fly pest (Bemisia tabaci) in tomato plants,INTERNATIONAL JOURNAL OF TROPICAL INSECT SCIENCE
2025,July,wos,College of Science,Scientific,"Insights into structural, luminescence and temperature-dependent emission characteristics of Ca2Al2O5:Dy3+ phosphors for advanced lighting applications",MATERIALS ADVANCES
2025,July,wos,College of Science,Scientific,Tavis-Cummings model in the presence of a deformed field and time-dependent coupling,OPEN PHYSICS
2025,July,wos,College of Science,Scientific,Effects of Different Concentrations of Bismuth Molybdate as an Electrocatalyst for Water Splitting and Antibacterial Activity,MICROSCOPY RESEARCH AND TECHNIQUE
2025,July,wos,College of Science,Scientific,Relation-Theoretic Boyd-Wong Contractions of Pant Type with an Application to Boundary Value Problems,MATHEMATICS
2025,July,wos,College of Science,Scientific,Unified Hybrid Censoring Samples from Power Pratibha Distribution and Its Applications,MATHEMATICS
2025,July,wos,College of Science,Scientific,Evaluation of pediatric computed tomography facial bones procedure for traumatic patients,RADIATION PHYSICS AND CHEMISTRY
2025,July,wos,College of Science,Scientific,Optimizing the performance of thermal radiation and nanomaterial's for thermophoresis in hybrid nanofluid: applications in advanced thermal management systems,JOURNAL OF RADIATION RESEARCH AND APPLIED SCIENCES
2025,July,wos,College of Science,Scientific,Leveraging hybrid model for accurate sentiment analysis of Twitter data,SCIENTIFIC REPORTS
2025,July,wos,College of Science,Scientific,Microbial assisted zinc biofortification of wheat germplasm for the amelioration of zinc malnutrition,SCIENTIFIC REPORTS
2025,July,wos,College of Science,Scientific,DFT-Based Insight Into Rare-Earth Aluminum Oxides R3Al5O12 (R = Ce and Sm) as Promising Thermal Barrier Coating,MATERIALS AND CORROSION-WERKSTOFFE UND KORROSION
2025,July,wos,College of Science,Scientific,"Simultaneous adsorptive removal of Pb2+, Cd2+, Cu2+, and Zn2+ using raw Norway Spruce biomass: a low-cost and eco-friendly solution for wastewater treatment",FRONTIERS IN WATER
2025,July,wos,College of Science,Scientific,Isolation and characterization of Boudabousia marimammalium from a mangrove habitat: identification of dual-function antimicrobial and anticancer peptides,FRONTIERS IN MICROBIOLOGY
2025,July,wos,College of Science,Scientific,Artificial neural network investigation on Cattaneo-Christov flux and thermal-radiation effects on Sutterby Hybrid-Nanoliquid: Application of hybrid nanoparticles in heat transfer,JOURNAL OF RADIATION RESEARCH AND APPLIED SCIENCES
2025,July,wos,College of Science,Scientific,Thermal performance analysis of magneto-nanofluid flow in a mirrored trapezoidal enclosure with distributed heating,EUROPEAN PHYSICAL JOURNAL-SPECIAL TOPICS
2025,July,wos,College of Science,Scientific,WAVES PROPAGATION AND SENSITIVITY VISUALIZATION FOR THE FRACTIONAL ORDER HEIMBURG MODEL IN BIOMEMBRANES AND NERVES,FRACTALS-COMPLEX GEOMETRY PATTERNS AND SCALING IN NATURE AND SOCIETY
2025,July,wos,College of Science,Scientific,Computational Design and Immunoinformatic Analysis of a Multi-Epitope Vaccine Targeting Zika Virus EDIII Protein,JOURNAL OF COMPUTATIONAL BIOPHYSICS AND CHEMISTRY
2025,July,wos,College of Science,Scientific,"Synthesis, structural characterization, and photoluminescence behavior of NaCa4(BO3)3:Tb3+phosphors Co-doped with K plus : Insights into radiation-induced defect formation and charge compensation via DFT calculations",APPLIED RADIATION AND ISOTOPES
2025,July,wos,College of Science,Scientific,Collaborative Split Learning-Based Dynamic Bandwidth Allocation for 6G-Grade TDM-PON Systems,SENSORS
2025,July,wos,College of Science,Scientific,"Influence of Fe2O3 on Radiation Shielding, and Mechanical Properties of La2O3-SiO2-B2O3-MgO- Fe2O3 Glasses",SILICON
2025,July,wos,College of Science,Scientific,"Thermodynamic analysis of transverse momentum spectra in Pb-Pb collisions at 2.76 TeV: centrality dependence of temperature, freezeout parameters and non-extensitivity",EUROPEAN PHYSICAL JOURNAL A
2025,July,wos,College of Science,Scientific,De novo drug design and biological evaluation of coumarin-pyrimidine co-drug derivatives as diabetic inhibitors: expanding a multi-algorithm approach with the integration of machine learning in pharmaceutical research,RSC ADVANCES
2025,July,wos,College of Science,Scientific,"Diversity Oriented Synthesis, Insecticidal Evaluation, and Molecular Docking of Some Insect Growth Regulators Analogs Against Hypera brunneipennis (Boheman)",CHEMISTRY & BIODIVERSITY
2025,July,wos,College of Science,Scientific,"Impacts of r-GO and N-doping on the structural, magnetic, optical and photocatalytic properties of CuAl2O4: enhanced crystal violet removal under solar light irradiation",RSC ADVANCES
2025,July,wos,College of Science,Scientific,"Omics-Based Characterization of BTB Gene Family in T. aestivum, Reveals the Potential of TaBTB11/56/57/58 in Combined Heat and Drought Stress Regulation",RICE
2025,July,wos,College of Science,Scientific,Effect of Dialdehyde Chitosan Crosslinking on the Film-Forming Properties of Collagen Fiber,JOURNAL OF APPLIED POLYMER SCIENCE
2025,July,wos,College of Science,Scientific,Engineering the Microporous Environment of Flexible Metal-Organic Frameworks with Bifunctionality for Promoting the Separation of Ethylene from a Ternary Mixture,ANGEWANDTE CHEMIE-INTERNATIONAL EDITION
2025,July,wos,College of Science,Scientific,Optimization of cholesterol reduction by Lactobacillus plantarum through central composite design for hypercholesterolemia,CHEMICAL PAPERS
2025,July,wos,College of Science,Scientific,"First Example of Alkali Metal (Na, K, Li) Encapsulated Zn12Se12 Nanoclusters as Efficient Hydrogen Storage Materials: A DFT-D3 Study for Sustainable Hydrogen Storage Solutions",JOURNAL OF COMPUTATIONAL BIOPHYSICS AND CHEMISTRY
2025,July,wos,College of Science,Scientific,On the (non)linear dynamics of low-frequency dissipative ion-acoustic structures in nonextensive collisional magneto-rotating plasmas,JOURNAL OF LOW FREQUENCY NOISE VIBRATION AND ACTIVE CONTROL
2025,July,wos,College of Science,Scientific,Numerical analysis of melting heat transfer for radiative and dissipative flow of hybrid nanofluid with entropy optimization,JOURNAL OF THE TAIWAN INSTITUTE OF CHEMICAL ENGINEERS
2025,July,wos,College of Science,Scientific,Exploring freezeout dynamics and deconfinement in Au plus Au collisions using STAR data,EUROPEAN PHYSICAL JOURNAL A
2025,July,wos,College of Science,Scientific,"Comprehensive Computational Assessment of Al-Based High-Entropy Superalloys: Thermodynamic, Mechanical, and Radiation Shielding Characterization for Nuclear Applications",JOM
2025,July,wos,College of Science,Scientific,Co-doped TiO2 nanoparticles fabricated via polymer pyrolysis route: improved functional characteristics for diverse applications,JOURNAL OF MATERIALS SCIENCE-MATERIALS IN ELECTRONICS
2025,July,wos,College of Science,Scientific,Synergistic Effect of CoNiS@FeOOH Hybrid Nanostructured Sheets for Enhanced Battery-Type High Energy Density Performance,ACS APPLIED ENERGY MATERIALS
2025,July,wos,College of Science,Scientific,Citrus aurantium Peel Extract Mediated Green Synthesis of Copper Oxide and Zinc Oxide Nanoparticles: Characterization and Antifungal Efficacy Against Post-Harvest Spoilage of Tomato Fruits by Locally Isolated Alternaria alternata,JOURNAL OF CLUSTER SCIENCE
2025,July,wos,College of Science,Scientific,A New Class of Poisson-Inverse Gaussian Liu-type Regression Estimator,JOURNAL OF NONLINEAR MATHEMATICAL PHYSICS
2025,July,wos,College of Science,Scientific,Improved Median Estimation in Stratified Surveys via Nontraditional Auxiliary Measures,SYMMETRY-BASEL
2025,July,wos,College of Science,Scientific,SOME NEW INTEGRAL INEQUALITIES OF OSTROWSKI TYPE BY INCORPORATING THE ATANGANA-BALEANU FRACTIONAL INTEGRAL OPERATOR,FRACTALS-COMPLEX GEOMETRY PATTERNS AND SCALING IN NATURE AND SOCIETY
2025,July,wos,College of Science,Scientific,"Influence of calcium substitution on the structural, thermal, and electrical properties of PbTiO3 perovskite",JOURNAL OF MATERIALS SCIENCE-MATERIALS IN ELECTRONICS
2025,July,wos,College of Science,Scientific,Perfluorobiphenyl-Based Fluorescent Dyes and NLO-Phoric Systems: Unveiling Charge Transfer Dynamics and Nonlinear Optical Properties for Advanced Electro-Optic Applications,JOURNAL OF COMPUTATIONAL BIOPHYSICS AND CHEMISTRY
2025,July,wos,College of Science,Scientific,"Hydrothermally Synthesized Dual-Phase Type-II Heterojunction Nanocomposites: Photocatalysis, Hydrogen Evolution, and Super-Capacitive Energy Applications",JOURNAL OF INORGANIC AND ORGANOMETALLIC POLYMERS AND MATERIALS
2025,July,wos,College of Science,Scientific,"A DFT and AIMD Study on the Physical and Optoelectronic Properties of Novel A3PF3 (A = Ca, Sr, and Ba) Perovskites for Energy Harvesting Applications",JOURNAL OF INORGANIC AND ORGANOMETALLIC POLYMERS AND MATERIALS
2025,July,wos,College of Science,Scientific,Heritability of durable resistance to stripe rust in bread wheat (Triticum aestivum L.),OPEN LIFE SCIENCES
2025,July,wos,College of Science,Scientific,Enhanced indigo carmine dye removal via chitosan-modified NiO-g-C3N4 catalyst: Adsorption and photocatalysis studies,INTERNATIONAL JOURNAL OF BIOLOGICAL MACROMOLECULES
2025,July,wos,College of Science,Scientific,Viscoelastic Jeffery-Hamel flow of Oldroyd-B fluid with thermal radiation and heat source in inclined convergent/divergent channels,CASE STUDIES IN THERMAL ENGINEERING
2025,July,wos,College of Science,Scientific,Topological analysis of the structural complexity and irregularity of Kudriavite (CdBi2S4),CHEMICAL PAPERS
2025,July,wos,College of Science,Scientific,Dynamical analysis of an ecological model with prey refuge and Beddington-DeAngelis functional response,STOCHASTIC ENVIRONMENTAL RESEARCH AND RISK ASSESSMENT
2025,July,wos,College of Science,Scientific,"Structural, optical, dielectric, and electronic properties of cobalt-doped SnO2 nanoparticles for anode applications in energy devices",DALTON TRANSACTIONS
2025,July,wos,College of Science,Scientific,Mechanism-Based Allosteric Inhibition of PTP1B by Prenylated Flavonoids from Glycyrrhiza echinata: In Vitro Experiments and in Silico Validation,PROTEIN JOURNAL
2025,July,wos,College of Science,Scientific,Advanced photocatalytic degradation of Ibuprofen using CuO-Polypyrrole/activated carbon hydrogel for sustainable water purification: characterization and application,PHOTOCHEMICAL & PHOTOBIOLOGICAL SCIENCES
2025,July,wos,College of Science,Scientific,Study of the influence of micro-and nano-scale ZnO particles on the radiation shielding capability of B2O3-PbO-BaO-ZnO glass system,RADIOCHIMICA ACTA
2025,July,wos,College of Science,Scientific,"Enhancement of BaCeO3 OER performance by generating a nanohybrid with gCN for electrochemical water splitting (vol 81, pg 562, 2024)",INTERNATIONAL JOURNAL OF HYDROGEN ENERGY
2025,July,wos,College of Science,Scientific,Comparative histological and histochemical study of the duodenum in two birds with different feeding habits: the carnivorous slender-billed gull (Chroicocephalus genei) and the grainivorous cockatiel (Nymphicus hollandicus),ZOOMORPHOLOGY
2025,July,wos,College of Science,Scientific,"Strontium-Promoted Ni/SiO2-ZrO2 Catalysts for Methane Dry Reforming: Unraveling the Role of Basicity, Metal-Support Interaction, and Coke Resistance",ACS APPLIED ENERGY MATERIALS
2025,July,wos,College of Science,Scientific,A cross-sectional molecular epidemiological study of biofilm-producing methicillin-resistant Staphylococcus aureus,MEDICINE
2025,July,wos,College of Science,Scientific,Boosting the pseudocapacitive response of spinel CoFe2O4 nanoparticles obtained by chemical hydrolysis via fine tuning their thermal-microstructural properties,JOURNAL OF SOLID STATE ELECTROCHEMISTRY
2025,July,wos,College of Science,Scientific,"Bario-Silicate Glasses Reinforced With Cadmium Oxide: Physical, Mechanical Properties and Gamma Radiation Shielding Competence",SILICON
2025,July,wos,College of Science,Scientific,Thermal Local Quantum Information Beyond Entanglement in Two-Qubit NV Centers with External Control Parameters,ANNALEN DER PHYSIK
2025,July,wos,College of Science,Scientific,"Growth of Y3+ doped CeO2 films and their structural, optical, photoluminescence, and gas sensing studies",JOURNAL OF SOL-GEL SCIENCE AND TECHNOLOGY
2025,July,wos,College of Science,Scientific,Numerical simulation of non-Newtonian hybrid nanofluid flow subject to a heterogeneous/homogeneous chemical reaction over a Riga surface,NANOTECHNOLOGY REVIEWS
2025,July,wos,College of Science,Scientific,A novel method of SnS2/Fe2O3 composite preparation for use as an asymmetric supercapacitor electrode material,NEW JOURNAL OF CHEMISTRY
2025,July,wos,College of Science,Scientific,Modulational instability and associated ion-acoustic modulated envelope solitons in a quantum plasma having ion beams,OPEN PHYSICS
2025,July,wos,College of Science,Scientific,Artemisia pallens-Mediated Manganese Nanoparticles: Apoptotic Effects on Human Epidermoid Carcinoma Cells and Their Antibiofilm Properties,MICROSCOPY RESEARCH AND TECHNIQUE
2025,July,wos,College of Science,Scientific,Elevating the electrochemical performance of SrSnO3/rGO composite for supercapacitor devices,JOURNAL OF ALLOYS AND COMPOUNDS
2025,July,wos,College of Science,Scientific,"Impact of controlled oxidation and incorporation of high entropy rare-earth alloys (HE-REAs) on the structural, physical, optical, and radiation shielding performance of zinc-borate glasses",JOURNAL OF ALLOYS AND COMPOUNDS
2025,July,wos,College of Science,Scientific,Role of erbium as rare earth modifier on the physical and gamma/neutron shielding properties of tellurite glasses for radiation applications,JOURNAL OF ALLOYS AND COMPOUNDS
2025,July,wos,College of Science,Scientific,Developing High-Performance Low-Temperature Ceramic Fuel Cells Using an Acidic-Etched LaFe2O4-WO3 Heterostructure Composite Cathode,ACS APPLIED ENERGY MATERIALS
2025,July,wos,College of Science,Scientific,Approximate solutions and determination of the thermodynamic properties of the generalized Yukawa potential using extended Nikiforov-Uvarov method,INTERNATIONAL JOURNAL OF MODERN PHYSICS A
2025,July,wos,College of Science,Scientific,Al-Based Porphyrin Metal-Organic Framework for the Reduction of Carbon Dioxide to Formic Acid,CHEMISTRYSELECT
2025,July,wos,College of Science,Scientific,Innovative biochar production by co-carbonisation of plantain stalks with polyester fabric wastes,INTERNATIONAL JOURNAL OF ENVIRONMENTAL SCIENCE AND TECHNOLOGY
2025,July,wos,College of Science,Scientific,Preparation of Perylene-Labelled Nanosilica Particles Encapsulated in Polylactic Acid-Based Electrospun Fluorescent Nanofibers for Anticounterfeiting Applications,JOURNAL OF INORGANIC AND ORGANOMETALLIC POLYMERS AND MATERIALS
2025,July,wos,College of Science,Scientific,"Model of charged anisotropic compact sources in the framework of f(R, T) gravity",EUROPEAN PHYSICAL JOURNAL PLUS
2025,July,wos,College of Science,Scientific,Cattaneo-christov model subject to dynamics of nanoparticle's radius and inter-particles spaces on nanofluid flow on a bidirectional stretching surface: a numerical approach,JOURNAL OF THERMAL ANALYSIS AND CALORIMETRY
2025,July,wos,College of Science,Scientific,Impact of Graphene/Nanocellulose on Nanocomposite Membrane for Methylene Blue Dye Removal and Antifouling Performance,JOURNAL OF APPLIED POLYMER SCIENCE
2025,July,wos,College of Science,Scientific,Entropy optimization for chemically reactive magnetized unsteady thin film hybrid nanofluid flow on inclined surface subject to nonlinear mixed convection and variable temperature,OPEN PHYSICS
2025,July,wos,College of Science,Scientific,"Green biosynthesis of bimetallic silver titanium dioxide nanoparticles using Pluchea indica with their anticancer, antimicrobial, and antioxidant activities",SCIENTIFIC REPORTS
2025,July,wos,College of Science,Scientific,Impacts of SrTiO3 on the elastic moduli and radiation shielding parameters of Co-Cu-Fe2O4-SrTiO3 nanocomposites prepared by double sintering ceramic process,APPLIED PHYSICS A-MATERIALS SCIENCE & PROCESSING
2025,July,wos,College of Science,Scientific,"Physical, Structural, Mechanical, Thermal, and Gamma Radiation Shielding Characteristics of Gd2O3- B2O3-SiO2-TiO2-Na2O GLASSES",CHEMISTRYSELECT
2025,July,wos,College of Science,Scientific,Novel multi-temperature photoacoustic dynamics in nanoscale hydro-semiconductors under variable thermal conductivity,SCIENTIFIC REPORTS
2025,July,wos,College of Science,Scientific,Facile Solvent-Free Synthesis of Manganese Nickel-Layered Double Hydroxide for Sustainable Water-Splitting Applications,ENERGY & FUELS
2025,July,wos,College of Science,Scientific,Efficiency of flexible shielding materials against gamma rays: Silicon rubber with different sizes of Bi2O3 and SnO,E-POLYMERS
2025,July,wos,College of Science,Scientific,"Attenuation of chlorpyrifos-induced liver injury, oxidative stress and inflammation by selenium nanoparticles via SIRT1/FXR/Nrf2 signaling pathway modulation",NAUNYN-SCHMIEDEBERGS ARCHIVES OF PHARMACOLOGY
2025,July,wos,College of Science,Scientific,Photon plasmon coupling in black phosphorus embedded between chiroferrite layers,APPLIED PHYSICS B-LASERS AND OPTICS
2025,July,wos,College of Science,Scientific,Potential of green nanotechnology for air pollution and microplastic remediation in China: evidence by ARDL panel data analysis,CLEAN TECHNOLOGIES AND ENVIRONMENTAL POLICY
2025,July,wos,College of Science,Scientific,"Khargia iranica KH.T.2-Mediated Synthesis of Gold and Silver Nanoparticles: Optimization, Characterization, and Inhibitory Efficiency Against Malignant and Bacterial Cells",ACS OMEGA
2025,July,wos,College of Science,Scientific,Bipartite entropic uncertainty and entanglement dynamics in triangular qubit spin networks under irregular magnetic fields with intrinsic decoherence,EUROPEAN PHYSICAL JOURNAL D
2025,July,wos,College of Science,Scientific,Functionalized carboxymethyl cellulose/polyethyleneimine nanocomposite with silver nanoparticles for enhanced dye adsorption and antimicrobial properties,POLYMER BULLETIN
2025,July,wos,College of Science,Scientific,Coexistence of Arbitrary Amplitude Compressive and Rarefactive Positron-Acoustic Solitons in a Non-Maxwellian Unmagnetized Multicomponent Plasma,BRAZILIAN JOURNAL OF PHYSICS
2025,July,wos,College of Science,Scientific,Analytical Solutions of Fully Coupled Photothermoelastic Interaction in Semiconductor Half-Space,SILICON
2025,July,wos,College of Science,Scientific,Surface sulfurization of structure-modulated V2O5 via Cd-doping (CdVOx@S) enables boosted water-splitting in an alkaline medium,INTERNATIONAL JOURNAL OF HYDROGEN ENERGY
2025,July,wos,College of Science\ Health Sciences Research Centre,Biomedical / Scientific and Health-related,First Report of Potato Spindle Tuber Viroid in Vegetative Capsicum annum and Its Effect on Host Metabolites,JOURNAL OF PHYTOPATHOLOGY
2025,July,wos,College of Science\ Health Sciences Research Centre,Biomedical / Scientific and Health-related,"Evaluation of nutritional qualities of Seitan meat analogue produce from wheat, barley and peas composite flour",EUROPEAN FOOD RESEARCH AND TECHNOLOGY
2025,July,wos,College of Science\ Health Sciences Research Centre,Biomedical / Scientific and Health-related,Artificial Neural Networks for Predicting Mango Response to Potassium-Enriched Biochar Under Drought Conditions,JOURNAL OF SOIL SCIENCE AND PLANT NUTRITION
2025,July,wos,College of Humanities and Social Sciences,Humanitarian ,Interspecific Hybridization for Enhancing Wilt Resistance in Cotton: A Genetic Approach Against Verticillium and Fusarium Wilts,JOURNAL OF PHYTOPATHOLOGY
2025,July,wos,College of Humanities and Social Sciences,Humanitarian ,Watershed Prioritization with Respect to Flood Susceptibility in the Indian Himalayan Region (IHR) Using Geospatial Techniques for Sustainable Water Resource Management,WATER
2025,July,wos,College of Humanities and Social Sciences,Humanitarian ,Projected Urban Air Pollution in Riyadh Using CMIP6 and Bayesian Modeling,SUSTAINABILITY
2025,July,wos,College of Humanities and Social Sciences,Humanitarian ,"Landslide Susceptibility Level Mapping in Kozhikode, Kerala, Using Machine Learning-Based Random Forest, Remote Sensing, and GIS Techniques",LAND
2025,July,wos,College of Humanities and Social Sciences,Humanitarian ,AHP multi criteria analysis for landslide susceptibility mapping in the Tellian Atlas chain,SCIENTIFIC REPORTS
2025,July,wos,College of Engineering,Scientific,"The reality of implementing artificial intelligence apps in the special needs classroom, a teacher's perspective",EDUCATION AND INFORMATION TECHNOLOGIES
2025,July,wos,College of Engineering,Scientific,A secure and resource-efficient authenticated key agreement framework for mobile edge computing,PEER-TO-PEER NETWORKING AND APPLICATIONS
2025,July,wos,College of Engineering,Scientific,Enhanced Maize Leaf Disease Detection and Classification Using an Integrated CNN-ViT Model,FOOD SCIENCE & NUTRITION
2025,July,wos,College of Engineering,Scientific,First principles investigation of semiconducting and thermoelectric behavior in TiIrBi half-Heusler compound,AIP ADVANCES
2025,July,wos,College of Engineering,Scientific,Hybrid delamination of silver contacts from c-Si solar cells: a low environmental impact recycling approach,RESOURCES CONSERVATION AND RECYCLING
2025,July,wos,College of Engineering,Scientific,An advanced direct torque control for doubly fed induction motor using evolutionary computational techniques,SCIENTIFIC REPORTS
2025,July,wos,College of Engineering,Scientific,Metamaterial based tri-band compact MIMO antenna system for 5G IoT applications with machine learning performance verification,SCIENTIFIC REPORTS
2025,July,wos,College of Engineering,Scientific,Impact of variable thermal conductivity on couple-stress Casson fluid flow through a microchannel with catalytic cubic reactions,HIGH TEMPERATURE MATERIALS AND PROCESSES
2025,July,wos,College of Engineering,Scientific,Influence of sac centerline of cerebral aneurysm on the hemodynamic factors for hemorrhage risk evaluation: Computational investigation,INTERNATIONAL JOURNAL OF MODERN PHYSICS C
2025,July,wos,College of Engineering,Scientific,Spinning dynamics of stress-dependent viscosity of generalized Cross-nonlinear materials affected by gravitationally swirling disk,OPEN PHYSICS
2025,July,wos,College of Engineering,Scientific,Dynamics of Bio-Convection Two-Phase Nanofluid Flow in an Entropy-Optimized Non-Newtonian Model With Nonlinear Thermal Radiation and Electromagnetic Effects,ENERGY SCIENCE & ENGINEERING
2025,July,wos,College of Engineering,Scientific,Enhancing sustainable energy storage through PCM-hemp concrete formulations: Environmental advancements in building materials,JOURNAL OF ENERGY STORAGE
2025,July,wos,College of Engineering,Scientific,Mechanical performance analysis of a 3D printing-based transtibial prosthetic socket against the gait cycle using the finite element method,RSC ADVANCES
2025,July,wos,College of Engineering,Scientific,Optimization of Thermally Radiative and Mass Wavy Flow Analysis Affected by Induced Magnetic Field and Joule Heating,ENERGY SCIENCE & ENGINEERING
2025,July,wos,College of Engineering,Scientific,"Modeling of Artificial Intelligence-Based Automated Climate Control with Energy Consumption Using Optimal Ensemble Learning on a Pixel Non-Uniformity Metro System (vol 15, 13302, 2023)",SUSTAINABILITY
2025,July,wos,College of Engineering,Scientific,Finite element analysis of turbulent thermal enhancement in grooved channels with flat- and plus-shaped fins,OPEN PHYSICS
2025,July,wos,College of Engineering,Scientific,Patient-specific computational analysis of oscillatory and shear flow behavior in cerebral aneurysms across age and health conditions,INTERNATIONAL JOURNAL OF MODERN PHYSICS C
2025,July,wos,College of Engineering,Scientific,Performance enhancement of PMSM using a hybridizing of nonlinear backstepping control and an optimized linear quadratic regulator,ENERGY EXPLORATION & EXPLOITATION
2025,July,wos,College of Engineering,Scientific,Electrophoretic deposition of PEEK/B-Ag-doped mesoporous bioactive glass nanoparticles,INTERNATIONAL JOURNAL OF ADVANCED MANUFACTURING TECHNOLOGY
2025,July,wos,College of Engineering,Scientific,Enhancing the gravimetric hydrogen storage capacity and optoelectronic performance of a novel Li2GePbH6 hydride perovskite: a DFT investigation,NEW JOURNAL OF CHEMISTRY
2025,July,wos,College of Computer and Information Sciences\College of Engineering,Scientific,Blockchain enabled deep learning model with modified coati optimization for sustainable healthcare disease detection and classification,SCIENTIFIC REPORTS
2025,July,wos,College of Business Administration,Scientific,Energy Transition in the GCC: From Oil Giants to Green Leaders?,ENERGIES
2025,July,wos,College of Business Administration,Scientific,Managing human-AI tensions in HRM: a learning approach to identify practical AI integration pathways,JOURNAL OF ENTERPRISE INFORMATION MANAGEMENT
2025,July,wos,College of Business Administration,Scientific,From ethical leadership to green voice: A pathway to organizational sustainability,ACTA PSYCHOLOGICA
2025,July,wos,College of Business Administration,Scientific,Dynamic stress concentrations in piezoelectric materials with semi-elliptical surface notches under shear horizontal waves,ACTA MECHANICA
2025,July,wos,College of Business Administration,Scientific,Beyond Compliance: How Board-Ownership Structures and Eco-Technology Intensity Drive Circular Economy Performance in MENA Firms,CORPORATE SOCIAL RESPONSIBILITY AND ENVIRONMENTAL MANAGEMENT
2025,July,wos,College of Business Administration,Scientific,Addressing consumer needs: Effects of firms remediation strategies on satisfaction and brand usage intent in AI-powered voice assistant service failures,INTERNATIONAL JOURNAL OF INFORMATION MANAGEMENT
2025,July,wos,College of Business Administration,Scientific,Carbon Capture and Storage as a Decarbonisation Strategy: Empirical Evidence and Policy Implications for Sustainable Development,SUSTAINABILITY
2025,July,wos,College of Business Administration,Scientific,Trusty Visual Intelligence Model for Leather Defect Detection Using ConvNeXtBase and Coyote Optimized Extra Tree,PATTERN RECOGNITION LETTERS
2025,July,wos,College of Business Administration,Scientific,Technology use during teaching practicum: beliefs/knowledge in urban and suburban schools,ASIA PACIFIC JOURNAL OF EDUCATION
2025,July,wos,College of Business Administration,Scientific,"Economic and technological innovations in hydrogen production, storage, and utilization for sustainable energy systems and industrial applications",INTERNATIONAL JOURNAL OF HYDROGEN ENERGY
2025,July,wos,College of Business Administration,Scientific,"Optimizing novel thermal energy storage systems: Enhancing melting efficiency with tubes, stands, and advanced machine learning techniques",JOURNAL OF ENERGY STORAGE
2025,July,wos,College of Business Administration,Scientific,Facilitated charge transfer in a novel rGO-bridged Cs3Bi2I9-Sb2O3 heterojunction via a s-scheme pathway for sustainable enhanced photocatalytic H2 production and effective environmental remediation,SURFACES AND INTERFACES
2025,July,wos,College of Business Administration,Scientific,The Analysis of Cultural Convergence and Maritime Trade Between China and Saudi Arabia: Toda-Yamamoto Granger Causality,SUSTAINABILITY
2025,July,wos,College of Business Administration,Scientific,Advancing sustainable hydrogen technology: Supervised learning models for estimating efficiency using ensemble methods,INTERNATIONAL JOURNAL OF HYDROGEN ENERGY
2025,July,wos,College of Business Administration,Scientific,How Green Human Resource Management Boost Resilience,CORPORATE SOCIAL RESPONSIBILITY AND ENVIRONMENTAL MANAGEMENT
2025,July,wos,College of Business Administration,Scientific,Exploring the Impact of Female Student's Digital Intelligence on Sustainable Learning and Digital Mental Well-Being: A Case Study of Saudi Arabia,SUSTAINABILITY
2025,July,wos,College of Business Administration,Scientific,Surface wave propagation in one-dimensional layered substrate composed of hexagonal piezoelectric quasicrystals with an imperfect interface,ACTA MECHANICA
2025,July,wos,College of Dentistry,Health-related / Medical,Tobacco use trends among youth in Saudi Arabia: 2007-2022,FRONTIERS IN PUBLIC HEALTH
2025,July,wos,College of Computer and Information Sciences,Scientific,Multi class aerial image classification in UAV networks employing Snake Optimization Algorithm with Deep Learning,SCIENTIFIC REPORTS
2025,July,wos,College of Computer and Information Sciences,Scientific,Network-based intrusion detection using deep learning technique,SCIENTIFIC REPORTS
2025,July,wos,College of Computer and Information Sciences,Scientific,Integrating AI predictive analytics with naturopathic and yoga-based interventions in a data-driven preventive model to improve maternal mental health and pregnancy outcomes,SCIENTIFIC REPORTS
2025,July,wos,College of Computer and Information Sciences,Scientific,Impact analysis of polluted waste water discharge in river and management process using machine learning and GIS approach,DESALINATION AND WATER TREATMENT
2025,July,wos,College of Computer and Information Sciences,Scientific,Advanced object detection for smart accessibility: a Yolov10 with marine predator algorithm to aid visually challenged people,SCIENTIFIC REPORTS
2025,July,wos,College of Computer and Information Sciences,Scientific,Adaptive SNR-Driven Fusion of CNN-GRU Networks for Enhanced Vehicle Velocity Estimation,IEEE COMMUNICATIONS LETTERS
2025,July,wos,College of Computer and Information Sciences,Scientific,Assessing IQE for Full Duplex Relaying Schemes With Unidentified Modulation Forms,IEEE COMMUNICATIONS LETTERS
2025,July,wos,College of Computer and Information Sciences,Scientific,Multiclass skin lesion classification and localziation from dermoscopic images using a novel network-level fused deep architecture and explainable artificial intelligence,BMC MEDICAL INFORMATICS AND DECISION MAKING
2025,July,wos,College of Computer and Information Sciences,Scientific,Attention-driven hybrid deep learning and SVM model for early Alzheimer's diagnosis using neuroimaging fusion,BMC MEDICAL INFORMATICS AND DECISION MAKING
2025,July,wos,College of Computer and Information Sciences,Scientific,Botnet detection in internet of things using stacked ensemble learning model,SCIENTIFIC REPORTS
2025,July,wos,College of Computer and Information Sciences,Scientific,High-isolation dual-band MIMO antenna for next-generation 5G wireless networks at 28/38 GHz with machine learning-based gain prediction,SCIENTIFIC REPORTS
2025,July,wos,College of Computer and Information Sciences,Scientific,Sensor-Infused Emperor Penguin Optimized Deep Maxout Network for Paralyzed Person Monitoring,IEEE SENSORS JOURNAL
2025,July,wos,College of Computer and Information Sciences,Scientific,Two stage malware detection model in internet of vehicles (IoV) using deep learning-based explainable artificial intelligence with optimization algorithms,SCIENTIFIC REPORTS
2025,July,wos,College of Computer and Information Sciences,Scientific,Cross-correlation-based signal pruning method (CCSPM) for effective signal distortion reduction in massive MIMO communications,SCIENTIFIC REPORTS
2025,July,wos,College of Computer and Information Sciences,Scientific,Towards precision agriculture: metaheuristic model compression for enhanced pest recognition,SCIENTIFIC REPORTS
2025,July,wos,College of Computer and Information Sciences,Scientific,Design and analysis of sub-1 GHz antenna for non-standalone vehicular communication,SCIENTIFIC REPORTS
2025,July,wos,College of Computer and Information Sciences,Scientific,USSGAN: Unsupervised Spectral and Spatial Attention-Based Generative Adversarial Network for Cholangiocarcinoma Detection,CHEMICAL & BIOMEDICAL IMAGING
2025,July,wos,College of Computer and Information Sciences,Scientific,Improving kidney segmentation in pathological images: a multiscale approach to resolve fragmentation and incomplete boundaries,JOURNAL OF KING SAUD UNIVERSITY COMPUTER AND INFORMATION SCIENCES
2025,July,wos,College of Computer and Information Sciences,Scientific,Analyzing post-quantum cryptographic algorithms efficiency for transport security layer,COMPUTERS & ELECTRICAL ENGINEERING
2025,July,wos,College of Computer and Information Sciences,Scientific,A decentralized and privacy-preserving framework for electronic health records using blockchain,ALEXANDRIA ENGINEERING JOURNAL
2025,July,wos,College of Computer and Information Sciences,Scientific,OculusNet: Detection of retinal diseases using a tailored web-deployed neural network and saliency maps for explainable AI,FRONTIERS IN MEDICINE
2025,July,wos,College of Computer and Information Sciences,Scientific,AI-enabled Barilai-Borwein-Blinder-Oaxaca-Bernoulli Deep Classifier for Enhanced Crop Yield Prediction,SCIENTIFIC REPORTS
2025,July,wos,College of Computer and Information Sciences,Scientific,Numerical modeling and neural network optimization for advanced solar panel efficiency,SCIENTIFIC REPORTS
2025,July,wos,College of Computer and Information Sciences,Scientific,Developing an innovative lung cancer detection model for accurate diagnosis in AI healthcare systems,SCIENTIFIC REPORTS
2025,July,wos,College of Computer and Information Sciences,Scientific,End-to-end feature fusion for jointly optimized speech enhancement and automatic speech recognition,SCIENTIFIC REPORTS
2025,July,wos,College of Computer and Information Sciences,Scientific,AI-driven genetic algorithm-optimized lung segmentation for precision in early lung cancer diagnosis,SCIENTIFIC REPORTS
2025,July,wos,College of Computer and Information Sciences,Scientific,Early breast cancer detection in CT scans using convolutional neural bidirectional feature pyramid network,PEERJ COMPUTER SCIENCE
2025,July,wos,College of Computer and Information Sciences,Scientific,Artificial intelligence-driven cybersecurity: enhancing malicious domain detection using attention-based deep learning model with optimization algorithms,SCIENTIFIC REPORTS
2025,July,wos,College of Computer and Information Sciences,Scientific,Leveraging self attention driven gated recurrent unit with crocodile optimization algorithm for cyberattack detection using federated learning framework,SCIENTIFIC REPORTS
2025,July,wos,College of Computer and Information Sciences,Scientific,Optimal features assisted multi-attention fusion for robust fire recognition in adverse conditions,SCIENTIFIC REPORTS
2025,July,wos,College of Computer and Information Sciences,Scientific,A novel Fractional fuzzy approach for multi-criteria decision-making in medical waste management,SCIENTIFIC REPORTS
2025,July,wos,College of Computer and Information Sciences,Scientific,RADAI: A Deep Learning-Based Classification of Lung Abnormalities in Chest X-Rays,DIAGNOSTICS
2025,July,wos,College of Computer and Information Sciences,Scientific,Leveraging explainable artificial intelligence for early detection and mitigation of cyber threat in large-scale network environments,SCIENTIFIC REPORTS
2025,July,wos,College of Computer and Information Sciences,Scientific,Cyberbullying-Related Automated Hate Speech Detection on Social Media Platforms Using Stack Ensemble Classification Method,INTERNATIONAL JOURNAL OF COMPUTATIONAL INTELLIGENCE SYSTEMS
2025,July,wos,College of Computer and Information Sciences,Scientific,AI-driven framework for text neck syndrome detection using non-contact software-defined RF sensing and sequential deep learning,TELECOMMUNICATION SYSTEMS
2025,July,wos,College of Computer and Information Sciences,Scientific,Assessment of flood vulnerability in a coastal metropolitan city for sustainable environmental using machine learning methods,SCIENTIFIC REPORTS
2025,July,wos,College of Computer and Information Sciences,Scientific,A novel feature-oriented quality of anything (QoX) framework for end-to-end robotic services in 6G networks,SCIENTIFIC REPORTS
2025,July,wos,College of Computer and Information Sciences,Scientific,Project based learning framework integrating industry collaboration to enhance student future readiness in higher education,SCIENTIFIC REPORTS
2025,July,wos,College of Computer and Information Sciences,Scientific,Computational and Analytical Modeling of Damped Beams on Visco-Winkler and Visco-Pasternak Foundations Subject to Axial Forces,INTERNATIONAL JOURNAL OF STRUCTURAL STABILITY AND DYNAMICS
2025,July,wos,College of Computer and Information Sciences,Scientific,Quality enhancement of near-infrared and visible videos using an optimized dehazing technique,MULTIMEDIA SYSTEMS
2025,July,wos,College of Computer and Information Sciences,Scientific,"Agricultural consumer internet of things devices: Methods for optimizing data aggregation (vol 125, pg 692, 2025)",ALEXANDRIA ENGINEERING JOURNAL
2025,July,wos,College of Computer and Information Sciences,Scientific,Optimised RFO tuned RF-DETR model for precision urine microscopy for renal and systemic disease diagnosis,SCIENTIFIC REPORTS
2025,July,wos,College of Computer and Information Sciences,Scientific,Securing face images in UAV networks using chaos and DNA cryptography approach,SCIENTIFIC REPORTS
2025,July,wos,College of Computer and Information Sciences,Scientific,Synthetic shadows: the interplay of forensic detection and anti-forensic techniques in GAN-generated images,MULTIMEDIA SYSTEMS
2025,July,wos,College of Computer and Information Sciences,Scientific,Automatic Fracture Detection Convolutional Neural Network with Multiple Attention Blocks Using Multi-Region X-Ray Data,LIFE-BASEL
2025,July,wos,College of Computer and Information Sciences,Scientific,Enhancing breast cancer classification using a deep sparse wavelet autoencoder approach,SCIENTIFIC REPORTS
2025,July,wos,College of Computer and Information Sciences,Scientific,A novel and secure artificial intelligence enabled zero trust intrusion detection in industrial internet of things architecture,SCIENTIFIC REPORTS
2025,July,wos,College of Computer and Information Sciences,Scientific,Impacts of intrinsic noise and quantum entanglement on the geometric and dynamical properties of the XXZ Heisenberg interacting spin model,SCIENTIFIC REPORTS
2025,July,wos,College of Computer and Information Sciences,Scientific,Exclusive optimization of Cs2AgBi0.75Sb0.25Br6-based solar cells using dual ETL with better photo transmission,MULTISCALE AND MULTIDISCIPLINARY MODELING EXPERIMENTS AND DESIGN
2025,July,wos,College of Computer and Information Sciences,Scientific,The Role of ARCS Motivation in Predicting ChatGPT Adoption Based on UTAUT3 Framework,JOURNAL OF EDUCATIONAL COMPUTING RESEARCH
2025,July,wos,College of Computer and Information Sciences,Scientific,Kirchhoff's law algorithm (KLA): a novel physics-inspired non-parametric metaheuristic algorithm for optimization problems,ARTIFICIAL INTELLIGENCE REVIEW
2025,July,wos,College of Sports Science and Physical Activity,Humanitarian ,On the structure and semantics of identifier names containing closed syntactic category words,EMPIRICAL SOFTWARE ENGINEERING
2025,July,wos,College of Sports Science and Physical Activity,Humanitarian ,"Utilizing phenolic-enriched sunflower Oleogels and Emulgels as fat replacers: impact on burger oxidative stability, texture, and sensory attributes",OCL-OILSEEDS AND FATS CROPS AND LIPIDS
2025,July,wos,College of Sports Science and Physical Activity,Humanitarian ,"Impact of Egyptian and Saudi Ziziphus spina-christi L. (Sidr) pulp incorporation on the nutritional, functional, and sensory properties of protein bars",SCIENTIFIC REPORTS
2025,July,wos,College of Sports Science and Physical Activity,Humanitarian ,"Insight into structural, Opto-electronic and elastic properties of lead-free double perovskites Cs2TlInX6 (X = Cl, Br and I) for optoelectronic applications: A first principles calculations",ELECTROCHEMISTRY COMMUNICATIONS
2025,July,wos,College of Sports Science and Physical Activity,Humanitarian ,Enhancement in the Microelectronic Properties of PANI/n-Si Heterojunction by Employing ZnO Nanoparticles,ECS JOURNAL OF SOLID STATE SCIENCE AND TECHNOLOGY
2025,July,wos,College of Sports Science and Physical Activity,Humanitarian ,Advancing sustainable juice processing through thermosonication: functional enrichment of apple juice with pollen,FRONTIERS IN SUSTAINABLE FOOD SYSTEMS
2025,July,wos,College of Sports Science and Physical Activity,Humanitarian ,Bacillus spp. induce defense mechanism and elicit expression of PR-protein genes in tomato against Rhizoctonia solani,MOLECULAR BIOLOGY REPORTS
2025,July,wos,Health Sciences Research Centre,Health-related / Medical,Comparative efficacy of clindamycin phosphate with benzoyl peroxide versus clindamycin phosphate with adapalene in acne vulgaris: a systematic review and meta-analysis,SCIENTIFIC REPORTS
2025,July,wos,Health Sciences Research Centre,Health-related / Medical,Impostor phenomenon among nursing leaders: Socio-demographic predictors and its impact on innovative work behavior,BMC NURSING
2025,July,wos,Health Sciences Research Centre,Health-related / Medical,"Hybrid Polymer Nanocomposite of Ionically Crosslinked Chitosan/Tin Oxide Nanoparticles for Eosin Y Dye Removal: Isotherm, Kinetic, and Adsorption Optimization",JOURNAL OF APPLIED POLYMER SCIENCE
2025,July,wos,Health Sciences Research Centre,Health-related / Medical,Carrageenan Matrix for Sustained Levofloxacin Delivery: Formulation Strategies and Dual Evaluation Approaches,JOURNAL OF PHARMACEUTICAL INNOVATION
2025,July,wos,Health Sciences Research Centre,Health-related / Medical,The association between sociodemographic determinants and nomophobia among physiotherapists in the Kingdom of Saudi Arabia: a cross-sectional study,SCIENTIFIC REPORTS
2025,July,wos,Health Sciences Research Centre,Health-related / Medical,"Evaluation of strength, skin temperature and muscle activation in traditional and eccentric training in Paralympic Powerlifting athletes",SCIENTIFIC REPORTS
2025,July,wos,Health Sciences Research Centre,Health-related / Medical,Morin hydrate protects against cisplatin-induced testicular toxicity by modulating ferroptosis and steroidogenesis genes' expression and upregulating Nrf2/Heme oxygenase-1,SCIENTIFIC REPORTS
2025,August,wos,Applied College,Humanitarian ,A neural network-based programming paradigm for heat transport of Eyring-Powell fluid with physiological blood flow applications,CASE STUDIES IN THERMAL ENGINEERING
2025,August,wos,Applied College,Humanitarian ,Advanced image encryption scheme based on generalized triangle group and neural networks,AIN SHAMS ENGINEERING JOURNAL
2025,August,wos,Applied College,Humanitarian ,Numerical simulations of combined effect of viscosity variation and magnetohydrodynamic (MHD) characteristics for wide porous slider bearings with exponential film profile,CHINESE JOURNAL OF PHYSICS
2025,August,wos,Applied College,Humanitarian ,Synergizing vision transformer with ensemble of deep learning model for accurate kidney stone detection using CT imaging,ALEXANDRIA ENGINEERING JOURNAL
2025,August,wos,College of Education and Human Development,Humanitarian ,Exploring suicidal thoughts among prospective university students: a study with applications of machine learning and GIS techniques,BMC PSYCHIATRY
2025,August,wos,College of Education and Human Development,Humanitarian ,Digital transformation or digital divide? Smes' use of AI during global crisis☆,TECHNOLOGICAL FORECASTING AND SOCIAL CHANGE
2025,August,wos,College of Education and Human Development,Humanitarian ,Sustainable carbon quantum dots-chitosan hydrogel composite for corrosion protection of mild steel in 1 M sulfuric acid,INTERNATIONAL JOURNAL OF BIOLOGICAL MACROMOLECULES
2025,August,wos,College of Education and Human Development,Humanitarian ,Science Education as a Pathway to Sustainable Awareness: Teachers' Perceptions on Fostering Understanding of Humans and the Environment: A Qualitative Study,SUSTAINABILITY
2025,August,wos,College of Arts and Design,Humanitarian ,Predicted sewing thread consumption using neural network method based on the physical and structural parameters of knitted fabrics,AUTEX RESEARCH JOURNAL
2025,August,wos,College of Medicine\College of Nursing,Health-related / Medical,"The potential liver injury induced by metronidazole-provoked disturbance of gut microbiota: modulatory effect of turmeric supplementation (vol 397, pg 9845, 2024)",NAUNYN-SCHMIEDEBERGS ARCHIVES OF PHARMACOLOGY
2025,August,wos,College of Nursing,Health-related / Medical,"Integrative review of artificial intelligence applications in nursing: education, clinical practice, workload management, and professional perceptions",FRONTIERS IN PUBLIC HEALTH
2025,August,wos,College of Nursing,Health-related / Medical,Simulated solar light-driven degradation of ciprofloxacin antibiotic and sustainable hydrogen solar-fuel production using Z-scheme CoFe2O4-Sb2O3 photocatalysts supported on peanut shell-derived biochar,JOURNAL OF WATER PROCESS ENGINEERING
2025,August,wos,College of Nursing,Health-related / Medical,Effectiveness of a standardized skin care protocol in reducing incontinence-associated dermatitis among critical care patients: A clinical investigation,JOURNAL OF TISSUE VIABILITY
2025,August,wos,College of Nursing,Health-related / Medical,Impact of multiple educational technologies on well-being: the mediating role of digital cognitive load,BMC NURSING
2025,August,wos,College of Nursing,Health-related / Medical,Exploring nursing intern students' experiences of stress and resilience during internship using photovoice,BMC NURSING
2025,August,wos,College of Health and Rehabilitation Sciences,Health-related / Medical,Gestational diabetes education management interventions implemented across Arabic-speaking countries: A systematic scoping review,MIDWIFERY
2025,August,wos,College of pharmacy,Health-related / Medical,"Microwave-Assisted Synthesis of New Molecular Hybrids of Benzoimidazole Containing Thiazolidine-2,4-diones: Design, Theoretical, In Silico, and In Vitro Antimicrobial Studies",CHEMISTRYSELECT
2025,August,wos,College of pharmacy,Health-related / Medical,"Novel 3,4-diaminothieno[2,3-b]thiophene-2,5-dicarbohydrazide-based scaffolds as EGFRWT, EGFRT790M, and tubulin polymerization inhibitors with anti-proliferative activity",BIOORGANIC CHEMISTRY
2025,August,wos,College of pharmacy,Health-related / Medical,Exploring infection risk factors and multi-drug-resistant organisms (MDROs) in burn intensive care units: a multi-centre case-control study,JOURNAL OF HOSPITAL INFECTION
2025,August,wos,College of pharmacy,Health-related / Medical,"Ciprofloxacin in Otitis Externa Management: Efficacy, Safety, and Future Directions",ENT UPDATES
2025,August,wos,College of pharmacy,Health-related / Medical,Genetic diversity and phylogenetic analysis of carbapenem-resistant Acinetobacter baumannii clinical isolates in Jordan,ACTA TROPICA
2025,August,wos,College of pharmacy,Health-related / Medical,"Novel Benzimidazole-Pyridine-Phenylalkanesulfonate Hybrids: Design, Synthesis, Antimicrobial Screening, Lanosterol 14α-Demethylase Inhibition Properties and in Silico Studies",DRUG DEVELOPMENT RESEARCH
2025,August,wos,College of pharmacy,Health-related / Medical,Modulatory effects of Portulaca oleracea-Enriched diets against waterborne Cadmium-Induced hepatotoxicity in nile Tilapia fingerlings: involvement of oxidative stress and Inflammation-Related gene regulation,VETERINARY RESEARCH COMMUNICATIONS
2025,August,wos,College of pharmacy,Health-related / Medical,"Rationale design, synthesis and antimicrobial activity of benzimidazole-pyridinecarbonitrile conjugates: Insights into ROS-induced oxidative damage and molecular dynamics simulations",BIOORGANIC CHEMISTRY
2025,August,wos,College of pharmacy,Health-related / Medical,Molecular docking prediction and hepatoprotective potential of genistein-enriched diet against arsenic toxicity in juvenile nile tilapia: implications for ER stress and oxidative damage,VETERINARY RESEARCH COMMUNICATIONS
2025,August,wos,College of pharmacy,Health-related / Medical,"Synthesis, Characterization, Computational Studies and In Vitro Biological Effects of Novel Pyrazoles, Pyridazines, Thiazoles Containing a Quinazoline Scaffold",CHEMISTRYSELECT
2025,August,wos,College of pharmacy,Health-related / Medical,Activation of the Nrf2 pathway by a novel bipyrazole compound mitigates doxorubicin-induced cardiotoxicity in Wistar albino rats,EUROPEAN JOURNAL OF PHARMACOLOGY
2025,August,wos,College of pharmacy,Health-related / Medical,Evaluation of pharmacological thromboprophylaxis in critically Ill elderly patients: A multicenter cohort Study,HEART & LUNG
2025,August,wos,College of pharmacy,Health-related / Medical,"Comparative Study of Conventional, Grinding, and Microwave-Assisted Synthesis of Aminopyrazolones and Diaminopyrazoles: Exploring the Antitumor Activity, Dual CDK-2/CA IX Inhibition Potential, and Apoptosis Induction",DRUG DEVELOPMENT RESEARCH
2025,August,wos,College of pharmacy,Health-related / Medical,Neuroprotective effect of Tozasertib in Streptozotocin-induced alzheimer's mice model,SCIENTIFIC REPORTS
2025,August,wos,College of pharmacy,Health-related / Medical,Exploring the implemented guidelines for dyslipidemia treatment and care among nurses and physicians: A qualitative study in Jordan,PLOS ONE
2025,August,wos,College of pharmacy,Health-related / Medical,Differential Roles of Angiotensin A and Alamandine in Parkinson's Disease: A Therapeutic Perspective on Nonclassical RAS Pathways,BRAIN AND BEHAVIOR
2025,August,wos,College of pharmacy,Health-related / Medical,Enhancing methyldopa solubility via green supercritical fluid techniques using ethanol co-solvent,SCIENTIFIC REPORTS
2025,August,wos,College of pharmacy\College of Health and Rehabilitation Sciences,Health-related / Medical,"Sociodemographic correlates, job satisfaction, and burnout among special education teachers",ACTA PSYCHOLOGICA
2025,August,wos,College of Medicine,Health-related / Medical,"Fucoxanthin mitigates aflatoxin B1-triggered hepatotoxicity in HepG2 cells via modulation of oxidative stress, inflammatory cytokines, and caspases cascade",ECOTOXICOLOGY AND ENVIRONMENTAL SAFETY
2025,August,wos,College of Medicine,Health-related / Medical,Ketamine Analgo-sedation for Mechanically Ventilated Critically Ill Adults: A Rapid Practice Guideline from the Saudi Critical Care Society and the Scandinavian Society of Anesthesiology and Intensive Care Medicine,ANESTHESIA AND ANALGESIA
2025,August,wos,College of Medicine,Health-related / Medical,Novel Diselenide Bis-Schiff bases tagged with diphenyl ethers: Promising candidates for selective treatment of hypopharyngeal and breast adenocarcinoma,BIOORGANIC CHEMISTRY
2025,August,wos,College of Medicine,Health-related / Medical,"Novel identification of telocytes in the skin of the desert tortoise (Testudo graeca): A correlative study using semithin section, transmission electron microscopy, and immunofluorescence",RESEARCH IN VETERINARY SCIENCE
2025,August,wos,College of Medicine,Health-related / Medical,COMPARATIVE EVALUATION OF THE PROXIMATE COMPOSITION AND ANTIOXIDANT POTENTIALS OF QUINCE (CYDONIA OBLONGA MILLER.),PAKISTAN JOURNAL OF BOTANY
2025,August,wos,College of Medicine,Health-related / Medical,Cadmium and lead induce mitochondrial dysfunction in ovarian theca Cells: Mechanisms of oxidative stress and bioenergetic collapse,FOOD AND CHEMICAL TOXICOLOGY
2025,August,wos,College of Medicine,Health-related / Medical,Mycological and molecular identification of mycoses involved in mastitis from Holstein dairy cattle with special reference to Candida albicans,VETERINARY RESEARCH COMMUNICATIONS
2025,August,wos,College of Medicine,Health-related / Medical,"Hyperoside protects human osteoblasts from phthalate-induced mitochondrial dysfunction, oxidative stress, and apoptosis",TOXICOLOGY AND APPLIED PHARMACOLOGY
2025,August,wos,College of Medicine,Health-related / Medical,"Practice patterns and challenges in the referral, diagnosis, management, and monitoring of axial spondyloarthritis: insights from an online survey of rheumatologists",RHEUMATOLOGY INTERNATIONAL
2025,August,wos,College of Medicine,Health-related / Medical,Advances in cancer immunotherapy: The role of super NK and super CAR-T cells,INTERNATIONAL IMMUNOPHARMACOLOGY
2025,August,wos,College of Medicine\College of Arts and Design,Health-related / Medical,"Effects of a Positive Psychology Intervention on Mental Health and Well-Being Among Mothers in Riyadh, Saudi Arabia",HEALTHCARE
2025,August,wos,College of Medicine\ College of pharmacy ,Health-related / Medical,Safety and use of oral minoxidil in pediatric patients: a systematic review and meta-analysis,ARCHIVES OF DERMATOLOGICAL RESEARCH
2025,August,wos,College of Science,Scientific,Semiclassical relativistic fluid theory for ion-acoustic waves carrying orbital angular momentum in dense plasmas,AIP ADVANCES
2025,August,wos,College of Science,Scientific,Analysis of entropy and Fisher information for the new X-Lindley model with applications to failure data,AIP ADVANCES
2025,August,wos,College of Science,Scientific,Green Synthesis and Characterization of Moringa Extract Fe-TiO2 Nanocomposites for Efficient Photodegradation of Methylene Blue from Wastewater,JOURNAL OF THE CHEMICAL SOCIETY OF PAKISTAN
2025,August,wos,College of Science,Scientific,Hepatoprotective effects of mesenchymal stem cells in carbon tetrachloride-induced liver toxicity in rats: restoration of liver parameters and histopathological evaluation,AMERICAN JOURNAL OF VETERINARY RESEARCH
2025,August,wos,College of Science,Scientific,"Modifications of structural, vibrational and dielectric properties in lanthanum substituted U-type hexaferrites for microwave absorption applications",CERAMICS INTERNATIONAL
2025,August,wos,College of Science,Scientific,Molecular characterization and soil bioremediation of Clodinafop-propargyl by a novel bacterial consortium,ENVIRONMENTAL TECHNOLOGY & INNOVATION
2025,August,wos,College of Science,Scientific,Titanium nitride nanoparticles as plasmonic alternatives to gold and silver: Enhancing luminescence and Judd-Ofelt parameters in Tm3+/Nd3+doped oxyfluorotellurite glass,CERAMICS INTERNATIONAL
2025,August,wos,College of Science,Scientific,EFFECTS AND MECHANISMS OF DRY NEEDLING AT GV-1 ACUPUNCTURE ON VITAMIN DIGESTION AND ABSORPTION IN DIARRHEAL RABBITS,JOURNAL OF ANIMAL AND PLANT SCIENCES-JAPS
2025,August,wos,College of Science,Scientific,RETRACTION: Manganese-based spinel ferrites for microwave absorption,JOURNAL OF MATERIALS SCIENCE-MATERIALS IN ELECTRONICS
2025,August,wos,College of Science,Scientific,"Exploring Cs-based double halide perovskites for energy applications: a study of thermoelectric, optical, and spin-polarized magnetic properties",JOURNAL OF MATERIALS SCIENCE-MATERIALS IN ELECTRONICS
2025,August,wos,College of Science,Scientific,Optical and structural characterization of WO3 modified B2O3-based glassy composites for radiation shielding applications,CERAMICS INTERNATIONAL
2025,August,wos,College of Science,Scientific,A Problem in the Theory of Moore-Gibson-Thompson Thermoelasticy for a Slim Strip Subjected to a Moving Heat Source,MECHANICS OF SOLIDS
2025,August,wos,College of Science,Scientific,"Siderophore-producing Bacteria Bacillus simplex and Acinetobacter calcoaceticus and L-Tryptophan Enhance the Nutritional, Antioxidant Activity and Volatile Compound Profiles of Potatoes",POTATO RESEARCH
2025,August,wos,College of Science,Scientific,Electrostatic self-assembled ceramic magnetic Ti3C2Tx nanocomposites reinforced with hollow Fe3O4 particles for strong and broadband absorption of electromagnetic waves,CERAMICS INTERNATIONAL
2025,August,wos,College of Science,Scientific,"Synthesis, characterization and numerical simulations of hybrid nanofluid flow under electromagnetic fields with Arrhenius activation energy",JOURNAL OF THE INDIAN CHEMICAL SOCIETY
2025,August,wos,College of Science,Scientific,Exploring the potential of rare-earth aluminum oxides Lu3Al5O12 and Y3Al5O12 as advanced thermal barrier coatings: A DFT-Based analysis,CERAMICS INTERNATIONAL
2025,August,wos,College of Science,Scientific,Destabilization mechanisms of electrostatic solitary waves in ion-acoustic regimes within collisionless cometary plasma,ADVANCES IN SPACE RESEARCH
2025,August,wos,College of Science,Scientific,Mechanism of alkaloid-based inhibition of aldose reductase: Computational perspectives and experimental validations,BIOCHIMICA ET BIOPHYSICA ACTA-GENERAL SUBJECTS
2025,August,wos,College of Science,Scientific,Innovative low-fat cheese with selenium: Physiological benefits amidst heavy metal exposure,JOURNAL OF AGRICULTURE AND FOOD RESEARCH
2025,August,wos,College of Science,Scientific,Elevating electrochemical performance of Al2S3/rGO nanocomposite for supercapacitor devices,JOURNAL OF THE INDIAN CHEMICAL SOCIETY
2025,August,wos,College of Science,Scientific,A Laser Pulses Effect on Hydrodynamic Semiconductor Medium Subject to External Magnetic Field,JOURNAL OF VIBRATION ENGINEERING & TECHNOLOGIES
2025,August,wos,College of Science,Scientific,"Unlocking on the effect of gold cluster with pregabalin, a bioactive molecule: Solvation, SERS and reactivity analysis",JOURNAL OF THE INDIAN CHEMICAL SOCIETY
2025,August,wos,College of Science,Scientific,Improvement in electrochemical performance of NiZrO3/rGO composite for energy-related applications,JOURNAL OF THE INDIAN CHEMICAL SOCIETY
2025,August,wos,College of Science,Scientific,Comprehensive investigation of the impact of calcination temperature-induced Li/Ni mixing on LiNi0.8Mn0.1Co0.1O2,MATERIALS TODAY ENERGY
2025,August,wos,College of Science,Scientific,Increasing supercapacitor activity via highly effective AgNbO3/g-C3N4 (g-CN) hybrid electrodes through sonication process,DIAMOND AND RELATED MATERIALS
2025,August,wos,College of Science,Scientific,"Ab initio quantum simulations of X2AlAgF6 (X = Li, Na) halide double perovskites compounds for electronic and optoelectronic applications",INORGANIC CHEMISTRY COMMUNICATIONS
2025,August,wos,College of Science,Scientific,Synergistic pollutant removal from brewery wastewater using electrocoagulation-assisted pumpkin seed-activated carbon,PROCESS SAFETY AND ENVIRONMENTAL PROTECTION
2025,August,wos,College of Science,Scientific,Tailoring dopant concentrations in bismuth oxide nanoparticles for enhanced solar-driven photocatalytic wastewater remediation,JOURNAL OF THE INDIAN CHEMICAL SOCIETY
2025,August,wos,College of Science,Scientific,Selective filter using Thue-Morse structures by the finite element and transfer matrix methods,JOURNAL OF COMPUTATIONAL ELECTRONICS
2025,August,wos,College of Science,Scientific,Hydrothermal synthesis of MnFe2O4-Embedded polyaniline nanocomposite for enhancement in OER,JOURNAL OF THE INDIAN CHEMICAL SOCIETY
2025,August,wos,College of Science,Scientific,"RETRACTION: Characterizing the properties of Li2O-B2O3-SiO2- P2O5-TiO2 glasses: A multidimensional investigation of their structure, optical properties, and gamma-ray shielding capability",OPTICAL MATERIALS
2025,August,wos,College of Science,Scientific,"RETRACTION: Y2O3 reinforced B2O3-SiO2-BaO-Na2O glass system: A characterization study through physical, optical and gamma / neutron shields characteristics",OPTICAL MATERIALS
2025,August,wos,College of Science,Scientific,"RETRACTION: Comprehensive study of optical, thermal, and gamma-ray shielding properties of B2O3-SiO2-BeO- MgO-La2O3, glasses",OPTICAL MATERIALS
2025,August,wos,College of Science,Scientific,"New insights on luminescence properties and radiation shielding features of Ag/Sm3+ co-doped fluoro-tellurite glasses and glass-ceramics (vol 149, pg 114989, 2024)",OPTICAL MATERIALS
2025,August,wos,College of Science,Scientific,RETRACTION: Radiation attenuation and optical behaviors of glass system: 21SiO2-49B2O3-13ZnO-(17-x)Na2O-xWO3 [Opt. Mat. 148C (2024) 114852],OPTICAL MATERIALS
2025,August,wos,College of Science,Scientific,Photoacoustic wave dynamics in magneto-hydro-semiconductor media with rotation and multi-temperature effects,CASE STUDIES IN THERMAL ENGINEERING
2025,August,wos,College of Science,Scientific,A numerical investigation of heat and mass transfer in the bioconvective Oldroyd B nanofluid flow through the porous stretching Riga surface with gyrotactic microorganism,CASE STUDIES IN THERMAL ENGINEERING
2025,August,wos,College of Science,Scientific,Facile microwave-assisted solvothermal synthesis of Cu-MOF/Graphitic carbon nitridemodified electrode for the electrochemical detection of nitrofurantoin,MICROCHEMICAL JOURNAL
2025,August,wos,College of Science,Scientific,"Dynamics of Hydrogen Ion-Acoustic, Periodic, and Superperiodic Waves in Magnetized Cometary Plasma Comprising Oxygen Ions and Superthermal Electrons",BRAZILIAN JOURNAL OF PHYSICS
2025,August,wos,College of Science,Scientific,"Application of the Tantawy Technique for Modeling Fractional Ion-Acoustic Waves in Electronegative Nonthermal Plasmas, Part (II): Fractional Modified KdV-Solitary Waves",BRAZILIAN JOURNAL OF PHYSICS
2025,August,wos,College of Science,Scientific,Compton scattering induced ultra-high-resolution two-dimensional atomic localization,CHINESE JOURNAL OF PHYSICS
2025,August,wos,College of Science,Scientific,Generalized thermoelastic interactions in porous asphaltic material under fractional time derivative,CASE STUDIES IN THERMAL ENGINEERING
2025,August,wos,College of Science,Scientific,Thermal performance optimization of microchannel heat sinks with triangle wave fin designs and various heat transfer fluids using GA/RSM/TOPSIS,CASE STUDIES IN THERMAL ENGINEERING
2025,August,wos,College of Science,Scientific,Analytical study of thermal transport in microchannels with hafnium nanoparticles suspended in Williamson fluid under electro-kinetic force,CASE STUDIES IN THERMAL ENGINEERING
2025,August,wos,College of Science,Scientific,Solar light-responsive g-C3N4 and Ni1-XMnXCo2-yFeyO4 composites for rapid dye degradation and phytotoxicity evaluation,ENVIRONMENTAL TECHNOLOGY & INNOVATION
2025,August,wos,College of Science,Scientific,DFT insights into double transition metal M2M'SiC2 MAX Phases: Prospects as thermal barrier coatings,CASE STUDIES IN THERMAL ENGINEERING
2025,August,wos,College of Science,Scientific,A new statistical model with Monte Carlo simulation: Theory and applications in music education and reliability engineering,ALEXANDRIA ENGINEERING JOURNAL
2025,August,wos,College of Science,Scientific,Improved electrocatalytic performance of NdCoO3/rGO for oxygen evolution reaction,CHEMICAL PHYSICS
2025,August,wos,College of Science,Scientific,Enhancing rice productivity in wastewater-irrigated saline Cd-contaminated soils using microbial-nanoparticle synergy,ENVIRONMENTAL TECHNOLOGY & INNOVATION
2025,August,wos,College of Science,Scientific,Inheritance of resilience: genetic Mapping of transgenerational and intergenerational drought stress memory in wheat,PLANT SCIENCE
2025,August,wos,College of Science,Scientific,Microwave-assisted in-Situ Synthesis of ZnS/g-C3N4 Heterojunction Composite for Efficient Photocatalytic Degradation of Malachite Green Dye,WATER AIR AND SOIL POLLUTION
2025,August,wos,College of Science,Scientific,"Modulational Instability of Dust-Ion-Acoustic Modulated Envelope Structures in Ultracold Quantum Complex Plasmas: Solitons, Rogue Waves, and Breathers",BRAZILIAN JOURNAL OF PHYSICS
2025,August,wos,College of Science,Scientific,A Novel Approximation to the Fractional KdV Equation Using the Tantawy Technique and Modeling Fractional Electron-Acoustic Cnoidal Waves in a Nonthermal Plasma,BRAZILIAN JOURNAL OF PHYSICS
2025,August,wos,College of Science,Scientific,Microbial Fuel Cell-Based Degradation of Naphthalene from Wastewater: A Study on Electricity Generation Using Pineapple Extract,INTERNATIONAL JOURNAL OF ENVIRONMENTAL RESEARCH
2025,August,wos,College of Science,Scientific,Attenuation ability of tungsten and cadmium-reinforced polymeric materials as protective shields against gamma radiation and thermal neutrons,ANNALS OF NUCLEAR ENERGY
2025,August,wos,College of Science,Scientific,Creating electrochemical accessibility in covalent organic frameworks for uranium extraction via electrodeposition,NATURE COMMUNICATIONS
2025,August,wos,College of Science,Scientific,TaHAK1 promotes salt tolerance via synergistic modulation of K plus /Na plus ion homeostasis and auxin signaling in rice,PLANT PHYSIOLOGY AND BIOCHEMISTRY
2025,August,wos,College of Science,Scientific,Marine Drug Design for Epitheliocytis Rendering AI-Assisted Bioisosteric Replacement of Salicin,JOURNAL OF FISH DISEASES
2025,August,wos,College of Science,Scientific,Arbuscular mycorrhizal Fungi and germanium: a dual approach to enhancing oat growth and mitigating oxidative damage due to bismuth contamination,BMC PLANT BIOLOGY
2025,August,wos,College of Science,Scientific,New Asymptotic and Oscillatory Results for Third-Order Noncanonical Advanced Differential Equations,MATHEMATICS
2025,August,wos,College of Science,Scientific,Microenvironment Modulation of Single Cobalt Sites in Covalent Organic Frameworks with Serrated Stacking of Metallocorroles for Boosting Electrocatalytic Water Oxidation,ADVANCED FUNCTIONAL MATERIALS
2025,August,wos,College of Science,Scientific,Phytochemical Assisted Synthesis of AgNPs Using Artemisia lerchiana: Potential Antimicrobial Applications in Plant Disease Control,JOURNAL OF PHYTOPATHOLOGY
2025,August,wos,College of Science,Scientific,"Synthesis, structural, mechanical, thermal, and radiation shielding characterization of aluminum borosilicate glasses containing BaO and ZnO oxides",EUROPEAN PHYSICAL JOURNAL PLUS
2025,August,wos,College of Science,Scientific,Enhancing thermoelectric performance in AgBiTe2 alloys through band modification and localized lattice engineering,JOURNAL OF MATERIALS SCIENCE
2025,August,wos,College of Science,Scientific,A Study on a Novel Photothermal without Energy Dissipation Model in Semiconductor Materials,MECHANICS OF SOLIDS
2025,August,wos,College of Science,Scientific,Generalized Thermoelastic Diffusion Using the Eigenvalue Technique Due to Pulse Heat Flux,MECHANICS OF SOLIDS
2025,August,wos,College of Science,Scientific,Estimation of Temperature in Biological Tissue Using the Atangana-Baleanu Fractional Model Caused by Laser Irradiation,MECHANICS OF SOLIDS
2025,August,wos,College of Science,Scientific,Implications for agricultural sustainability: predicting the global distribution of Ralstonia solanacearum under current and future climate scenarios,FRONTIERS IN PLANT SCIENCE
2025,August,wos,College of Science,Scientific,Hydrothermally Deposited Mg Phosphate Coatings Improve Pure Mg Substrate's Biocompatibility and Corrosion Resistance for Biomedical Applications,ASIA-PACIFIC JOURNAL OF CHEMICAL ENGINEERING
2025,August,wos,College of Science,Scientific,Quantum resources for a system of two atoms interacting with a deformed field in the presence of intensity-dependent coupling,OPEN PHYSICS
2025,August,wos,College of Science,Scientific,Numerical analysis of non-newtonian nanofluid flow induced by beating cilia in a complex wavy channel under the influence of an inclined magnetic field and slip effects,MULTISCALE AND MULTIDISCIPLINARY MODELING EXPERIMENTS AND DESIGN
2025,August,wos,College of Science,Scientific,Green synthesis of nano Cu2O for one-pot photocatalytic production of vitamin B3,RESEARCH ON CHEMICAL INTERMEDIATES
2025,August,wos,College of Science,Scientific,RETRACTION: Tunable decorated flake interlayers of functionalized graphene oxide for energy storage devices,APPLIED PHYSICS A-MATERIALS SCIENCE & PROCESSING
2025,August,wos,College of Science,Scientific,Enhancing post-harvest sustainability in temperate crops through smart IoT-integrated indirect solar dryer,SCIENTIFIC REPORTS
2025,August,wos,College of Science,Scientific,Green-Synthesized Silver Nanoparticles from Mulberry for Improved Growth and Silk Yield in Silkworm (Bombyx mori),BIOLOGICAL TRACE ELEMENT RESEARCH
2025,August,wos,College of Science,Scientific,Impact of Support Type on Nickel-Based Catalysts for the Dry Reforming of Methane,ENERGY SCIENCE & ENGINEERING
2025,August,wos,College of Science,Scientific,Hydrogen Rich Syngas Production over Ni Catalysts on Mg-Stabilized Zirconia through Partial Oxidation of Methane: The Role of Magnesium as Stabilizer for Support & Active Sites,CHEMPLUSCHEM
2025,August,wos,College of Science,Scientific,"Predicting hydrogen storage, mechanical, thermodynamic, and electronic characteristics of perovskite hydrides NaBH3 (B=Cu, Zn, Cd): A first-principles study",INTERNATIONAL JOURNAL OF HYDROGEN ENERGY
2025,August,wos,College of Science,Scientific,Computational screening of phytochemicals targeting mutant KRAS in colorectal cancer,SCIENTIFIC REPORTS
2025,August,wos,College of Science,Scientific,Biosynthesis of cysteine-conjugated zinc oxide nanoparticles using secondary metabolites of Bacillus licheniformis for wastewater purification,DESALINATION AND WATER TREATMENT
2025,August,wos,College of Science,Scientific,Covalent Tridentate Molecule Anchoring Enhances Nickel Oxide for Efficient Perovskite Solar Cells,ADVANCED MATERIALS
2025,August,wos,College of Science,Scientific,"Mitigation of salt stress in Phaseolus vulgaris L. by dopamine: Effects on growth, physiological parameters and antioxidant activity",FOLIA HORTICULTURAE
2025,August,wos,College of Science,Scientific,Construction of Nanostructured Mo4V6O25 Electrode Material for High-Performance Asymmetric Supercapacitors,JOURNAL OF INORGANIC AND ORGANOMETALLIC POLYMERS AND MATERIALS
2025,August,wos,College of Science,Scientific,Tissue-Specific Expression Analysis of GmDUF707 Genes Suggests Their Role in Soybean Growth Enhancement,JOURNAL OF PLANT GROWTH REGULATION
2025,August,wos,College of Science,Scientific,Arbuscular Mycorrhizal Symbiosis Enhances Wheat (Triticum Aestivum L.) Phytoremediation Potential and Chromium Stress Tolerance Via Metabolic and Antioxidant Regulation,WATER AIR AND SOIL POLLUTION
2025,August,wos,College of Science,Scientific,Next-generation nanoformulation: Glycyrrhiza glabra-based chitosan-curcumin MgO/Fe2O3 nanocomposite for targeted lung cancer therapy with dual antioxidant action,MEDICAL ONCOLOGY
2025,August,wos,College of Science,Scientific,Optical features and radiation protection capabilities of BaO and Eu2O3 doped borate-based glasses: The effect of composition on performance,KUWAIT JOURNAL OF SCIENCE
2025,August,wos,College of Science,Scientific,Developed high-strength and corrosion-resistant stainless steel alloys for in-core of nuclear reactors,EMERGENT MATERIALS
2025,August,wos,College of Science,Scientific,Neural Network-Based Predefined-Time Control of Strict-Feedback Nonlinear Systems with Input Delay and Backlash-Like Hysteresis,CIRCUITS SYSTEMS AND SIGNAL PROCESSING
2025,August,wos,College of Science,Scientific,RETRACTION: Novel Sr-based Al2O4 spinel material an environmental friendly electrode for supercapacitor application,APPLIED PHYSICS A-MATERIALS SCIENCE & PROCESSING
2025,August,wos,College of Science,Scientific,Sustainable enhancement of basil quality and resilience through biopriming with Pseudomonas JP0825,BMC PLANT BIOLOGY
2025,August,wos,College of Science,Scientific,"Phosphate, TDS and BOD removal from industrial wastewater using combined sono-pulsed-electrochemical oxidation: optimization by response surface methodology",INTERNATIONAL JOURNAL OF CHEMICAL REACTOR ENGINEERING
2025,August,wos,College of Science,Scientific,Harnessing Sr-doped-Zn-ferrite-based cathode materials for enhanced solid oxide fuel cells performance: Advancing alternative energy solutions for a sustainable future,JOURNAL OF THE INDIAN CHEMICAL SOCIETY
2025,August,wos,College of Science,Scientific,"Dietary supplementation of ewes with Astragalus membranaceus root extract enhanced the feto-maternal hemodynamics, fetoplacental development, and lambs' growth rate",SMALL RUMINANT RESEARCH
2025,August,wos,College of Science,Scientific,Synergy of Machine Learning and IoT for Healthcare: Enhancing Sustainable Societies in Uncertain Environments,INTERNATIONAL JOURNAL OF INFORMATION TECHNOLOGY & DECISION MAKING
2025,August,wos,College of Science,Scientific,Wheat (C3) and maize (C4) adaptive responses to soil thallium toxicity under elevated CO2 conditions,PLANT SOIL AND ENVIRONMENT
2025,August,wos,College of Science,Scientific,Enhanced photocatalytic efficiency of flowerlike In-doped CdS microstructures for CO2 conversion and Cr(VI) reduction,JOURNAL OF MATERIALS SCIENCE
2025,August,wos,College of Science,Scientific,Tracing Sources and Stage-Specific Impacts of Heavy Metal Contamination in Farmed Tilapia (Oreochromis niloticus): Implications for Human Health Risk,VETERINARY MEDICINE AND SCIENCE
2025,August,wos,College of Science,Scientific,Exploring the Biodiversity of Substituted Imidazole: Novel Synthetic Strategy of Polysubstituted Imidazole as Insecticidal and Antibacterial Agents,CHEMISTRY & BIODIVERSITY
2025,August,wos,College of Science,Scientific,Whole-Genome analysis of Bacillus subtilis MBBL2 genomic characterization and comparative genomics,FUNCTIONAL & INTEGRATIVE GENOMICS
2025,August,wos,College of Science,Scientific,Analysis of MHD hybrid nanofluid flow over cone and wedge with exponential and thermal heat source and activation energy,OPEN PHYSICS
2025,August,wos,College of Science,Scientific,One-pot synthesis of some triazoles derivatives using nano Co3O4/g-C3N4/Si under microwave irradiation,RESEARCH ON CHEMICAL INTERMEDIATES
2025,August,wos,College of Science,Scientific,Antifouling polyethersulfone-based interfacial polymerization membranes for water treatment applications,JOURNAL OF POLYMER RESEARCH
2025,August,wos,College of Science,Scientific,Plasmonic Methane Sensor Based on Arsenic Trisulfide-TMDC Thin Film Heterostructure,PLASMONICS
2025,August,wos,College of Science,Scientific,One-pot Hydrothermal Synthesis of Petal-like Pb3O4/CuO and Pb3O4/Co3O4 Nanostructures for High Performance Supercapacitor and Oxygen Evolution Reaction,JOURNAL OF INORGANIC AND ORGANOMETALLIC POLYMERS AND MATERIALS
2025,August,wos,College of Science,Scientific,Adsorption properties of a magnetic nanoparticle composite for the removal of alizarin red and Congo red from aqueous solutions: Mechanistic and thermodynamic analyses based on statistical physics theory,JOURNAL OF CLEANER PRODUCTION
2025,August,wos,College of Science,Scientific,Nature-inspired silicone-polythiourethane coatings based on capsaicin analogue for marine biofouling control,CHEMICAL ENGINEERING JOURNAL
2025,August,wos,College of Science,Scientific,RETRACTION: An efficient and magnetically recoverable g-C3N4/ZnS/CoFe2O4 nanocomposite for sustainable photodegradation of organic dye under UV-visible light illumination [Environ. Res. 201 (2021) 111429],ENVIRONMENTAL RESEARCH
2025,August,wos,College of Science,Scientific,Functionalized carbon nanotubes interconnected with metal-organic frameworks for in-situ solar-driven evaporation and salt recovery from seawater,WATER RESEARCH
2025,August,wos,College of Science,Scientific,"Biofabrication, Cytotoxicity, and Biofunctionalities of Polyhydroxbutrate-Selenium-Cefepime as Controlled-Release Smart Nanodrug Delivery System",JOURNAL OF INORGANIC AND ORGANOMETALLIC POLYMERS AND MATERIALS
2025,August,wos,College of Science,Scientific,Tailored fluoroborate-based electrolyte with fast interphase formation kinetics toward stable Ah-level zinc batteries,ADVANCED POWDER MATERIALS
2025,August,wos,College of Science,Scientific,"Modulation of NF-κB/NLRP3 inflammasome axis, Nrf2/HO-1 signaling and attenuation of oxidative stress mediate the protective effect of ambroxol against cyclophosphamide cardiotoxicity",BIOCHEMICAL AND BIOPHYSICAL RESEARCH COMMUNICATIONS
2025,August,wos,College of Humanities and Social Sciences,Humanitarian ,Integration of fuzzy logic and geographic weighted regression modeling for enhanced groundwater potential mapping using remote sensing and GIS,ENVIRONMENTAL SCIENCES EUROPE
2025,August,wos,College of Humanities and Social Sciences,Humanitarian ,Pollutants variability over the Kingdom of Saudi Arabia,ATMOSPHERIC ENVIRONMENT-X
2025,August,wos,College of Humanities and Social Sciences,Humanitarian ,An intelligent framework for sarcasm detection in Arabic tweets using deep learning with Al-Biruni earth radius optimization algorithm,ALEXANDRIA ENGINEERING JOURNAL
2025,August,wos,College of Humanities and Social Sciences,Humanitarian ,"Artificial recharge sites unveiled: Geospatial-MCDM solutions for Akeru watershed, Telangana, India",ENVIRONMENTAL AND SUSTAINABILITY INDICATORS
2025,August,wos,College of Humanities and Social Sciences,Humanitarian ,"Enhancing Inclusive Social, Financial, and Health Services for Persons with Disabilities in Saudi Arabia: Insights from Caregivers",HEALTHCARE
2025,August,wos,College of Humanities and Social Sciences,Humanitarian ,Modulation of inflammatory and oxidative stress pathways by polyphenol-rich Pleurospermum candollei extract in carrageenan-induced paw edema in rats,INFLAMMOPHARMACOLOGY
2025,August,wos,College Of Languages,Humanitarian ,The vocabulary learning strategies of multilinguals: the case of Arabic and English learners,INTERNATIONAL JOURNAL OF MULTILINGUALISM
2025,August,wos,College of Engineering,Scientific,Optimizing Solar Collector Performance with Granite and Chrome-Based Selective Coatings: A Characterization Study,PHYSICS OF THE SOLID STATE
2025,August,wos,College of Engineering,Scientific,Effects of the Cattaneo-Christov flux model on thermally radiative flow of tetra hybrid nanofluid with surface tension gradient,CASE STUDIES IN THERMAL ENGINEERING
2025,August,wos,College of Engineering,Scientific,Cattaneo-Christov heat flux model for endothermic/exothermic chemical reaction with activation energy by using Debye-Hückel linearization in asymmetric channel,CASE STUDIES IN THERMAL ENGINEERING
2025,August,wos,College of Engineering,Scientific,Improving PVT module efficiency with helical tape and magnetic cooling under dust deposition,CASE STUDIES IN THERMAL ENGINEERING
2025,August,wos,College of Engineering,Scientific,Analysis of advanced cooling strategies for rocket engines conveying ternary hybrid nanofluids with second slip conditions and melting heat transfer,CASE STUDIES IN THERMAL ENGINEERING
2025,August,wos,College of Engineering,Scientific,Modelling and prediction of 3D carreau fluid behaviour using machine learning for Cattaneo Christov Double diffusion with variable conductivity,CASE STUDIES IN THERMAL ENGINEERING
2025,August,wos,College of Engineering,Scientific,Mixed convective flow caused by a porous vertical sheet in a Fourier heat fluxes for Darcy Forchheimer of biomedical simulation of Au-Cu/blood hybrid nanofluid,CASE STUDIES IN THERMAL ENGINEERING
2025,August,wos,College of Engineering,Scientific,A Stochastic Model for Distribution Network Switching Under Temperature Variations and Uncertainty in Demand,IEEE CANADIAN JOURNAL OF ELECTRICAL AND COMPUTER ENGINEERING
2025,August,wos,College of Engineering,Scientific,"Evaluation of the performance of a finned heat sink under the effects of notches, perforations, and alignment: an experimental study",EXPERIMENTAL HEAT TRANSFER
2025,August,wos,College of Engineering,Scientific,Defected ground structure antenna array with metasurface inspired interlinked CSRR for 5G millimeter wave applications,SCIENTIFIC REPORTS
2025,August,wos,College of Engineering,Scientific,Wideband metamaterial perfect absorber using topological insulator material for infrared and visible light spectrum: a numerical approach,SCIENTIFIC REPORTS
2025,August,wos,College of Engineering,Scientific,Machine learning-driven routing optimization for energy-efficient 6G-enabled wireless sensor networks,ALEXANDRIA ENGINEERING JOURNAL
2025,August,wos,College of Engineering,Scientific,Design-driven efficiency enhancement of CdTe1-xSex solar cells via interface band alignment and optimization,JOURNAL OF COMPUTATIONAL ELECTRONICS
2025,August,wos,College of Engineering,Scientific,Electrokinetic blood flow of Carreau ternary nanofluids in stenotic arteries with thermal reactions under CC heat flux for therapy,SCIENTIFIC REPORTS
2025,August,wos,College of Engineering,Scientific,Calorimetric and thermo-radiative analysis of hybrid nanofluid flow with chemical reactions using Cattaneo-Christov model,JOURNAL OF THERMAL ANALYSIS AND CALORIMETRY
2025,August,wos,College of Business Administration,Scientific,GraphFedAI framework for DDoS attack detection in IoT systems using federated learning and graph based artificial intelligence,SCIENTIFIC REPORTS
2025,August,wos,College of Business Administration,Scientific,Assessing the trade-offs between urbanization policy and ecological construction: impacts on carbon balance in the Yangtze River Basin,ECOLOGICAL INDICATORS
2025,August,wos,College of Business Administration,Scientific,Efficient photocatalytic environmental detoxification and sustainable H2O2 production using Cs2TiBr6-ZnO supported on date palm seed derived activated carbon,JOURNAL OF WATER PROCESS ENGINEERING
2025,August,wos,College of Business Administration,Scientific,"Unpacking Energy Efficiency and Conservation Policies: A Multi-Method Analysis of Effectiveness, Drivers, and Where We Are Headed",SUSTAINABLE DEVELOPMENT
2025,August,wos,College of Business Administration,Scientific,Carbon Neutrality and Business Models: Mixed-Method Study of Business Strategies and Decarbonization Pathways,BUSINESS STRATEGY AND THE ENVIRONMENT
2025,August,wos,College of Business Administration,Scientific,Green Innovation as Business Strategy in Small Manufacturing Businesses: Artificial Intelligence and Blockchain Effects,BUSINESS STRATEGY AND THE ENVIRONMENT
2025,August,wos,College of Business Administration,Scientific,Modeling Volatility Dynamics in Emerging Markets: Novel Evidence From Large Set of Predictors,JOURNAL OF FORECASTING
2025,August,wos,College of Business Administration,Scientific,Between Sustainability Goals and the Bottom Line: A Moderated Mediation Model of Entrepreneurial Stress and Sustainability Behavior,CORPORATE SOCIAL RESPONSIBILITY AND ENVIRONMENTAL MANAGEMENT
2025,August,wos,College of Business Administration,Scientific,Enhancing wearable sensor data analysis for patient health monitoring using allied data disparity technique and multi instance ensemble perceptron learning,SCIENTIFIC REPORTS
2025,August,wos,College of Business Administration,Scientific,"Sustainable Meat Consumption: Values, Drivers, and Barriers-A Mixed-Method Study With Post hoc Qualitative Analysis",BUSINESS STRATEGY AND THE ENVIRONMENT
2025,August,wos,College of Business Administration,Scientific,Optimizing renewable energy use in residential buildings: A comprehensive study of intelligent systems,JOURNAL OF POWER SOURCES
2025,August,wos,College of Dentistry,Health-related / Medical,A hybrid convolutional neural network model for dental age estimation using buccal alveolar bone level for Saudi children,BMC ORAL HEALTH
2025,August,wos,College of Computer and Information Sciences,Scientific,KdV-based computer modeling of ion-acoustic solitons in complex plasmas with hot positrons and Bi-thermal electrons,CASE STUDIES IN THERMAL ENGINEERING
2025,August,wos,College of Computer and Information Sciences,Scientific,An efficient approach for mathematical modeling and parameter estimation of PEM fuel based on Young's double-slit experiment algorithm,SCIENTIFIC REPORTS
2025,August,wos,College of Computer and Information Sciences,Scientific,A hierarchical interaction multimodal model for feature fusion based on RoBERTa-Keyword-ViT,APPLIED INTELLIGENCE
2025,August,wos,College of Computer and Information Sciences,Scientific,"A graphene material-based wideband metamaterial absorber exploiting slotted substrate integrated waveguide (SIW) for multifarious terahertz applications: Design, analysis, and circuit modelling approach",DIAMOND AND RELATED MATERIALS
2025,August,wos,College of Computer and Information Sciences,Scientific,Classifying kidney disease using a dense layers deep learning model,SLAS TECHNOLOGY
2025,August,wos,College of Computer and Information Sciences,Scientific,DAME-IoV: Dynamic Adaptive Multi-Edge authentication protocol with post-quantum security for Internet of Vehicles,VEHICULAR COMMUNICATIONS
2025,August,wos,College of Computer and Information Sciences,Scientific,SNet: A novel convolutional neural network architecture for advanced endoscopic image classification of gastrointestinal disorders,SLAS TECHNOLOGY
2025,August,wos,College of Computer and Information Sciences,Scientific,A scalable deep attention mechanism of instance segmentation for the investigation of chromosome,SLAS TECHNOLOGY
2025,August,wos,College of Computer and Information Sciences,Scientific,Squeeze film lubrication between two different spheres: MHD- couple stress fluid model,INTERNATIONAL COMMUNICATIONS IN HEAT AND MASS TRANSFER
2025,August,wos,College of Computer and Information Sciences,Scientific,Federated learning-based anomaly detection for zero-day attack prevention in 6G network slices,COMPUTER NETWORKS
2025,August,wos,College of Computer and Information Sciences,Scientific,HY-Deepnet : A new Optimal Deep transfer learning empowered framework for an autonomous Alzheimer's disease detection and diagnosis system,ENGINEERING SCIENCE AND TECHNOLOGY-AN INTERNATIONAL JOURNAL-JESTECH
2025,August,wos,College of Computer and Information Sciences,Scientific,Message digest and blockchain based chaotic ordered cyber secured cloud of things for smart health care,PEER-TO-PEER NETWORKING AND APPLICATIONS
2025,August,wos,College of Computer and Information Sciences,Scientific,Convolutional transform learning based fusion framework for scale invariant long term target detection and tracking in unmanned aerial vehicles,SCIENTIFIC REPORTS
2025,August,wos,College of Computer and Information Sciences,Scientific,"Exploring the nexus: Hausman test application in tourism, globalization, and environmental sustainability- evidence of top 10 visited countries",HUMANITIES & SOCIAL SCIENCES COMMUNICATIONS
2025,August,wos,College of Computer and Information Sciences,Scientific,RETRACTION: Computerized Detection of Calcium Oxalate Crystal Progression,CRYSTALS
2025,August,wos,College of Computer and Information Sciences,Scientific,Transfer learning driven fake news detection and classification using large language models,SCIENTIFIC REPORTS
2025,August,wos,College of Computer and Information Sciences,Scientific,Network intrusion detection model using wrapper based feature selection and multi head attention transformers,SCIENTIFIC REPORTS
2025,August,wos,College of Computer and Information Sciences,Scientific,Regression machine learning-based highly efficient dual band MIMO antenna design for mm-Wave 5G application and gain prediction,SCIENTIFIC REPORTS
2025,August,wos,College of Computer and Information Sciences,Scientific,Diversity-oriented dynamic ensemble selection approach for multi-class road traffic injury severity predictions with interpretable insights,TRANSPORTMETRICA A-TRANSPORT SCIENCE
2025,August,wos,College of Computer and Information Sciences,Scientific,Aspects of thermal radiation for the second law analysis of magnetized Darcy-Forchheimer movement of Maxwell nanomaterials with Arrhenius energy effects,HIGH TEMPERATURE MATERIALS AND PROCESSES
2025,August,wos,College of Computer and Information Sciences,Scientific,DDoS classification of network traffic in software defined networking SDN using a hybrid convolutional and gated recurrent neural network,SCIENTIFIC REPORTS
2025,August,wos,College of Computer and Information Sciences,Scientific,Lateral flow and colorimetric assay for ketamine detection reinforced with deep learning model interfaced with mobile app for smart alert,MICROCHIMICA ACTA
2025,August,wos,College of Computer and Information Sciences,Scientific,Neural network framework for thermal performance of cross hybrid bio-nanofluid flow over a permeable cylinder subject to variable thermal conductivity,JOURNAL OF THERMAL ANALYSIS AND CALORIMETRY
2025,August,wos,College of Computer and Information Sciences,Scientific,Quantum computing empowering blockchain technology with post quantum resistant cryptography for multimedia data privacy preservation in cloud-enabled public auditing platforms,JOURNAL OF CLOUD COMPUTING-ADVANCES SYSTEMS AND APPLICATIONS
2025,August,wos,College of Computer and Information Sciences,Scientific,A Comprehensive Survey on Tiny Machine Learning for Human Behavior Analysis,IEEE INTERNET OF THINGS JOURNAL
2025,August,wos,College of Computer and Information Sciences,Scientific,Sliding mode synchronization control of delayed quaternion-valued neural networks and its application,JOURNAL OF THE FRANKLIN INSTITUTE
2025,August,wos,College of Computer and Information Sciences,Scientific,Automated detection of coastal erosion hotspots using deep learning algorithms and remote sensing techniques for improved coastal management,JOURNAL OF SOUTH AMERICAN EARTH SCIENCES
2025,August,wos,College of Computer and Information Sciences,Scientific,High resolution spatial modelling of soil parent material: An initial investigation study using random forest machine learning techniques,JOURNAL OF SOUTH AMERICAN EARTH SCIENCES
2025,August,wos,College of Sports Science and Physical Activity,Humanitarian ,Advanced low-thermal fortification strategy for dill juice: enhanced bioaccessibility and functional properties through MLP-RSM optimization,FRONTIERS IN NUTRITION
2025,August,wos,College of Sports Science and Physical Activity,Humanitarian ,Thermosonication-assisted fortification of kiwi juice with bee bread: enhancing nutritional and functional properties through ANFIS-RSM optimization,FRONTIERS IN NUTRITION
2025,August,wos,Health Sciences Research Centre,Health-related / Medical,"Integration of reduced graphene oxide, Fe-MOF and NiCe2O4 nanocomposite for high-performance energy and electrochemical sensing applications",DIAMOND AND RELATED MATERIALS
2025,August,wos,Health Sciences Research Centre,Health-related / Medical,Healthcare staff acceptance and satisfaction with automated medication dispensing cabinets: a neural network-based analysis,BMC HEALTH SERVICES RESEARCH
2025,August,wos,Arabic Language Teaching Institute for Non-Arabic Speakers,Humanitarian ,Improved chaotic fruit fly optimization with elman neural network based data-driven approach on product reviews classification,ALEXANDRIA ENGINEERING JOURNAL
