research_id,university,title,matched_terms,selected
http://hdl.handle.net/10754/691073,KAUST,Elucidating the Role of Contact-Induced Gap States and Passivation Molecules at Perovskite/Metal Contacts,,False
http://hdl.handle.net/10754/691069,KAUST,Enhanced Organic Electrochemical Transistor Performance of Donor–Acceptor Conjugated Polymers Modified with Hybrid Glycol/Ionic Side Chains by Postpolymerization Modification,,False
http://hdl.handle.net/10754/691064,KAUST,Semi-universal geo-crack detection by machine learning,machine learning; neural network,True
http://hdl.handle.net/10754/691054,KAUST,Structural Changes in Nonlocal Denoising Models Arising Through Bi-Level Parameter Learning,,False
http://hdl.handle.net/10754/691052,KAUST,Advances in One-Pot Chiral Amine Synthesis Enabled by Amine Transaminase Cascades: Pushing the Boundaries of Complexity,,False
http://hdl.handle.net/10754/691051,KAUST,Controlled Swelling of Monolithic Films as a Facile Approach to the Synthesis of UHMWPE Membranes,,False
http://hdl.handle.net/10754/691050,KAUST,Mechanism of bubbles formation and anomalous phase separation in the CoNiP system,,False
http://hdl.handle.net/10754/682324,KAUST,Domain Wall Propagation and Pinning Induced by Current Pulses in Cylindrical Modulated Nanowires,,False
http://hdl.handle.net/10754/691044,KAUST,Viral predation pressure on coral reefs,,False
http://hdl.handle.net/10754/691043,KAUST,Thymic function and survival at advance ages in nursing home residents from Southern Italy,,False
http://hdl.handle.net/10754/691037,KAUST,Crustose coralline algae can contribute more than corals to coral reef carbonate production,,False
http://hdl.handle.net/10754/691035,KAUST,Tuning the topology of a two-dimensional catenated DNA network,,False
http://hdl.handle.net/10754/673032,KAUST,Learning-based importance sampling via stochastic optimal control for stochastic reaction networks,neural network,True
http://hdl.handle.net/10754/690977,KAUST,Seasonality of methane and carbon dioxide emissions in tropical seagrass and unvegetated ecosystems,,False
http://hdl.handle.net/10754/690976,KAUST,Monolithic β-Ga2O3 NMOS IC based on heteroepitaxial E-mode MOSFETs,,False
http://hdl.handle.net/10754/690975,KAUST,"Quantitative haplotype-resolved analysis of mitochondrial DNA heteroplasmy in Human single oocytes, blastoids, and pluripotent stem cells",,False
http://hdl.handle.net/10754/690974,KAUST,Bayesian spatial modeling of childhood overweight and obesity prevalence in Costa Rica,,False
http://hdl.handle.net/10754/690969,KAUST,Nanoscale temperature sensing of electronic devices with calibrated scanning thermal microscopy,,False
http://hdl.handle.net/10754/690968,KAUST,Chromatin Immunoprecipitation in the Cnidarian Model System Exaiptasia diaphana,,False
http://hdl.handle.net/10754/690967,KAUST,"AtCIPK16, a CBL-interacting protein kinase gene, confers salinity tolerance in transgenic wheat",,False
http://hdl.handle.net/10754/690966,KAUST,An interconnect-free micro-electromechanical 7-bit arithmetic device for multi-operand programmable computing,,False
http://hdl.handle.net/10754/690965,KAUST,Rationale for highly efficient and outdoor-stable terpolymer solar cells,,False
http://hdl.handle.net/10754/690934,KAUST,Local Non-Similar Solution for Non-Isothermal Electroconductive Radiative Stretching Boundary Layer Heat Transfer with Aligned Magnetic Field,,False
http://hdl.handle.net/10754/690931,KAUST,Imaging-based intelligent spectrometer on a plasmonic rainbow chip,deep learning,True
http://hdl.handle.net/10754/690930,KAUST,Porous Organic Cages,,False
http://hdl.handle.net/10754/690928,KAUST,"Spatial and seasonal determinants of Lyme borreliosis incidence in France, 2016 to 2021.",,False
http://hdl.handle.net/10754/690927,KAUST,Data-driven future for nanofiltration: Escaping linearity,,False
http://hdl.handle.net/10754/690926,KAUST,The role of environmental impact assessment in the sustainable artificial island development: A Qatar's Island case study,,False
http://hdl.handle.net/10754/690924,KAUST,Micro-kinetics of ethylene and methane oxidation on platinum,,False
http://hdl.handle.net/10754/690736,KAUST,Thickness-tunable magnetic and electronic transport properties of the quasi-two-dimensional van der Waals ferromagnet Co0.27TaS2 with disordered intercalation,,False
http://hdl.handle.net/10754/690918,KAUST,Enhancing DNN models for EEG/ECoG BCI with a Novel Data-Driven Offline Optimization Method,machine learning; neural networks,True
http://hdl.handle.net/10754/690915,KAUST,Efficient training of spiking neural networks with temporally-truncated local backpropagation through time,neural networks,True
http://hdl.handle.net/10754/690914,KAUST,"Molecular characterization of Paenibacillus antarcticus IPAC21, a bioemulsifier producer isolated from Antarctic soil",,False
http://hdl.handle.net/10754/690910,KAUST,Holistic Variability Analysis in Resistive Switching Memories Using a Two-Dimensional Variability Coefficient,,False
http://hdl.handle.net/10754/690909,KAUST,Fluorescent copolymer aggregate sensor for lithium chloride,,False
http://hdl.handle.net/10754/690908,KAUST,High crystallinity N-polar InGaN layers grown on cleaved ScAlMgO4 substrates,,False
http://hdl.handle.net/10754/687137,KAUST,Engineered production of isoprene from the model green microalga Chlamydomonas reinhardtii,,False
http://hdl.handle.net/10754/690884,KAUST,Improved Homogeneous–Heterogeneous Kinetic Mechanism Using a Langmuir–Hinshelwood-Based Microkinetic Model for High-Pressure Oxidative Coupling of Methane,,False
http://hdl.handle.net/10754/690872,KAUST,User-Driven Design and Development of an Underwater Soft Gripper for Biological Sampling and Litter Collection,robotics,True
http://hdl.handle.net/10754/679156,KAUST,Volume conductor: interactive visibility management for crowded volumes,,False
http://hdl.handle.net/10754/690839,KAUST,Increasing the Ionization Energy Offset to Increase the Quantum Efficiency in Non-Fullerene Acceptor-Based Organic Solar Cells: How Far Can We Go?,,False
http://hdl.handle.net/10754/690835,KAUST,H∞ optimal frequency control in islanded AC microgrids: A zero-sum dynamic game approach,,False
http://hdl.handle.net/10754/690834,KAUST,"Multi-scale geophysical characterization of microporous carbonate reservoirs utilizing machine learning techniques: An analog case study from an upper Jubaila formation outcrop, Saudi Arabia",machine learning; random forest,True
http://hdl.handle.net/10754/690798,KAUST,Ca2FeOsO6/Sr2FeOsO6 superlattice: Multiferroicity above room temperature with giant hybrid-improper ferroelectric polarization and high photovoltaic efficiency,,False
http://hdl.handle.net/10754/690797,KAUST,Fluctuating sea-level and reversing Monsoon winds drive Holocene lagoon infill in Southeast Asia,,False
http://hdl.handle.net/10754/690794,KAUST,An artificial neural network-based performance model of triple-junction InGaP/InGaAs/Ge cells for the production estimation of concentrated photovoltaic systems,neural network,True
http://hdl.handle.net/10754/690792,KAUST,Isothermal Deep Ocean Compressed Air Energy Storage: An Affordable Solution for Seasonal Energy Storage,,False
http://hdl.handle.net/10754/690789,KAUST,Solar Fuel Production from Hydrogen Sulfide: An Upstream Energy Perspective,,False
http://hdl.handle.net/10754/690787,KAUST,Single-cell individual full-length mtDNA sequencing by iMiGseq uncovers unexpected heteroplasmy shifts in mtDNA editing,,False
http://hdl.handle.net/10754/690786,KAUST,Influence of active-site proximity in zeolites on Brønsted acid-catalyzed reactions at the microscopic and mesoscopic levels,,False
http://hdl.handle.net/10754/690785,KAUST,3D confocal imaging methodology optimized for pore space characterization of carbonates,,False
http://hdl.handle.net/10754/690783,KAUST,Decreasing hydraulic retention time of anaerobic membrane bioreactor: Effect on core genera and microbial contaminants removal,,False
http://hdl.handle.net/10754/690780,KAUST,"Hydrostatic, strike-slip and normal stress true triaxial hydrofracturing testing of Blanco Mera Granite: breakdown pressure and tensile strength assessment",,False
http://hdl.handle.net/10754/690777,KAUST,Genomic insights into the NPGS intermediate wheatgrass germplasm collection,,False
http://hdl.handle.net/10754/690776,KAUST,The effect of variations in cooling rates on mineral compositions in mid-ocean ridge basalts,,False
http://hdl.handle.net/10754/690775,KAUST,Energy performance of hybrid evaporative-vapor compression air conditioning systems for Saudi residential building stocks,,False
http://hdl.handle.net/10754/690737,KAUST,Seismic evidence for a 1000 km mantle discontinuity under the Pacific.,,False
http://hdl.handle.net/10754/690702,KAUST,"NMR Chemical Shifts of Emerging Green Solvents, Acids, and Bases for Facile Trace Impurity Analysis",,False
http://hdl.handle.net/10754/690701,KAUST,Genomics-driven breeding for local adaptation of durum wheat is enhanced by farmers’ traditional knowledge,,False
http://hdl.handle.net/10754/690698,KAUST,A transcriptomic signature of X chromosome overdosage in Saudi Klinefelter syndrome induced pluripotent stem cells,,False
http://hdl.handle.net/10754/690697,KAUST,Exploiting machine learning models to identify novel Alzheimer’s disease biomarkers and potential targets,machine learning; deep learning,True
http://hdl.handle.net/10754/676619,KAUST,Statistical analysis of extreme temperatures in India in the period 1951–2020,,False
http://hdl.handle.net/10754/688165,KAUST,"A Tailored COF for Visible-Light Photosynthesis of 2,3-Dihydrobenzofurans",,False
http://hdl.handle.net/10754/690684,KAUST,"Flexible Oxide Thin Film Transistors, Memristors, and Their Integration",internet of things; iot,True
http://hdl.handle.net/10754/690683,KAUST,The Changing Trend of Paediatric Emergency Department Visits in Malaysia Following the COVID-19 Pandemic,,False
http://hdl.handle.net/10754/680934,KAUST,Smooth monotone stochastic variational inequalities and saddle point problems: A survey,,False
http://hdl.handle.net/10754/679020,KAUST,Pan-genome inversion index reveals evolutionary insights into the subpopulation structure of Asian rice.,,False
http://hdl.handle.net/10754/686576,KAUST,Differentiable Imaging: A New Tool for Computational Optical Imaging,deep learning; neural networks,True
http://hdl.handle.net/10754/690656,KAUST,Bioengineering of air-filled protein nanoparticles by genetic and chemical functionalization.,,False
http://hdl.handle.net/10754/690650,KAUST,Elastic response of porous rock to accumulated slip on strike slip fault networks in geo-reservoirs,,False
http://hdl.handle.net/10754/690649,KAUST,Soot structure and flow characteristics in turbulent non-premixed methane flames stabilised on a bluff-body,,False
http://hdl.handle.net/10754/690648,KAUST,Numerical assessment and optimization of highly efficient lead-free hybrid double perovskite solar cell,,False
http://hdl.handle.net/10754/690602,KAUST,High-performance MTJ-based sensors for monitoring of atmospheric pollution,,False
http://hdl.handle.net/10754/690601,KAUST,Applications of Depth Minimization of Decision Trees Containing Hypotheses for Multiple-Value Decision Tables,machine learning,True
http://hdl.handle.net/10754/690600,KAUST,Cooling Energy and Climate Change Nexus in Arid Climate and the Role of Energy Transition,,False
http://hdl.handle.net/10754/690599,KAUST,Artificial Leaf for Solar-Driven Ammonia Conversion at Milligram-Scale Using Triple Junction III-V Photoelectrode,,False
http://hdl.handle.net/10754/690598,KAUST,Catch the Pitch of 5G FWA: EMF and Throughput Measurements of 3.5 GHz Standalone Deployment in a Baseball Stadium,,False
http://hdl.handle.net/10754/690597,KAUST,Updated guidelines for gene nomenclature in wheat,data mining,True
http://hdl.handle.net/10754/690595,KAUST,Experimental Assessment on the Coupling Effect of Mixing Length and Methane-Ammonia Blends on Flame Stability and Emissions,,False
http://hdl.handle.net/10754/689890,KAUST,"Bone-Marrow-Derived Mesenchymal Stem Cells, Their Conditioned Media, Protect against Cyclophosphamide-Induced Infertility in Rats",,False
http://hdl.handle.net/10754/690546,KAUST,A comprehensive benchmarking with practical guidelines for cellular deconvolution of spatial transcriptomics,,False
http://hdl.handle.net/10754/690545,KAUST,3D-Printed disposable nozzles for cost-efficient extrusion-based 3D bioprinting,,False
http://hdl.handle.net/10754/679348,KAUST,Observation of cnoidal wave localization in nonlinear topolectric circuits,,False
http://hdl.handle.net/10754/690537,KAUST,Tuning anticancer properties and DNA-binding of Pt(ii) complexes via alteration of nitrogen softness/basicity of tridentate ligands,,False
http://hdl.handle.net/10754/690528,KAUST,Flexible self-powered DUV photodetectors with high responsivity utilizing Ga2O3/NiO heterostructure on buffered Hastelloy substrates,,False
http://hdl.handle.net/10754/690525,KAUST,A learning-based image processing approach for pulse wave velocity estimation using spectrogram from peripheral pulse wave signals: An in silico study,machine learning,True
http://hdl.handle.net/10754/690510,KAUST,Nonparametric Test for Volatility in Clustered Multiple Time Series,,False
http://hdl.handle.net/10754/690509,KAUST,Consequence of products from oxidative coupling of methane in a non-oxidative high temperature environment,,False
http://hdl.handle.net/10754/690507,KAUST,Machine learning in microseismic monitoring,machine learning; big data,True
http://hdl.handle.net/10754/690506,KAUST,Interface dipole induced threshold voltage shift in the Al2O3/GaN heterostructure,,False
http://hdl.handle.net/10754/690504,KAUST,TriNet: A tri-fusion neural network for the prediction of anticancer and antimicrobial peptides,neural network,True
http://hdl.handle.net/10754/690503,KAUST,Emerging technologies for catalytic gasification of petroleum residue derived fuels for sustainable and cleaner fuel production-An overview,,False
http://hdl.handle.net/10754/690483,KAUST,A photo-responsive organic electrochemical transistor,,False
http://hdl.handle.net/10754/686637,KAUST,Poly(heptazine imide) ligand exchange enables remarkable low catalyst loadings in heterogeneous metallaphotocatalysis,,False
http://hdl.handle.net/10754/690422,KAUST,Molecular insights into the Darwin paradox of coral reefs from the sea anemone Aiptasia,,False
http://hdl.handle.net/10754/690420,KAUST,Variability in Resistive Memories,cryptography,True
http://hdl.handle.net/10754/690416,KAUST,Efficient in planta production of amidated antimicrobial peptides that are active against drug-resistant ESKAPE pathogens,,False
http://hdl.handle.net/10754/690412,KAUST,"Long-Term Response of Sand Subjected to Repetitive Simple Shear Loading: Shakedown, Ratcheting, and Terminal Void Ratio",,False
http://hdl.handle.net/10754/690411,KAUST,The Influence of Prenatal Exposure to Methamphetamine on the Development of Dopaminergic Neurons in the Ventral Midbrain,,False
http://hdl.handle.net/10754/690408,KAUST,A universal framework for single-cell multi-omics data integration with graph convolutional networks,,False
http://hdl.handle.net/10754/690407,KAUST,Preclinical models for prediction of immunotherapy outcomes and immune evasion mechanisms in genetically heterogeneous multiple myeloma.,,False
http://hdl.handle.net/10754/690406,KAUST,Mycobiome structure does not affect field litter decomposition in Eucalyptus and Acacia plantations,,False
http://hdl.handle.net/10754/690403,KAUST,Recent Advancements in Reconfigurable mmWave Devices Based on Phase-Change and Metal Insulator Transition Materials,,False
http://hdl.handle.net/10754/690400,KAUST,Fouling of Polyalkylmethylsiloxane Composite Membranes during Pervaporation Separation of ABE-Fermentation Mixtures,,False
http://hdl.handle.net/10754/669090,KAUST,Multigateway precoded NOMA in multibeam satellite multicast systems,,False
http://hdl.handle.net/10754/690351,KAUST,Semantic Segmentation of Mesoscale Eddies in the Arabian Sea: A Deep Learning Approach,deep learning; neural network,True
http://hdl.handle.net/10754/690349,KAUST,Abiotic selection of microbial genome size in the global ocean,,False
http://hdl.handle.net/10754/690347,KAUST,"Assessing the Built Environment’s Reflectivity, Flexibility, Resourcefulness, and Rapidity Resilience Qualities against Climate Change Impacts from the Perspective of Different Stakeholders",,False
http://hdl.handle.net/10754/690346,KAUST,Synthetic biology open language (SBOL) version 3.1.0,,False
http://hdl.handle.net/10754/690342,KAUST,Differential susceptibility of Red Sea Pocilloporidae corals to UVB highlights photoacclimation potential,,False
http://hdl.handle.net/10754/687547,KAUST,Down-converting luminescent optoelectronics and their applications,,False
http://hdl.handle.net/10754/676616,KAUST,Future projection of the African easterly waves in a high-resolution atmospheric general circulation model,,False
http://hdl.handle.net/10754/690309,KAUST,Process optimization and simulation of biodiesel synthesis from waste cooking oil through supercritical transesterification reaction without catalyst,,False
http://hdl.handle.net/10754/690252,KAUST,Mathematical Channel Modeling of Electromagnetic Waves in Biological Tissues for Wireless Body Communication,,False
http://hdl.handle.net/10754/690251,KAUST,"Salt-Tolerant Plants, Halophytes, as Renewable Natural Resources for Cancer Prevention and Treatment: Roles of Phenolics and Flavonoids in Immunomodulation and Suppression of Oxidative Stress towards Cancer Management",,False
http://hdl.handle.net/10754/690250,KAUST,A highly efficient broadband multi-functional metaplate,,False
http://hdl.handle.net/10754/690249,KAUST,Two-dimensional borocarbonitrides for photocatalysis and photovoltaics,,False
http://hdl.handle.net/10754/690248,KAUST,Impact of electrochemically generated iron on the performance of an anaerobic wastewater treatment process.,,False
http://hdl.handle.net/10754/690243,KAUST,Machine learning accelerated approach to infer nuclear magnetic resonance porosity for a middle eastern carbonate reservoir.,machine learning; neural network,True
http://hdl.handle.net/10754/690242,KAUST,Copper Organometallic Iodide Arrays for Efficient X-ray Imaging Scintillators,,False
http://hdl.handle.net/10754/690241,KAUST,An Effective Security Scheme for Attacks on Sample Value Messages in IEC 61850 Automated Substations,cybersecurity,True
http://hdl.handle.net/10754/690211,KAUST,In vitro and in silico evaluations of actinomycin X2and actinomycin D as potent anti-tuberculosis agents,,False
http://hdl.handle.net/10754/690176,KAUST,Salts as Additives: A Route to Improve Performance and Stability of n-Type Organic Electrochemical Transistors,,False
http://hdl.handle.net/10754/685768,KAUST,Dominance of Smartphone Exposure in 5G Mobile Networks,,False
http://hdl.handle.net/10754/690173,KAUST,Recent Advances in Nanomaterials Used for Wearable Electronics,internet of things; iot,True
http://hdl.handle.net/10754/690171,KAUST,Diabetic cardiomyopathy: The role of microRNAs and long non-coding RNAs,,False
http://hdl.handle.net/10754/690150,KAUST,"Inventions, innovations, and new technologies: Solar Desalination",,False
http://hdl.handle.net/10754/690113,KAUST,Adsorption-based capture of iodine and organic iodides: status and challenges,,False
http://hdl.handle.net/10754/690111,KAUST,A thermophilic chemolithoautotrophic bacterial consortium suggests a mutual relationship between bacteria in extreme oligotrophic environments,,False
http://hdl.handle.net/10754/690110,KAUST,"A comparison of para, meta, and ortho-carborane centred non-fullerene acceptors for organic solar cells",,False
http://hdl.handle.net/10754/690109,KAUST,Shallow Seafloor Sediments: Density and Shear Wave Velocity,,False
http://hdl.handle.net/10754/690074,KAUST,Reagent prediction with a molecular transformer improves reaction data quality,,False
http://hdl.handle.net/10754/690073,KAUST,Saudi Arabian basalt/CO2/brine wettability: Implications for CO2 geo-storage,,False
http://hdl.handle.net/10754/686095,KAUST,Computational network analysis of host genetic risk variants of severe COVID-19.,,False
http://hdl.handle.net/10754/690063,KAUST,Disparate population and holobiont structure of pocilloporid corals across the Red Sea gradient demonstrate species-specific evolutionary trajectories,,False
http://hdl.handle.net/10754/690062,KAUST,Using standardized fish-specific autonomous reef monitoring structures ( FARMS ) to quantify cryptobenthic fish communities,,False
http://hdl.handle.net/10754/690060,KAUST,The role of three-dimensional fault interactions in creating complex seismic sequences,,False
http://hdl.handle.net/10754/690055,KAUST,Research on the differential tectonic-thermal evolution of Longmaxi shale in the southern Sichuan Basin,,False
http://hdl.handle.net/10754/689998,KAUST,Ultrastructural and proteomic evidence for the presence of a putative nucleolus in an Archaeon,,False
http://hdl.handle.net/10754/689996,KAUST,Applications of deep learning in understanding gene regulation,deep learning,True
http://hdl.handle.net/10754/689995,KAUST,Microstructure-driven annihilation effects and dispersive excited state dynamics in solid-state films of a model sensitizer for photon energy up-conversion applications,,False
http://hdl.handle.net/10754/689994,KAUST,A comprehensive characterization of agronomic and end-use quality phenotypes across a quinoa world core collection,,False
http://hdl.handle.net/10754/689989,KAUST,Crosslinking of Branched PIM-1 and PIM-Py Membranes for Recovery of Toluene from Dimethyl Sulfoxide by Pervaporation,,False
http://hdl.handle.net/10754/689988,KAUST,In-situ forming dynamic covalently crosslinked nanofibers with one-pot closed-loop recyclability,,False
http://hdl.handle.net/10754/689987,KAUST,Mitigating the ecological collapse of coral reef ecosystems,,False
http://hdl.handle.net/10754/689986,KAUST,Genetic Variants in Protein Tyrosine Phosphatase Non-Receptor Type 23 Are Responsible for Mesiodens Formation,,False
http://hdl.handle.net/10754/689982,KAUST,Climate warming erodes tropical reef habitat through frequency and intensity of episodic hypoxia,,False
http://hdl.handle.net/10754/689981,KAUST,Elucidating the rate-determining step of ammonia decomposition on Ru-based catalysts using ab initio-grounded microkinetic modeling,,False
http://hdl.handle.net/10754/689980,KAUST,Pore-scale simulation of gas displacement after water flooding using three-phase lattice Boltzmann method,,False
http://hdl.handle.net/10754/689970,KAUST,Non-linear INAR(1) processes under an alternative geometric thinning operator,,False
http://hdl.handle.net/10754/689969,KAUST,"Modeling-aided coupling of catalysts, conditions, membranes, and reactors for efficient hydrogen production from ammonia",,False
http://hdl.handle.net/10754/689968,KAUST,"Medicinal chemistry perspective of pyrido[2,3-d]pyrimidines as anticancer agents",,False
http://hdl.handle.net/10754/689938,KAUST,New insights on the cardiovascular effects of IGF-1,,False
http://hdl.handle.net/10754/689910,KAUST,Treatment of Fly-Ash-Contaminated Wastewater Loaded with Heavy Metals by Using Fly-Ash-Synthesized Iron Oxide Nanoparticles,,False
http://hdl.handle.net/10754/689909,KAUST,Experimental and modelling study of syngas combustion in CO2 bath gas,,False
http://hdl.handle.net/10754/689908,KAUST,Prediction of particulate fouling in full-scale reverse osmosis plants using the modified fouling index – ultrafiltration (MFI-UF) method,,False
http://hdl.handle.net/10754/685829,KAUST,Atypical stability of exsolved Ni-Fe alloy nanoparticles on double layered perovskite for CO2 dry reforming of methane,,False
http://hdl.handle.net/10754/689905,KAUST,Bimetallic Fe-Co catalysts for the one step selective hydrogenation of CO2to liquid hydrocarbons,,False
http://hdl.handle.net/10754/680001,KAUST,PdZn/ZrO2+SAPO-34 bifunctional catalyst for CO2 conversion: Further insights by spectroscopic characterization,,False
http://hdl.handle.net/10754/689842,KAUST,miR-34c-3p Regulates Protein Kinase A Activity Independent of cAMP by Dicing prkar2b Transcripts in Theileria annulata-Infected Leukocytes,,False
http://hdl.handle.net/10754/689841,KAUST,Elucidating the photodissociation fingerprint and quantifying the determination of organic hydroperoxides in gas-phase autoxidation,,False
http://hdl.handle.net/10754/689840,KAUST,Recognizing the Shape and Size of Tundra Lakes in Synthetic Aperture Radar (SAR) Images Using Deep Learning Segmentation,deep learning,True
http://hdl.handle.net/10754/681242,KAUST,Conical focusing: mechanism for singular jetting from collapsing drop-impact craters,,False
http://hdl.handle.net/10754/689836,KAUST,"Poly(ε-Caprolactone)-Poly(Ethylene Glycol) Tri-Block Copolymer as Quercetin Delivery System for Human Colorectal Carcinoma Cells: Synthesis, Characterization and In Vitro Study",,False
http://hdl.handle.net/10754/689835,KAUST,(LaCrO3)m/SrCrO3 superlattices as transparent p-type semiconductors with finite magnetization,,False
http://hdl.handle.net/10754/689160,KAUST,Background signals in stimulated Raman scattering microscopy and current solutions to avoid them,,False
http://hdl.handle.net/10754/689159,KAUST,"Supercritical carbon dioxide extraction of oils from Andean lupin beans: Lab-scale performance, process scale-up, and economic evaluation",,False
http://hdl.handle.net/10754/689158,KAUST,Graphene-Like Monoelemental 2D Materials for Perovskite Solar Cells,,False
http://hdl.handle.net/10754/686308,KAUST,Low-pressure ethylene/air laminar premixed flames: characterisations and soot diagnostics,,False
http://hdl.handle.net/10754/679868,KAUST,Maximizing Active Fe Species in ZSM-5 Zeolite Using Organic-Template-Free Synthesis for Efficient Selective Methane Oxidation,,False
http://hdl.handle.net/10754/689152,KAUST,Gene Editing of Primary Rhesus Macaque B Cells,,False
http://hdl.handle.net/10754/680166,KAUST,A Time Domain Volume Integral Equation Solver to Analyze Electromagnetic Scattering from Nonlinear Dielectric Objects,,False
http://hdl.handle.net/10754/686578,KAUST,Invisible touch sensors-based smart and disposable door locking system for security applications,,False
http://hdl.handle.net/10754/689139,KAUST,Linker histone H1 modulates defense priming and immunity in plants,,False
http://hdl.handle.net/10754/679783,KAUST,Elucidating the promoting role of Ca on PdZn/CeO2 catalyst for CO2 valorization to methanol,,False
http://hdl.handle.net/10754/689089,KAUST,Emerging Two-Dimensional Materials-Based Electrochemical Sensors for Human Health and Environment Applications,,False
http://hdl.handle.net/10754/688981,KAUST,Synthesis and Characterization of Well-Defined High-Molecular-Weight PDLA-b-PLLA and PDLA-b-PLLA-b-PDLA Stereo-Block Copolymers,,False
http://hdl.handle.net/10754/688475,KAUST,"FrangiPANe, a tool for creating a panreference using left behind reads",,False
http://hdl.handle.net/10754/688192,KAUST,Influence of organics and gas mixing on hydrogen/brine and methane/brine wettability using Jordanian oil shale rocks: Implications for hydrogen geological storage,,False
http://hdl.handle.net/10754/688188,KAUST,Tunable Photoinduced Charge Transfer at the Interface between Benzoselenadiazole-Based MOF Linkers and Thermally Activated Delayed Fluorescence Chromophore,,False
http://hdl.handle.net/10754/688186,KAUST,Spray-Deposited Aluminum-Doped Zinc Oxide as an Efficient Electron Transport Layer for Inverted Organic Solar Cells,,False
http://hdl.handle.net/10754/688184,KAUST,Where land meets sea: Intertidal areas as key-habitats for sharks and rays,,False
http://hdl.handle.net/10754/688179,KAUST,SHQ1-associated neurodevelopmental disorder: Report of the first homozygous variant in unrelated patients and review of the literature.,,False
http://hdl.handle.net/10754/687337,KAUST,Molecular Bridges Link Monolayers of Hexagonal Boron Nitride during Dielectric Breakdown,,False
http://hdl.handle.net/10754/688167,KAUST,Three-dimensional simulation of wormhole propagation in fractured-vuggy carbonate rocks during acidization,,False
http://hdl.handle.net/10754/688164,KAUST,Enzyme adaptation to habitat thermal legacy shapes the thermal plasticity of marine microbiomes,,False
http://hdl.handle.net/10754/688158,KAUST,Decoding Algorithms and HW Strategies to Mitigate Uncertainties in a PCM-Based Analog Encoder for Compressed Sensing,deep learning,True
http://hdl.handle.net/10754/688157,KAUST,Quantification of Methylisothiazolinone and Methylchloroisothiazolinone Preservatives by High-Performance Liquid Chromatography,,False
http://hdl.handle.net/10754/688156,KAUST,Disturbance of primary producer communities disrupts the thermal limits of the associated aquatic fauna.,,False
http://hdl.handle.net/10754/688155,KAUST,Oxy-methane combustion characteristics in a vertical porous plate reactor,,False
http://hdl.handle.net/10754/674927,KAUST,State-dependent importance sampling for estimating expectations of functionals of sums of independent random variables,,False
http://hdl.handle.net/10754/688150,KAUST,How does heat stress affect sponge microbiomes? Structure and resilience of microbial communities of marine sponges from different habitats,,False
http://hdl.handle.net/10754/688146,KAUST,Assessing the impact of climate conditions on the distribution of mosquito species in Qatar,,False
http://hdl.handle.net/10754/688145,KAUST,Direct analysis at temporal and molecular level of deactivating coke species formed on zeolite catalysts with diverse pore topologies,,False
http://hdl.handle.net/10754/688144,KAUST,"High-temperature mid-IR absorption and reaction kinetics of 2-methyl-1,3-dioxolane: An experimental and theoretical study",,False
http://hdl.handle.net/10754/688143,KAUST,"Sexual dimorphism in corallite size and modularity of a broadcast spawning coral, Porites lobata",,False
http://hdl.handle.net/10754/688140,KAUST,Compressed air seesaw energy storage: A solution for long-term electricity storage,,False
http://hdl.handle.net/10754/674928,KAUST,Decision Trees for Binary Subword-Closed Languages,,False
http://hdl.handle.net/10754/688040,KAUST,Growth of Large-Sized 2D Ultrathin SnSe Crystals with In-Plane Ferroelectricity,,False
http://hdl.handle.net/10754/688038,KAUST,"A Fouling Comparison Study of Algal, Bacterial and Humic Organic Matters in Seawater Desalination Pretreatment Using Ceramic UF Membranes",,False
http://hdl.handle.net/10754/688036,KAUST,Uncertainty quantification and optimization method applied to time-continuous geothermal energy extraction,,False
http://hdl.handle.net/10754/688034,KAUST,"Smart Energy Meters for Smart Grids, an Internet of Things Perspective",internet of things; iot,True
http://hdl.handle.net/10754/688018,KAUST,One-Pot Synthesis of CO2-Based Polylactide-b-Poly(ether carbonate)-b-Polylactide Triblock Copolymers and Their Mechanical Properties,,False
http://hdl.handle.net/10754/688014,KAUST,A wheat kinase and immune receptor form host-specificity barriers against the blast fungus.,,False
http://hdl.handle.net/10754/688013,KAUST,Quasilinear Polyglycidols by Triethyborane-Controlled Anionic Polymerization of Unprotected Glycidol,,False
http://hdl.handle.net/10754/688010,KAUST,Aging Effects on the Exciton Relaxation and Diffusion Processes in CsPbBr3 Nanocrystals,,False
http://hdl.handle.net/10754/688006,KAUST,Modeling frictional precursory phenomena using a wear-based rate- and state-dependent friction model in the laboratory,,False
http://hdl.handle.net/10754/687822,KAUST,Nitrogen Containing Heterocycles as Anticancer Agents: A Medicinal Chemistry Perspective,,False
http://hdl.handle.net/10754/687932,KAUST,NMR-Based Metabolomics: A New Paradigm to Unravel Defense-Related Metabolites in Insect-Resistant Cotton Variety through Different Multivariate Data Analysis Approaches,machine learning; deep learning; neural networks,True
http://hdl.handle.net/10754/687824,KAUST,Approximations of algorithmic and structural complexity validate cognitive-behavioral experimental results,artificial intelligence,True
http://hdl.handle.net/10754/687823,KAUST,"A previously unidentified fault revealed by the February 25, 2022 (Mw 6.1) Pasaman Earthquake, West Sumatra, Indonesia",,False
http://hdl.handle.net/10754/687821,KAUST,"Aerobic respiration, biochemical composition, and glycolytic responses to ultraviolet radiation in jellyfish Cassiopea sp",,False
http://hdl.handle.net/10754/687818,KAUST,A carbon cycling model shows strong control of seasonality and importance of sponges on the functioning of a northern Red Sea coral reef,,False
http://hdl.handle.net/10754/687816,KAUST,Underground Gravity Energy Storage: A Solution for Long-Term Energy Storage,,False
http://hdl.handle.net/10754/687815,KAUST,A protocol for the gram-scale synthesis of polyfluoroaryl sulfides via an SNAr step,,False
http://hdl.handle.net/10754/687810,KAUST,Highly active iron phosphide catalysts for selective electrochemical nitrate reduction to ammonia,,False
http://hdl.handle.net/10754/687324,KAUST,Nonlocal Spin Valves Based on Graphene/Fe3GeTe2 van der Waals Heterostructures,,False
http://hdl.handle.net/10754/687718,KAUST,Uncertainty Analysis of CO2 Storage in Deep Saline Aquifers Using Machine Learning and Bayesian Optimization,machine learning,True
http://hdl.handle.net/10754/687691,KAUST,Performance Optimization of Wearable Printed Human Body Temperature Sensor Based on Silver Interdigitated Electrode and Carbon-Sensing Film,robotics,True
http://hdl.handle.net/10754/687174,KAUST,Fluorido-bridged robust metal–organic frameworks for efficient C2H2/CO2 separation under moist conditions†,,False
http://hdl.handle.net/10754/687685,KAUST,Copper Iodide Inks for High-Resolution X-ray Imaging Screens,,False
http://hdl.handle.net/10754/687682,KAUST,Novel infrastructure for coral gardening and reefscaping,,False
http://hdl.handle.net/10754/687680,KAUST,Physiological responses induced by phospholipase C isoform 5 upon heat stress in Arabidopsis thaliana,,False
http://hdl.handle.net/10754/687665,KAUST,Polymorphic Hybrid CMOS-MTJ Logic Gates for Hardware Security Applications,,False
http://hdl.handle.net/10754/687580,KAUST,One-year outdoor operation of monolithic perovskite/silicon tandem solar cells,,False
http://hdl.handle.net/10754/687578,KAUST,Interactions of Catalytic Enzymes with n-Type Polymers for High-Performance Metabolite Sensors,,False
http://hdl.handle.net/10754/687577,KAUST,Implicit Perception of Differences between NLP-Produced and Human-Produced Language in the Mentalizing Network,natural language processing,True
http://hdl.handle.net/10754/687574,KAUST,Uncovering perturbations in human hematopoiesis associated with healthy aging and myeloid malignancies at single-cell resolution.,,False
http://hdl.handle.net/10754/687569,KAUST,Secreted Aspartyl Proteinases Targeted Multi-Epitope Vaccine Design for Candida dubliniensis Using Immunoinformatics,,False
http://hdl.handle.net/10754/685235,KAUST,Improving classification of correct and incorrect protein-protein docking models by augmenting the training set,machine learning,True
http://hdl.handle.net/10754/686305,KAUST,scAEGAN: Unification of single-cell genomics data by adversarial learning of latent space correspondences,,False
http://hdl.handle.net/10754/687551,KAUST,Interaction of human HelQ with DNA polymerase delta halts DNA synthesis and stimulates DNA single-strand annealing,,False
http://hdl.handle.net/10754/687550,KAUST,"DNA barcoding, dwelling morphology, and fecundity of the gall-forming shrimp Paratypton siebenrocki Balss, 1914 (Caridea: Palaemonidae)",,False
http://hdl.handle.net/10754/687549,KAUST,"Artificial Carbon Allotrope γ-Graphyne: Synthesis, Properties, and Applications",,False
http://hdl.handle.net/10754/687544,KAUST,Modulating stereoselectivity in allylic C(sp3)-H bond arylations via nickel and photoredox catalysis,,False
http://hdl.handle.net/10754/687543,KAUST,Si-doping induced electronic structure regulation of single-atom Fe sites for boosted CO2 electroreduction at low overpotentials,,False
http://hdl.handle.net/10754/687542,KAUST,"Effects of UV-C Irradiation and Vacuum Sealing on the Shelf-Life of Beef, Chicken and Salmon Fillets",,False
http://hdl.handle.net/10754/687541,KAUST,Effect of OH-Group Introduction on Gas and Liquid Separation Properties of Polydecylmethylsiloxane,,False
http://hdl.handle.net/10754/687486,KAUST,Graphdiyne aerogel architecture via a modified Hiyama coupling reaction for gas adsorption,,False
http://hdl.handle.net/10754/687482,KAUST,The protective role of nutritional antioxidants against oxidative stress in thyroid disorders,,False
http://hdl.handle.net/10754/687461,KAUST,"Extraction, Characterization, and Antioxidant Activity of Polysaccharides from Ajwa Seed and Flesh",,False
http://hdl.handle.net/10754/687457,KAUST,A novel method for dynamically altering the surface area of intracranial EEG electrodes.,,False
http://hdl.handle.net/10754/687450,KAUST,Transfer Functions of Ammonia and Partly Cracked Ammonia Swirl Flames,,False
http://hdl.handle.net/10754/687448,KAUST,A Low-Loss Impedance Transformer-Less Fish-Tail-Shaped MS-to-WG Transition for K-/Ka-/Q-/U-Band Applications,,False
http://hdl.handle.net/10754/687447,KAUST,Reducing non-radiative voltage losses in organic solar cells using molecular encapsulation,,False
http://hdl.handle.net/10754/687446,KAUST,"Flame Synthesis of Carbon and Metal-Oxide Nanoparticles: Flame Types, Effects of Combustion Parameters on Properties and Measurement Methods",,False
http://hdl.handle.net/10754/687445,KAUST,Covariance discriminative power of kernel clustering methods,,False
http://hdl.handle.net/10754/687421,KAUST,"Harnessing Folate-Functionalized Nasal Delivery of Dox–Erlo-Loaded Biopolymeric Nanoparticles in Cancer Treatment: Development, Optimization, Characterization, and Biodistribution Analysis",,False
http://hdl.handle.net/10754/683980,KAUST,"Structure and morphology of the Red Sea, from the mid-ocean ridge to the ocean-continent boundary",,False
http://hdl.handle.net/10754/687376,KAUST,HSFA1a modulates plant heat stress responses and alters the 3D chromatin organization of enhancer-promoter interactions.,,False
http://hdl.handle.net/10754/687373,KAUST,Insights on the role of L-lactate as a signaling molecule in skin aging.,,False
http://hdl.handle.net/10754/680495,KAUST,A selective laser-based sensor for fugitive methane emissions.,,False
http://hdl.handle.net/10754/687362,KAUST,Exploring the Potential Molecular Mechanisms of Interactions between a Probiotic Consortium and Its Coral Host,,False
http://hdl.handle.net/10754/687361,KAUST,Surface Modification of Hetero-phase Nanoparticles for Low-Cost Solution-Processable High-k Dielectric Polymer Nanocomposites,,False
http://hdl.handle.net/10754/687360,KAUST,An ELOVL2-Based Epigenetic Clock for Forensic Age Prediction: A Systematic Review,,False
http://hdl.handle.net/10754/687359,KAUST,Behind the scenes: How RNA orchestrates the epigenetic regulation of gene expression,,False
http://hdl.handle.net/10754/687350,KAUST,A Retrospective Analysis of National-Scale Agricultural Development in Saudi Arabia from 1990 to 2021,machine learning; neural networks,True
http://hdl.handle.net/10754/687339,KAUST,Defect Engineering of Disordered Carbon Anodes with Ultra-High Heteroatom Doping Through a Supermolecule-Mediated Strategy for Potassium-Ion Hybrid Capacitors.,,False
http://hdl.handle.net/10754/687335,KAUST,Exploring cell surface markers and cell-cell interactions of human breast milk stem cells,,False
http://hdl.handle.net/10754/687325,KAUST,Exponentially index modulated nanophotonic resonator for high-performance sensing applications,,False
http://hdl.handle.net/10754/687304,KAUST,From Lab to Technical CO2 Hydrogenation Catalysts: Understanding PdZn Decomposition,,False
http://hdl.handle.net/10754/687303,KAUST,Characterisation of Banana Plant Growth Using High-Spatiotemporal-Resolution Multispectral UAV Imagery,,False
http://hdl.handle.net/10754/687299,KAUST,Origin of congenital coronary arterio-ventricular fistulae from anomalous epicardial and myocardial development.,,False
http://hdl.handle.net/10754/687296,KAUST,Leveraging UAVs to Enable Dynamic and Smart Aerial Infrastructure for ITS and Smart Cities: An Overview,internet of things; iot,True
http://hdl.handle.net/10754/687297,KAUST,SentiTAM: Sentiments centered integrated framework for mobile learning adaptability in higher education,,False
http://hdl.handle.net/10754/687295,KAUST,Current-Induced Reversible Split of Elliptically Distorted Skyrmions in Geometrically Confined Fe3Sn2 Nanotrack,,False
http://hdl.handle.net/10754/687286,KAUST,Biosynthesized Zinc Oxide Nanoparticles Using Ziziphus Jujube Plant Extract Assisted by Ultrasonic Irradiation and Their Biological Applications,,False
http://hdl.handle.net/10754/676643,KAUST,Coupled Solution of Volume Integral and Hydrodynamic Equations to Analyze Electromagnetic Scattering from Composite Nanostructures,,False
http://hdl.handle.net/10754/679785,KAUST,A Generative Deep Learning Approach for Shape Recognition of Arbitrary Objects from Phaseless Acoustic Scattering Data,deep learning; neural network; neural networks,True
http://hdl.handle.net/10754/687250,KAUST,Lithiophilic hyperbranched Cu nanostructure for stable Li metal anodes,,False
http://hdl.handle.net/10754/687249,KAUST,Bio-SCAN V2: A CRISPR/dCas9-based lateral flow assay for rapid detection of theophylline,,False
http://hdl.handle.net/10754/687248,KAUST,A Thermal Microfluidic Actuator Based on a Novel Microheater,,False
http://hdl.handle.net/10754/687245,KAUST,Coral restoration patents are disconnected from academic research and restoration practitioners,,False
http://hdl.handle.net/10754/687242,KAUST,"Type 2 Diabetes Mellitus and its comorbidity, Alzheimer’s disease: Identifying critical microRNA using machine learning",machine learning,True
http://hdl.handle.net/10754/687241,KAUST,A singular value decomposition approach for detecting and delineating harmful algal blooms in the Red Sea,,False
http://hdl.handle.net/10754/687232,KAUST,Responses of Free-Living Planktonic Bacterial Communities to Experimental Acidification and Warming,,False
http://hdl.handle.net/10754/687231,KAUST,"Fragmentation, rafting, and drowning of a carbonate platform margin in a rift-basin setting",,False
http://hdl.handle.net/10754/675892,KAUST,Noncollinear antiferromagnetic textures driven high-harmonic generation from magnetic dynamics in the absence of spin-orbit coupling,,False
http://hdl.handle.net/10754/687228,KAUST,Carotenoid metabolism: New insights and synthetic approaches,,False
http://hdl.handle.net/10754/687227,KAUST,Post-Polymerization Modification of Fluoropolymers via UV Irradiation in the Presence of a Photoacid Generator,,False
http://hdl.handle.net/10754/687226,KAUST,An Approach towards Designing Logic Locking Using Shape-Perpendicular Magnetic Anisotropy-Double Layer MTJ,,False
http://hdl.handle.net/10754/687223,KAUST,Explainable machine learning for unraveling solvent effects in polyimide organic solvent nanofiltration membranes,artificial intelligence; machine learning; neural network,True
http://hdl.handle.net/10754/687159,KAUST,A progeroid syndrome caused by a deep intronic variant in TAPT1 is revealed by RNA/SI-NET sequencing,,False
http://hdl.handle.net/10754/687147,KAUST,A Preliminary Report of Plastic Ingestion by Hawksbill and Green Turtles in the Saudi Arabian Red Sea,,False
http://hdl.handle.net/10754/687146,KAUST,"A Comparison of Spatial and Nonspatial Methods in Statistical Modeling of NO2: Prediction Accuracy, Uncertainty Quantification, and Model Interpretation",,False
http://hdl.handle.net/10754/677941,KAUST,"The effect of ash, water vapor, and heterogeneous chemistry on the evolution of a Pinatubo-size volcanic cloud",,False
http://hdl.handle.net/10754/687126,KAUST,The formation of HuR/YB1 complex is required for the stabilization of target mRNA to promote myogenesis.,,False
http://hdl.handle.net/10754/687119,KAUST,Constrained Clustering: General Pairwise and Cardinality Constraints,,False
http://hdl.handle.net/10754/687118,KAUST,Phase engineering in tantalum sulfide monolayers on Au(111),,False
http://hdl.handle.net/10754/687113,KAUST,A guide for the characterization of organic electrochemical transistors and channel materials,,False
http://hdl.handle.net/10754/687112,KAUST,In Situ Generation of n-Type Dopants by Thermal Decarboxylation,,False
http://hdl.handle.net/10754/687107,KAUST,Diamonds in the rough: Dryland microorganisms are ecological engineers to restore degraded land and mitigate desertification,,False
http://hdl.handle.net/10754/686995,KAUST,Self-organized sulfide-driven traveling pulses shape seagrass meadows,,False
http://hdl.handle.net/10754/687006,KAUST,An Unexpected Boron Rearrangement Leads to a Fluorogenic and Colorimetric BODIPY Probe,,False
http://hdl.handle.net/10754/686991,KAUST,Computational Studies of Auto-Active van der Waals Interaction Molecules on Ultra-Thin Black-Phosphorus Film,,False
http://hdl.handle.net/10754/686990,KAUST,A review of hydrogen production and supply chain modeling and optimization,,False
http://hdl.handle.net/10754/686989,KAUST,Machine Learning Prediction of Nanoparticle Transport with Two-Phase Flow in Porous Media,machine learning; neural networks; random forest,True
http://hdl.handle.net/10754/686987,KAUST,Effect of combining UV-C irradiation and vacuum sealing on the shelf life of fresh strawberries and tomatoes,,False
http://hdl.handle.net/10754/686984,KAUST,Nanoscopic Characterization of Cell Migration under Flow Using Optical and Electron Microscopy,,False
http://hdl.handle.net/10754/686982,KAUST,Structure and fracture characterization of the Jizan group: Implications for subsurface CO2 basalt mineralization,,False
http://hdl.handle.net/10754/686928,KAUST,Outcome of Transplant Recipients Infected with Omicron BA.1 and BA.2: A Single-Center Retrospective Study in Saudi Arabia,,False
http://hdl.handle.net/10754/686910,KAUST,Broad-angle coherent perfect absorption-lasing and super-collimation in two-dimensional non-Hermitian photonic crystals,,False
http://hdl.handle.net/10754/686860,KAUST,The gyrfalcon (Falcon rusticolus) genome,,False
http://hdl.handle.net/10754/686859,KAUST,A novel feed rate scheduling method with acc-jerk-Continuity and round-off error elimination for NURBS interpolation,,False
http://hdl.handle.net/10754/686855,KAUST,Towards Tough Thermoplastic Adhesive Tape by Microstructuring the Tape Using Tailored Defects,,False
http://hdl.handle.net/10754/686850,KAUST,New Self-Isolated Wideband MIMO Antenna System for 5G mm-Wave Applications using Slot Characteristics,,False
http://hdl.handle.net/10754/686843,KAUST,Prospects and applications of on-chip lasers,,False
http://hdl.handle.net/10754/686842,KAUST,Case report: tracking data from foraging hawksbill turtles in the northern Red Sea,,False
http://hdl.handle.net/10754/686800,KAUST,"Ligand-controlled stereodivergent alkenylation of alkynes to access functionalized trans- and cis-1,3-dienes",,False
http://hdl.handle.net/10754/686780,KAUST,Cell phenotype changes and oxidative stress response in Vibrio spp. induced into viable but non-culturable (VBNC) state,,False
http://hdl.handle.net/10754/686776,KAUST,Alkaloids as potential antivirals. A comprehensive review,,False
http://hdl.handle.net/10754/676744,KAUST,Machine learning for knowledge acquisition and accelerated inverse-design for non-Hermitian systems,machine learning; deep learning,True
http://hdl.handle.net/10754/686749,KAUST,Directly and instantly seeing through random diffusers by self-imaging in scattering speckles,,False
http://hdl.handle.net/10754/686742,KAUST,Compatible Solution-Processed Interface Materials for Improved Efficiency of Polymer Solar Cells,,False
http://hdl.handle.net/10754/691095,KAUST,Adsorption of Brilliant Blue Dye on Biochar from the Macroalgae Cladophora glomerata,,False
http://hdl.handle.net/10754/677951,KAUST,High Dimensional Statistical Estimation under Uniformly Dithered One-bit Quantization,,False
http://hdl.handle.net/10754/691038,KAUST,Editorial: Medical knowledge-assisted machine learning technologies in individualized medicine,machine learning,True
http://hdl.handle.net/10754/690992,KAUST,Effect of Cation Chloride Concentration on the Dissolution Rates of Basaltic Glass and Labradorite at pH 3.6 and 25°C and Applica-Tion to Subsurface Carbon Storage,,False
http://hdl.handle.net/10754/690989,KAUST,Explainable and Robust Artificial Intelligence for Trustworthy Resource Management in 6G Networks,artificial intelligence,True
http://hdl.handle.net/10754/690970,KAUST,"Mpox virus infects and injures human kidney organoids, but responding to antiviral treatment",,False
http://hdl.handle.net/10754/690962,KAUST,Greener electrochemical plating of ABS polymer with unprecedented adhesion via hierarchical micro–nanotexturing,,False
http://hdl.handle.net/10754/690686,KAUST,Phylogenetics and taxonomy of the scleractinian coral family Euphylliidae,,False
http://hdl.handle.net/10754/690932,KAUST,Ultra-Green Relay Transmission with Wireless Power Transfer for Advanced IoT: Session-Specific Analysis and Optimization,internet of things; iot,True
http://hdl.handle.net/10754/690929,KAUST,Gene therapy restores the transcriptional program of hematopoietic stem cells in Fanconi anemia,,False
http://hdl.handle.net/10754/690912,KAUST,Visualization and Visual Analytics Approaches for Image and Video Datasets: A Survey,artificial intelligence; deep learning,True
http://hdl.handle.net/10754/690882,KAUST,Towards a global biogeography of the glacier-fed stream benthic microbiome,,False
http://hdl.handle.net/10754/690881,KAUST,Optimization of binding affinities in chemical space with generative pretrained transformer and deep reinforcement learning,,False
http://hdl.handle.net/10754/678013,KAUST,A Strongly Mass Conservative Method for the Coupled Brinkman-Darcy Flow and Transport,,False
http://hdl.handle.net/10754/690852,KAUST,Multidimensional and multifunctional metasurface design using hybrid spin decoupling,,False
http://hdl.handle.net/10754/690850,KAUST,Factors affecting drilling incidents: Prediction of suck pipe by XGBoost model,,False
http://hdl.handle.net/10754/690843,KAUST,Zaxinone Mimics (MiZax) Efficiently Promote Growth and Production of Potato and Strawberry Plants under Desert Climate Conditions,,False
http://hdl.handle.net/10754/690836,KAUST,Multiscale Modeling of Sorption Kinetics,,False
http://hdl.handle.net/10754/690800,KAUST,Three-hop Underwater Wireless Communications: A Novel Relay Deployment Technique,internet of things,True
http://hdl.handle.net/10754/690796,KAUST,Crystalline monolayer graphdiyne synthesized in the MXene interlayer space,,False
http://hdl.handle.net/10754/690738,KAUST,Joint Trajectory Design and User Scheduling for Secure Aerial Underlay IoT Systems,internet of things; iot,True
http://hdl.handle.net/10754/690692,KAUST,Optimal RIS Partitioning and Power Control for Bidirectional NOMA Networks,,False
http://hdl.handle.net/10754/690682,KAUST,Generalization of learned Fourier-based phase-diversity wavefront sensing,neural network,True
http://hdl.handle.net/10754/690594,KAUST,Ferroelectricity in layered bismuth oxide down to 1 nanometer,,False
http://hdl.handle.net/10754/690529,KAUST,The effects of chemical and mechanical interactions on the thermodynamic pressure for mineral solid solutions,,False
http://hdl.handle.net/10754/672817,KAUST,Runtime Assurance for Safety-Critical Systems: An Introduction to Safety Filtering Approaches for Complex Control Systems,,False
http://hdl.handle.net/10754/690585,KAUST,Joint Demosaicing and Fusion of Multiresolution Coded Acquisitions: An Unified Image Formation and Reconstruction Method,,False
http://hdl.handle.net/10754/690583,KAUST,Introduction to the feature issue on augmented/virtual reality: optics & photonics,,False
http://hdl.handle.net/10754/690552,KAUST,AB-Gen: Antibody Library Design with Generative Pre-trained Transformer and Deep Reinforcement Learning,,False
http://hdl.handle.net/10754/690542,KAUST,Impact of Evanescence Process on Three-Dimensional Sub-Diffusion based Molecular Communication Channel,,False
http://hdl.handle.net/10754/690530,KAUST,Engineering grain boundaries in monolayer molybdenum disulfide for an efficient water/ion separation,,False
http://hdl.handle.net/10754/686857,KAUST,Resident Population Density-Inspired Deployment of K-tier Aerial Cellular Network,,False
http://hdl.handle.net/10754/690524,KAUST,Editorial: Recent advances and challenges in electron microscopy characterizations of radiation-sensitive nanoparticles.,,False
http://hdl.handle.net/10754/690415,KAUST,Fully Printed Dual-Layer Depolarizing Chipless RFID Tag for Wearable Applications,,False
http://hdl.handle.net/10754/690405,KAUST,Role of Strontium on Sensitization and Unusual Passivation Behavior of a 5xxx Series Aluminum Alloy Containing a Trace Amount of Chromium,,False
http://hdl.handle.net/10754/690401,KAUST,Customizable Graphite-on-Paper based Keypads: Toward Disposable and Recyclable Wireless Human-Machine Interfaces,,False
http://hdl.handle.net/10754/690396,KAUST,Nanometer-thick crystalline and amorphous zeolitic imidazolate framework films for membrane and patterning applications,,False
http://hdl.handle.net/10754/690387,KAUST,Charging and Wake-Up of IoT Devices using Harvested RF Energy with Near-Zero Power Consumption,internet of things; iot,True
http://hdl.handle.net/10754/686743,KAUST,DISPERSIVE SHOCKS IN DIFFUSIVE-DISPERSIVE APPROXIMATIONS OF ELASTICITY AND QUANTUM-HYDRODYNAMICS,,False
http://hdl.handle.net/10754/690350,KAUST,Data-Driven-Based Vector Space Decomposition Modeling of Multiphase Induction Machines,machine learning,True
http://hdl.handle.net/10754/690348,KAUST,Artificial Noise and RIS-Aided Physical Layer Security: Optimal RIS Partitioning and Power Control,wireless networks,True
http://hdl.handle.net/10754/690343,KAUST,Performance Analysis of Passive Retro-Reflector Based Tracking in Free-Space Optical Communications with Pointing Errors,,False
http://hdl.handle.net/10754/690264,KAUST,Palidis: fast discovery of novel insertion sequences.,,False
http://hdl.handle.net/10754/687721,KAUST,A Dominant Interferer plus Mean Field-based Approximation for SINR Meta Distribution in Wireless Networks,wireless network; wireless networks,True
http://hdl.handle.net/10754/690220,KAUST,A Comprehensive Empirical Study of Heterogeneity in Federated Learning,iot,True
http://hdl.handle.net/10754/676891,KAUST,Spin-Electric Coupling in Lead Halide Perovskites,,False
http://hdl.handle.net/10754/676836,KAUST,Effective model for studying optical properties of lead halide perovskites,,False
http://hdl.handle.net/10754/690162,KAUST,Joint Uplink and Downlink EMF Exposure: Performance Analysis and Design Insights,,False
http://hdl.handle.net/10754/690158,KAUST,DNA methylation signatures of Multiple Sclerosis occur independently of genetic risk and are primarily attributed to B cells and monocytes,,False
http://hdl.handle.net/10754/690152,KAUST,"Solar desalination: A review of recent developments in environmental, regulatory and economic issues",,False
http://hdl.handle.net/10754/690148,KAUST,BORD: A Biomedical Ontology based method for concept Recognition using Distant supervision: Application to Phenotypes and Diseases,machine learning,True
http://hdl.handle.net/10754/690140,KAUST,Audit to Forget: A Unified Method to Revoke Patients’ Private Data in Intelligent Healthcare,machine learning; deep learning,True
http://hdl.handle.net/10754/690130,KAUST,Effects of Observational Uncertainty and Models Similarity on Climate Change Projections,,False
http://hdl.handle.net/10754/690126,KAUST,Genome-wide association analysis uncovers novel rice blast resistance alleles,,False
http://hdl.handle.net/10754/690121,KAUST,Ideas and perspectives. The fluctuating nature of oxygen shapes the ecology of aquatic habitats and their biogeochemical cycles: the aquatic oxyscape,,False
http://hdl.handle.net/10754/667745,KAUST,Equivalence of measures and asymptotically optimal linear prediction for Gaussian random fields with fractional-order covariance operators,,False
http://hdl.handle.net/10754/690008,KAUST,Supervised Local Training with Backward Links for Deep Neural Networks,neural networks,True
http://hdl.handle.net/10754/689984,KAUST,Satellite-Aerial Communications With Multi-aircraft Interference,wireless networks,True
http://hdl.handle.net/10754/689983,KAUST,The dominant component of strong π-hole interactions: electrostatic attraction versus charge transfer.,,False
http://hdl.handle.net/10754/669170,KAUST,Analysis of a Class of Multilevel Markov Chain Monte Carlo Algorithms Based on Independent Metropolis–Hastings,,False
http://hdl.handle.net/10754/672026,KAUST,Secrecy-Capacity Bounds for Visible Light Communications With Signal-Dependent Noise,,False
http://hdl.handle.net/10754/689930,KAUST,Does zaxinone counteract strigolactones in shaping rice architecture?,,False
http://hdl.handle.net/10754/689934,KAUST,"The Design, Education and Evolution of a Robotic Baby",,False
http://hdl.handle.net/10754/689933,KAUST,All-Photonic Magnetic Resonance in Silicon Nanoparticles,,False
http://hdl.handle.net/10754/689896,KAUST,"A laser-based sensor for selective detection of benzene, acetylene, and carbon dioxide in the fingerprint region",,False
http://hdl.handle.net/10754/688180,KAUST,UAV-Aided Post-Disaster Cellular Networks: A Novel Stochastic Geometry Approach,,False
http://hdl.handle.net/10754/689889,KAUST,Personalized and privacy-preserving federated heterogeneous medical image analysis with PPPML-HMI,neural networks,True
http://hdl.handle.net/10754/689872,KAUST,Engineered ketocarotenoid biosynthesis in the polyextremophilic red microalga Cyanidioschyzon merolae 10D,,False
http://hdl.handle.net/10754/689837,KAUST,ZyPR: End-to-End Build Tool and Runtime Manager for Partial Reconfiguration of FPGA SoCs at the Edge,,False
http://hdl.handle.net/10754/665796,KAUST,Bayesian Estimation of Two-Part Joint Models for a Longitudinal Semicontinuous Biomarker and a Terminal Event with R-INLA: Interests for Cancer Clinical Trial Evaluation,,False
http://hdl.handle.net/10754/680164,KAUST,Max-Min SINR Optimization for RIS-aided Uplink Communications with Green Constraints,,False
http://hdl.handle.net/10754/688062,KAUST,A combined statistical and machine learning approach for spatial prediction of extreme wildfire frequencies and sizes,machine learning,True
http://hdl.handle.net/10754/678905,KAUST,A finite-difference ghost-point multigrid method for multi-scale modelling of sorption kinetics of a surfactant past an oscillating bubble,,False
http://hdl.handle.net/10754/681468,KAUST,Iceland Kinematics from InSAR,,False
http://hdl.handle.net/10754/688193,KAUST,Editorial: Advanced data-driven methods for monitoring solar and wind energy systems,,False
http://hdl.handle.net/10754/688182,KAUST,"Prevalence of Trypanosoma cruzi, the Etiologic Agent of Chagas Disease, Infection in Texas Skunks (Mammalia: Mephitidae)",,False
http://hdl.handle.net/10754/688181,KAUST,A Trend of AI Conference Convergence in Similarity: An Empirical Study Through Trans-Temporal Heterogeneous Graph,machine learning; computer science,True
http://hdl.handle.net/10754/681743,KAUST,WPAD: Waiting Patiently for an Announced Disaster,,False
http://hdl.handle.net/10754/688154,KAUST,Facile integration of giant exchange bias in Fe5GeTe2/oxide heterostructures by atomic layer deposition,,False
http://hdl.handle.net/10754/688151,KAUST,Knowledge-aware Global Reasoning for Situation Recognition,neural networks,True
http://hdl.handle.net/10754/688037,KAUST,General Online Current-Harmonic Generation for Increased Torque Capability With Minimum Stator Copper Loss in Fault-Tolerant Multiphase Induction Motor Drives,,False
http://hdl.handle.net/10754/688012,KAUST,Reconfigurable superdirective beamshaping using a PTX-synthesis metasurface,,False
http://hdl.handle.net/10754/687929,KAUST,Post-Synthetic Surface Modification of Metal-Organic Frameworks and Their Potential Applications.,,False
http://hdl.handle.net/10754/687935,KAUST,Toward Immersive Underwater Cloud-Enabled Networks: Prospects and Challenges,,False
http://hdl.handle.net/10754/687933,KAUST,Physics-Informed Deep Neural Network for Backward-in-Time Prediction: Application to Rayleigh–Bénard Convection,neural network,True
http://hdl.handle.net/10754/687738,KAUST,Cultivation of the polyextremophile Cyanidioschyzon merolae 10D during summer conditions on the coast of the Red Sea and its adaptation to hypersaline sea water,,False
http://hdl.handle.net/10754/687735,KAUST,Marine picoplankton metagenomes from eleven vertical profiles obtained by the Malaspina Expedition in the tropical and subtropical oceans,,False
http://hdl.handle.net/10754/687732,KAUST,"Nano-kinematic indicators (Gulf of Aqaba, Saudi Arabia)",,False
http://hdl.handle.net/10754/687729,KAUST,"Modelling of tropospheric NO₂ using WRF-Chem with optimized temporal NOₓ emission profiles derived from in-situ observations – Comparisons to in-situ, satellite, and MAX-DOAS observations over central Europe",,False
http://hdl.handle.net/10754/687726,KAUST,Bacterial communities associated with corals out-planted on the Great Barrier Reef are inherently dynamic over space and time,,False
http://hdl.handle.net/10754/687686,KAUST,Data-driven framework for input/output lookup tables reduction: Application to hypersonic flows in chemical nonequilibrium,machine learning,True
http://hdl.handle.net/10754/687666,KAUST,Broadband single-cell-driven multifunctional metalensing,,False
http://hdl.handle.net/10754/687581,KAUST,BUSIFusion: Blind Unsupervised Single Image Fusion of Hyperspectral and RGB Images,computer vision,True
http://hdl.handle.net/10754/687579,KAUST,A Random-Supply Mean Field Game Price Model,,False
http://hdl.handle.net/10754/687576,KAUST,Space-Air-Ground-Sea Integrated Networks: Modeling and Coverage Analysis,,False
http://hdl.handle.net/10754/676051,KAUST,Unsupervised Learning of Temporal Abstractions with Slot-Based Transformers,,False
http://hdl.handle.net/10754/687548,KAUST,Rate-Splitting and Common Message Decoding in Hybrid Cloud/Mobile Edge Computing Networks,edge computing,True
http://hdl.handle.net/10754/687493,KAUST,Inkjet-Printed Ferrite Substrate Based Vialess Waveguide Phase Shifter,,False
http://hdl.handle.net/10754/687491,KAUST,Combined HW/SW Drift and Variability Mitigation for PCM-based Analog In-memory Computing for Neural Network Applications,neural network; neural networks,True
http://hdl.handle.net/10754/687478,KAUST,Simultaneous measurements of NH2 and major species and temperature with a novel excitation scheme in ammonia combustion at atmospheric pressure,,False
http://hdl.handle.net/10754/687467,KAUST,Aerial RIS-Aided Physical Layer Security: Optimal Deployment and Partitioning,wireless networks,True
http://hdl.handle.net/10754/687444,KAUST,Rate-Splitting Multiple Access for Uplink Massive MIMO With Electromagnetic Exposure Constraints,,False
http://hdl.handle.net/10754/687372,KAUST,Modifying the coherence of vertical-cavity surface-emitting lasers using chaotic cavities,,False
http://hdl.handle.net/10754/687370,KAUST,Synergistic multi-source ambient RF and thermal energy harvester for green IoT applications,internet of things; iot,True
http://hdl.handle.net/10754/667223,KAUST,Conex–Connect: Learning patterns in extremal brain connectivity from MultiChannel EEG data,,False
http://hdl.handle.net/10754/687354,KAUST,Improving the Performance of Antenna-on-Chip by Effectively Illuminating the Artificial Magnetic Conductors through Coupling Enhancement Structures,,False
http://hdl.handle.net/10754/687323,KAUST,Process-Aware Attacks on Medication Control of Type-I Diabetics Using Infusion Pumps,cybersecurity,True
http://hdl.handle.net/10754/687302,KAUST,On the Uplink SINR Meta Distribution of UAV-assisted Wireless Networks,wireless networks,True
http://hdl.handle.net/10754/687292,KAUST,FSM inspired unconventional Hardware Watermark using field-assisted SOT-MTJ,,False
http://hdl.handle.net/10754/687175,KAUST,Boosting Generic Visual-Linguistic Representation with Dynamic Contexts,,False
http://hdl.handle.net/10754/687160,KAUST,Differentiable Image Data Augmentation and Its Applications: A Survey,neural networks,True
http://hdl.handle.net/10754/687148,KAUST,Reverse chemical ecology approach for sustainable palm tree protection against invasive palm weevils,,False
http://hdl.handle.net/10754/687136,KAUST,Global biogeography of the smallest plankton across ocean depths,,False
http://hdl.handle.net/10754/686993,KAUST,An Opto-Electronic HfO x -Based Transparent Memristive Synapse for Neuromorphic Computing System,,False
http://hdl.handle.net/10754/686986,KAUST,Outage Analysis of Millimeter Wave RSMA Systems,,False
http://hdl.handle.net/10754/686985,KAUST,Performance of IRS-Aided FD Two-Way Communication Network With Imperfect SIC,,False
http://hdl.handle.net/10754/686854,KAUST,Detecting pediatric foot deformities using plantar pressure measurements: A semi-supervised approach,,False
http://hdl.handle.net/10754/686849,KAUST,Prediction of a complex delamination front using a general cohesive model,,False
http://hdl.handle.net/10754/686781,KAUST,Well-log information assisted high-resolution waveform inversion based on deep learning,deep learning; neural network,True
http://hdl.handle.net/10754/686740,KAUST,On Optimality of Gamma Approximation for Lognormal Shadowing Models,,False
http://hdl.handle.net/10754/691087,KAUST,Shifts in the coral microbiome in response to in situ experimental deoxygenation,,False
http://hdl.handle.net/10754/691083,KAUST,Optimal Evasive Path Planning with Velocity Constraint,robotics,True
http://hdl.handle.net/10754/691082,KAUST,Multi-modal Asymmetric Autoencoders for Massive Photo Collection Applications,neural network; iot,True
http://hdl.handle.net/10754/691079,KAUST,3D Autonomous Navigation of UAVs: An Energy-Efficient and Collision-Free Deep Reinforcement Learning Approach,neural network,True
http://hdl.handle.net/10754/691077,KAUST,Unsupervised Image Dataset Annotation Framework for Snow Covered Road Networks,computer vision,True
http://hdl.handle.net/10754/691076,KAUST,A Centralized Multi-String PV System Control with Multi-Dimensional MPPT Control,,False
http://hdl.handle.net/10754/691062,KAUST,Stabilizing Ruthenium Dioxide with Cation-Anchored Sulfate for Durable Oxygen Evolution in PEMWE,,False
http://hdl.handle.net/10754/691057,KAUST,A Holistic Approach to Include SiC and Design the Optimal Extrudate Catalyst for Hydrogen Production–Reforming Routes,,False
http://hdl.handle.net/10754/690985,KAUST,On the Stability and Characteristics of Biogas/Methane/Air Flames Fired by a Double Swirl Burner,,False
http://hdl.handle.net/10754/690982,KAUST,Disruption of the rice 4-DEOXYOROBANCHOL HYDROXYLASE unravels specific functions of canonical strigolactones,,False
http://hdl.handle.net/10754/690981,KAUST,Co2-Activated Graphitic Nanoplatelets for Gas Storage Applications,,False
http://hdl.handle.net/10754/690980,KAUST,Uncovering Sensor Faults in Wind Turbines: An Improved Multivariate Statistical Approach for Condition Monitoring Using Scada Data,,False
http://hdl.handle.net/10754/687395,KAUST,ChemGAPP: A tool for Chemical Genomics Analysis and Phenotypic Profiling,,False
http://hdl.handle.net/10754/690933,KAUST,Flexible gallium oxide electronics,,False
http://hdl.handle.net/10754/690907,KAUST,Heart disease Prediction using Machine Learning,machine learning,True
http://hdl.handle.net/10754/690880,KAUST,Towards Fake News Identification using Machine Learning,machine learning; natural language processing,True
http://hdl.handle.net/10754/677950,KAUST,SegTAD: Precise Temporal Action Detection via Semantic Segmentation,,False
http://hdl.handle.net/10754/690853,KAUST,Customized Conversational Recommender Systems,,False
http://hdl.handle.net/10754/690842,KAUST,Easy and Fast 4d Printing of Multifunctional Shape Memory Polymers Using Vat Photopolymerization,,False
http://hdl.handle.net/10754/690841,KAUST,Hydrogen Balloon Transportation: A Cheap and Efficient Mode to Transport Hydrogen,,False
http://hdl.handle.net/10754/690840,KAUST,On the behavior of renewable energy systems in buildings of three Saudi cities: Winter variabilities and extremes are critical,,False
http://hdl.handle.net/10754/690745,KAUST,Hydrocracking Mechanisms of Oxygenated Plastics and Vacuum Gasoil Blends,,False
http://hdl.handle.net/10754/690741,KAUST,Analysis and Verification of Islanding Detection Techniques for Grid-integrated PV Systems,,False
http://hdl.handle.net/10754/690689,KAUST,A Scalable Laser-Based Underwater Wireless Optical Communication Solution between Autonomous Underwater Vehicle Fleets,,False
http://hdl.handle.net/10754/672953,KAUST,A Resource Allocation Scheme for Energy Demand Management in 6G-enabled Smart Grid,internet of things; edge computing,True
http://hdl.handle.net/10754/690670,KAUST,A Stable Neural Network-Based Eikonal Tomography using Hard-Constrained Measurements,neural network; neural networks,True
http://hdl.handle.net/10754/690153,KAUST,Rice Gene Index (RGI): a comprehensive pan-genome database for comparative and functional genomics of Asian rice.,,False
http://hdl.handle.net/10754/690536,KAUST,Parameter Inversion in Geothermal Reservoir Using Markov Chain Monte Carlo and Deep Learning,deep learning,True
http://hdl.handle.net/10754/690535,KAUST,Self-Isolated Multiple-Input-Multiple-Output Antenna for mm-Wave Applications,,False
http://hdl.handle.net/10754/690488,KAUST,Interpretable Research Interest Shift Detection with Temporal Heterogeneous Graphs,neural network,True
http://hdl.handle.net/10754/690427,KAUST,Deep Reinforcement Learning Based Beamforming Codebook Design for RIS-aided mmWave Systems,,False
http://hdl.handle.net/10754/690426,KAUST,LEP-AD: Language Embedding of Proteins and Attention to Drugs predicts drug target interactions,,False
http://hdl.handle.net/10754/690410,KAUST,Paper-based Wearable Ultra-sensitive Strain Sensors for Fitness Monitoring,,False
http://hdl.handle.net/10754/690393,KAUST,On the Products from the Pyrolysis of Heavy Fuel and Vacuum Residue Oil,,False
http://hdl.handle.net/10754/690392,KAUST,DDOS attacks detection based on attention-deep learning and local outlier factor,deep learning,True
http://hdl.handle.net/10754/690253,KAUST,Investigating Separation Efficiency of Oil-in-Water Emulsions Subjected to an Acoustic Field,,False
http://hdl.handle.net/10754/690258,KAUST,Cloud Native Applications Profiling using a Graph Neural Networks Approach,neural network; neural networks,True
http://hdl.handle.net/10754/690254,KAUST,Advanced Hole Cleaning in Horizontal Wells: Experimental Investigation Supported by a Downhole Clamp-On Tool,,False
http://hdl.handle.net/10754/690223,KAUST,"Perpetual Motion Electric Truck, Transporting Cargo with Zero Fuel Costs",,False
http://hdl.handle.net/10754/690214,KAUST,"THz-band, Tbps MIMO Communications: A Joint Data Detection and Decoding Framework",,False
http://hdl.handle.net/10754/690208,KAUST,Locating CO2 Leakage in Subsurface Traps Using Bayesian Inversion and Deep Learning,deep learning,True
http://hdl.handle.net/10754/690207,KAUST,Improved Amott Tests Help Quantify Primary Driving Forces in Spontaneous Imbibition in Water-Wet and Oil-Wet Limestone Rock,,False
http://hdl.handle.net/10754/690205,KAUST,Minimizing Drill-String-Induced Wellbore Instability,,False
http://hdl.handle.net/10754/690204,KAUST,Fully Coupled Hydromechanical Approach for Flow in Fractured Rocks Using Darcy-Brinkman-Biot,,False
http://hdl.handle.net/10754/690203,KAUST,Drilling Monitoring System: Mud Motor Condition and Performance Evaluation,,False
http://hdl.handle.net/10754/690179,KAUST,High-resolution molecular fingerprinting in the 11.6-15 mu m range by a quasi-CW difference-frequency-generation laser source,,False
http://hdl.handle.net/10754/690168,KAUST,"Modeling the radiative, thermal and chemical microenvironment of 3D scanned corals",,False
http://hdl.handle.net/10754/690163,KAUST,Deep Multi-Input and Multi-Output Operator Networks Method for Optimal Control of Pdes,neural network,True
http://hdl.handle.net/10754/690156,KAUST,Electrochemical and Hydraulic Analysis of Thin-Film Composite and Cellulose Triacetate Membranes for Seawater Electrolysis Applications,,False
http://hdl.handle.net/10754/690155,KAUST,Photoelectrochemical Lithium Extraction,,False
http://hdl.handle.net/10754/690147,KAUST,Viscosity of Nanofluids Comprises of Titania Nanotubes and Ethylene Glycol/Water: Process Modeling and Optimization Using Response Surface Methodology,,False
http://hdl.handle.net/10754/690141,KAUST,Harnessing the strigolactone biosynthesis mutant lgs1 to combat food insecurity in Africa,,False
http://hdl.handle.net/10754/690139,KAUST,"Brazilian Energy Sector Secret: The Higher the Reservoir Level, the Higher the River Flow",,False
http://hdl.handle.net/10754/690133,KAUST,Integration of Apocarotenoid Profile and Expression Pattern of Carotenoid Cleavage Dioxygenases during Mycorrhization in Rice,,False
http://hdl.handle.net/10754/690123,KAUST,"Solution-Diffusion-Electromigration Approximation Model (Sde-A) for Strongly Charged, Weakly Charged and Effectively Uncharged Reverse Osmosis Membranes",,False
http://hdl.handle.net/10754/686477,KAUST,Pushing the Efficiency Limit Using Structured Sparse Convolutions,neural network; neural networks,True
http://hdl.handle.net/10754/689900,KAUST,A simple integral representation of the Fibonacci numbers,,False
http://hdl.handle.net/10754/689861,KAUST,A Textural Perspective on the Magmatic System and Eruptive Behaviour of Merapi Volcano,,False
http://hdl.handle.net/10754/689852,KAUST,Advisory System for Drilling Optimization Using Artificial Intelligence and In-Cutter Sensing Data,artificial intelligence; machine learning; neural network; big data,True
http://hdl.handle.net/10754/689851,KAUST,Convergence Rates of Average-Reward Multi-agent Reinforcement Learning via Randomized Linear Programming,,False
http://hdl.handle.net/10754/676886,KAUST,Accelerating Extremum Seeking Convergence by Richardson Extrapolation Methods,,False
http://hdl.handle.net/10754/689151,KAUST,Turning tissues into conducting matter.,,False
http://hdl.handle.net/10754/686868,KAUST,EZInterviewer: To Improve Job Interview Performance with Mock Interview Generator,,False
http://hdl.handle.net/10754/665113,KAUST,LC-NAS: Latency Constrained Neural Architecture Search for Point Cloud Networks,deep learning; robot,True
http://hdl.handle.net/10754/689470,KAUST,Reshaping Geostatistical Modeling and Prediction for Extreme-Scale Environmental Applications,,False
http://hdl.handle.net/10754/688142,KAUST,Heteroatom-containing degradable polymers by ring-opening metathesis polymerization,,False
http://hdl.handle.net/10754/687814,KAUST,Sensitivity of African Easterly Waves to Dust Forcing,,False
http://hdl.handle.net/10754/687667,KAUST,"Rock mechanical properties of immature, organic-rich source rocks and their relationships to rock composition and lithofacies",,False
http://hdl.handle.net/10754/687453,KAUST,Riemannian Geometry for Scientific Visualization,,False
http://hdl.handle.net/10754/678394,KAUST,Metabolic biomarkers in cancer,,False
http://hdl.handle.net/10754/687393,KAUST,"Local beamforming and back-projection of induced earthquakes in Helsinki, southern Finland",,False
http://hdl.handle.net/10754/687388,KAUST,AdvCat: Domain-Agnostic Robustness Assessment for Cybersecurity-Critical Applications with Categorical Inputs,machine learning; cybersecurity; intrusion detection,True
http://hdl.handle.net/10754/687387,KAUST,QuoGNN: Quotient Graph Neural Network for Urban Flow Forecasting,neural network,True
http://hdl.handle.net/10754/687383,KAUST,Reservoir Modeling and Optimization Based on Deep Learning with Application to Enhanced Geothermal Systems,deep learning; neural network,True
http://hdl.handle.net/10754/687363,KAUST,Feasibility Analysis of Hydrogen Storage in Depleted Natural Reservoirs Through a Multi-Phase Reservoir Simulator,,False
http://hdl.handle.net/10754/687138,KAUST,Performance of RIS-empowered NOMA-based D2D Communication under Nakagami-m Fading,,False
http://hdl.handle.net/10754/687166,KAUST,From ground motion simulations to landslide occurrence prediction,,False
http://hdl.handle.net/10754/681692,KAUST,Localization Coverage Analysis of THz Communication Systems with a 3D Array,,False
http://hdl.handle.net/10754/682327,KAUST,Joint Communication and Computation in Hybrid Cloud/Mobile Edge Computing Networks,edge computing,True
http://hdl.handle.net/10754/687124,KAUST,Growth modification via indium surfactant for InGaN/GaN green LED,,False
http://hdl.handle.net/10754/676838,KAUST,The potential method for price-formation models,machine learning; neural network,True
http://hdl.handle.net/10754/686906,KAUST,Perfect vortex beam generation with high numerical aperture in broadband UV-visible regime,,False
http://hdl.handle.net/10754/686905,KAUST,Highly efficient broadband anisotropic metasurface for cross polarization conversion operating in the terahertz band,,False
http://hdl.handle.net/10754/686904,KAUST,Uniform chirality enhanced optical responses via broadband achiral metasurfaces for bio-sensing applications,,False
http://hdl.handle.net/10754/686903,KAUST,All-dielectric trifunctional metadevices to efficiently structure ultraviolet light,,False
http://hdl.handle.net/10754/686902,KAUST,Deep-learning enabled modeling tool Meta-Magus for metadevice optimization and design,deep learning; neural network,True
http://hdl.handle.net/10754/686901,KAUST,Reconfigurable meta-devices platform based on stimuli-responsive materials,,False
http://hdl.handle.net/10754/686900,KAUST,Chromium-nanostructured metabsorber for tunable color filtering,,False
http://hdl.handle.net/10754/676871,KAUST,Kalman Filter Design for Intermittent Optical Wireless Communication Systems on Time Scales,,False
http://hdl.handle.net/10754/691072,KAUST,Effect of Methyl Orange on the Hydrogen Wettability of Sandstone Formation for Enhancing the Potential of Underground Hydrogen Storage,,False
http://hdl.handle.net/10754/691068,KAUST,DFT Study of the NO Reduction Mechanism on Ag/γ-Al2O3 Catalysts,,False
http://hdl.handle.net/10754/691063,KAUST,From electronic structure to model application of key reactions for gasoline/alcohol combustion: Hydrogen-atom abstractions by CH3Ȯ radical,,False
http://hdl.handle.net/10754/691053,KAUST,CdS/CdSe/CdS Spherical Quantum Wells with Near-Unity Biexciton Quantum Yield for Light-Emitting-Device Applications,,False
http://hdl.handle.net/10754/691042,KAUST,"Numerical Simulation of the High-Boosting Influence on Mixing, Combustion and Emissions of High-Power-Density Engine",,False
http://hdl.handle.net/10754/690971,KAUST,Toll-Like Receptor 3 Mediates Aortic Stenosis Through a Conserved Mechanism of Calcification.,,False
http://hdl.handle.net/10754/690964,KAUST,Intermolecular Interactions Mediated Nonflammable Electrolyte for High-Voltage Lithium Metal Batteries in Wide Temperature,,False
http://hdl.handle.net/10754/690961,KAUST,scJVAE: A novel method for integrative analysis of multimodal single-cell data,,False
http://hdl.handle.net/10754/690925,KAUST,Steam calcination of lime for CO2 capture,,False
http://hdl.handle.net/10754/688138,KAUST,Fast Bayesian inference of block Nearest Neighbor Gaussian models for large data,,False
http://hdl.handle.net/10754/690911,KAUST,Metal Oxide Aerogels: A New Horizon for Stabilizing Anodes in Rechargeable Zinc Metal Batteries,,False
http://hdl.handle.net/10754/690703,KAUST,Nitrogen-Based Magneto-ionic Manipulation of Exchange Bias in CoFe/MnN Heterostructures.,,False
http://hdl.handle.net/10754/690874,KAUST,An unconventional route for synthesis and solid-state processing of low-entangled Ultra-High Molecular Weight Isotactic Polypropylene,,False
http://hdl.handle.net/10754/690873,KAUST,Inhibitor and Activator: Dual Role of Subsurface Sulfide Enables Selective and Efficient Electro-Oxidation of Methanol to Formate on CuS@CuO Core-Shell Nanosheet Arrays,,False
http://hdl.handle.net/10754/690870,KAUST,Understanding the role of sorption and biodegradation in the removal of organic micropollutants by membrane aerated biofilm reactor (MABR) with different biofilm thickness,,False
http://hdl.handle.net/10754/690869,KAUST,Thermal management of natural gas production from coke oven gas by optimizing catalyst distribution and operation conditions,,False
http://hdl.handle.net/10754/690851,KAUST,Bioactive hybrid membrane-based cellulose acetate/bioactive glass/hydroxyapatite/carbon nanotubes nanocomposite for dental applications,,False
http://hdl.handle.net/10754/679923,KAUST,Multivariate Functional Outlier Detection using the FastMUOD Indices,,False
http://hdl.handle.net/10754/688185,KAUST,Enhanced Photoresponsivity UV-C Photodetectors Using a p–n Junction Based on Ultra-Wide-Band Gap Sn-Doped β-Ga2O3 Microflake/MnO Quantum Dots,,False
http://hdl.handle.net/10754/690799,KAUST,Capillary-induced self-crumpled and sulfur-deficient MoS2 nanosheets inhibit polysulfide cycling in lithium–sulfur batteries,,False
http://hdl.handle.net/10754/690795,KAUST,What drives the decadal variability in sea surface salinity and stratification over the tropical Indian Ocean?,,False
http://hdl.handle.net/10754/690793,KAUST,Backscatter of scalar variance in turbulent premixed flames,,False
http://hdl.handle.net/10754/690791,KAUST,End-to-end interpretable disease–gene association prediction,deep learning,True
http://hdl.handle.net/10754/690790,KAUST,Exploring the effect of intra-chain rigidity on mixed-gas separation performance of a Triptycene-Tröger's base ladder polymer (PIM-Trip-TB) by atomistic simulations,,False
http://hdl.handle.net/10754/690788,KAUST,Nickel-Сatalyzed Carbon–Selenium Bond Formations under Mild Conditions,,False
http://hdl.handle.net/10754/690784,KAUST,Wire density for a wetted-wire column,,False
http://hdl.handle.net/10754/690782,KAUST,Conservation status of upper-mesophotic octocoral habitats at Sporades Archipelago (Aegean Sea),,False
http://hdl.handle.net/10754/690781,KAUST,Boosting peroxymonosulfate activation by a novel bifunctional core-shell nanoreactor MnFe2O4@HZO for nitrilotris-methylenephosphonic acid removal,,False
http://hdl.handle.net/10754/690779,KAUST,Methane storage in metal-organic framework HKUST-1 with enhanced heat management using 3D printed metal lattices,,False
http://hdl.handle.net/10754/690778,KAUST,Characterization of non-ideal blending in infrared spectra of gasoline surrogates,,False
http://hdl.handle.net/10754/690740,KAUST,Suppressed phase segregation for triple-junction perovskite solar cells,,False
http://hdl.handle.net/10754/690739,KAUST,Tailor-Made White Photothermal Fabrics: a Bridge between Pragmatism and Aesthetic,,False
http://hdl.handle.net/10754/690655,KAUST,Efficient Near-Infrared Electroluminescence from Lanthanide-Doped Perovskite Quantum Cutters,,False
http://hdl.handle.net/10754/690704,KAUST,Hybrid 2D/CMOS microchips for memristive applications,neural networks,True
http://hdl.handle.net/10754/690700,KAUST,Atomically Dispersed NiNx Site with High Oxygen Electrocatalysis Performance Facilely Produced via a Surface Immobilization Strategy,,False
http://hdl.handle.net/10754/690699,KAUST,On-chip Diamond MEMS Magnetic Sensing through Multifunctionalized Magnetostrictive Thin Film,,False
http://hdl.handle.net/10754/690685,KAUST,"A wide range experimental and kinetic modeling study of the oxidation of 2,3-dimethyl-2-butene: Part 1",,False
http://hdl.handle.net/10754/690584,KAUST,An interpretive constrained linear model for ResNet and MgNet,neural network,True
http://hdl.handle.net/10754/675560,KAUST,Joint modeling and prediction of massive spatio-temporal wildfire count and burnt area data with the INLA-SPDE approach,,False
http://hdl.handle.net/10754/688059,KAUST,Similarity-based clustering for patterns of extreme values,,False
http://hdl.handle.net/10754/690658,KAUST,Nano-Strategies for Lignin Biomaterials towards Cancer Therapy,,False
http://hdl.handle.net/10754/690657,KAUST,Frankenstein’s data-driven computing approach to model-free mechanics,,False
http://hdl.handle.net/10754/690652,KAUST,Unique stratification of biofilm density in heterotrophic membrane-aerated biofilms: An experimental and modeling study,,False
http://hdl.handle.net/10754/690651,KAUST,Polyoxometalate-cyclodextrin supramolecular entities for real-time in situ monitoring of dopamine released from neuroblastoma cells,,False
http://hdl.handle.net/10754/690606,KAUST,Zero-dimensional Cu(i)-based organometallic halide with green cluster-centred emission for high resolution X-ray imaging screens,,False
http://hdl.handle.net/10754/690604,KAUST,Efficient capture of iodine and methyl iodide using all-silica EMM-17 zeolite,,False
http://hdl.handle.net/10754/690596,KAUST,Editorial Special Issue on Dielectrics for 2-D Electronics,,False
http://hdl.handle.net/10754/690593,KAUST,A Deep Recurrent Neural Network Framework for Swarm Motion Speed Prediction,neural network; neural networks; robots,True
http://hdl.handle.net/10754/690587,KAUST,Quartz–H2–Brine Bacterium Wettability under Realistic Geo-Conditions: Towards Geological Hydrogen Storage,,False
http://hdl.handle.net/10754/690586,KAUST,Giant Nonlinear Optical Response via Coherent Stacking of In-Plane Ferroelectric Layers,,False
http://hdl.handle.net/10754/690582,KAUST,Is photocatalytic hydrogen production closer to application?,,False
http://hdl.handle.net/10754/690547,KAUST,Ti3C2Tx MXene van der Waals gate contact for GaN high electron mobility transistors,,False
http://hdl.handle.net/10754/690544,KAUST,Experimental and Computational Fluid Dynamics Investigation of Mechanisms of Enhanced Oil Recovery via Nanoparticle-Surfactant Solutions,,False
http://hdl.handle.net/10754/690543,KAUST,Multimode Free-Vibration Decay Column: Small-Strain Stiffness and Attenuation,,False
http://hdl.handle.net/10754/690539,KAUST,On that most over Skinned of Improper Integrals,,False
http://hdl.handle.net/10754/690538,KAUST,Assembling CoAl-layered metal oxide into the gravity-driven catalytic membrane for Fenton-like catalytic degradation of pharmaceuticals and personal care products,,False
http://hdl.handle.net/10754/690520,KAUST,Visualization of Surface Charge Carrier Diffusion Lengths in Different Perovskite Crystal Orientations Using 4D Electron Imaging,,False
http://hdl.handle.net/10754/690508,KAUST,Cross-assembly confined bifunctional catalysis via non-covalent interactions for asymmetric halogenation,,False
http://hdl.handle.net/10754/690491,KAUST,Unlocking the desalination processes future roadmap,,False
http://hdl.handle.net/10754/690486,KAUST,A monolithic composite based on zeolite-like metal-organic framework@divinylbenzene polymer separates azeotropic fluorocarbon mixture efficiently.,,False
http://hdl.handle.net/10754/690485,KAUST,The effect of ammonia addition on soot nanostructure and composition in ethylene laminar flames,,False
http://hdl.handle.net/10754/690484,KAUST,Porous liquid metal-organic frameworks with selectively high gas solubility,,False
http://hdl.handle.net/10754/690482,KAUST,Inversion of river discharge from remotely sensed river widths: A critical assessment at three-thousand global river gauges,,False
http://hdl.handle.net/10754/690421,KAUST,Recombination in passivating contacts: Investigation into the impact of the contact work function on the obtained passivation,,False
http://hdl.handle.net/10754/690418,KAUST,Ultra-Highly Active Ni-Doped MOF-5 Heterogeneous Catalysts for Ethylene Dimerization.,,False
http://hdl.handle.net/10754/690417,KAUST,An overlooked soil carbon pool in vegetated coastal ecosystems: National-scale assessment of soil organic carbon stocks in coastal shelter forests of China.,,False
http://hdl.handle.net/10754/666189,KAUST,Test and Visualization of Covariance Properties for Multivariate Spatio-Temporal Random Fields,,False
http://hdl.handle.net/10754/690409,KAUST,miProBERT: identification of microRNA promoters based on the pre-trained model BERT.,,False
http://hdl.handle.net/10754/690402,KAUST,Sintering-free catalytic ammonia cracking by vertically standing 2D porous framework supported Ru nanocatalysts,,False
http://hdl.handle.net/10754/690388,KAUST,Large Numerical Aperture Metalens with High Modulation Transfer Function,,False
http://hdl.handle.net/10754/690345,KAUST,Light-Induced Bipolar Photoresponse with Amplified Photocurrents in Electrolyte-Assisted Bipolar p-n Junction,,False
http://hdl.handle.net/10754/690344,KAUST,Nucleation Stage for the Oriented Growth of Tantalum Sulfide Monolayers on Au(111),,False
http://hdl.handle.net/10754/690323,KAUST,Interstitial carbon-platinum electronic metal-support interaction structure boost synergistic removal of O3 and CH3SH via surface atomic oxygen,,False
http://hdl.handle.net/10754/690322,KAUST,"Biostratigraphy of the Numidian Formation and its underlying Tellian unit, based on calcareous nannofossils in Northern Tunisia: Implication on their stratigraphic vs. tectonic relationships",,False
http://hdl.handle.net/10754/690316,KAUST,Intelligent and smart biomaterials for sustainable 3D printing applications,,False
http://hdl.handle.net/10754/690313,KAUST,Nonvolatile Magnetoelectric Switching of Magnetic Tunnel Junctions with Dipole Interaction,,False
http://hdl.handle.net/10754/690312,KAUST,On the pursuit of emissions-free clean mobility - Electric vehicles versus e-fuels.,,False
http://hdl.handle.net/10754/685592,KAUST,Effects of water vapor addition on downstream interaction in CO/O2 counterflow premixed flames,,False
http://hdl.handle.net/10754/690255,KAUST,Two-step protocol for extrachromosomal array integration by MosTI in C. elegans using Cas9 protein,,False
http://hdl.handle.net/10754/678015,KAUST,Rationalizing the Influence of Tunable Energy Levels on Quantum Efficiency to Design Optimal Non-Fullerene Acceptor-Based Ternary Organic Solar Cells,,False
http://hdl.handle.net/10754/690221,KAUST,Ambivalent Role of Rotamers in Cyclic(alkyl)(amino)carbene Ruthenium Complexes for Enantioselective Ring-Opening Cross-Metathesis,,False
http://hdl.handle.net/10754/690219,KAUST,3D Printed Dry Electrodes for Electrophysiological Signal Monitoring: A Review,,False
http://hdl.handle.net/10754/690172,KAUST,A Z-scheme Heterojunctional Photocatalyst Engineered with Spatially Separated Dual Redox Sites for Selective CO2 Reduction with Water: Insight by in-situ μs-transient Absorption Spectra,,False
http://hdl.handle.net/10754/690151,KAUST,The evolution of feed spacer role in membrane applications for desalination and water treatment: A critical review and future perspective,,False
http://hdl.handle.net/10754/690112,KAUST,Recent Progress in Colloidal Quantum Dot Thermoelectrics,,False
http://hdl.handle.net/10754/690067,KAUST,Preferential Pyrolysis Construction of Carbon Anodes with 8400 h Lifespan for High-Energy-Density K-ion Batteries.,,False
http://hdl.handle.net/10754/690108,KAUST,"Winds and waves in the Arabian Gulf: physics, characteristics, and long-term hindcast",,False
http://hdl.handle.net/10754/690061,KAUST,Nonintrusive parameter adaptation of chemical process models with reinforcement learning,neural network,True
http://hdl.handle.net/10754/690059,KAUST,Water-ultrastable perovskite CsPbBr3 nanocrystals for fluorescence-enhanced cellular imaging,,False
http://hdl.handle.net/10754/689979,KAUST,Comparison of three different deconvolution methods for analyzing nanoindentation test data of hydrated cement paste,,False
http://hdl.handle.net/10754/689978,KAUST,b-Axis-Oriented ZSM-5 Nanosheets for Efficient Alkylation of Benzene with Methanol: Synergy of Acid Sites and Diffusion,,False
http://hdl.handle.net/10754/689973,KAUST,SARS-CoV-2 wastewater-based epidemiology in an enclosed compound: A 2.5-year survey to identify factors contributing to local community dissemination,,False
http://hdl.handle.net/10754/689932,KAUST,Highly Efficient CO Oxidation on Atomically Thin Pt Plates Supported on Irreducible Si 7 × 7,,False
http://hdl.handle.net/10754/689931,KAUST,Salt-Tolerant Crops: Time to Deliver,,False
http://hdl.handle.net/10754/689901,KAUST,Hybrid salt-enriched micro-sorbents for atmospheric water sorption,,False
http://hdl.handle.net/10754/689846,KAUST,One-step protocol for extrachromosomal array integration by MosTI in C. elegans,,False
http://hdl.handle.net/10754/689491,KAUST,Artificial phosphate solid electrolyte interphase enables stable MnO2 cathode for zinc ion batteries,,False
http://hdl.handle.net/10754/689486,KAUST,Selectively converting CO2 to HCOOH on Cu-alloys integrated in hematite-driven artificial photosynthetic cells,,False
http://hdl.handle.net/10754/689465,KAUST,Transcriptome analysis of the phosphate starvation response sheds light on strigolactone biosynthesis in rice,,False
http://hdl.handle.net/10754/689419,KAUST,Slow Spontaneous Efficiency Enhancement of Single-Crystal Perovskite Solar Cells Due to Trapped Solvent,,False
http://hdl.handle.net/10754/689161,KAUST,A multivariate modified skew-normal distribution,,False
http://hdl.handle.net/10754/686582,KAUST,"Ionic mononuclear [Fe] and heterodinuclear [Fe,Ru] bis(diphenylphosphino)alkane complexes: Synthesis, spectroscopy, DFT structures, cytotoxicity, and biomolecular interactions.",,False
http://hdl.handle.net/10754/689138,KAUST,The Microbial Growth Potential of Antiscalants used in Seawater Desalination,,False
http://hdl.handle.net/10754/689137,KAUST,Data-driven investigation of process solvent and membrane material on organic solvent nanofiltration,,False
http://hdl.handle.net/10754/689133,KAUST,N-donating and water-resistant Zn-carboxylate frameworks for humid carbon dioxide capture from flue gas,,False
http://hdl.handle.net/10754/688189,KAUST,Co-TiO2 supported on reduced graphene oxide as a highly active and stable photocatalyst for hydrogen generation,,False
http://hdl.handle.net/10754/688187,KAUST,A species-weighted flamelet/progress variable model with differential diffusion effects for oxy-fuel jet flames,,False
http://hdl.handle.net/10754/688183,KAUST,Electro osmotically flow of fourth-grade fluid in complex channel with porous medium and lubricated walls: applications in petroleum industry,,False
http://hdl.handle.net/10754/688173,KAUST,Elevating carbonium ion chemistry in zeolite catalysis,,False
http://hdl.handle.net/10754/688172,KAUST,Mid-IR absorption spectra of C1-C4 alkyl acetates at high temperatures,,False
http://hdl.handle.net/10754/688171,KAUST,Direct numerical simulation of particle-laden flow in an open channel at,,False
http://hdl.handle.net/10754/688169,KAUST,Metabolic Engineering for Efficient Ketocarotenoid Accumulation in the Green Microalga Chlamydomonas reinhardtii,,False
http://hdl.handle.net/10754/688166,KAUST,Interband transition probing of coherent acoustic phonons of gold/metal oxide core–shell nanoparticles,,False
http://hdl.handle.net/10754/688160,KAUST,Evaluating Improper Integrals using Laplace Transforms,,False
http://hdl.handle.net/10754/688149,KAUST,Combustion chemistry of aromatic hydrocarbons,,False
http://hdl.handle.net/10754/688148,KAUST,Reaction kinetics and implications of the decomposition and formation of C2H4O isomers,,False
http://hdl.handle.net/10754/688147,KAUST,An efficient discontinuous Galerkin - mixed finite element model for variable density flow in fractured porous media,,False
http://hdl.handle.net/10754/688039,KAUST,Combustion chemistry of ammonia/C1 fuels: A comprehensive kinetic modeling study,,False
http://hdl.handle.net/10754/676642,KAUST,A new avenue for Bayesian inference with INLA,big data,True
http://hdl.handle.net/10754/688035,KAUST,Modulating Photothermal Properties of Carbon Dots through Nitrogen Incorporation Enables Efficient Solar Water Evaporation,,False
http://hdl.handle.net/10754/688033,KAUST,Generalized fractional Wentzel–Kramers–Brillouin approximation for electron tunnelling across rough metal interface,,False
http://hdl.handle.net/10754/682058,KAUST,Energy Loss for Droplets Bouncing Off Superhydrophobic Surfaces,,False
http://hdl.handle.net/10754/688030,KAUST,Detecting Thermally-Induced Spinodal Decomposition with Picosecond Ultrasonics in Cast Austenitic Stainless Steels,,False
http://hdl.handle.net/10754/687928,KAUST,Highly Selective Photoelectroreduction of Carbon Dioxide to Ethanol over Graphene/Silicon Carbide Composites.,,False
http://hdl.handle.net/10754/688029,KAUST,Constructing Active B-N Sites in Carbon Nanosheets for High-Capacity and Fast Charging Toward Potassium Ion Storage,,False
http://hdl.handle.net/10754/688017,KAUST,Visualization of domain structure and piezoelectric energy harvesting in a ferroelectric metal-ligand cage.,,False
http://hdl.handle.net/10754/688016,KAUST,"An ordered, self-assembled nanocomposite with efficient electronic and ionic transport.",,False
http://hdl.handle.net/10754/688011,KAUST,Weak Solvent–Solvent Interaction Enables High Stability of Battery Electrolyte,,False
http://hdl.handle.net/10754/688008,KAUST,Laser-based sensing in the long-wavelength mid-infrared: chemical kinetics and environmental monitoring applications,,False
http://hdl.handle.net/10754/687931,KAUST,Expanding the genotype-phenotype landscape of PDE10A-associated movement disorders,,False
http://hdl.handle.net/10754/687827,KAUST,18.73% efficient and stable inverted organic photovoltaics featuring a hybrid hole-extraction layer.,,False
http://hdl.handle.net/10754/687826,KAUST,Blend membranes comprising polyetherimide and polyvinyl acetate with improved methane enrichment performance.,,False
http://hdl.handle.net/10754/687817,KAUST,Improved quantitative evaluation of the fouling potential in spacer-filled membrane filtration channels through a biofouling index based on the relative pressure drop,,False
http://hdl.handle.net/10754/687813,KAUST,Assessment of the interfacial properties of various mineral/hydrogen/water systems,,False
http://hdl.handle.net/10754/687809,KAUST,Metal impregnated activated carbon as cost-effective and scalable catalysts for amine-based CO2capture,,False
http://hdl.handle.net/10754/687808,KAUST,Gravity-Driven Membrane as seawater desalination pretreatment: Understanding the role of membrane biofilm on water production and AOC removal,,False
http://hdl.handle.net/10754/685211,KAUST,An energy-stable Smoothed Particle Hydrodynamics discretization of the Navier-Stokes-Cahn-Hilliard model for incompressible two-phase flows,,False
http://hdl.handle.net/10754/687716,KAUST,Twisty C-TiO2/PCN S-Scheme Heterojunction with Enhanced n→π * Electronic Excitation for Promoted Piezo-Photocatalytic Effect,,False
http://hdl.handle.net/10754/687715,KAUST,Transdermal and lateral effective diffusivities for drug transport in stratum corneum from a microscopic anisotropic diffusion model.,,False
http://hdl.handle.net/10754/687713,KAUST,From disposal problem to valuable product: the route of sewage sludge as an adsorbent for congo red removal,,False
http://hdl.handle.net/10754/687712,KAUST,Pressure effects on soot formation and evolution in turbulent jet flames,,False
http://hdl.handle.net/10754/687692,KAUST,High-Temporal-Resolution Characterization Reveals Outstanding Random Telegraph Noise and the Origin of Dielectric Breakdown in h-BN Memristors,neural networks,True
http://hdl.handle.net/10754/687690,KAUST,Hydrothermally synthesized highly efficient binary silver strontium sulfide (AgSrS) for high-performance supercapattery applications,,False
http://hdl.handle.net/10754/687689,KAUST,Status and prospects of MXene-based nanoelectronic devices,,False
http://hdl.handle.net/10754/687688,KAUST,A CO2-recognition metal-organic framework membrane for continuous carbon capture,,False
http://hdl.handle.net/10754/687687,KAUST,W2N-MXene composite anode catalyst for efficient microbial fuel cells using domestic wastewater,,False
http://hdl.handle.net/10754/687684,KAUST,"An energy stable, conservative and bounds-preserving numerical method for thermodynamically consistent modeling of incompressible two-phase flow in porous media with rock compressibility",,False
http://hdl.handle.net/10754/687683,KAUST,A zeolite-like Metal-Organic Framework Based Membrane for Reverse Selective Hydrogen Separation and Butane Isomers Sieving,,False
http://hdl.handle.net/10754/687627,KAUST,PlantACT! - how to tackle the climate crisis.,,False
http://hdl.handle.net/10754/687575,KAUST,Challenges associated with cellulose composite material: Facet engineering and prospective.,,False
http://hdl.handle.net/10754/687573,KAUST,A 19% efficient and stable organic photovoltaic device enabled by a guest nonfullerene acceptor with fibril-like morphology,,False
http://hdl.handle.net/10754/687571,KAUST,Alkyl borane-mediated metal-free ring-opening (co)polymerizations of oxygenated monomers,,False
http://hdl.handle.net/10754/687557,KAUST,Kinetic study of plasma assisted oxidation of H2 for an undiluted rich mixture,,False
http://hdl.handle.net/10754/687554,KAUST,Future global streamflow declines are probably more severe than previously estimated,,False
http://hdl.handle.net/10754/687484,KAUST,Elucidation of the alternating copolymerization mechanism of epoxides or aziridines with cyclic anhydrides in the presence of halide salts,,False
http://hdl.handle.net/10754/687546,KAUST,Poly(aryl ether ketone) hollow fibers preparation with acid resistant spinnerets,,False
http://hdl.handle.net/10754/687540,KAUST,On the combined effects of compositional inhomogeneity and ammonia addition to turbulent flames of ethylene,,False
http://hdl.handle.net/10754/687539,KAUST,Unveiling the origin of high-efficiency charge transport effect of C3N5/C3N4 homojunction for activating peroxymonosulfate to degrade atrazine under visible light,,False
http://hdl.handle.net/10754/687492,KAUST,Tearing a neo-Hookean sheet. Part II: asymptotic analysis for crack tip fields,,False
http://hdl.handle.net/10754/687490,KAUST,The temperature dependence of microbial community respiration is amplified by changes in species interactions.,,False
http://hdl.handle.net/10754/687487,KAUST,Boosting Hydroxyl Radical Yield via Synergistic Activation of Electrogenerated HOCl/H2O2 in Electro-Fenton-like Degradation of Contaminants under Chloride Conditions.,,False
http://hdl.handle.net/10754/687485,KAUST,Computational assessment of the effects of pre-chamber and piston geometries on the combustion characteristics of an optical pre-chamber engine,,False
http://hdl.handle.net/10754/687483,KAUST,Iron Single-Atom Catalysts on MXenes for Ultrasensitive Monitoring of Adrenal Tumor Markers and Cellular Dopamine,,False
http://hdl.handle.net/10754/687481,KAUST,"Numerical simulation of turbulent, plane parallel Couette-Poiseuille flow",,False
http://hdl.handle.net/10754/687477,KAUST,Analysis of energy flows and emission characteristics of conventional diesel and isobaric combustion in an optical engine with laser diagnostics,,False
http://hdl.handle.net/10754/687462,KAUST,Nanoscale observation of electro-synaptic response,,False
http://hdl.handle.net/10754/687443,KAUST,Translating single-cell genomics into cell types,,False
http://hdl.handle.net/10754/687377,KAUST,"Highly Scalable, Flexible, and Frequency Reconfigurable Millimeter-Wave Absorber by Screen Printing VO2 Switch Array onto Large Area Metasurfaces",internet of things,True
http://hdl.handle.net/10754/687369,KAUST,Molecular Simulation Study of Montmorillonite in Contact with Ethanol,,False
http://hdl.handle.net/10754/687353,KAUST,Double-Cable Conjugated Polymers Based on Simple Non-Fused Electron Acceptors for Single-Component Organic Solar Cells,,False
http://hdl.handle.net/10754/687343,KAUST,Hyperaging-induced H2-selective thin-film composite membranes with enhanced submicroporosity toward green hydrogen supply,,False
http://hdl.handle.net/10754/687340,KAUST,"Ruthenium-Catalyzed Regioselective 1,2-Hydrosilylation of N-Heteroarenes",,False
http://hdl.handle.net/10754/687301,KAUST,Electrically switchable anisotropic polariton propagation in a ferroelectric van der Waals semiconductor.,,False
http://hdl.handle.net/10754/687300,KAUST,Artificial intelligence-aided preparation of perovskite SrFexZr1-xO3-δ catalysts for ozonation degradation of organic pollutant concentrated water after membrane treatment.,artificial intelligence,True
http://hdl.handle.net/10754/687298,KAUST,Leveraging Pd(100)/SnO2 interfaces for highly efficient electrochemical formic acid oxidation†,,False
http://hdl.handle.net/10754/687294,KAUST,Ultra-Productive Upcycling CO2 into Polycarbonate Polyols via Borinane-Based Bifunctional Organocatalysts,,False
http://hdl.handle.net/10754/687293,KAUST,Highly efficient Vanadium Nitride based metasurface absorber/emitter for solar-thermophotovoltaic system,,False
http://hdl.handle.net/10754/687255,KAUST,Kinetic Study for Plasma Assisted Cracking of NH3: Approaches and Challenges,,False
http://hdl.handle.net/10754/665128,KAUST,WEAK ERROR RATES FOR OPTION PRICING UNDER LINEAR ROUGH VOLATILITY,,False
http://hdl.handle.net/10754/687243,KAUST,Fish-mediated nutrient flows from macroalgae habitats to coral reefs in the Red Sea,,False
http://hdl.handle.net/10754/687236,KAUST,A PDROD model of reinforced concrete based on peridynamics and rod elements,,False
http://hdl.handle.net/10754/687234,KAUST,Institution of Metal–Organic Frameworks as a Highly Sensitive and Selective Layer In-Field Integrated Soil-Moisture Capacitive Sensor,,False
http://hdl.handle.net/10754/687233,KAUST,Chemistry of nitrogen-containing polycyclic aromatic formation under combustion conditions,,False
http://hdl.handle.net/10754/687177,KAUST,Laser Absorption,,False
http://hdl.handle.net/10754/687172,KAUST,Fully Sprayed Metal Oxide Transistors Utilizing Ti3C2Tx MXene Contacts,,False
http://hdl.handle.net/10754/687170,KAUST,Response of one-dimensional ionised layer to oscillatory electric fields,,False
http://hdl.handle.net/10754/687168,KAUST,Controlled Manufacture of Heterogeneous Catalysts for the Hydrogenation of CO2 via Steam Pyrolysis of Different Metal–Organic Frameworks,,False
http://hdl.handle.net/10754/687157,KAUST,Controlling the fluorescence performance of AIE polymers by controlling the polymer microstructure,,False
http://hdl.handle.net/10754/687152,KAUST,MYB12 is part of a feedback loop regulating cell division orientation in the root meristem vasculature,,False
http://hdl.handle.net/10754/687131,KAUST,Facile Biological-Based Synthesis of Size-Controlled Palladium Nanoclusters Anchored on the Surface of Geobacter sulfurreducens and Their Application in Electrocatalysis,,False
http://hdl.handle.net/10754/687130,KAUST,Vertically Stacked Nanosheet FET: Charge-Trapping Memory and Synapse With Linear Weight Adjustability for Neuromorphic Computing Applications,neural networks,True
http://hdl.handle.net/10754/687123,KAUST,Hole-Transporting Self-Assembled Monolayer Enables Efficient Single-Crystal Perovskite Solar Cells with Enhanced Stability,,False
http://hdl.handle.net/10754/687122,KAUST,Fluorinated Covalent Organic Framework as a Positive Tribo-Material for High-Performance Triboelectric Nanogenerators,,False
http://hdl.handle.net/10754/687121,KAUST,Energy- and carbon-efficient CO2/CO electrolysis to multicarbon products via asymmetric ion migration–adsorption,,False
http://hdl.handle.net/10754/687114,KAUST,Energy landscape analysis for two-phase multi-component NVT flash systems by using ETD type high-index saddle dynamics,,False
http://hdl.handle.net/10754/687111,KAUST,Advanced Material Design and Engineering for Water-Based Evaporative Cooling,,False
http://hdl.handle.net/10754/687106,KAUST,Membrane-based nanoconfined heterogeneous catalysis for water purification: A critical review✰,,False
http://hdl.handle.net/10754/687056,KAUST,Dynamic Chiral Metasurfaces for Broadband Phase-Gradient Holographic Displays,,False
http://hdl.handle.net/10754/687055,KAUST,Effect of heating rate on the kinetics of gibbsite calcination,,False
http://hdl.handle.net/10754/687017,KAUST,"Review on Microemulsions for Conformance Improvement Technology: Fundamentals, Design Considerations, and Perspectives",,False
http://hdl.handle.net/10754/687009,KAUST,Ultrafiltration membranes prepared via mixed solvent phase separation with enhanced performance for produced water treatment,,False
http://hdl.handle.net/10754/687007,KAUST,A fast method to infer Nuclear Magnetic Resonance based effective porosity in carbonate rocks using machine learning techniques,machine learning; neural networks; random forest,True
http://hdl.handle.net/10754/687002,KAUST,n-Type Organic Electrochemical Transistors with High Transconductance and Stability,,False
http://hdl.handle.net/10754/686999,KAUST,Green Electrospinning of Biodegradable Cellulose Acetate Nanofibrous Membranes with Tunable Porosity,,False
http://hdl.handle.net/10754/686988,KAUST,3D printing of single-atom catalysts,,False
http://hdl.handle.net/10754/686983,KAUST,Genomic evidence for contrasting patterns of host-associated genetic differentiation across shared host-plant species in leaf- and bud-galling sawflies,,False
http://hdl.handle.net/10754/686979,KAUST,"Next-generation ultrafiltration membranes: A review of material design, properties, recent progress, and challenges",,False
http://hdl.handle.net/10754/686929,KAUST,Ultraviolet–Visible Multifunctional Vortex Metaplates by Breaking Conventional Rotational Symmetry,,False
http://hdl.handle.net/10754/686899,KAUST,Realization of highly efficient trifocal metalens architecture with the blend of Pancharatnam-Berry and propagation phase effect,,False
http://hdl.handle.net/10754/686848,KAUST,Cool flame product characterization from the low-temperature oxidation of n-dodecane,,False
http://hdl.handle.net/10754/678908,KAUST,The Arabidopsis D27-LIKE1 is a cis/cis/trans-β-carotene Isomerase that Contributes to Strigolactone Biosynthesis and Negatively Impacts Abscisic Acid Level,,False
http://hdl.handle.net/10754/686841,KAUST,"TG-DSC and TG-FTIR analysis of heavy fuel oil and vacuum residual oil pyrolysis and combustion: characterization, kinetics, and evolved gas analysis",,False
http://hdl.handle.net/10754/686801,KAUST,Ion-Selective Separation Using MXene-Based Membranes: A Review,,False
http://hdl.handle.net/10754/686782,KAUST,Tight asymptotics of clique-chromatic numbers of dense random graphs,,False
http://hdl.handle.net/10754/686750,KAUST,Leaching in Specific Facets of ZIF-67 and ZIF-L Zeolitic Imidazolate Frameworks During the CO2 Cycloaddition with Epichlorohydrin,,False
http://hdl.handle.net/10754/691067,KAUST,Covalent scrambling in porous polyarylthioethers through a stepwise SNAr for tunable bandgap and porosity.,,False
http://hdl.handle.net/10754/691084,KAUST,A Surface Integral Equation-Based Sub-Structure Characteristic Mode Analysis Method for Printed Circuit Structures,,False
http://hdl.handle.net/10754/691080,KAUST,Logic Locking for Hardware Security Using Voltage-Gated Spin-orbit Torque Magnetic Tunnel Junction,,False
http://hdl.handle.net/10754/691075,KAUST,Bitwise Logical Operations in VCMA-MRAM,,False
http://hdl.handle.net/10754/691074,KAUST,Modeling of Sneaky Hardware Trojan Using Spin-orbit Torque Assisted Magnetic Tunnel Junction for High Speed Digital Circuits,,False
http://hdl.handle.net/10754/691047,KAUST,Mapping Methanol-to-Gasoline Process Over Zeolite Beta.,,False
http://hdl.handle.net/10754/691046,KAUST,Functional hierarchy of PCNA-interacting motifs in DNA processing enzymes,,False
http://hdl.handle.net/10754/691045,KAUST,Novel Use of a Ferric Salt to Enhance Mainstream Nitrogen Removal from Anaerobically Pretreated Wastewater,,False
http://hdl.handle.net/10754/691039,KAUST,"Low Dimensional, Metal-Free, Hydrazinium Halide Perovskite-Related Single Crystals and Their Use as X-Ray Detectors",,False
http://hdl.handle.net/10754/690979,KAUST,"How We Express Ourselves Freely: Censorship, Self-censorship, and Anti-censorship on a Chinese Social Media",,False
http://hdl.handle.net/10754/690978,KAUST,A Parallel Adaptive Finite Element Method for Modeling a Deformable Droplet Travelling in Air,,False
http://hdl.handle.net/10754/690858,KAUST,Rigorous Analysis of Induced Electrical Field in Human Tissues for Body Centric Wireless Communication,,False
http://hdl.handle.net/10754/690857,KAUST,Unsupervised 3D Shape Representation Learning Using Normalizing Flow,,False
http://hdl.handle.net/10754/690854,KAUST,Investigation Model of Electromagnetic Propagation for Wireless Body Communication,,False
http://hdl.handle.net/10754/690846,KAUST,Decoupled Mixup for Out-of-Distribution Visual Recognition,neural networks,True
http://hdl.handle.net/10754/690743,KAUST,Effects of an hourly tariff on the electricity power sector—the Honduran model,,False
http://hdl.handle.net/10754/690695,KAUST,Preface,,False
http://hdl.handle.net/10754/690603,KAUST,PREFACE FOR THE SPECIAL ISSUE IN HONOR OF C. M. DAFERMOS,,False
http://hdl.handle.net/10754/690554,KAUST,Membrane sensors for pollution problems,,False
http://hdl.handle.net/10754/690549,KAUST,On Performance of Wireless-Powered FD Relaying Network with Imperfect SIC and Hardware Impairments,,False
http://hdl.handle.net/10754/690548,KAUST,Physics-Constrained Neural Network (PcNN): Phase Behavior Modeling for Complex Reservoir Fluids,machine learning; neural network; neural networks,True
http://hdl.handle.net/10754/690534,KAUST,Intracellular “in silico microscopes” – fully 3D spatial Hepatitis C virus replication model simulations,,False
http://hdl.handle.net/10754/690522,KAUST,UAV Assisted IoT Geo-positioning Solution Employing Low-Cost Bluetooth Enabled Tags,iot,True
http://hdl.handle.net/10754/690512,KAUST,The importance of gravity data for estimating and identifying the sediment thickness of subsurface structure around Majene Sulawesi Barat,,False
http://hdl.handle.net/10754/690505,KAUST,Spatiotemporal data management and analytics for recommender systems,,False
http://hdl.handle.net/10754/690335,KAUST,On-chip photoacoustic transducer based on monolithic integration of piezoelectric micromachined ultrasonic transducers and metasurface lenses,,False
http://hdl.handle.net/10754/690308,KAUST,Energy Efficiency,,False
http://hdl.handle.net/10754/690265,KAUST,Satellite,artificial intelligence; machine learning; edge computing,True
http://hdl.handle.net/10754/690216,KAUST,Momentum-based ICA for Self Interference Cancellation in In-Band Full-Duplex Systems,,False
http://hdl.handle.net/10754/690212,KAUST,Data-Driven Machine Learning Modeling of Mineral/CO2/Brine Wettability Prediction: Implications for CO2 Geo-Storage,machine learning; neural network,True
http://hdl.handle.net/10754/690210,KAUST,An Intelligent Safe Well Bottom-Hole Pressure Monitoring of CO2 Injection Well into Deep Saline: A coupled Hydro-Mechanical Approach,deep learning; neural networks,True
http://hdl.handle.net/10754/690209,KAUST,Application of Image Processing Techniques in Deep-Learning Workflow to Predict CO2 Storage in Highly Heterogeneous Naturally Fractured Reservoirs: A Discrete Fracture Network Approach,deep learning,True
http://hdl.handle.net/10754/690120,KAUST,The importance of station corrections for local earthquake magnitudes: the example from the seismicity in NEOM (Gulf of Aqaba and northern Red Sea),,False
http://hdl.handle.net/10754/690119,KAUST,Space-time modelling of co-seismic and post-seismic landslide hazard via Ensemble Neural Networks.,deep learning; neural network; neural networks,True
http://hdl.handle.net/10754/690118,KAUST,Insights into the drivers and spatio-temporal trends of extreme wildfires with statistical deep-learning,deep learning,True
http://hdl.handle.net/10754/690117,KAUST,Advancing Stein Variational Gradient Descent for geophysical uncertainty estimation,deep learning; neural network,True
http://hdl.handle.net/10754/690116,KAUST,Sensitivity of African Easterly Waves to Dust Direct Radiative Forcing,,False
http://hdl.handle.net/10754/690114,KAUST,"The effect of ash, water vapor, and heterogeneous chemistry on the evolution of a Pinatubo-size volcanic cloud",,False
http://hdl.handle.net/10754/690077,KAUST,Contesting with the Ganges Water Machine in South Asia: Theory versus Reality,,False
http://hdl.handle.net/10754/689985,KAUST,Numerical Investigations on the Doublet Huff and Puff Technology to Extract Heat from the Geothermal Reservoirs and Storing of CO2,,False
http://hdl.handle.net/10754/689899,KAUST,Future projection of the African easterly waves in a high-resolution AGCM,,False
http://hdl.handle.net/10754/689898,KAUST,The effects of coarse dust in the models and observations in the dust source regions,,False
http://hdl.handle.net/10754/689897,KAUST,Impact of Forestation and Land-use Changes on Desert Climate,,False
http://hdl.handle.net/10754/689895,KAUST,Simulation of ground motions with high frequency components obtained from Fourier neural operators,machine learning,True
http://hdl.handle.net/10754/689894,KAUST,The first network of Ocean Bottom Seismometers in the Red Sea to investigate the Zabargad Fracture Zone,,False
http://hdl.handle.net/10754/689893,KAUST,"Strong ground motions due to directivity and site effects inflicted by the February 6 2023 earthquake doublet, along the East Anatolian Fault",,False
http://hdl.handle.net/10754/689892,KAUST,Multiple effects contributed to the intensive shaking recorded in the 6 February 2023 Kahramanmaraş (Türkiye) earthquake sequence,,False
http://hdl.handle.net/10754/689888,KAUST,The potential application of statistical post processing techniques on landslide early warning system,,False
http://hdl.handle.net/10754/689877,KAUST,Quantifying lifetime water scarcity,,False
http://hdl.handle.net/10754/689876,KAUST,Global biogeography of the glacier-fed stream microbiome,,False
http://hdl.handle.net/10754/689856,KAUST,Deep Learning Models for the Prediction of Mineral Dissolution and Precipitation During Geological Carbon Sequestration,deep learning,True
http://hdl.handle.net/10754/689855,KAUST,Physics Informed Surrogate Model Development in Predicting Dynamic Temporal and Spatial Variations During CO2 Injection into Deep Saline Aquifers,deep learning,True
http://hdl.handle.net/10754/689853,KAUST,The response of a conical flame to a dual-frequency excitation,,False
http://hdl.handle.net/10754/689850,KAUST,Memristors Threshold Based Physical Unclonable Function,,False
http://hdl.handle.net/10754/689847,KAUST,Symbol Error Rate Analysis of Satellite Communication Systems with SAG-FSO/SH-FSO/RF Transmission,,False
http://hdl.handle.net/10754/689800,KAUST,Models and Methods for Quantum Condensation and Fluids,,False
http://hdl.handle.net/10754/689474,KAUST,Telecommunication Traffic Forecasting via Multi-task Learning,,False
http://hdl.handle.net/10754/689471,KAUST,Toward Secure VMs Allocation: Analysis of VMs Allocation Behaviours in the Cloud Computing Environments,cloud computing,True
http://hdl.handle.net/10754/689469,KAUST,A Preliminary Green Function Database for Global 3-D Centroid Moment Tensor Inversions,,False
http://hdl.handle.net/10754/689467,KAUST,Improving SO2 emissions over the Middle East.,,False
http://hdl.handle.net/10754/689466,KAUST,Inverse Modeling of the Initial Stage of the 1991 Pinatubo Volcanic Cloud Accounting for Radiative Feedback of Volcanic Ash,,False
http://hdl.handle.net/10754/689132,KAUST,Editorial for the special issue on Time Series Analysis,,False
http://hdl.handle.net/10754/687717,KAUST,Spatial–temporal prediction of minerals dissolution and precipitation using deep learning techniques: An implication to Geological Carbon Sequestration,deep learning,True
http://hdl.handle.net/10754/687714,KAUST,Trisaminocyclopropenium ion (TAC+) enables contiguous CH bonds oxygenations via oxidative electrophotocatalysis.,,False
http://hdl.handle.net/10754/687459,KAUST,"Local beamforming and back-projection of induced earthquakes in Helsinki, southern Finland",,False
http://hdl.handle.net/10754/687441,KAUST,MOF-Based Materials for CO2 Conversion,,False
http://hdl.handle.net/10754/687440,KAUST,Portable and Efficient Dense Linear Algebra in the Beginning of the Exascale Era,,False
http://hdl.handle.net/10754/687390,KAUST,Crystalline Complex Oxide Membrane: Sub-1 nm CET Dielectrics for 2D Transistors,,False
http://hdl.handle.net/10754/687378,KAUST,The Future of Healthcare Materials,,False
http://hdl.handle.net/10754/687364,KAUST,Deep-Learning-Based Surrogate Model to Predict CO2 Saturation Front in Highly Heterogeneous Naturally Fractured Reservoirs: A Discrete Fracture Network Approach,deep learning,True
http://hdl.handle.net/10754/687289,KAUST,Gaussian Approximation Potential for C-doped Boron Nitride,,False
http://hdl.handle.net/10754/687290,KAUST,"Supplemental Material for Zuccolo et al., 2022",,False
http://hdl.handle.net/10754/687280,KAUST,Young Red Sea Sediments: Formation Processes and Properties,,False
http://hdl.handle.net/10754/687127,KAUST,Conducting gels for wearable bioelectronic devices.,,False
http://hdl.handle.net/10754/687022,KAUST,On Separation of Distributed Estimation and Control for LTI Systems,,False
http://hdl.handle.net/10754/690886,KAUST,Raw Data for: Three-dimensional inhomogeneity of zeolite structure and composition revealed by electron ptychography,,False
10.1364/oe.503864,KAUST,Functionalization of micro-size garnet at the end of optical fiber for magneto-optical applications,,False
10.1364/oe.511412,KAUST,Theoretical analysis of graded-index topological resonator for improved sensing performance,,False
10.1107/s160057752400016x,KAUST,ProSPyX : software for post-processing images of X-ray ptychography with spectral capabilities,,False
10.26434/chemrxiv-2024-q9tc4,KAUST,A reagent-driven visual method for analyzing chemical reaction data,artificial intelligence; machine learning; natural language processing,True
10.52843/cassyni.9wnw31,KAUST,Scalar Velocimetry using Cross-Scanning LIF,,False
10.1364/optcon.507484,KAUST,Long distance QKD propagation using optical single sideband scheme,,False
10.26434/chemrxiv-2024-kq54d,KAUST,Light-induced quantum reconfiguration of oxyhydroxidesfor photoanodes with 4.24% efficiency and stability beyond 250 hours,,False
10.26508/lsa.202302316,KAUST,"pADP-ribosylation regulates the cytoplasmic localization, cleavage, and pro-apoptotic function of HuR",,False
10.1364/optcon.520638,KAUST,Performance optimization of Bloch surface wave based devices using an XGBoost machine learning model,machine learning,True
10.5194/essd-16-1703-2024,KAUST,"The physical and biogeochemical parameters along the coastal waters of Saudi Arabia during field surveys in summer, 2021",,False
10.4208/cicp.oa-2023-0256,KAUST,Unconstrained ETD Methods on the Diffuse-Interface Model with the Peng-Robinson Equation of State,,False
10.1364/oe.524049,KAUST,1D interferometric Rayleigh scattering velocimetry and thermometry using VIPA,,False
10.1101/2024.05.08.593111,KAUST,Structure of the human CTF18–RFC clamp loader bound to PCNA,,False
10.4171/pm/2124,KAUST,First-order mean-field games on networks and Wardrop equilibrium,,False
10.1364/oe.522961,KAUST,Enhancing the efficiency of InGaN-based micro-LEDs using indium tin oxide p-electrodes,,False
10.52843/cassyni.dskw8j,KAUST,Rebuilding Marine Life,,False
10.1103/physrevb.109.235406,KAUST,Mode engineering in reconfigurable fractal topological circuits,,False
10.1103/physreva.109.063116,KAUST,Hyperfine interaction in the Autler-Townes effect: Control of two-photon selection rules in the Morris-Shore basis,,False
10.1107/s2052252524005530,KAUST,Structure of Aquifex aeolicus lumazine synthase by cryo-electron microscopy to 1.42 Å resolution,,False
10.1103/prxenergy.3.023011,KAUST,Novel Detection Scheme for Temporal and Spectral X-Ray Optical Analysis: Study of Triple-Cation Perovskites,,False
10.52843/cassyni.6jnylv,KAUST,Supersensitive wireless sensing - how cracks can help composites get smarter?,,False
10.1364/optica.531152,KAUST,Ultra-narrow-linewidth hybrid-integrated self-injection locked laser at 780 nm,,False
10.1103/physrevlett.133.034002,KAUST,Water Impact: When a Sphere Becomes Flat,,False
10.5194/amt-17-4445-2024,KAUST,Comparison of diurnal aerosol products retrieved from combinations of micro-pulse lidar and sun photometer observations over the KAUST observation site,,False
10.26434/chemrxiv-2024-94zjd,KAUST,Chiral N-Hydroxyalkyl Pyrid-2-ylidenes: a new class of ligand for Copper-Catalyzed Asymmetric Allylic Alkylation,,False
10.7554/elife.98896.1,KAUST,Natural variation in salt-induced changes in root:shoot ratio reveals SR3G as a negative regulator of root suberization and salt resilience in Arabidopsis,,False
10.7554/elife.98896,KAUST,Natural variation in salt-induced changes in root:shoot ratio reveals SR3G as a negative regulator of root suberization and salt resilience in Arabidopsis,,False
10.1103/physrevfluids.9.l082601,KAUST,Sensitivity study of resolution and convergence requirements for the extended overlap region in wall-bounded turbulence,,False
10.26434/chemrxiv-2024-50ctc,KAUST,"Studying Superheated Stevia with Polynomial Chaos in Quantum ESPRESSO: opEn-Source Package for Research in Electronic Structure, Simulation, and Optimization",,False
10.1364/optica.531646,KAUST,Space-time Fourier ptychography for in vivo quantitative phase imaging,,False
10.1103/physrevmaterials.8.085403,KAUST,No extraordinary χ ( 3 ) in lead-halide perovskites: placing an upper bound on Kerr nonlinearity by means of time-resolved interferometry,,False
10.1364/josaa.531449,KAUST,Linearized wavefront sensing model for aberration retrieval from low-frequency Fourier coefficients,,False
10.7554/elife.96832,KAUST,The Arthropoda-specific Tramtrack group BTB protein domains use previously unknown interface to form hexamers,,False
10.1103/physreva.110.033504,KAUST,Experimental observation of coherent-perfect-absorber and laser points in anti-PT symmetry,,False
10.7554/elife.99955.1,KAUST,"Bam complex associated proteins in Escherichia coli are functionally linked to peptidoglycan biosynthesis, membrane fluidity and DNA replication",,False
10.5194/os-20-1087-2024,KAUST,Investigating the long-term variability of the Red Sea marine heatwaves and their relationship to different climate modes: focus on 2010 events in the northern basin,,False
10.1103/physrevfluids.9.l091601,KAUST,Laser-induced cavitation in liquid He 4 near the liquid-vapor critical point,,False
10.1103/physrevapplied.22.034017,KAUST,Strong magnon-magnon coupling and low dissipation rate in an all-magnetic-insulator heterostructure,,False
10.1115/1.4066540,KAUST,Isothermal Flow Field Characterization of a Full-Scale Sector Combustor at Elevated Pressures,,False
10.1115/1.4066593,KAUST,Large Eddy Simulation of Ammonia–Hydrogen Nonpremixed Flames Stabilized on a Bluff Body Burner,,False
10.7554/elife.96832.sa2,KAUST,Author response: The Arthropoda-specific Tramtrack group BTB protein domains use previously unknown interface to form hexamers,,False
10.5194/acp-24-11045-2024,KAUST,Online characterization of primary and secondary emissions of particulate matter and acidic molecules from a modern fleet of city buses,,False
10.3762/bjoc.20.214,KAUST,"A review of recent advances in electrochemical and photoelectrochemical late-stage functionalization classified by anodic oxidation, cathodic reduction, and paired electrolysis",,False
10.52843/cassyni.05bmxc,KAUST,Exascale Geostatistics for Environmental Data Science,,False
10.7554/elife.101420.1,KAUST,Aberration correction in long GRIN lens-based microendoscopes for extended field-of-view two-photon imaging in deep brain regions,,False
10.7554/elife.101420,KAUST,Aberration correction in long GRIN lens-based microendoscopes for extended field-of-view two-photon imaging in deep brain regions,,False
10.26434/chemrxiv-2024-ctwwx,KAUST,Synthesis of Robust Phosphazane Hybrid NHCs for Small Molecule Activation: Unique sp2 and sp C–H insertion.,,False
10.1103/physrevfluids.9.110504,KAUST,Dancing drops on lubricated surfaces,,False
10.7554/elife.98896.2,KAUST,Natural variation in salt-induced changes in root:shoot ratio reveals SR3G as a negative regulator of root suberization and salt resilience in Arabidopsis,,False
10.52843/cassyni.z1x500,KAUST,Mapping the global ocean genome,,False
10.7554/elife.103493.1,KAUST,Structure of the human CTF18 clamp loader bound to PCNA,,False
10.26434/chemrxiv-2024-sdssl,KAUST,Removal of PFOA (perfluorooctanoic acid) from water using supercritical carbon dioxide.,,False
10.26434/chemrxiv-2024-w770q,KAUST,Revealing and Mitigating Crossover-Driven Side Reactions in Ferrocyanide-Based Redox Flow Batteries,,False
10.5194/bg-22-117-2025,KAUST,Dynamics of CO 2 and CH 4 fluxes in Red Sea mangrove soils,,False
10.1364/prj.550770,KAUST,High-efficiency tunable lasers hybrid-integrated with silicon photonics at 2.0 μ m,,False
10.5194/acp-25-425-2025,KAUST,"Enhanced sulfate formation in mixed biomass burning and sea-salt interactions mediated by photosensitization: effects of chloride, nitrogen-containing compounds, and atmospheric aging",,False
10.1103/physrevb.111.024416,KAUST,Thermal transport properties of magnons on the α − T 3 lattice,,False
10.1103/physrevfluids.10.013604,KAUST,Drop impact dynamics on hierarchically textured lubricant-infused surfaces,,False
10.26434/chemrxiv-2025-jbkg8,KAUST,Soluble Conjugated Polymers without Side Chains: Macrocycles as Comonomers,,False
10.1364/oe.545235,KAUST,Annular cavity VCSELs: enhanced beam quality and speckle-less illumination,,False
10.1103/physreve.111.l023302,KAUST,Outlier-resistant physics-informed neural network,neural network,True
10.7554/elife.98896.3,KAUST,Natural variation in salt-induced changes in root:shoot ratio reveals SR3G as a negative regulator of root suberization and salt resilience in Arabidopsis,,False
10.26434/chemrxiv-2025-llnc4,KAUST,A novel photoaﬃnity probe for analysing the phosphatdylinositol 5-phosphate interactome,,False
10.7554/elife.101420.2,KAUST,Aberration correction in long GRIN lens-based microendoscopes for extended field-of-view two-photon imaging in deep brain regions,,False
10.7554/elife.98896.4,KAUST,Natural variation in salt-induced changes in root:shoot ratio reveals SR3G as a negative regulator of root suberization and salt resilience in Arabidopsis,,False
10.7554/elife.104430.1,KAUST,MMP21 behaves as a fluid flow transported morphogen to impart laterality during development,,False
10.7554/elife.104430,KAUST,MMP21 behaves as a fluid flow transported morphogen to impart laterality during development,,False
10.7554/elife.101420.3,KAUST,Aberration correction in long GRIN lens-based microendoscopes for extended field-of-view two-photon imaging in deep brain regions,,False
10.1364/optcon.559350,KAUST,Light extraction improvement via ITO p-electrodes for InGaN red micro-LEDs emitting at 640 nm,,False
10.26434/chemrxiv-2025-5l0cw,KAUST,Disentangling Adsorption and Absorption in Microporous Polymers,,False
10.1103/physrevfluids.10.043201,KAUST,Lewis number effect in lean premixed H 2 -air and C H 4 -air flames during thermoacoustic instability in a low-swirl combustor,,False
10.1101/2025.04.23.650138,KAUST,Conformation-specific Design: a New Benchmark and Algorithm with Application to Engineer a Constitutively Active Map Kinase,,False
10.4171/ifb/541,KAUST,Interacting free boundaries in obstacle problems,,False
10.26434/chemrxiv-2025-0r189,KAUST,"Fully-stretched, single-crystalline polymers of linear poly[n]catenanes",,False
10.7554/elife.101420.4,KAUST,Aberration correction in long GRIN lens-based microendoscopes for extended field-of-view two-photon imaging in deep brain regions,,False
10.1364/oe.559375,KAUST,Micro-LED-based quantum random number generators,,False
10.1103/physrevapplied.23.054023,KAUST,Ultrasound underwater coherent perfect absorbers,,False
10.26434/chemrxiv-2024-w770q-v2,KAUST,Revealing and Mitigating Crossover-Driven Side Reactions in Ferrocyanide-Based Redox Flow Batteries,,False
10.26434/chemrxiv-2025-jrrmz,KAUST,Clean Production of Chlorine (Cl2) and Hypochlorous Acid (HOCl) from Photocatalytic and Photoelectrochemical Brine Splitting,,False
10.26434/chemrxiv-2025-cglvh,KAUST,Revealing the formation mechanism of trapped and deactivating species in oligomerization of 1-butene by using FT-ICR mass spectrometry,,False
10.5269/bspm.75377,KAUST,A new and eﬃcient numerical algorithm to solve fractional boundary value problems,,False
10.5194/sp-5-opsr-21-2025,KAUST,Improving accuracy and providing uncertainty estimations: ensemble methodologies for ocean forecasting,,False
10.26434/chemrxiv-2025-ppztw,KAUST,"DNA Glass: Encasing Diffraction-Quality, Mesoporous DNA Crystals in Silica",,False
10.1103/physrevlett.134.224001,KAUST,Transient Fluted Films behind Falling Water Columns,,False
10.1103/mkwy-qqks,KAUST,All-electrical manipulation of a perpendicular magnetic tunnel junction through tilted spin polarization,,False
10.1103/wbvb-r19q,KAUST,Quantum fluctuations-driven melting transitions in two-dimensional superconductors,,False
10.1101/2025.06.15.659761,KAUST,Investigating the dynamics of precursor availability for sesquiterpenoid production in the cytoplasm and plastid of Chlamydomonas reinhardtii,,False
10.1103/vzp2-6gns,KAUST,Deterministic Double-Zero Media and Robust Wave Manipulation Using a Phononic Weyl Semimetal,,False
10.1364/oe.564456,KAUST,UV-assisted NIL integration of dielectric metalenses for devices: enhanced structural robustness and off-axis performance,,False
10.1364/optica.561201,KAUST,Sub-hertz-linewidth hybrid-integrated laser for isolator-free silicon photonics,,False
10.52843/cassyni.wxvtt5,KAUST,Breakdown and repair of metabolism in the aging brain,,False
10.1101/2025.06.23.660422,KAUST,Charting the single cell transcriptional landscape governing visual imprinting,,False
10.26434/chemrxiv-2025-b2zhn,KAUST,Ultrabroadband 1D and 2D NMR Spectroscopy,,False
10.1115/1.4069135,KAUST,Energy Benefits of Retrofitting Residential Communities: Case Study of KAUST Villa Housing Community,,False
10.4171/nnu90/6,KAUST,Measure-based approach to mesoscopic modeling of optimal transportation networks,,False
10.1101/2025.07.23.665770,KAUST,NADES as Biocompatible Media for Thermally Stable RNA Molecules,,False
10.1103/dbc6-n7s6,KAUST,Exploding drops on lubricated surfaces,,False
10.26434/chemrxiv-2025-18xnp,KAUST,Donor-Acceptor-Donor Small-Molecule Dots are Brighter than Polymer Dots of Similar Chromophore Units,,False
10.7554/elife.108128.1,KAUST,Systematic characterization of site-specific proline hydroxylation using hydrophilic interaction chromatography and mass spectrometry,,False
10.1103/pzvt-gq9v,KAUST,Acoustic leaky-wave antennas from zero-index metamaterials,,False
10.1364/oe.570438,KAUST,High-throughput space-time Fourier ptychography for motile microorganisms,,False
10.1103/y86v-8rgs,KAUST,Unraveling friction forces of droplets on a non-wetting surface,,False
10.1128/mbio.02136-25,KAUST,Microbes without borders: uniting societies for climate action,,False
10.1103/6n5m-wvs7,KAUST,Topological edge states in the frequency dimension and their realization with Floquet electrical circuits,,False
10.52843/cassyni.97fn30,KAUST,Coral probiotics: From the Laboratory to the Real World,,False
10.52843/cassyni.3p4x5w,KAUST,From Deserts to Coral Reefs: Preserving Microbial Diversity for One Health in the Arabian Peninsula,,False
10.1103/lmmx-fmtb,KAUST,Rayleigh-Plateau instability on an angled and eccentric wire,,False
10.5194/os-21-2345-2025,KAUST,Mechanisms of the overturning circulation in the northern Red Sea other than convective mixing,,False
10.5194/hess-29-4983-2025,KAUST,Saudi Rainfall (SaRa): hourly 0.1° gridded rainfall (1979–present) for Saudi Arabia via machine learning fusion of satellite and model data,machine learning,True
10.1101/2025.10.09.679041,KAUST,Probiotic and postbiotic treatment in situ during a marine heat wave improves coral health and promotes specific metabolic and microbiome changes,,False
10.1017/jfm.2025.10635,KAUST,Broadband water wave reflector with customisable frequency range enabled by floating metaplates,,False
10.1103/4zcv-2c1n,KAUST,Light-induced transitions of valley Chern numbers and flat bands in a nontwisted moiré graphene–hexagonal boron nitride superlattice,,False
10.52843/cassyni.1lmcng,KAUST,The Middle East as a natural laboratory to advance our understanding of global hyperarid drylands,,False
10.7554/elife.103493.2,KAUST,Structure of the human CTF18−RFC clamp loader bound to PCNA,,False
10.1128/mbio.02316-25,KAUST,Dual transcriptomic profiling of Staphylococcus aureus endocarditis in a porcine model reveals strong parallels with human infection,,False
10.1017/dry.2025.10007,KAUST,"Biological soil crusts in the Arabian Peninsula: Ecological functions, current knowledge and research gaps",,False
10.1103/xg76-v1zd,KAUST,Polarization doping of wurtzite III-nitride ternary alloys,,False
10.1017/jfm.2025.10786,KAUST,Fourier-based proper orthogonal decomposition of a turbulent round jet,,False
10.1128/msystems.01505-25,KAUST,Safeguarding microbial biodiversity: microbial conservation specialist group within the species survival commission of the International Union for Conservation of Nature,,False
10.1103/nvkn-hk4g,KAUST,Two instabilities in one liquid sheet,,False
10.1103/tmw1-74jp,KAUST,Noncontact thermometry based on direct electron detection of electron-backscattering diffraction patterns,,False
10.1128/msystems.00885-25,KAUST,High-throughput chemical genomic screening: a step-by-step workflow from plate to phenotype,,False
10.5194/gmd-18-9805-2025,KAUST,Enhancing volcanic eruption simulations with the WRF-Chem v4.8,,False
10.64898/2025.12.27.696700,KAUST,Endogenous retrotransposon activity supports osteocyte function and links antiretroviral therapy to bone loss,,False
KFUPM_c954706c-188f-4ae4-91b6-54cddf544465,KFUPM,Heat transmission in Darcy-Forchheimer flow of Sutterby nanofluid containing gyrotactic microorganisms,,False
KFUPM_3d94024a-b56a-471c-b3fa-cc06a68ed1d2,KFUPM,Are mega-events super spreaders of infectious diseases similar to COVID-19? A look into Tokyo 2020 Olympics and Paralympics to improve preparedness of next international events,,False
KFUPM_718632be-16ea-4617-ac51-03e44082747d,KFUPM,Genetic algorithm optimization to model business investment in fashion design,,False
KFUPM_a6621fce-0a4b-489a-a886-02a1441c86ad,KFUPM,Natural convection nanofluid flow with heat transfer analysis of carbon nanotubes–water nanofluid inside a vertical truncated wavy cone,,False
KFUPM_fa1bbebf-be43-4d6a-8f75-2c9caa682d7b,KFUPM,Lightweight Two-Factor-Based User Authentication Protocol for IoT-Enabled Healthcare Ecosystem in Quantum Computing,internet of things; iot,True
KFUPM_d7cf03a3-2bb5-4109-9a08-9dc57089995a,KFUPM,A Survey on Software-Defined Networking-Based 5G Mobile Core Architectures,internet of things,True
KFUPM_00b64955-9088-4d05-a185-b8c7b5c3eaf1,KFUPM,Optimization of FPGA-based CNN accelerators using metaheuristics,neural networks,True
KFUPM_1fec151c-5f24-433b-9cdf-f51e84ae4900,KFUPM,Effect of Sea Waves on Vertical Underwater Visible Light Communication Links,,False
KFUPM_52f2477e-895f-45cb-8cc9-a01be454a4a6,KFUPM,Adaptive Modulation for FSO IM/DD Systems with Multiple Transmitters and Receivers,,False
KFUPM_d94b534f-8665-4e3b-8763-166842d23d2f,KFUPM,Thermal analysis and entropy generation of magnetic Eyring-Powell nanofluid with viscous dissipation in a wavy asymmetric channel,,False
KFUPM_129478bf-335d-4168-8696-9d76f093c311,KFUPM,Design and Implementation of a Real-Time Color Recognition System for the Visually Impaired,,False
KFUPM_8744a760-d784-40ed-839c-0a3b5e4d6be3,KFUPM,Implementation of a new research indicator to QS ranking system,,False
KFUPM_8fb8adb9-79a6-4bc6-a1a6-5ff2dc9ea46e,KFUPM,Resilience analysis of a PV/battery system of health care centres in Rohingya refugee camp,,False
KFUPM_7ec7b84d-7bc8-4cc9-90c8-2a2b8ed2fc62,KFUPM,On magnetohydrodynamics Powell–Eyring fluid with Cattaneo–Christov heat flux over a curved surface,,False
KFUPM_e15edf70-810c-4a79-acb4-92bceb2807ae,KFUPM,Chaotic marine predators algorithm for global optimization of real-world engineering problems,,False
KFUPM_c6a46948-a065-4a12-b951-9a9910a3e611,KFUPM,Advanced thermodynamics analysis for sustainable residential sector: a case study of Turkish residential sector,,False
KFUPM_b1787889-5ff8-449f-9d00-529d6ecd56cb,KFUPM,A novel hybrid flow direction optimizer-dynamic oppositional based learning algorithm for solving complex constrained mechanical design problems,robot,True
KFUPM_33e491ce-0c15-490b-86dc-41459deac948,KFUPM,A Hierarchical Algorithm for In-city Parking Allocation Based on Open Street Map and AnyLogic Software,,False
KFUPM_f8fe8e36-3018-41f0-8d89-cfac77573037,KFUPM,A novel generalized normal distribution optimizer with elite oppositional based learning for optimization of mechanical engineering problems,,False
KFUPM_6e7d5336-f57b-4a4b-9497-d209a753989c,KFUPM,"Current Scenario of Solar Energy Applications in Bangladesh: Techno-Economic Perspective, Policy Implementation, and Possibility of the Integration of Artificial Intelligence",artificial intelligence,True
KFUPM_0a20d7c3-9dde-4fa6-a3df-582d7ac9e0a5,KFUPM,Exact Versus Inexact Decimal Floating-Point Numbers and Arithmetic,,False
KFUPM_607dddfc-043b-4116-be01-f3192394da44,KFUPM,Transient heat transfer and electro-osmotic flow of Carreau–Yasuda non-Newtonian fluid through a rectangular microchannel,,False
KFUPM_1a25e503-dc5b-4eac-86e7-400caed8f26e,KFUPM,Fog computing-assisted path planning for smart shopping,,False
KFUPM_15d93c67-8207-4110-91d5-45471fc35803,KFUPM,Energy-Efficient UAVs Coverage Path Planning Approach,,False
KFUPM_eed91f1f-2ec3-466e-a47f-55f340117e5c,KFUPM,Efficient Implementation of Reverse Time Migration Seismic Imaging on FPGAs,,False
KFUPM_6005065e-5abe-40fc-bdf6-9bcc924c6f68,KFUPM,Medical imaging and nano-engineering advances with artificial intelligence,artificial intelligence; deep learning; computer vision,True
KFUPM_6b4f0fa4-d00c-4986-8b92-00b56f073397,KFUPM,Hydromagnetic flow of two immiscible nanofluids under the combined effects of Ohmic and viscous dissipation between two parallel moving plates,,False
KFUPM_a08f777e-bf82-40a3-b980-03904733a2ce,KFUPM,A novel hybrid arithmetic optimization algorithm for solving constrained optimization problems,,False
KFUPM_db004f2f-6dc8-46b5-ac36-6592c802838d,KFUPM,Energy-Efficient Optimization of Multi-User NOMA-Assisted Cooperative THz-SIMO MEC Systems,edge computing,True
KFUPM_a25e76c6-3c25-4928-b5fd-3c4f4f2c9718,KFUPM,Variational Quantum Algorithms for Solving Vehicle Routing Problem,,False
KFUPM_f184e757-4d50-45f6-8787-ce1838b1318a,KFUPM,IoT-enabled smart mask for monitoring body parameters and location through cloud,iot,True
KFUPM_41cbbe45-747e-4c93-8174-316037029502,KFUPM,Analytical Solutions of Peristalsis Flow of Non-Newtonian Williamson Fluid in a Curved Micro-Channel under the Effects of Electro-Osmotic and Entropy Generation,,False
KFUPM_43d89810-ff14-4b0f-b906-ca5eb7ecba37,KFUPM,Attack Simulation on Data Distribution Service-based Infrastructure System,,False
KFUPM_6a782a27-54b4-44ce-8508-0149473e52e5,KFUPM,Novel Aspects of Cilia-Driven Flow of Viscoelastic Fluid through a Non-Darcy Medium under the Influence of an Induced Magnetic Field and Heat Transfer,,False
KFUPM_403f6bd1-3c5c-49fe-9530-61f4c45de757,KFUPM,Localization of Autonomous Underwater Vehicles using Airborne Visible Light Communication Links,,False
KFUPM_37a7c0ab-feac-494c-b5ab-44af4fdfa2dd,KFUPM,Evaluation of Human Immune-Based IDPS Under DoS/DDoS Attacks,intrusion detection,True
KFUPM_2c32133f-0461-4128-adca-dc66d0d1208b,KFUPM,Cheetah optimization algorithm for optimum design of heat exchangers,,False
KFUPM_f4bfaa2e-ceef-4516-8b00-6c8cf621ba2f,KFUPM,Adaptive Cruise Control Based on Real-Time DDS Middleware,,False
KFUPM_72e68dee-f2df-457b-bea0-7c97cdd40ca4,KFUPM,A multi-strategy boosted prairie dog optimization algorithm for global optimization of heat exchangers,,False
KFUPM_907d3a32-ddea-420f-afd3-0ab4564259fa,KFUPM,Integrated Operation Centers in Smart Cities: A Humanitarian Engineering Perspective,,False
KFUPM_2dd4bb18-4404-4aac-907a-7dde8cad7bcb,KFUPM,A Machine Learning Based Method for Object Detection and Localization Using a Monocular RGB Camera Equipped Drone,machine learning; computer vision,True
KFUPM_1289de67-c3e6-444e-8bb1-d10bbeab625a,KFUPM,Secure PIN-Entry Method Using One-Time PIN (OTP),,False
KFUPM_ee8b96bc-8c55-49ba-a87e-1cdd5da893e5,KFUPM,Managing Health Treatment by Optimizing Complex Lab-Developed Test Configurations: A Health Informatics Perspective,,False
KFUPM_ae73c50b-d912-4eaa-bafc-a93cbb73f6de,KFUPM,SpMV and BiCG-Stab sparse solver on Multi-GPUs for reservoir simulation,,False
KFUPM_46e300e4-28f5-4a02-92b6-229a5350f02d,KFUPM,VISSIM calibration and validation of urban traffic: a case study Al-Madinah City,,False
KFUPM_15237361-da88-4996-bec8-7f7701e25dc3,KFUPM,A novel hybrid Fick's law algorithm-quasi oppositional-based learning algorithm for solving constrained mechanical design problems,robot,True
KFUPM_661cf7a0-6d00-4aa8-88c7-f3845643ee58,KFUPM,Development of Advanced Data-Intelligence Models for Radial Gate Discharge Coefficient Prediction: Modeling Different Flow Scenarios,machine learning; neural network,True
KFUPM_0458ac03-58c7-4207-8cfd-4989b3499b91,KFUPM,Edge deduplication for LoRaWAN using network coding,iot,True
KFUPM_33274a54-a2c1-4708-a826-85c2664cc0d6,KFUPM,Satellite Imagery-Based Cloud Classification Using Deep Learning,deep learning; neural networks,True
KFUPM_ac525ba1-b28e-4b6a-bc40-cf9aa2aaee30,KFUPM,Multipolar Acoustic Source Reconstruction from Sparse Far-Field Data Using ALOHA,,False
KFUPM_b1d1b8a8-1a37-4d82-b7a6-4124c3b3399a,KFUPM,3D simulation model for IoD-to-vehicles communication in IoD-assisted VANET,,False
KFUPM_b248af91-e9ca-4b9b-81a8-6bb001904541,KFUPM,Performance Evaluation of Communication Requirements of Smart Inverter and Distributed Energy Resource Management System,,False
KFUPM_359ae141-c33c-4314-89e8-25de5d368ebb,KFUPM,DDS-Based Adaptive Cruise Control,,False
KFUPM_3e98590c-dba2-4dac-892e-68b78847838d,KFUPM,A Safety System for Maximizing Operated UAVs Capacity Under Regulation Constraints,,False
KFUPM_c40b1198-1851-4c5b-83ee-10623182b7f9,KFUPM,Multi-Hop Airborne FSO Systems With Relay Selection Over Outdated Log-Normal Turbulence Channels,,False
KFUPM_280762dd-e201-4a2a-9a8a-312a79eeba8f,KFUPM,Obstacle Avoidance Rectilinear Steiner Minimal Tree Length Estimation Using Deep Learning,deep learning,True
KFUPM_89a11bce-2797-42b9-a110-6cfcb3ccb640,KFUPM,On improving the critical path delay of PathFinder at smaller channel widths,,False
KFUPM_8dcf5e61-5ee3-461d-bb10-947d0bde9380,KFUPM,"Flooding Attack: Implementation, Detection, and Prevention for UAV",,False
KFUPM_23eb11d1-295c-4a72-9874-76d3793ebb9c,KFUPM,Controlling Wheelchair Using EEG Signal and Machine Learning,machine learning,True
KFUPM_9cde18b4-f0e9-497a-8936-29597c76e461,KFUPM,Forty Years of Event Graphs in Research and Education,computer science,True
KFUPM_bea0e2c8-f523-4ee0-9dc3-004fa3b2a6d2,KFUPM,3D-SLAM Implementation on Commercial UAV: Challenges and Future Insights,deep learning,True
KFUPM_b63ea020-fd4b-4f3d-8aa3-a7547b53fb3f,KFUPM,Enhancing Arabic Information Retrieval for Question Answering,natural language processing,True
KFUPM_61d5289e-f928-40ee-8eea-b990d652dc81,KFUPM,Distributed Deep Learning-based Model for Large Image Data Classification,artificial intelligence; machine learning; deep learning,True
KFUPM_b7666ad9-d48d-4e76-b597-bf64693999a3,KFUPM,"Event Graphs: Syntax, Semantics, and Implementation",,False
KFUPM_d086049d-51d0-441a-9f16-48606d52b735,KFUPM,Leveraging Federated Learning for File Fragments Classification Based on Depthwise Separable Convolutions,neural network,True
KFUPM_b680a918-99f0-4358-85d0-3de0f5825312,KFUPM,RPA-Code for Secure Binary Sequence Generation from Graph-Based Scanning,,False
KFUPM_4e840965-4103-43c8-ad7d-aa5b9a09298a,KFUPM,Distributed Intrusion Detection Systems Based on Deep Learning Techniques and Boosting Ensemble,machine learning; deep learning; intrusion detection,True
KFUPM_3eb61708-bc4e-470e-abc0-82f1532326e8,KFUPM,A Methodology for the Design of Fault Tolerant Parallel Digital Channelizers on SRAM-FPGAs,,False
KFUPM_26fc3d68-90a5-4bea-83ee-adfbc8e697d1,KFUPM,Error-Resilient Data Compression with Tunstall Codes,machine learning; big data,True
KFUPM_4b47a034-3856-492a-ad15-f4dba4796d8c,KFUPM,Reliability Evaluation and Fault Tolerance Design for FPGA Implemented Reed Solomon (RS) Erasure Decoders,,False
KFUPM_07759a87-594d-468a-af3e-c81026bdb554,KFUPM,Toward Optimal Softcore Carry-aware Approximate Multipliers on Xilinx FPGAs,machine learning,True
KFUPM_95550ace-9210-4247-85c5-988abefc046f,KFUPM,Efficient protection of polar decoders against Single Event Upsets (SEUs) on user memories,,False
KFUPM_8347c8ae-3e5b-4d8c-a7d5-ffeb63ac8000,KFUPM,Efficient Protection of FPGA Implemented LDPC Decoders Against Single Event Upsets (SEUs) on Configuration Memories,,False
KFUPM_82fc0402-f8a6-4804-a601-29c2cd4a18ab,KFUPM,Machine Learning Based Miscellaneous Objects Detection with Application to Cancer Images,artificial intelligence; machine learning; neural networks; computer vision,True
KFUPM_41cc9e3a-067c-4975-ab42-eef9a7910c01,KFUPM,Systematic Reliability Evaluation of FPGA Implemented CNN Accelerators,neural networks,True
KFUPM_ceccad8b-fe17-4018-836a-221f11576c4f,KFUPM,On minimizing flow monitoring costs in large-scale software-defined network networks,,False
KFUPM_7d604b70-33b3-4bca-9e53-ac22c51487cb,KFUPM,On Ensuring Full Yet Cost-Efficient Survivability of Service Function Chains in NFV Environments,,False
KFUPM_60f258eb-255b-4cac-9c46-ec65db493a3a,KFUPM,Fast and efficient algorithm for delay-sensitive QoS provisioning in SDN networks,,False
KFUPM_de462211-78f1-4512-bae6-93d8c05b0e21,KFUPM,Optimizing Base Station’s Anonymity with PID-Controlled Fake Packets and Data Aggregation,,False
KFUPM_26bfc449-8f3b-4499-b315-c3abdb9c0e45,KFUPM,Monocular-based collision avoidance system for unmanned aerial vehicle,neural networks,True
KFUPM_92772e43-be25-4672-bf68-e015626f5ceb,KFUPM,Mixed convection of two layers with radiative electro-magnetohydrodynamics nanofluid flow in vertical enclosure,,False
KFUPM_ebf44ca0-4aac-45fc-8426-28c32b509c3c,KFUPM,An efficient sequential consistency implementation with dynamic race detection for GPUs,,False
KFUPM_2647d705-6f19-44cf-9529-42af731a5be3,KFUPM,A new enhanced mountain gazelle optimizer and artificial neural network for global optimization of mechanical design problems,neural network,True
KFUPM_08988b3e-d492-484b-bf53-153ab0bd060b,KFUPM,Performance evaluation of cluster-based federated machine learning,machine learning,True
KFUPM_093b30f5-5e8a-48d9-ae61-7ea51017ef34,KFUPM,Reliable data transmission for a VANET-IoIT architecture: A DNN approach,neural network; blockchain,True
KFUPM_12a7aa4d-521a-47ba-a2b0-d5c44cdf8eb3,KFUPM,Novel compressed linear network coding vectors for multihop communication networks,internet of things,True
KFUPM_9d3915dd-c633-4642-9ec0-8141d89f9e97,KFUPM,Optical Focusing-Based Adaptive Modulation for Air-to-Underwater Optoacoustic Communication,machine learning; random forest,True
KFUPM_1f5eda63-bbcc-4b17-8e5a-9d364ce0a645,KFUPM,Heat transfer analysis of magnetohydrodynamics peristaltic fluid with inhomogeneous solid particles and variable thermal conductivity through curved passageway,,False
KFUPM_620928e8-1807-4777-b3ad-62346519f6cd,KFUPM,Electromagnetic effects on two-layer peristalsis flow of Powell–Eyring nanofluid in axisymmetric channel,,False
KFUPM_ff61fc96-37f6-4644-a53f-31ad2b1ae530,KFUPM,UAV Detection Using Reinforcement Learning,computer vision,True
KFUPM_50a74de9-5ed0-4f79-a0d4-687d696703e0,KFUPM,Optimal charging/discharging management strategy for electric vehicles,,False
KFUPM_2e851952-9179-488d-8072-2d7eda01a6c0,KFUPM,Artificial intelligence and edge computing for machine maintenance-review,artificial intelligence; internet of things; edge computing,True
KFUPM_38698119-7a2b-44f6-8d76-94f3d1c9e577,KFUPM,An Optimization Approach of IoD Deployment for Optimal Coverage Based on Radio Frequency Model,,False
KFUPM_89d156d1-7cdc-4701-8aa6-fad8ff25c9b0,KFUPM,Enhancing the structural performance of engineering components using the geometric mean optimizer,robot,True
KFUPM_4e46d668-7644-4e1f-bff1-0478762a3cbf,KFUPM,Investigation of UAV Detection in Images with Complex Backgrounds and Rainy Artifacts,deep learning; computer vision,True
KFUPM_0f72b23e-bd1b-49bc-aca1-84ed8222165c,KFUPM,Energy-Efficient Internet of Drones Path-Planning Study Using Meta-Heuristic Algorithms,,False
KFUPM_c839e99b-a50b-4d3d-9bce-bc4610713946,KFUPM,Deep-Representation-Learning-Based Classification Strategy for Anticancer Peptides,,False
KFUPM_a849ec19-8c33-4730-9634-ce2d6ca8efdb,KFUPM,Optimal design of structural engineering components using artificial neural network-assisted crayfish algorithm,neural network; neural networks,True
KFUPM_ebe7513c-ab25-47f0-ab7a-b49f386f70ae,KFUPM,Convective heat transfer with Hall current using magnetized non-Newtonian Carreau fluid model on the cilia-attenuated flow,,False
KFUPM_909e9cbe-f978-4270-b0e8-88b7b12b1686,KFUPM,Optimization of electric vehicle design problems using improved electric eel foraging optimization algorithm,neural networks,True
KFUPM_45c42425-5f7d-465f-9ba4-e4807008b112,KFUPM,Energy-Efficient Multi-UAV Multi-Region Coverage Path Planning Approach,,False
KFUPM_510c5f1c-221a-43ee-b550-b89e2581306f,KFUPM,Performance Evaluation of Three Routing Protocols for Drone Communication Networks,,False
KFUPM_86bb64f0-0d15-4a96-9ff4-c9631fe8ae4a,KFUPM,A computational predictive model for nanozyme diffusion dynamics: optimizing nanosystem performance,,False
KFUPM_6509dd88-0dcf-4e25-be08-b7edb9bc70a2,KFUPM,Accelerating memory and I/O intensive HPC applications using hardware compression,,False
KFUPM_958be578-bd76-4637-a416-8f07f476cc4d,KFUPM,Realtime Middleware-based Distributed Micro-Smart Electricity Meters,,False
KFUPM_6ddfae82-1c25-449d-a88c-7c01cc5c9804,KFUPM,EXPLORING THE HUMAN RESPONSE TO ANGER: UNCOVERING INSIGHTS THROUGH INFRARED THERMOGRAPHY AND EXPERIMENTAL PSYCHOLOGY,,False
KFUPM_dd531d97-2caa-4b7d-a4df-6ab959a7efad,KFUPM,Numerical investigation on unsteady compressible flow of viscous fluid with convection under the effect of Joule heating,,False
KFUPM_2065c772-5354-4a85-a8f2-355cdf5a4080,KFUPM,Recursive Clustering Approach for Wireless Sensor Networks in Pipeline Monitoring Application,,False
KFUPM_c597ae1f-b7b5-4e1d-90a0-789708b3e3ff,KFUPM,Machine-Learning-Based Optimal Cooperating Node Selection for Internet of Underwater Things,machine learning,True
KFUPM_5d4f761a-0763-41db-84cf-2b4fac919850,KFUPM,Analytical Investigation of Thermal Radiation Effects on Electroosmotic Propulsion of Electrically Conducting Ionic Nanofluid with Single-Walled Carbon Nanotube Interaction in Ciliated Channels,,False
KFUPM_7a95b554-0b71-444a-bd70-f38ab3c67f8f,KFUPM,Global Positioning of Underwater Nodes Using Airbome-formed Visual Light Beams and Acoustic Ranging,,False
KFUPM_21e9c3df-02ef-4789-9bf0-962d870ffdc2,KFUPM,Real-Time Monitoring of Personal Protective Equipment Compliance in Surveillance Cameras,deep learning,True
KFUPM_0b0b6f54-c456-44d4-9cec-8ed2417cb9b3,KFUPM,A Deterministic Concurrent-Routing Algorithm to Improve Wire Selection in FPGA Routing,,False
KFUPM_260d6fef-c304-43d4-9b54-5137657112c0,KFUPM,Numerical and experimental investigation of silo vibration of sulfur storage,,False
KFUPM_054a3aed-2657-468e-9921-54984b9bfb99,KFUPM,An integrated numerical and analytical investigation on cilia-generated MHD flow of Jeffrey fluid through a porous medium,,False
KFUPM_7f6a562a-76ab-4108-9798-bbbb40ffa48e,KFUPM,Artificial neural network infused quasi oppositional learning partial reinforcement algorithm for structural design optimization of vehicle suspension components,neural network,True
KFUPM_e8713737-00da-4900-ac6a-e41466b3be20,KFUPM,A Lightweight Intrusion Detection System Using Convolutional Neural Network and Long Short-Term Memory in Fog Computing,machine learning; deep learning; neural network; neural networks; intrusion detection; internet of things; iot,True
KFUPM_0437b3f5-fc8b-425e-8929-04e45ab30582,KFUPM,EXACT SOLITARY WAVE SOLUTIONS OF TIME FRACTIONAL NONLINEAR EVOLUTION MODELS: A HYBRID ANALYTIC APPROACH,,False
KFUPM_f843f763-7bac-4cbb-bb75-611dacbb0402,KFUPM,A Complete EDA and DL Pipeline for Softwarized 5G Network Intrusion Detection,machine learning; deep learning; intrusion detection; iot,True
KFUPM_7ee0e56c-9c35-4a59-abc8-ad99987c9607,KFUPM,"Federated Reinforcement Learning for Wireless Networks: Fundamentals, Challenges and Future Research Trends",machine learning; internet of things; iot; wireless networks,True
KFUPM_7737a2ee-fa7c-43e9-956d-1eb588c8d2ff,KFUPM,Deep reinforcement learning approach for multi-hop task offloading in vehicular edge computing,edge computing,True
KFUPM_3f4f92be-8ffd-4f9c-9cb9-3f60188b1a7f,KFUPM,Improved particle swarm optimization for fractional order PID control design in robotic manipulator system: A performance analysis,,False
KFUPM_3bb695cd-e0cd-4e91-b5e8-0eeb21e9fb2e,KFUPM,Optimization of vehicle crashworthiness problems using recent twelve metaheuristic algorithms,,False
KFUPM_189e11d7-67a3-4224-9422-6a52896390e4,KFUPM,A Survey of Middleware Adoption in Nonprofit Sectors: A Sustainable Development Perspective,,False
KFUPM_0b1e47e6-dfd7-4461-963b-fb6eada3a306,KFUPM,Parametric Optimization of Entropy Generation in Hybrid Nanofluid in Contracting/Expanding Channel by Means of Analysis of Variance and Response Surface Methodology,,False
KFUPM_6e534682-9409-4ace-8d45-aa4167b08623,KFUPM,Energy-Efficient Online Path Planning for Internet of Drones Using Reinforcement Learning,,False
KFUPM_703af6fc-ed66-45d0-8183-7f3ac4217d35,KFUPM,Optimization of vehicle conceptual design problems using an enhanced hunger games search algorithm,,False
KFUPM_591855c4-6ffe-40d8-97ad-b1907f1bb66a,KFUPM,A Survey on RIS Advances in Terahertz Communications: Emerging Paradigms and Research Frontiers,wireless networks,True
KFUPM_0290bb47-3222-49f5-87d3-8d00e3bdc9eb,KFUPM,File Fragment Type Classification Using Light-Weight Convolutional Neural Networks,neural network; neural networks,True
KFUPM_03c8ee68-2a2e-496e-9480-530d994e2506,KFUPM,Advanced Self-Driving Vehicle Model for Complex Road Navigation Using Integrated Image Processing and Sensor Fusion,,False
KFUPM_63d715e2-e03f-485f-ac78-63aed3c55586,KFUPM,Towards sustainable AI: a comprehensive framework for Green AI,artificial intelligence; computer vision; natural language processing,True
KFUPM_9bce9e05-140d-40d0-8f8a-33d3b530372d,KFUPM,On hydromagnetic two-phase gas-liquid flow in ciliary channel: An application of a metachronal rhythm,,False
KFUPM_72e3d010-750c-4c41-ab33-98daa760d5d2,KFUPM,Edge-Assisted Label-Flipping Attack Detection in Federated Learning,machine learning,True
KFUPM_f6630bac-c7dd-4a74-a12f-e6b1f938692b,KFUPM,Impact of Adverse Weather and Image Distortions on Vision-Based UAV Detection: A Performance Evaluation of Deep Learning Models,deep learning; computer vision,True
KFUPM_c759d02d-57de-441e-99ff-b78b92fae9bb,KFUPM,Decentralized Edge-Based Detection of Label Flipping Attacks in Federated Learning,,False
KFUPM_5ac43fb3-9c86-498e-a99c-20bd1eb889da,KFUPM,Novel Energy-Aware 3D UAV Path Planning and Collision Avoidance Using Receding Horizon and Optimization-Based Control,,False
KFUPM_74bbc408-6c7c-4686-bbb9-43ef0853d1cf,KFUPM,R-RDSP: Reliable and Rapidly Deployable Wireless Ad Hoc System for Post-Disaster Management over DDS,,False
KFUPM_4194087c-6acb-4e41-a12a-4ec0f669acd4,KFUPM,Comparing Boosting-Based and GAN-Based Models for Intrusion Detection in 5G Networks,machine learning; intrusion detection; internet of things; iot,True
KFUPM_8fc09093-78c1-4ee4-a62c-45366d5af23d,KFUPM,Performance Evaluation of Hierarchical Federated Learning on Resource-Constrained IoT Systems,internet of things; iot,True
KFUPM_6db50c09-0409-45fc-b895-2890ac795ef4,KFUPM,Enhancing Vehicle Location Prediction Accuracy with Road-Aware Rectification for Multi-Access Edge Computing Applications,edge computing,True
KFUPM_135fc894-3294-48a0-aad4-f35fc84e21e7,KFUPM,Temporal trends and predictive modeling of air pollutants in Delhi: a comparative study of artificial intelligence models,artificial intelligence; deep learning; multilayer perceptron,True
KFUPM_2714c49e-98bb-405e-a15b-3cc7b0dfe901,KFUPM,Receding Horizon and Optimization-based Control for UAV path planning with Collision Avoidance,,False
KFUPM_5c2452d3-c6d1-45d9-817f-3a5cf11f8c26,KFUPM,"Federated Learning for IoT: Applications, Trends, Taxonomy, Challenges, Current Solutions, and Future Directions",machine learning; internet of things; iot,True
KFUPM_cfb42869-050a-4ba4-bf3c-e21faab5f56e,KFUPM,Discovery of Quantum Algorithms Using Genetic Algorithms: Exponential Speedup via Random Sampling,machine learning,True
KFUPM_cd7f78a7-ae7d-4206-bbd6-e7c43c49ece6,KFUPM,Anticancer Peptides Classification with High-Accuracy Feature Representation Using Long Short-Term Memory,,False
KFUPM_32d75c17-e3d5-478d-822b-838c31751b4f,KFUPM,IoT for critical Big Data applications,internet of things; iot; big data,True
KFUPM_1838746f-04bb-476e-b831-946cf0487f34,KFUPM,DustRobust-YOLO: Enhanced UAV Detection in Dusty Conditions,deep learning,True
KFUPM_6793cc83-0f8e-469a-8642-6f0535aeb8b9,KFUPM,Evaluation of Chest CT-Scan Anomaly Detection Models Using Principal Component Analysis,machine learning; deep learning; neural networks,True
KFUPM_b6b783a5-008b-4987-9b16-404ea26f767b,KFUPM,Optimizing One-Stage Object Detection for URLLC: A Two-Stage Pipeline with Oculi SPU,machine learning,True
KFUPM_e0773060-8f86-4034-843a-54ef17889211,KFUPM,A Data-Driven Approach Towards Software Regression Testing Quality Optimization,machine learning; random forest,True
KFUPM_926e7dad-04a7-4477-972a-1629ff51fbd7,KFUPM,A Comparative Study of Gaze Estimation Models,deep learning,True
KFUPM_2e986413-9915-43dd-a867-a9c441028492,KFUPM,Criteria-based Unsupervised Feature Selection Techniques: A Comparative Study Over Chest CT Scan,machine learning; deep learning,True
KFUPM_0846f8cd-7725-40b4-9579-924d83dc6443,KFUPM,Performance Analysis of Fluid Antenna Multiple Access (FAMA) for 6G,,False
KFUPM_396cd2e8-c958-4162-99e3-4e86657dbae0,KFUPM,Cascaded Fractional-Order Controller-Based Load Frequency Regulation for Diverse Multigeneration Sources Incorporated with Nuclear Power Plant,,False
KFUPM_e0e63c59-7fbf-47b1-ad33-054f3f9489d1,KFUPM,Factor proportions model for Russian mineral supply-driven global energy transition: Does externality matter?,,False
KFUPM_05e912e9-f229-4f36-8f69-743a43147654,KFUPM,Transport Assistants to Enhance TCP Performance: Analysis of the Packet Delivery Delay,,False
KFUPM_381e9a7d-2424-449b-9824-bccf453210a4,KFUPM,Optimization of truss structures using multi-objective cheetah optimizer,,False
KFUPM_38b55d2f-bc35-4c71-96cd-69cd6c8ca71b,KFUPM,"Emerging Trends in UAVs: From Placement, Semantic Communications to Generative AI for Mission-Critical Networks",artificial intelligence; generative ai,True
KFUPM_03a2961d-9b5f-4573-81cc-ba7c70609759,KFUPM,Cavitating bubbly flow of non-Newtonian second grade fluid through nozzles: Application of reduction of cavitation damage and noise,,False
KFUPM_cf5cbf63-c066-4bd3-9328-369c96dd4b18,KFUPM,"A Systematic Literature Review on Vulnerabilities, Mitigation Techniques, and Attacks in Field-Programmable Gate Arrays",machine learning,True
KFUPM_e09738dd-14f4-4a6c-a4a8-935bff953c2d,KFUPM,Enhanced Learning-Based Hybrid Optimization Framework for RSMA-Aided Underlay LEO Communication With Non-Collaborative Terrestrial Primary Network,,False
KFUPM_830e257e-c7b2-4974-a884-9924048c848a,KFUPM,Robust Multicriterion Offloading in Digital-Twin-Assisted UAV Networks,internet of things; iot; edge computing; wireless networks,True
KFUPM_5de68542-8601-44dd-b596-26843ab1d832,KFUPM,Mixed convective heat and mass transfer of Carreau fluid flow past over a permeable stretching disk: thermal and concentration analysis,,False
KFUPM_32b7dd6e-52e1-4696-a6c8-23d44b0990f8,KFUPM,Lightweight Intrusion Detection for IoT Systems Using Artificial Neural Networks,machine learning; neural network; neural networks; intrusion detection; internet of things; iot,True
KFUPM_41ee1b73-9d27-43b4-9ba3-8662e84076ae,KFUPM,"Multi-STAR-RIS NOMA: Clustering, RIS Assignment and Power Optimization",,False
KFUPM_8614b1fb-8e2e-4679-882d-8180c5cf73d9,KFUPM,A Novel Few-Shot ML Approach for Intrusion Detection in IoT,intrusion detection; internet of things; iot,True
KFUPM_4041ecb3-13a9-4581-b13d-7d03c7360925,KFUPM,A systematic review of graphical password methods resistant to shoulder-surfing attacks,,False
KFUPM_a6849f07-a43f-4436-be17-7ef9cbb72a2f,KFUPM,A multi-model approach for predicting electric vehicle specifications and energy consumption using machine learning,machine learning; random forest,True
KFUPM_e89216ed-a604-4122-a4de-0f3ff007e223,KFUPM,Multi-objective optimization of truss structures using the enhanced Lichtenberg algorithm,,False
KFUPM_fc8750b5-1913-477e-9040-5f94436417f4,KFUPM,Comparative study of state-of-the-art metaheuristics for solving constrained mechanical design optimization problems: experimental analyses and performance evaluations,,False
KFUPM_71dd53bc-1a44-4359-8008-50ccf81d1a3e,KFUPM,Anticancer Peptides Classification Using Long-Short-Term Memory With Novel Feature Representation,,False
KFUPM_6b27fb29-ba4d-4ec8-8aab-c79fba3b6329,KFUPM,Adaptive Hierarchical Multi-Headed Convolutional Neural Network With Modified Convolutional Block Attention for Aerial Forest Fire Detection,artificial intelligence; machine learning; neural network; neural networks,True
KFUPM_18fe2734-8489-4277-953a-3b2918bd355b,KFUPM,MSF-GhostNet: Computationally Efficient YOLO for Detecting Drones in Low-Light Conditions,,False
KFUPM_66e6d343-bd82-4130-88b8-d706cdba3d7b,KFUPM,Optimizing bioconvective heat transfer with MHD Eyring–Powell nanofluids containing motile microorganisms with viscosity variability and porous media in ciliated microchannels,,False
KFUPM_573db622-e83e-4d8f-a639-c2c8233ba80b,KFUPM,Heat Transfer Characteristics of Hybrid Nanoparticles in Newtonian Fluid inside a Channel with Air foil-shaped: A CFD Simulation using COMSOL Multiphysics,,False
KFUPM_709bb9d8-b210-474a-9f59-0ebe85a42f7d,KFUPM,Spatio-temporal deep learning for improved face presentation attack detection,deep learning,True
KFUPM_0aff9947-9d41-463f-8246-b61124783291,KFUPM,The Rise of Cognitive SOCs: A Systematic Literature Review on AI Approaches,artificial intelligence; machine learning; natural language processing,True
KFUPM_f9adeb5d-bb1a-495c-977e-558b13e61982,KFUPM,Integrating Data Distribution Service (DDS) in Smart Traffic Systems: A Comprehensive Review,,False
KFUPM_971fa5c2-4707-4ebe-9ecf-50307a954d6f,KFUPM,Improving Face Presentation Attack Detection Through Deformable Convolution and Transfer Learning,,False
KFUPM_c2c67ef2-87db-499d-949b-3367fed0a1e5,KFUPM,"URLLC for DRL-RIS-AIDED SAGINs: New Mentalities, Trends and Preliminary Solutions",,False
KFUPM_65929942-cafa-471e-b977-6534360f84cd,KFUPM,Lightweight and Efficient Post Quantum Key Encapsulation Mechanism Based on Q-Problem,,False
KFUPM_005a0866-5d1e-44aa-8d82-6844b1ff9d28,KFUPM,Enhanced hippopotamus optimization algorithm and artificial neural network for mechanical component design,neural network; neural networks; robot,True
KFUPM_1933b238-3cc0-4cd6-a0ae-93c2fb994b1e,KFUPM,Intelligent QV2X Routing for Traffic Management in Consumer IoV Using STGNN and Reinforcement Learning,neural networks,True
KFUPM_c9a12062-c942-4f70-8637-a60ec61b55d7,KFUPM,Multi-Armed Bandits for Resource Allocation in UAV-Assisted LoRa Networks,internet of things,True
KFUPM_8bd8cabb-ffc6-4c70-b600-6e26676a0ad7,KFUPM,Improved material generation algorithm by opposition-based learning and laplacian crossover for global optimization and advances in real-world engineering problems,,False
KFUPM_eecce8ce-7d9a-45ef-af05-e1e30cfd75e1,KFUPM,A Novel Beam Tracking Scheme in RIS for Wideband THz Communication Systems,,False
KFUPM_0cf24dd6-8dcf-44df-9f99-83f85901b2fd,KFUPM,An encrypted and signed plaintext symmetric cryptosystem,,False
KFUPM_a2ea5397-7a44-4956-a8f5-1efd9cbf2866,KFUPM,Deep learning frameworks for MRI-based diagnosis of neurological disorders: a systematic review and meta-analysis,deep learning,True
KFUPM_57505090-39d8-4f01-939c-2e6a2c99dbe7,KFUPM,A Systematic Survey of Distributed Decision Support Systems in Healthcare,artificial intelligence; blockchain,True
KFUPM_46efad0e-6a89-4c9b-9c80-27b865d48795,KFUPM,Serendipity and LLM-based Recommender System for Smart Transportation,large language models,True
KFUPM_60949da6-e103-49d5-9e9e-258425440101,KFUPM,"Survey of Multimodal Federated Learning: Exploring Data Integration, Challenges, and Future Directions",machine learning; internet of things; iot,True
KFUPM_b59ff19d-6f69-4269-9f93-214fd91118b4,KFUPM,"A Review of Last-Mile Delivery Optimization: Strategies, Technologies, Drone Integration, and Future Trends",artificial intelligence; iot; robots,True
KFUPM_6185d062-24c1-448b-a6f6-66270b789fc7,KFUPM,Predictive modeling of MXene-based solar absorbers using a deep neural network,deep learning; neural network,True
KFUPM_269cb8d1-04ee-45d1-98fe-00af0dffdfb1,KFUPM,A Simulation-Based Study on the Integration of Vehicular Communication in Reducing Secondary Crashes in Congested Freeways,,False
KFUPM_79979532-df7b-49a6-9a13-105d44656daa,KFUPM,Thermally induced cilia flow of Prandtl nanofluid under the influence of electroosmotic effects with boundary slip,,False
KFUPM_b14ea778-f136-4c1c-9342-200978762099,KFUPM,Unbounded Depth ElGamal-Based Asymmetric Updatable Encryption Technique,internet of things,True
KFUPM_8fd2f6f4-eb4d-44d0-a6fa-f439b0fd1571,KFUPM,Last-Mile Delivery Optimization: Recent Approaches and Advances,artificial intelligence,True
KFUPM_02b0665c-82c5-4182-8662-13e1ddb9ff59,KFUPM,Monocular vision navigation system for UAV autonomous mission: a real-time window-based obstacle avoidance approach,artificial intelligence; computer vision,True
KFUPM_ed04f7a7-6a08-4ca5-a9fd-d4bace6a631d,KFUPM,TF-BiFPN Improves YOLOv5: Enhancing Small-Scale Multiclass Drone Detection in Dark,,False
KFUPM_1228e10f-e9c5-4b2f-86c3-a526bd98ce6d,KFUPM,Lightweight and Computationally Efficient YOLO for Rogue UAV Detection in Complex Backgrounds,,False
KFUPM_ba4df61a-281e-4870-b457-49005a591433,KFUPM,A new neural network-assisted hybrid chaotic hiking optimization algorithm for optimal design of engineering components,artificial intelligence; machine learning; neural network,True
KFUPM_90a70606-3ea9-486b-bc88-73e6d4ed4984,KFUPM,Enhanced Greylag Goose optimizer for solving constrained engineering design problems,neural network,True
KFUPM_7ace9079-d8ce-4991-b997-2d9438039f45,KFUPM,Runtime Norms Regulation Framework for Drones’ Smart Cities Applications,,False
KFUPM_8b2d1f46-3766-4e09-a2a6-f32906cb0bf8,KFUPM,Electroosmotic slip flow in peristaltic transport of non-Newtonian third-grade MHD fluid: RSM-based sensitivity analysis,,False
KFUPM_657a4734-2f1a-436b-a563-5e05f77f5039,KFUPM,Optimization of network device hardening in a multivendor environment,,False
KFUPM_909c27d3-61ac-4bdb-9e91-4b5f9f68435d,KFUPM,YOLO-RAW: Advancing UAV Detection With Robustness to Adverse Weather Conditions,,False
KFUPM_7ab56e61-8a27-4dec-b578-436a2ef0ca27,KFUPM,Heat transfer flow of non-Newtonian eyring-powell fluid with mixed convection heterogeneous and homogeneous reactions using linear regression based machine learning approach,machine learning,True
KFUPM_6ce4c542-1775-4b0b-890f-b9cab6eec9d5,KFUPM,Effects of thermal radiation on MHD bioconvection flow of non-Newtonian fluids using linear regression based machine learning and artificial neural networks,artificial intelligence; machine learning; neural networks,True
KFUPM_63499edb-1192-4b8b-b2b4-54f99d92c81f,KFUPM,Accelerating zero-touch automation and optimization of beyond 5G services: deep learning and intent-based networking fusion,machine learning; deep learning,True
KFUPM_7abe122c-b713-4c74-be7f-c561f1fa1077,KFUPM,Malicious Reconfigurable Intelligent Surfaces: Security Threats in 6G Networks,wireless networks,True
KFUPM_65939b46-9684-491b-b18c-946d65b8bc15,KFUPM,Generating Anticancer Peptides Sequences Using Seq2Seq Modeling and Machine Learning Methods,machine learning; deep learning; neural network,True
KFUPM_bf5b387e-8fa2-4a29-a451-c2ddcf4978fe,KFUPM,"Outdoor Free Space Optical Systems: Motivations, Challenges, Contributions in Environmental Conditions, and Future Directions-A Systematic Survey",natural language processing,True
KFUPM_6293571d-f3df-48d6-8013-1f51e5924c65,KFUPM,Mitigation of oxide growth on aluminum thin films: The role of self-assembled monolayers in superconducting quantum circuits,,False
KFUPM_bc57e3cc-dad4-41df-a763-da85bf925d45,KFUPM,Monocular based 3D depth estimation and SLAM integration,deep learning,True
KFUPM_b6837243-fd5a-4ee3-85b4-4d56d454cbae,KFUPM,Dynamic spectrum sharing in heterogeneous wireless networks using deep reinforcement learning,deep learning; neural network; iot; wireless networks,True
KFUPM_03034b5b-5f88-4a7a-ba0c-3b2a9290a051,KFUPM,Numerical investigation of magnetized nanofluid flow in a non-Darcian medium with convective heating conditions across a rotating disk,,False
KFUPM_c74d83e4-eef1-437a-af56-476b376df523,KFUPM,Multiple-Input Floating-Point Adders: A Comprehensive Review,machine learning,True
KFUPM_ddf9f5d3-6bb5-433f-a98f-c8e21f35b426,KFUPM,A Systematic Literature Review of DDS Middleware in Robotic Systems,robotics; robot,True
KFUPM_768a675c-c60b-45ff-a198-5b68d28b73a7,KFUPM,Tag Replication and Status Bits Encoding for Enhancing Cache Metadata Reliability,,False
KFUPM_06e6a066-2f05-499f-b2af-1198806b6cd5,KFUPM,Multi-Layer Network Formation Through HAPS Base Station and Transmissive RIS-Equipped UAV,internet of things; iot; wireless networks,True
KFUPM_a841d6c0-b0bf-4307-9c53-267d9a2f4bee,KFUPM,AttCDCNet: Attention-Enhanced Chest Disease Classification Using X-Ray Images,deep learning; neural networks,True
KFUPM_66e39c90-ddd9-4f52-a2a1-cf80b401a2d8,KFUPM,Pothole Detection under Various Weather Conditions Using YOLOv9,,False
KFUPM_ac9ca355-4149-4385-9c3b-99713aecd68b,KFUPM,PNet-IDS: A Lightweight and Generalizable Convolutional Neural Network for Intrusion Detection in Internet of Things,deep learning; neural network; intrusion detection; internet of things; iot,True
KFUPM_b341c494-f536-476e-9c56-32dc06a9a1ae,KFUPM,Explainable AI for Lightweight Network Traffic Classification Using Depthwise Separable Convolutions,artificial intelligence; neural networks,True
KFUPM_2ee974a1-ece3-4f2e-a8d3-a085340947fb,KFUPM,Bridging Connectivity Gaps: HAP-Based Network With Parallel FSO-RF Transmission for Ubiquitous Internet Access,,False
KFUPM_ce26e467-318c-4adf-ad7a-7233fd9909ea,KFUPM,Reflection of Harmonic Waves in a Nonlocal Rotating Micropolar Medium with Constant Magnetic Field under Three-phase-lag Theory with Temperature Dependent Elastic Model,,False
KFUPM_3adb44d3-9165-40bb-9e4b-0f18287b1dbe,KFUPM,A Multi-Layer Non-Terrestrial Networks Architecture for 6G and Beyond Under Realistic Conditions and With Practical Limitations,wireless networks,True
KFUPM_db3a26f4-3cf7-40be-b1e9-f55326cc3dc7,KFUPM,Publish/Subscribe-Middleware-Based Intelligent Transportation Systems: Applications and Challenges,,False
KFUPM_de8c4ff2-8efc-4582-bddb-a349b53ced0a,KFUPM,IBN-ZTSA: AI-IBN for Zero Touch Service Automation of B5G Terrestrial and Non-Terrestrial Networks,artificial intelligence,True
KFUPM_9739229b-aee5-44b6-8deb-599e0f1e95eb,KFUPM,Behavioral and Propagation-Based Analysis of APT Attacks for Effective Attack Attribution,,False
KFUPM_0182e14e-3458-431a-8bb9-f117c3000a3d,KFUPM,Rainfall Prediction Using Integrated Machine Learning Models With K-Means Clustering: A Representative Case Study of Harirud Murghab Basin-Afghanistan,machine learning; random forest,True
KFUPM_c4f4b424-51a5-45ce-8857-4b5f832be73e,KFUPM,AdvSpoofGuard: Optimal transport driven robust face presentation attack detection system,,False
KFUPM_2bdf3907-57a5-42fe-a4db-89cd8772ebcc,KFUPM,DDoS Attack Detection in IoT: A Comparative Resource and Performance Analysis of Deep Learning and Machine Learning Models,machine learning; deep learning; neural networks; random forest; intrusion detection; internet of things; iot,True
KFUPM_b9aa1574-7191-499e-af5b-5cacacbb45b0,KFUPM,Heat transfer analysis on peristaltically driven motion of particle-fluid suspension in Newtonian fluid using curvilinear coordinates bounded by slip boundary: Applications in drug delivery through blood vessels,,False
KFUPM_83033e70-8b65-44d3-b068-5cc77d463800,KFUPM,Edge-Based Detection of Label Flipping Attacks in Federated Learning Using Explainable AI,machine learning,True
KFUPM_fa13eb04-d56d-4edb-9aac-a29d470edb8a,KFUPM,A Mini-Review of Methods for Forecasting Post Routing Congestion from Placement in FPGA Physical Design,artificial intelligence,True
KFUPM_e70ea49d-c438-4db0-938f-c72615894c7c,KFUPM,Aircraft wing rib component optimization using artificial neural network-assisted superb fairy-wren algorithm,neural network; neural networks,True
KFUPM_59e1cd45-bedd-46e2-9f6c-492553c55525,KFUPM,A Lightweight Deep Learning Model for Retinopathy of Prematurity Classification in eHealth Applications,deep learning,True
KFUPM_f62e410c-a49a-4afb-b505-6a225a4570e6,KFUPM,Optimal Clustering and Mobile BS Deployment Through Improved PSO,,False
KFUPM_407c8dfb-83e7-486a-b884-c9cfea34b8f3,KFUPM,THERMAL ANALYSIS OF TWO-PHASE MHD FLOW DUE TO CILIARY MOVEMENT WITH VISCOUS DISSIPATION IN THE PRESENCE OF HEAT SOURCE/SINK,,False
KFUPM_d475173d-eda0-489e-b78a-5070375475fc,KFUPM,Artificial neural network-infused polar fox algorithm for optimal design of vehicle suspension components,neural network,True
KFUPM_69a8dbae-0e90-4fbb-a2a6-b459ffc3476c,KFUPM,An Effective MIMO Antenna Design for 5G and Beyond,artificial intelligence,True
KFUPM_37819259-0139-40e3-a764-f275ecb365cf,KFUPM,Battery box design of electric vehicles using artificial neural network-assisted catch fish optimization algorithm,neural network; neural networks,True
KFUPM_e208e6bf-8b3d-4701-8399-306154d4f24b,KFUPM,Artificial neural network-assisted supercell thunderstorm algorithm for optimization of real-world engineering problems,neural network,True
KFUPM_5e85b131-4dfd-4747-883e-03a09d377055,KFUPM,EcoWeedNet: A Lightweight and Automated Weed Detection Method for Sustainable Next-Generation Agricultural Consumer Electronics,computer vision,True
KFUPM_d780b112-2994-49f5-9603-a1d0e6f28a44,KFUPM,Artificial neural network based computational evaluation of bioconvective gyrotactic microorganisms wedge flow of MHD Garreau fluid with thermal radiations,artificial intelligence; neural network; neural networks,True
KFUPM_80743e58-83c8-4d6e-93e3-644b7093205a,KFUPM,STAR-RISs Versus Full-Duplex Decode-and-Forward Relaying: Which is Better?,,False
KFUPM_81ee0e22-8918-46f1-8267-ce8cd1be159c,KFUPM,Knowledge distillation with predicted depth for robust and lightweight face presentation attack detection,deep learning; neural network,True
KFUPM_cb6eaf38-a542-4f11-a249-ebf6633e3530,KFUPM,Joint Optimization of IRS and THz Resource Allocation in 6G IoT Networks: An Adaptive Online MADDPG Approach,internet of things; iot; wireless networks,True
KFUPM_1a38d44e-c158-4837-881d-d4ce5fd6033d,KFUPM,Global positioning of underwater nodes using airborne-formed visual light beams,,False
KFUPM_cb1b96ba-61ce-4ba1-a0cb-1860141ac6f5,KFUPM,Optimal path recommendation in dynamic traffic networks using the hybrid Tabu-A* algorithm,,False
KFUPM_d5c2a431-a040-4707-a188-51fe5dbbcc73,KFUPM,From Features to Qubits: A Hybrid Learning Approach for Predicting SDN Link States,machine learning; random forest,True
KFUPM_608b2b40-6bf5-4d99-9e6d-ef6e74f997bf,KFUPM,Challenge-response PIN authentication system to withstand shoulder surfing and recording attacks,,False
KFUPM_d8e79018-a76c-4b1f-83ef-e9ab4b2093f1,KFUPM,Optimal design of automobile seat components using chaotic enzyme action optimization algorithm,,False
KFUPM_d1f5bc0b-d12c-47a8-b000-000055c1fba9,KFUPM,Enhancing monocular depth estimation with an advanced encoder-decoder architecture,robotics,True
KFUPM_6e57be83-71d4-4e5b-8b1f-74f6bf017fc9,KFUPM,DAP-MFL: Distributed AP-Assisted Multilayer Federated Learning for Resource-Constrained IoT Networks With RAW-Slot Management,iot,True
KFUPM_762f590f-efac-4ac7-9f3c-39df1bb2cdcc,KFUPM,Robust priority aware multi-criterion offloading in digital twin UAVs networks,internet of things; iot; edge computing,True
KFUPM_cec0868a-b33a-4d69-8edc-0cff5767ee05,KFUPM,Memory Pooling for Enhanced Data Loading in GPU-Accelerated Environments,,False
KFUPM_af352e50-bb78-412a-8939-d87bc4bb7364,KFUPM,Robust Energy-Efficient DRL-Based Optimization in UAV-Mounted RIS Systems With Jitter,,False
KFUPM_1f5a2510-442b-4a0d-934f-5a8f76526ce1,KFUPM,Deep Auto-Encoder Based Intelligent and Secure Time Synchronization Protocol (iSTSP) for Security-Critical Time-Sensitive WSNs,iot,True
KFUPM_f0a347cd-cae6-4659-b0e4-3fb84658795e,KFUPM,AMM-RF: Adaptive Multi-Modal Meta-Ensemble Learning for Robust RF-Based Drone Detection in Noisy Environments,neural network,True
KFUPM_780f6538-43d6-468a-add5-59a82f521669,KFUPM,Energy-Efficient Irregular RIS-Aided UAV-Assisted Optimization: A Deep Reinforcement Learning Approach,,False
KFUPM_c4a28144-e9c0-4e5e-bf6e-2fa176c966b0,KFUPM,"Contemporary smart hydroponics systems: Taxonomy, enabling technologies, and challenges",artificial intelligence; internet of things; iot,True
KFUPM_9f5d8811-afb3-4456-b7ce-6f88115429ee,KFUPM,"Enhancing base station anonymity in WSNs: a security framework using ring routing, fake packet injection, and dynamic coverage",,False
KFUPM_8f820361-a0b0-40ee-81d2-e059a272da59,KFUPM,Full-Duplex Energy-Harvesting in Energy-Constrained Networks Over α-Lomax Fading Channels,,False
KFUPM_6d55aa71-588c-44b8-b13d-86d81fd53427,KFUPM,Energy-Efficient UAV-Mounted RIS for IoT: A Hybrid Energy Harvesting and DRL Approach,internet of things; iot,True
KFUPM_344f0dd6-094d-45f7-aa87-8a6f9bae2a8b,KFUPM,AI-Enhanced Intrusion Detection for UAV Systems: A Taxonomy and Comparative Review,artificial intelligence; deep learning; neural networks; cybersecurity; intrusion detection,True
KFUPM_749c5adb-d80a-4e18-a5f9-038181f52999,KFUPM,Solving Computational Fluid Dynamic Problems Using Quantum Computing,,False
KFUPM_8c4b1dc1-7995-4917-a97d-9a356da1bf76,KFUPM,DeepWave: A Wavelet-Based Technique for Compressing In-Field Sensors Data,neural network,True
KFUPM_f55d54a9-b09e-45c0-b17e-79e0f39676f8,KFUPM,An Efficient Framework for Automated Cyber Threat Intelligence Sharing,blockchain,True
KFUPM_0d6595d5-c7c3-448f-86c9-8b6c521a5292,KFUPM,CEFEEL: Communication-Efficient FEderated Learning for Personal Assistant Applications,,False
KFUPM_f51e1d52-7809-45a4-868f-839942b380fd,KFUPM,Clutter Suppression in 3D in-vivo Medical Ultrasound Using In-Face Extended Frank-Wolfe Method,,False
KFUPM_c9d333f4-8ec4-42dc-b6c5-5e76f931ae5e,KFUPM,Exaggeration-based Fake Cybersecurity News Detection,large language models; cybersecurity,True
KFUPM_51583b04-6cab-49c7-8fd0-d8b94be9c4a1,KFUPM,Dynamic random walk-based sled dog optimization algorithm and artificial neural network for optimizing design engineering problems,neural network,True
KFUPM_c7e9f0ba-14f2-41c4-9b5e-f65d5054feec,KFUPM,Hybrid Classical–Quantum Kernel Learning for Scalable and Secure Link State Prediction in Software-Defined Networks,machine learning; deep learning,True
KFUPM_d062fb7f-6a52-4b30-9b47-c404a4291650,KFUPM,Depth-Aware Image and Video Orientation Estimation,,False
KFUPM_e124792b-5f29-44c5-8c71-57a5475e22e7,KFUPM,Numerical evaluation of blood flow of MHD Non-Newtonian bingham fluid with heat transfer in a vertical artery with atherosclerosis,,False
KFUPM_4e99ad0e-7b6d-47a6-a4ae-6cf2d6b79904,KFUPM,Distributed Deep Learning for Medical Image Denoising with Data Obfuscation,deep learning,True
KFUPM_91e7e5db-d9c6-497b-bfb4-42a767487300,KFUPM,Predicting Actual Temperature of an Autoclave for Composite Materials Using Balanced-ElasticNet,artificial intelligence; machine learning; multilayer perceptron; random forest,True
KFUPM_c6a6be77-18e9-42ae-857d-5a82618e5850,KFUPM,A DoS Attack Against 5G-Based IIoT Networks Utilizing Standard Network Slicing Mechanisms,iot,True
KFUPM_c3acbdd5-ca53-4f98-b7d0-9ca3f64f599b,KFUPM,Exploring Efficient FPGA Acceleration of High-Order 3D Iterative Stencil Loops on Large Data Grids,,False
KFUPM_39ae78ee-3844-43a0-9db6-703d93c98399,KFUPM,Lightweight Quantized XGBoost for Botnet Detection in Resource-Constrained IoT Networks,iot,True
KFUPM_440c0218-5c0a-460d-9ee7-f41ad19722dc,KFUPM,Learning to Navigate in Mixed Human–Robot Crowds via an Attention-Driven Deep Reinforcement Learning Framework,robot; robots,True
KFUPM_42dc9163-538f-44ec-9836-1e8219aedd32,KFUPM,On the Homomorphic Properties of Kyber and McEliece with Application to Post-Quantum Private Set Intersection,cryptography,True
KFUPM_fd48879a-22f4-4804-94f6-76bbbc317ee4,KFUPM,"Comparative Analysis of AI-Driven Security Approaches in DevSecOps: Challenges, Solutions, and Future Directions",artificial intelligence; machine learning,True
KFUPM_b5910d57-183a-4c14-b924-0cc34c66da92,KFUPM,On Optimizing Energy Efficiency in SDN Networks Through ML-Driven Configuration,machine learning,True
KFUPM_34aad069-fdd2-4152-91de-e90a0836b84b,KFUPM,Towards Programmable Low-End Networking: Research Challenges and Lessons Learned,,False
KFUPM_f0b3e6b0-717d-476d-b493-9a3f1da6e3e3,KFUPM,Bringing Programmable Low-End Networks to Life: A Field Study with an Off-the-Shelf Prototype,,False
KFUPM_0534e369-f0ed-4d1c-a79a-8fb87e5b2bcc,KFUPM,Transport Assistants to Enhance TCP Connections: Investigating the Placement Problem,,False
KFUPM_3d49660c-0f44-47ac-969b-131c29b646c5,KFUPM,Deployable Ultrasound Segmentation Via Deformable Attention-Enhanced UNet,,False
KFUPM_7009cd9a-1a6b-4d66-8949-5e0bb1128097,KFUPM,Energy-Efficient Multi-Agent UAV Path Planning for Green IoT Systems,internet of things; iot,True
KFUPM_acf3a434-0cc8-4a80-a6ab-f4212a65a78d,KFUPM,Dynamic Real-time Learning of Electromagnetic Interference Parameters for Drone Crashing Attack,cybersecurity,True
KFUPM_a612fb2d-4fd9-4ee8-a1a5-d2221aa76aa0,KFUPM,A General I- Function Performance Analysis Framework for THz-based 6G Communications,,False
KFUPM_15b19935-378b-41ff-91b1-a980d9fc805f,KFUPM,Real-Time On-Device Vision-Based Road Anomaly Detection with Frame Span Interval (FSI) Event Counting,,False
KFUPM_221e715c-6743-4531-9ef8-2fcd43956012,KFUPM,AI Enhanced Malware Threat Detection on Internet of Healthcare Things (IoHT),artificial intelligence; machine learning; cybersecurity,True
KFUPM_10d3310c-5792-48d2-a126-a4c5872db015,KFUPM,"A Lightweight, Bandwidth-Aware Framework for Collaborative Inference in Medical Diagnostics",deep learning; neural network; neural networks; internet of things; iot,True
KFUPM_f222e19d-6fc0-4749-a293-58a1d2706320,KFUPM,A Comprehensive Review of Public Datasets for Machine Learning-Based Intrusion Detection in IoT and OT Networks,machine learning; cybersecurity; intrusion detection; internet of things; iot,True
KFUPM_078a627d-9fdc-485a-90d7-9b2a4532b14a,KFUPM,Advanced Stress Classification and Vital Signs Forecasting for IoT-Health Monitoring,iot,True
KFUPM_29f11d88-419c-480e-9edc-223071ce90f8,KFUPM,Few-Shot Prototypical Networks for IoMT Intrusion Detection with Adaptive Temperature Scaling and Prototype Spread Regularization,machine learning; deep learning; cybersecurity; intrusion detection,True
KFUPM_77b04105-1cca-4e5e-943a-7783f75a4cf3,KFUPM,FalconAI: Cloud-based Automatic Execution of AI Workflows,artificial intelligence; machine learning,True
KFUPM_fb37748c-4ab2-47ae-960f-a75f6f8f6f38,KFUPM,Enhancing Last-Mile Delivery Efficiency in Urban Environments Through Clustering and MILP-Based Route Optimization,,False
KFUPM_2b271a5e-c926-46f2-a6bb-0d34ff6e3145,KFUPM,Lightweight Deep Learning Models for Real-Time Edge Intrusion Detection,machine learning; deep learning; intrusion detection,True
KFUPM_e4d12343-9d22-48f0-ae94-940870e265f4,KFUPM,A Fog-Enabled Architecture for Securing Hierarchical Federated Learning from Data Poisoning,,False
KFUPM_9cdc69b1-dc0e-4309-8a7a-33a179228613,KFUPM,G-CSL: A GNN-based Client-Server-Link Prediction for Video Streaming in SDN,machine learning; deep learning; neural network; random forest,True
KFUPM_3a6f14ab-a337-475d-bf2b-2b483ed03090,KFUPM,Performance Evaluation of OpenFn: A Cloud-based Middleware for Nonprofit Organizations,,False
KFUPM_8b6c5aca-6ce3-43dd-a444-13637be3180e,KFUPM,RetailEye: Supervised Contrastive Learning with Compliance Matching for Retail Shelf Monitoring,artificial intelligence; deep learning; computer vision,True
KFUPM_ce2064ae-762f-4cde-bfdd-1c721d13799d,KFUPM,Smart Metering Meets AI: Real-Time Appliance Monitoring and Anomaly Detection Over DDS Middleware,deep learning; neural network,True
KFUPM_92191b97-5039-4ffc-bb15-f9405d7e4110,KFUPM,SWIPT-Aided NOMA for Next-Generation Consumer IoT Networks in Compound Fading Channels,internet of things; iot,True
KFUPM_ca95943d-03ab-4866-acb7-46b3d456bd84,KFUPM,Flow anomaly detection in harsh industrial environments: A data analytics & machine learning approach,machine learning,True
KFUPM_500a57e7-e351-4c4d-883c-faaf45afc42e,KFUPM,UAV-assisted specular reflection-aware automated digital meter measurements,neural network,True
KFUPM_280fdeaf-2cce-4721-9cf3-0015c10a0346,KFUPM,IoT-Enabled Real-Time UAV Path Planning for Dynamic Disaster Response,iot,True
KFUPM_bf3babe2-f0e1-41c5-bd64-19de023d5530,KFUPM,From Lab to Field Trials: Real-Time Multimodel Drone Detection in Low-SNR Environments,neural networks; random forest,True
KFUPM_3ffb9749-952a-433c-8cef-d620cedf9021,KFUPM,Q-Learning-Based Multi-channel ALOHA MAC for LoRaWAN,iot,True
KFUPM_7c2f6c9a-9df7-4913-803d-eb6edd5f95fa,KFUPM,Navigating the Cyber Landscape: Saudi Arabia’s Cybersecurity Standards and Implementation Barriers,cybersecurity,True
KFUPM_700f0216-a920-4e04-9d10-569af7852df6,KFUPM,Energy Efficient Resource Allocation in Downlink MC-NOMA Networks With Finite Alphabet Inputs,,False
KFUPM_697c3438-cb7b-4fed-a702-1a090d790870,KFUPM,Zero Trust Architecture: A Systematic Literature Review,cybersecurity,True
KFUPM_7dc6f27e-6718-40b3-81d5-0119ba26623d,KFUPM,RL-Based Adaptive Task-Offloading in Mobile-Edge Computing for IoT Networks,artificial intelligence; internet of things; iot; edge computing,True
KFUPM_8f130086-422f-4295-b2f7-6b0daf790f22,KFUPM,AMADRL: Privacy-Aware Attention-Based Multiagent Deep Reinforcement Learning for Optimizing Spectral Allocation in 6G Vehicular Networks,internet of things; iot,True
KFUPM_ebe02987-cb95-42fd-8ac8-07dd9c8b3348,KFUPM,Effect of Phase Shift Errors on the Security of UAV-Assisted STAR-RIS IoT Networks,iot,True
KFUPM_278fecf6-059e-4584-af84-fe9ff4db7ede,KFUPM,Adversarial Learning-Based Approach for Detecting Malicious DLLs,machine learning; deep learning; random forest,True
KFUPM_236ec023-9fd5-427b-9e13-3284cc3599c1,KFUPM,UAV Path Planning and Trajectory Optimization: A Comprehensive Survey,machine learning; edge computing,True
KFUPM_04f15c52-fd2c-46f8-953d-eaf97119f8c6,KFUPM,Reconfigurable Intelligent Surface-Enabled Vehicular Networks: A Physical Layer Security Perspective,,False
KFUPM_af16207d-967b-4730-8426-42a608b208ee,KFUPM,MeL-RF: Meta-Learning Assisted Hierarchical Ensemble Framework for RF-Based Drone Classification,neural network,True
KFUPM_81898788-cfe4-48dc-a1d5-400e24197609,KFUPM,HQC2NN: Hybrid Quantum-Classical Drone Detection for Low-SNR Conditions in Low-Altitude Economy Networks,deep learning; neural network,True
KFUPM_bda4f890-21b7-4788-8c9b-3c3d5a131438,KFUPM,Diffusion-Augmented Industrial Anomaly Detection Leveraging Attention-Empowered Multi-CNN Transformer Fusion,deep learning,True
KFUPM_974ada36-70e3-4f4b-ac5d-7547f6248455,KFUPM,PoseDefCycleGAN: Identity-preserving face frontalization with deformable convolutions and pose-aware supervision,,False
KFUPM_205ea8bb-763f-4468-8fce-689215941635,KFUPM,Development of an Autonomous Robot for Precision Floor Marking,robot,True
KFUPM_85f0b509-f772-4f8e-91fd-86d8d8aa8566,KFUPM,SMSAT: An Acoustic Dataset and Multi-Feature Deep Contrastive Learning Framework for Affective and Physiological Modeling of Spiritual Meditation,deep learning,True
KFUPM_ef284776-915c-4aa4-a1b7-7ddf2a172da7,KFUPM,Quantum Skyshield: Quantum Key Distribution and Post-Quantum Authentication for Low-Altitude Wireless Networks in Adverse Skies,wireless networks,True
KFUPM_e8f02bc6-8535-4f62-b1ee-7600ec317f20,KFUPM,Langlois’ Recursive Approach to Non-Creeping Inertial Viscoelastic Corner Flow in Thin Films,,False
KFUPM_7a3e1a5c-f340-46e2-b883-63cb97cff901,KFUPM,Optimizing Interface Dielectric Loss in Superconducting Coplanar Waveguide Resonators for Improved Quantum Circuit Coherence,,False
KFUPM_c6c832e1-c0a6-434b-87e6-81f0b581ac49,KFUPM,Real-time route optimization in smart cities via Bidirectional A* algorithm,,False
KFUPM_13007818-042a-454b-947b-764c445723a5,KFUPM,Structural optimization of aircraft components using chaotic pangolin optimizer,,False
KFUPM_5ca8fdb5-cc6f-4dfd-9d8f-78db427f9c3f,KFUPM,"IBN@Metaverse: Integrating Intent-Based Networking With the Metaverse-Approaches, Challenges, and Future Directions",large language models; blockchain,True
KFUPM_c86bfc73-1907-4774-adec-ae809b9678ca,KFUPM,CANNSkin: A Convolutional Autoencoder Neural Network-Based Model for Skin Cancer Classification,deep learning; neural network,True
KFUPM_06eab29a-e175-4bba-b3af-025ad5eacc0f,KFUPM,Performance Analysis of Cooperative NOMA Networks Over Compound Fading Channels,wireless networks,True
KFUPM_ae40c584-d9f3-4eff-a051-84002e2fcd8b,KFUPM,Robust Swin Transformer for Vehicle Re-Identification with Dynamic Feature Fusion,,False
KFUPM_1a551cad-439e-4158-aaf4-42412ca67be6,KFUPM,Residual hybrid deep learning for high-accuracy wind forecasting in coastal and tropical climates,deep learning; neural network,True
KFUPM_d4d49042-cb18-4611-951b-5bfff54be2ea,KFUPM,Edge-based proactive and stable two-tier routing for IoV,,False
KFUPM_1b7aad96-d27f-4630-94c0-c3fca35b3759,KFUPM,Fast and efficient real-time route discovery via modified bidirectional A* algorithm,,False
KFUPM_7a6356cc-2d5b-488f-b125-72653e42abd5,KFUPM,MELF-XFD: Trustworthy and Interpretable Multi-Expert Fusion for Safety-Critical Fault Diagnosis in Autonomous Underwater Vehicles,,False
KFUPM_8261e82b-5310-4504-951e-33ebbe48d36c,KFUPM,On Enhancing Delay SLAs in TCP Networks Through Joint Routing and Transport Assistant Deployment,,False
KFUPM_09deade2-c974-4c42-96a5-bc206d2fe73a,KFUPM,QATNet: A Lightweight Quantum-Classical Tabular Network for Low-Latency Intrusion Detection,deep learning; intrusion detection,True
KFUPM_df807ee7-20b4-4517-a432-e23d773ffb7b,KFUPM,Reinforcement Learning and Exact Optimization for Traffic-Weighted Hybrid Truck-Drone Last-Mile Delivery With Deadlines,,False
KFUPM_4a19c30c-a95d-40dc-89d1-ef5315646967,KFUPM,A Multi-Stage Learning Framework for Detecting Known and Novel Attacks in the Internet of Medical Things,random forest; intrusion detection,True
KFUPM_19148827-fc8f-4e61-809c-9f7ccd3a0e17,KFUPM,Reward-Augmented Reinforcement Learning for Continuous Control in Precision Autonomous Parking via Policy Optimization Methods,,False
KFUPM_6df4f422-407a-41bf-b595-ea9286470a2b,KFUPM,Learning Framework for Underwater Optical Localization Using Airborne Light Beams,machine learning; neural network; multilayer perceptron,True
KFUPM_2a6f0be9-8ffb-49c1-9a16-a58ff0dd3278,KFUPM,"Unmanned aerial vehicles (UAVs) for smart agriculture with machine learning: A system-oriented review of methods, applications, and challenges",machine learning,True
KFUPM_e89ffb01-abca-4971-889f-5aa16abdca0b,KFUPM,Sequence Learning over Behavioral Attack Patterns for Early Detection of Human-Operated Ransomware,cybersecurity,True
KFUPM_fe4106b4-913e-4806-80e8-809977c75ce4,KFUPM,NAS: AI-Driven Network Automation for Multi-vendor Environments,,False
KFUPM_d1d0bc19-a99a-467f-90ac-0d519ad331aa,KFUPM,Smart city traffic optimization using IoD and IoT integration,internet of things; iot,True
KFUPM_975d8ff9-18e8-41ca-8fa4-cf0b8b37fd3b,KFUPM,Robust Beamforming Optimization for STAR-RIS Empowered Multi-User RSMA Under Hardware Imperfections and Channel Uncertainty,,False
KFUPM_79f21b5f-7561-45a6-a9f7-8b19de828505,KFUPM,DAUNet: A Lightweight UNet Variant with Deformable Convolutions and Parameter-Free Attention for Medical Image Segmentation,,False
KFUPM_672fbce5-17a3-47ed-88b5-42000da05062,KFUPM,Electro-thermal coupled MHD Jeffrey fluid modeling of cervical mucus: implications for thermal-sensitive drug delivery and sperm motility diagnostics,,False
KFUPM_1b7a8c5f-26e5-4048-bca5-34719462c272,KFUPM,QoS-Aware Multichannel Resource Allocation in LoRaWAN Networks,,False
KFUPM_d0dc38c5-30a9-4eeb-bdf1-1ad58667d329,KFUPM,Stacking Ensemble-Based Framework for Intrusion Detection in Internet-of-Energy (IoE) Systems,machine learning; intrusion detection; iot,True
KFUPM_dfb87a09-433c-448b-b92b-de872de91ffa,KFUPM,Dark by Default: Hardening Medical Device Paths with Software-Defined Perimeter,iot,True
KFUPM_3e067ff5-2e0a-4c10-ba01-f57f480e8d31,KFUPM,"No ML, Just Hashes: Code Similarity Distance for Detecting IoT Malware",machine learning; internet of things; iot,True
KFUPM_6bf28a14-e977-42c0-9111-fba3170fddcf,KFUPM,Deep Reinforcement Learning Based Medium Access Control Protocol for LoRa Networks,internet of things; iot,True
KFUPM_c720f791-248e-4096-b364-33453075203d,KFUPM,Behavioural Modelling of Automated Driving Logic for Advanced Driver Assistance Systems at Signalised Intersections Using Microsimulation,,False
KFUPM_8f9c8e0c-94dc-42ce-b279-703d2a112a94,KFUPM,Secure Communication of UAV-Mounted STAR-RIS Under Phase Shift Errors,wireless networks,True
KFUPM_3cc51a7a-94cc-4e4f-959c-e2f7bf186645,KFUPM,Chaotic status-based algorithm for optimization of industrial components,,False
KFUPM_e8ac7016-31aa-49cf-b8d5-823678724659,KFUPM,CARS: Container-Aware Resource Scheduling in Heterogeneous Fog Computing based on DRL,edge computing,True
KFUPM_62689ab9-6fbf-4a8a-9f32-f45e338dc51d,KFUPM,Outage-Constrained Max-Min Rate Optimization Design for STARS in Near-Field Communications,,False
KFUPM_65de065b-357d-44b9-aec4-0000f28ea67c,KFUPM,Structural optimization of aircraft nose landing gear using modified Tianji's horse racing optimizer,,False
KFUPM_808c7530-4562-4e87-a0af-619a5b04649d,KFUPM,Reflection Co-efficient Optimization for Sum-Rate Enhancement in RIS-Assisted UAV Communications,,False
KFUPM_71ea7c72-3f4a-4ddc-951e-ad5912b789bc,KFUPM,Quantum-Driven State-Reduction for Reliable UAV Trajectory Optimization in Low-Altitude Networks,wireless networks,True
KFUPM_1d2b1223-693b-40c5-91d2-44c7a278e25d,KFUPM,Quantum Computing for Computational Sciences,,False
KFUPM_9b4d838a-262d-4dd1-939c-9fddbc02bdac,KFUPM,Modeling and performance evaluation of DTN-integrated publish–subscribe middleware for UAV-assisted IoT: MQTT vs DDS,internet of things; iot,True
KFUPM_1cf677c6-0f29-4bab-af1f-ca03c2b64f05,KFUPM,Comparative machine learning for accurate EEG-based epileptic seizure state classification using sub-band analysis,machine learning; random forest,True
KFUPM_135271b6-81e5-422d-bbe3-69f3dc598227,KFUPM,Hydrogen-Based Sustainable Mobility: A Review of Hydrogen as an Alternative Fuel for Transportation,,False
KFUPM_f22f4229-3403-483d-b4e1-6cd118c03d52,KFUPM,A Context-Aware Fuzzy Logic Framework for Adaptive Multi-Factor Authentication,,False
KFUPM_4be74953-5d88-473e-ae68-f4280ace81d4,KFUPM,Improving the Performance of Next-Generation Vehicular Safety Messages Communication With Relay-Assisted Protocol,,False
KFUPM_58d1a2f2-5b69-461d-85bc-21fe7567f428,KFUPM,FedGB: A Generator-Based Federated Learning Against Reconstruction Attacks,machine learning,True
KFUPM_d342e83d-3fec-49ef-b5f5-448b121e0d50,KFUPM,STAR-RIS-Aided Secure Communications: Analytical Insights and Performance Comparison,wireless network,True
KFUPM_e4ffd37a-c415-4f57-aa61-80c13c45cd54,KFUPM,Detecting intrusions in Internet of Energy (IoE) systems using an automated machine learning framework,machine learning; intrusion detection; iot,True
KFUPM_a1330f1f-a00b-4f23-99af-50590b4d8064,KFUPM,Social Navigation Among Workers and Robots in Dynamic Industrial Environments with Deep Reinforcement Learning,robots,True
KFUPM_2fef51f0-c423-46bb-a2cc-8182114ef76c,KFUPM,Edge-Aware Digital Twin for Real-Time Driver Behavior and Route Anomaly Prediction under 5G-V2X Constraints,,False
KFUPM_dbdbcb62-e180-4eaf-a2c8-c15437d1a5b1,KFUPM,Exploring the Potential of Renewable Energy for Sustainable Mobility: A Simulation- Based study of Hydrogen Vehicle Penetration in Oman’s Road Network,,False
KFUPM_22ae380a-cde7-41a7-a502-23cf2c99816e,KFUPM,Reinforcement Learning for Adaptive Traffic Signal Control: An Overview,,False
KFUPM_0f70c2cd-3b3e-4deb-ad75-322a04110c91,KFUPM,Extended Reality Interaction Modalities for Cognitive Human–Machine Teaming in Smart Mobility and Logistics,,False
KFUPM_5af59a94-630e-4eb7-a144-6a831732e4e2,KFUPM,Preface,,False
KFUPM_929f0b98-110f-4ca0-a65b-f23566e8e472,KFUPM,Edge-Enabled Detection for Adaptive Traffic Signal Control: A Comparative Study of YOLO-Based Models in Intelligent Transportation Networks,,False
KFUPM_711edc3c-e17d-45e1-919c-1450d57a7e04,KFUPM,A Hierarchical Federated Learning Framework for Adaptive UAV Security in Smart Cities,neural networks; intrusion detection,True
KFUPM_0709249e-7e22-4061-bc7d-ce80bb3e2b8f,KFUPM,From Detection to Policy: Calibrated and Explainable Closed-Loop DDoS Management in 5G/B5G Networks,machine learning; deep learning,True
KFUPM_a7575915-dd14-41ee-8e37-08aa06d94e56,KFUPM,Adaptive Deep Reinforcement Learning for Resilient Cybersecurity in Smart-Logistics V2X Networks,cybersecurity; intrusion detection,True
KFUPM_8ab80ec6-47a7-41be-808d-fd42b440d6bf,KFUPM,Pothole detection and characterization: integrated segmentation and depth estimation in road anomaly systems,machine learning; deep learning,True
KFUPM_eb7f665d-e13d-44f4-a931-a3dc471eb74e,KFUPM,Real-Time Route Recommendation Framework for Congested Urban Networks,,False
KFUPM_269ca44c-e033-4ef2-8bcc-fb666f77ab42,KFUPM,Interpretable and robust intrusion detection: A hybrid CBAM-CNN model with XAI techniques,neural network; intrusion detection; iot,True
KFUPM_806cfb5f-594c-4a4a-b056-28ae3b898fde,KFUPM,Void Effects on Plane Wave Propagation in a Nonlocal Microstretch Thermoelastic Medium with Initial Stress and Magnetic Field under Three Phase Lag Theory,,False
KFUPM_b9265308-a017-4724-9d2a-322145da4e94,KFUPM,Fault Injection and Tolerance Techniques for Deep Learning Models Deployed on SRAM-Based FPGAs,deep learning; large language models,True
KFUPM_cf7055d2-e4dc-4ccc-b21c-0ffa2dbd58b3,KFUPM,Flow Augmentation and Knowledge Distillation for Lightweight Face Presentation Attack Detection,,False
KFUPM_8163e90f-ca40-4888-9a20-ed27d7e66a76,KFUPM,Hierarchical Multi-Objective EV Charging Placement with Discrete-Event Simulation,,False
KFUPM_915246d2-af7e-4a37-83a6-2c638dedf484,KFUPM,Traffic-Predictive Drone Scheduling: Day-Ahead Synchronization of Mobile Depots and Parallel Aerial Sorties in Urban Airspace,,False
KFUPM_a6e9d6fd-1cec-49d4-854c-83b42f3da69b,KFUPM,Deep Reinforcement Learning-Based Joint Optimization for UAV-Mounted STAR-RIS Networks with Energy Harvesting,,False
KFUPM_829aae9c-fcb9-4fc4-bd67-5a53d54aa5de,KFUPM,Explainable transformer with optimized attention for industrial oilseed groundnut leaf stress recognition,machine learning; deep learning; neural networks,True
KFUPM_6a157e7e-7e6a-4f99-bd67-65273c13709e,KFUPM,Numerical investigation of electroosmotic-driven cilia-induced peristaltic flow of non-Newtonian Johnson–Segalman nanofluids with gyrotactic microorganisms,,False
KFUPM_47f8298e-f8b6-4455-987f-58129ec44b24,KFUPM,DRL-Based Secrecy Rate Maximization for UAV-STAR-RIS Empowered 6G IoT Networks,internet of things; iot; wireless networks,True
KFUPM_1b40a9e4-3f21-436e-b9c2-f5d18279a3ca,KFUPM,SSL-FSL Framework for Detecting Unseen IoT Attacks under Limited Labeled Data,machine learning; deep learning; intrusion detection; internet of things; iot,True
KFUPM_28a28722-15a1-4e1e-a1b6-77bd080fc700,KFUPM,Attention-Based Spatio-Temporal Feature Fusion for Efficient RGB Face Presentation Attack Detection,deep learning,True
KFUPM_71b9f3f9-c090-4b1e-bc30-b84ea7ac5e5f,KFUPM,"Developing a Computer Engineering Relative-Unit Value System (CE-RUV) for Undergraduate Education: Framework, Validation, and Pilot Plan",,False
KFUPM_cb545de5-96b3-408c-a9f0-85855dbf85dd,KFUPM,Towards Efficient and Explainable Colorectal Histopathology Classification in IoT-Enabled eHealth via Compact Attention Fusion,deep learning; internet of things; iot,True
KFUPM_00f3d81a-b026-4dbc-978b-db70dbcfac6e,KFUPM,Edge Beats: An Edge-Computing Framework for Distributed Heart-Rate Monitoring with Low-Cost Smartwatches,edge computing,True
KFUPM_6265591c-c2a2-47d6-9faa-ad1bdc4fe1fd,KFUPM,Performance Prediction of RPL-based Healthcare Monitoring System: A Machine Learning Approach,machine learning; random forest,True
KFUPM_60b9da88-27da-4aae-9198-a56069d5ee6b,KFUPM,An optimized latent-space classifier with Banzhaf-inspired probabilistic feature selection for ransomware detection in IoT edge environments,random forest; internet of things; iot; edge computing,True
KFUPM_dcabb35f-c612-4ac6-ba05-eb655a3a1632,KFUPM,Bayesian inference based physics informed neural network approach for infectious disease forecasting,deep learning; neural network; neural networks,True
KFUPM_d10eaaf4-b8c6-4700-84f8-d7f74f2643e1,KFUPM,Hybrid deep learning approach for detecting and classifying space debris in low Earth orbit,deep learning; neural network,True
KFUPM_e48c6fcd-41c0-4fa3-9bc0-e262ac7e2cb1,KFUPM,Dynamic random walk-based glider snake algorithm for optimization of vehicle suspension components,,False
KFUPM_e812a184-82b6-41e1-94ec-f8700734116d,KFUPM,Robust multi-UAV route optimization via multi-strategy modified ABC,,False
KFUPM_e6de712d-7453-48bd-b476-ec8128b84735,KFUPM,Enhanced stellar oscillation algorithm for optimal design of inudstrial components,,False
KFUPM_224271ed-e228-4aab-bb71-1aa3f39d6f0e,KFUPM,Computational investigation of MHD Eyring–Powell nanofluid boundary layer flow and heat transfer over a porous cylinder,neural networks,True
KFUPM_f8204fe8-67cc-47cc-9f16-d54a2e60e183,KFUPM,SPEGNet: Synergistic Perception-Guided Network for Camouflaged Object Detection,,False
KFUPM_2e41f41d-96bc-457f-a750-fc822f98d002,KFUPM,AI-Driven Scalable Framework for Energy-Efficient SDN Configurations,machine learning,True
KFUPM_ced39924-9c83-4746-936e-d3efb9f50c3c,KFUPM,A Real-Time DDS-Based Chest X-Ray Decision Support System for Resource-Constrained Clinics,internet of things; iot,True
KFUPM_04dd9d83-1533-497a-8741-0f8faaeeb6c1,KFUPM,Quantization-Aware Learning for Secure and Resilient UAV-STAR-RIS-Enabled 6G Systems,,False
